"age","death","sex","d.time","num.co","meanbp","wblc","hrt","resp","temp","pafi","alb","bili","crea","sod","ph","glucose","bun","urine","adlp","adls"
62.84998,0,2,2029,0,97,6,69,22,36,388,1.7998047,0.19998169,1.19995117,141,7.459961,135,23,1968,7,7
60.33899,1,1,4,2,43,17.0976562,112,34,34.59375,98,2.8999023,0.89990234,5.5,132,7.25,135,23,1968,0,1
52.74698,1,1,47,2,70,8.5,88,28,37.39844,231.65625,2.8999023,2.19970703,2,134,7.459961,135,23,1968,1,0
42.38498,1,1,133,2,75,9.09960938,88,32,35,224,2.8999023,0.89990234,0.79992676,139,7.419922,135,23,1968,0,0
79.88495,0,1,2029,1,59,13.5,112,20,37.89844,173.3125,2.8999023,0.89990234,0.79992676,143,7.509766,135,23,1968,0,2
93.01599,1,2,4,1,110,10.3984375,101,44,38.39844,266.625,2.8999023,0.89990234,0.69995117,140,7.65918,135,23,1968,0,1
62.37097,1,2,659,1,78,11.6992188,120,28,37.39844,309.5,4.7998047,0.39996338,1.59985352,132,7.479492,135,23,1968,0,1
86.83899,1,2,142,3,72,13.5996094,100,26,37.59375,404.75,2.8999023,0.89990234,2,139,7.509766,135,23,1968,0,0
85.65594,1,2,63,2,97,9.69921875,56,20,36.59375,357.125,2.8999023,0.39996338,1,143,7.449219,135,23,1968,0,7
42.25897,1,1,370,0,84,11.2988281,94,20,38.19531,224,4.6992188,0.19998169,0.79992676,139,7.419922,135,23,1968,0,1
47.94498,1,2,114,1,70,10.8984375,105,24,36.5,224,4.1992188,0.5,1,134,7.419922,135,23,1968,2,1
59.20099,1,2,13,0,77,10.7988281,90,22,36.39844,224,2.8999023,0.89990234,1.09985352,136,7.419922,135,23,1968,1,1
29.002,1,1,160,1,56,5.5,56,20,37.19531,224,2.8999023,6.09960938,0.69995117,130,7.419922,135,23,1968,0,0
68.14197,1,2,1866,0,68,9.3984375,80,22,36,224,2.8999023,0.59997559,2.59960938,139,7.419922,135,23,1968,0,0
43.53998,0,1,2022,1,67,24.5976562,172,20,38.79688,113.32812,2.8999023,0.89990234,0.59997559,134,7.399414,135,23,1968,0,1
58.823,1,1,503,1,97,15.8984375,92,20,37.19531,224,4.2998047,0.19998169,0.79992676,134,7.419922,135,23,1968,2,0
45.418,1,2,827,2,97,10.7988281,100,24,37.29688,585.125,2.8999023,0.29998779,1.09985352,137,7.489258,135,23,1968,0,1
63.66299,1,1,14,0,69,30.0976562,108,22,36.69531,155.53125,2.8999023,14,2.89990234,130,7.449219,135,23,1968,0,0
31.84399,1,2,15,2,83,5,100,24,37.39844,224,1.6999512,12.7988281,0.29998779,122,7.419922,135,23,1968,7,7
55.13797,1,2,179,1,78,10.5996094,72,20,36,224,2.8999023,0.89990234,1.5,134,7.419922,135,23,1968,3,1
68.25494,1,2,227,0,91,5,92,20,36.5,224,4.2998047,0.29998779,1.19995117,138,7.419922,135,23,1968,0,0
48.70398,1,2,30,0,66,12.5,125,30,37,170,2.8999023,0.89990234,1,133,7.519531,135,23,1968,0,1
49.61298,0,1,2019,1,67,11,120,48,38.89844,200,2,4.09960938,0.59997559,130,7.399414,135,23,1968,0,5
50.724,1,1,817,0,71,9.79882812,88,24,37.39844,224,2.8999023,0.89990234,0.89990234,141,7.419922,135,23,1968,0,1
29.36099,1,1,399,0,96,10.5996094,112,20,37,224,3.699707,1.39990234,0.59997559,137,7.419922,135,23,1968,0,1
53.84,1,2,1064,1,134,7.79980469,106,22,37.89844,304.125,3.7998047,0.5,0.79992676,141,7.379883,135,23,1968,5,4
82.41498,1,1,5,0,75,6.79980469,114,20,37.19531,224,3.0996094,0.89990234,1.79980469,131,7.419922,135,23,1968,0,1
27.32399,1,2,7,1,77,0.09999084,144,36,38.89844,45,2.3999023,5,1.39990234,147,7.30957,135,23,1968,0,2
30.10799,0,2,2013,2,92,8.79882812,112,27,37.59375,225,2.8999023,0.89990234,0.39996338,134,7.459961,135,23,1968,0,1
50.37097,0,2,2013,2,98,8.3984375,82,20,37.39844,197.5,3,6.79980469,0.69995117,138,7.319336,135,23,1968,3,1
74.48297,0,2,2012,2,111,6.89941406,60,32,36.79688,224,3.7998047,0.59997559,1.59985352,142,7.419922,135,23,1968,0,1
55.73199,0,2,2012,2,121,19.6992188,118,18,37.39844,404.75,2.199707,0.89990234,0.79992676,117,7.379883,135,23,1968,7,6
77.21295,1,1,51,2,113,8.29882812,93,25,36.19531,250,2.8999023,0.89990234,2.09960938,145,7.269531,135,23,1968,0,7
61.02399,1,1,20,1,80,15.3984375,128,30,38.5,217.5,2.2998047,0.39996338,2.39990234,143,7.329102,135,23,1968,0,1
56.48999,1,1,113,1,38,10.5996094,92,20,36,224,2.8999023,0.89990234,6,133,7.419922,135,23,1968,0,1
57.53299,0,1,2010,1,77,12.1992188,92,18,37.59375,552.375,2.5,23.5976562,0.89990234,132,7.439453,135,23,1968,0,1
68.98596,1,1,603,1,76,10.5996094,78,26,36.59375,280.9375,4,0.89990234,0.79992676,142,7.359375,135,23,1968,1,0
41.97897,1,2,518,1,120,8.3984375,86,22,37.5,295.1875,2.8999023,0.89990234,1.79980469,129,7.5,135,23,1968,0,0
19.79199,0,2,2008,0,83,9.59960938,52,6,39,310,2.8999023,0.89990234,1.19995117,131,7.439453,135,23,1968,0,0
57.50897,1,1,841,0,83,14.2988281,106,24,36.79688,280.9375,2.8999023,0.89990234,2.29980469,138,7.449219,135,23,1968,5,6
73.40698,0,2,2007,1,71,16.5,76,10,37,224,4,0.59997559,0.79992676,141,7.419922,135,23,1968,0,1
68.31799,1,2,172,1,89,10.5996094,92,18,39,224,2.8999023,0.5,1,136,7.419922,135,23,1968,0,0
75.79498,1,1,23,1,59,30.5976562,90,22,37.5,70.90625,1.8999023,5.39941406,2.69970703,128,7.329102,135,23,1968,0,1
45.71899,0,2,2006,1,57,12.2988281,96,22,36,185,3.8999023,0.89990234,1.39990234,135,7.599609,135,23,1968,0,0
75.48798,1,2,79,1,62,21.796875,102,24,36.59375,415,2.8999023,0.89990234,4,124,7.429688,135,23,1968,2,0
74.995,1,1,25,0,50,51.1953125,120,18,36.19531,237.5,2.8999023,1,4.79980469,135,7.439453,135,23,1968,0,1
56.19397,1,2,21,0,68,26.6992188,130,28,38.5,121.65625,1.6999512,3.89990234,2.09960938,131,7.449219,135,23,1968,0,3
44.849,1,1,229,2,91,4.69921875,70,32,37.09375,447.5625,2.2998047,7,0.79992676,136,7.359375,135,23,1968,0,0
51.09698,1,1,489,1,100,5.69921875,120,32,37.59375,203.6875,4.1992188,0.19998169,4,140,7.459961,135,23,1968,2,1
36.30899,1,2,653,2,64,6.79980469,115,20,36.29688,224,4.3994141,4.5,1.29980469,121,7.419922,135,23,1968,1,0
76.25696,0,2,2001,3,74,9.29882812,96,30,36.39844,266.625,2.8999023,1.09985352,1.19995117,141,7.399414,135,23,1968,1,2
51.30499,1,2,162,1,71,10.5996094,104,18,36.5,224,2.8999023,0.89990234,2.39990234,128,7.419922,135,23,1968,1,0
74.54297,0,1,2000,2,83,14.1992188,92,22,36.39844,164,3.2998047,0.29998779,0.79992676,137,7.449219,135,23,1968,0,0
54.30798,1,2,536,1,95,11.5996094,108,22,38,183,2.8999023,0.89990234,0.79992676,136,7.399414,135,23,1968,0,0
77.57697,1,1,244,2,90,12.3984375,84,32,36.59375,276.1875,2.8999023,0.89990234,0.79992676,139,7.469727,135,23,1968,0,1
84.95795,0,2,1998,4,92,13.6992188,80,32,37.19531,313.3125,3.7998047,0.29998779,1.29980469,137,7.429688,135,23,1968,0,1
41.52197,1,2,21,2,66,0.19998169,130,18,37.5,315,1.8999023,3.79980469,7.29980469,134,7.359375,135,23,1968,0,0
39.685,0,1,1995,0,62,36.6953125,125,24,39.19531,208.5625,1.5998535,0.39996338,7.69921875,139,7.399414,135,23,1968,0,0
72.55896,1,1,4,3,123,13.2988281,98,32,37.19531,144.875,2.8999023,0.89990234,0.5,136,7.339844,135,23,1968,0,1
60.10098,1,2,195,1,110,6.29980469,125,10,38.09375,208,2.7998047,3.39990234,1,142,7.439453,135,23,1968,0,1
70.81195,0,2,1992,1,88,6.89941406,80,22,37,224,2.8999023,0.89990234,1.79980469,142,7.419922,135,23,1968,0,1
30.76199,0,2,1990,1,70,6.59960938,122,16,36.5,528.5,2.8999023,0.89990234,2.09960938,133,7.459961,135,23,1968,0,1
64.23798,1,2,974,1,68,9.5,122,12,38.69531,114,2.8999023,0.89990234,1.29980469,136,7.319336,135,23,1968,0,0
51.70999,0,2,1987,1,50,6.69921875,75,20,36.79688,224,3.699707,0.89990234,0.89990234,138,7.419922,135,23,1968,0,0
64.64294,1,2,254,3,68,13.2988281,92,38,38.79688,113.67188,3.3999023,1.09985352,2.29980469,133,7.479492,135,23,1968,0,0
69.41498,1,2,101,2,109,5.29980469,68,20,36.89844,224,2.699707,0.89990234,0.69995117,133,7.419922,135,23,1968,0,2
57.19098,1,2,42,2,59,16,85,26,36.79688,204.75,2.8999023,0.5,0.79992676,126,7.449219,135,23,1968,0,1
37.73297,1,2,20,1,67,7.5,130,16,36.5,347.5625,3,0.59997559,0.89990234,132,7.469727,135,23,1968,5,7
44.05499,1,1,293,0,85,8.5,72,20,37.39844,224,2.8999023,0.89990234,1.19995117,140,7.419922,135,23,1968,0,0
72.15594,0,2,1984,1,75,17.296875,120,24,38.29688,257.5,2.5996094,4.89941406,0.69995117,135,7.5,135,23,1968,0,1
45.56598,1,2,5,3,33,0.29998779,140,33,38.5,129,2.2998047,31.3984375,4.79980469,142,7.359375,135,23,1968,0,0
41.95999,1,2,503,1,97,10.7988281,88,20,36.39844,380.9375,3.7998047,0.5,1.09985352,133,7.479492,135,23,1968,0,1
59.31,0,2,1981,0,60,19.3984375,160,38,37.29688,113.32812,3.0996094,13.0996094,1.29980469,142,7.509766,135,23,1968,0,2
45.61499,1,1,44,3,57,13.5996094,112,28,38.59375,134.4375,1.6999512,1.5,0.89990234,139,7.179688,135,23,1968,0,1
65.98499,1,1,540,1,127,17.796875,96,26,38.89844,372,4.0996094,0.29998779,0.79992676,140,7.399414,135,23,1968,1,1
95.79199,1,1,19,1,88,11.5996094,65,8,37.19531,360,2.5996094,0.89990234,1.69995117,147,7.419922,135,23,1968,0,1
76.59094,1,2,142,1,83,12.7988281,76,18,38.29688,390.4375,4.0996094,0.79992676,0.79992676,146,7.439453,135,23,1968,1,2
68.10095,0,2,1979,1,72,5.89941406,80,18,36.79688,224,2.8999023,0.89990234,2.19970703,137,7.419922,135,23,1968,0,1
78.85297,1,1,6,2,60,36.1953125,112,11,36.59375,214.28125,2.8999023,1.09985352,1.09985352,137,7.419922,135,23,1968,0,1
37.87,0,2,1977,1,83,23.5,122,26,37.59375,257.5,2.8999023,3.09960938,5.19921875,134,7.379883,135,23,1968,0,1
74.90997,1,1,18,1,106,11.3984375,84,22,37,424,2.8999023,0.89990234,0.79992676,142,7.399414,135,23,1968,0,0
31.702,0,1,1973,0,77,7.69921875,80,20,37.19531,490.4375,2.199707,2.69970703,1.39990234,127,7.489258,135,23,1968,6,1
54.93997,1,1,55,3,55,6.19921875,104,24,36.79688,504,3.5996094,1.09985352,0.79992676,136,7.459961,135,23,1968,1,0
43.30197,1,2,39,3,83,10,80,20,37,224,2.0996094,13,1,130,7.419922,135,23,1968,3,2
54.92999,1,1,50,0,143,10.6992188,84,40,36.19531,224,3.2998047,0.89990234,0.79992676,135,7.419922,135,23,1968,1,0
70.21497,1,2,173,1,117,10.1992188,22,18,38,224,3.0996094,0.69995117,1.29980469,137,7.419922,135,23,1968,0,0
67.09399,0,1,1969,2,104,21.796875,82,20,37,224,2,6.59960938,0.59997559,135,7.419922,135,23,1968,0,1
65.05096,1,2,125,2,77,12.0996094,72,22,36.39844,224,2.5,21.6992188,1.19995117,130,7.419922,135,23,1968,0,2
69.34698,1,2,42,2,112,10.3984375,125,14,36.5,274.25,3.7998047,5.69921875,1.09985352,140,7.449219,135,23,1968,0,4
64.98798,1,1,33,0,110,18.796875,80,20,36.39844,224,2.8999023,0.89990234,0.69995117,134,7.419922,135,23,1968,0,1
80.62097,1,2,4,1,61,23,140,32,39.19531,75.54688,2.2998047,1.5,1.89990234,135,7.129883,135,23,1968,0,1
72.172,1,2,12,1,63,5.09960938,140,36,36.5,176.65625,2.699707,0.89990234,1.09985352,135,7.55957,135,23,1968,0,0
53.06198,1,2,28,2,77,10.8984375,72,24,36.39844,280.9375,3.8999023,0.89990234,0.79992676,126,7.479492,135,23,1968,0,1
52.50699,1,1,6,1,67,8.5,88,20,36.59375,224,3.0996094,0.69995117,1.39990234,129,7.419922,135,23,1968,6,7
74.97095,1,2,259,0,91,6.79980469,88,20,36.79688,224,4.5996094,2.5,1.09985352,142,7.419922,135,23,1968,0,1
53.34998,1,2,126,0,73,19.5,158,36,39.29688,187.5,3.5996094,11.0996094,2.69970703,154,7.369141,135,23,1968,0,6
89.58795,1,2,4,2,33,13.6992188,0,0,38.5,122,2.2998047,0.5,1,130,7.289062,135,23,1968,0,1
56.62399,1,2,559,0,116,8.19921875,102,18,38.39844,224,4.2998047,0.29998779,1.19995117,136,7.419922,135,23,1968,0,0
75.04199,1,2,123,0,123,16.296875,112,28,36,352.375,2.8999023,1.69995117,7.59960938,134,7.479492,135,23,1968,0,1
75.76196,0,2,1962,0,68,16.5976562,79,20,37.19531,132.71875,2.8999023,0.89990234,1.09985352,132,7.489258,135,23,1968,0,1
32.99899,1,1,10,2,62,11.5996094,130,8,36.59375,296.625,2,31,4.19921875,127,7.389648,135,23,1968,0,0
72.39697,1,1,26,2,115,6.59960938,104,20,37.29688,460,2.8999023,0.89990234,2.29980469,138,7.549805,135,23,1968,0,1
66.5,1,2,539,2,85,10.8984375,88,16,36.39844,224,2.8999023,0.89990234,2.29980469,133,7.419922,135,23,1968,2,0
72.78296,1,2,153,3,65,13.5,105,26,39,132.5,2.8999023,0.5,1.69995117,139,7.519531,135,23,1968,2,1
61.56897,0,1,1958,2,90,6.5,80,20,36,224,4.6992188,1.09985352,1.69995117,134,7.419922,135,23,1968,1,1
52.43298,1,1,53,1,89,7.89941406,46,20,36.79688,224,2.8999023,0.39996338,0.89990234,140,7.419922,135,23,1968,2,2
66.93195,0,1,1955,1,141,22.296875,148,28,37.5,256.625,2.199707,0.79992676,1.09985352,142,7.459961,135,23,1968,0,2
84.76697,1,1,128,1,70,11.5,75,50,36.5,200,2.8999023,0.89990234,0.79992676,138,7.429688,135,23,1968,1,7
80.172,1,2,1730,2,83,15.8984375,85,20,36,462.5,2.8999023,0.29998779,1.29980469,136,7.349609,135,23,1968,0,1
79.96997,1,2,275,2,69,11.1992188,62,20,36.5,352.375,2.8999023,0.89990234,1.5,140,7.469727,135,23,1968,0,1
66.45599,0,2,1952,1,85,4.79980469,70,20,36.39844,224,3.699707,1.19995117,0.89990234,129,7.419922,135,23,1968,0,0
58.116,1,1,4,2,66,18.8984375,130,30,37.69531,81.32812,2.2998047,10.5,0.79992676,143,7.459961,135,23,1968,0,1
67.49097,0,2,1951,1,100,18.296875,102,20,37.39844,156,4.7998047,1.39990234,5.79980469,141,7.469727,135,23,1968,0,1
52.09,1,2,35,3,89,6.39941406,92,20,37.39844,442.8125,2.199707,10.8984375,1.19995117,133,7.429688,135,23,1968,5,1
66.59296,1,2,49,1,76,6.5,84,24,36.39844,533.25,3.699707,3.39990234,1.59985352,139,7.479492,135,23,1968,1,0
56.13998,0,2,1949,1,109,5.39941406,80,20,36.59375,224,3,1.09985352,1.89990234,139,7.419922,135,23,1968,0,1
63.76199,1,2,48,2,104,7.79980469,78,22,36.59375,224,2.8999023,0.89990234,1.19995117,137,7.419922,135,23,1968,0,1
39.73199,1,2,394,1,69,10.5996094,112,22,37.19531,224,2.8999023,0.89990234,1.39990234,137,7.419922,135,23,1968,6,4
60.40198,0,2,1944,2,80,9.09960938,106,18,37,224,4.2998047,0.89990234,1.09985352,137,7.419922,135,23,1968,0,0
57.771,1,2,1745,1,111,9.29882812,88,20,38,224,4.2998047,0.89990234,1.5,138,7.419922,135,23,1968,0,1
48.07397,1,2,831,3,69,8.19921875,88,28,36.39844,255,2.8999023,0.89990234,1.69995117,135,7.5,135,23,1968,0,1
76.68396,1,1,58,1,84,24.796875,145,16,38.69531,150,2.8999023,0.29998779,0.79992676,138,7.509766,135,23,1968,0,3
78.35699,1,2,374,2,60,8.59960938,115,20,36,404.75,2.8999023,0.89990234,1.5,137,7.469727,135,23,1968,0,1
85.29999,1,2,4,1,62,12.0996094,64,36,36.89844,142.84375,2.5996094,0.59997559,1.29980469,146,7.299805,135,23,1968,0,1
62.47498,1,2,150,2,55,11.2988281,105,24,36.69531,224,3.2998047,2.39990234,1.5,125,7.419922,135,23,1968,1,0
76.41296,1,1,449,2,113,3.19970703,80,20,36.29688,224,3.0996094,0.79992676,2.19970703,144,7.419922,135,23,1968,0,1
45.11398,1,2,11,1,109,10.7988281,98,18,36.39844,224,3.199707,0.89990234,0.59997559,130,7.419922,135,23,1968,0,1
68.12598,1,1,460,2,80,6.39941406,80,16,37.19531,485.6875,2.5,3.39990234,0.69995117,133,7.459961,135,23,1968,0,1
82.17694,1,1,597,1,90,17.296875,80,24,37.69531,224,4.3994141,1,0.89990234,140,7.419922,135,23,1968,0,1
41.87,0,2,1935,3,95,18.296875,64,16,36.5,235,2.8999023,2.29980469,1.09985352,140,7.449219,135,23,1968,0,0
76.20795,1,1,23,2,103,4.79980469,90,20,37.69531,224,2.8999023,0.89990234,1.5,124,7.419922,135,23,1968,0,6
60.04398,1,1,11,1,67,1.09985352,82,26,37.39844,228.875,4,1.39990234,2.09960938,131,7.399414,135,23,1968,0,2
77.13898,1,2,12,0,67,14.5996094,94,24,36.19531,156.90625,2.8999023,1.79980469,2.5,137,7.5,135,23,1968,0,4
72.96399,0,1,1934,0,56,3.89990234,69,20,38.5,110,2.5996094,0.89990234,0.59997559,135,7.349609,135,23,1968,4,3
59.40598,1,2,96,2,57,7.59960938,114,28,36.5,224,4,1.09985352,2.79980469,135,7.419922,135,23,1968,0,0
72.83795,1,2,109,1,67,11.5996094,95,18,38.79688,140,2.699707,0.89990234,3.5,134,7.469727,135,23,1968,0,1
50.23099,0,1,1933,1,94,11.8984375,97,38,39.19531,204.0625,2.8999023,0.89990234,1.09985352,140,7.429688,135,23,1968,0,1
71.56195,1,1,817,1,137,15.3984375,80,20,38.5,224,4.3994141,0.89990234,0.69995117,141,7.419922,135,23,1968,1,1
71.90399,1,2,385,1,106,13.8984375,88,20,36,224,3.8999023,0.59997559,1.29980469,136,7.419922,135,23,1968,1,0
44.62997,1,1,6,1,78,28.296875,122,16,38.69531,204.4375,4.1992188,0.89990234,1,140,7.5,135,23,1968,0,1
51.98398,1,1,588,1,95,13.8984375,64,18,37.5,300,4.5996094,1.09985352,0.59997559,137,7.469727,135,23,1968,0,1
53.82599,1,2,26,0,63,8,96,18,35.89844,224,2.8999023,0.89990234,1.59985352,129,7.419922,135,23,1968,0,1
50.431,1,2,6,3,54,12.6992188,136,32,36.89844,175,2.8999023,7.79980469,2.69970703,132,7.189453,135,23,1968,0,1
31.69099,1,2,1167,1,140,13.3984375,50,28,38.89844,167.5,3.8999023,27.5,0.89990234,137,7.5,135,23,1968,0,0
65.30896,1,1,866,1,99,14.5996094,150,16,37.39844,348.5625,2.8999023,0.89990234,0.69995117,136,7.469727,135,23,1968,0,1
81.54095,1,2,91,3,84,65,61,20,37.19531,359.25,2.2998047,0.89990234,1.79980469,139,7.449219,135,23,1968,0,6
66.39795,1,2,106,1,59,6.09960938,54,18,36.59375,376.1875,4.1992188,0.89990234,1.5,134,7.469727,135,23,1968,0,0
50.20099,1,2,34,1,60,3.89990234,145,27,37.69531,122.5,2.8999023,0.5,3.39990234,134,7.229492,135,23,1968,0,1
88.29797,1,2,623,2,72,11.1992188,80,26,37.19531,180,2.8999023,0.89990234,2,131,7.479492,135,23,1968,0,2
58.41498,1,1,217,1,91,5.09960938,88,24,37,224,2.8999023,1,1,138,7.419922,135,23,1968,0,1
56.34998,1,1,74,2,67,7.59960938,140,36,39,216.65625,2.8999023,0.89990234,0.79992676,135,7.459961,135,23,1968,0,1
71.69897,0,1,1922,0,68,5.29980469,60,20,37,224,3.2998047,0.59997559,0.89990234,143,7.419922,135,23,1968,0,1
32.13998,1,2,27,2,24,20.1992188,145,30,38.69531,222.5,2.8999023,1,2.19970703,125,7.349609,135,23,1968,0,1
48.10999,1,1,41,2,77,4.79980469,92,30,36.19531,224,2.8999023,17.796875,1,131,7.419922,135,23,1968,3,0
76.383,0,2,1921,1,82,5.5,62,18,37,390.4375,4.2998047,0.5,1,134,7.389648,135,23,1968,0,1
57.81,1,2,23,2,113,20.5976562,82,16,37,267.5,2.8999023,4.39941406,2.69970703,144,7.429688,135,23,1968,0,0
66.76794,1,1,657,1,79,3.29980469,87,19,36.5,224,2.8999023,0.5,1.29980469,139,7.419922,135,23,1968,0,1
46.45898,1,2,414,1,89,9.69921875,80,20,37.5,224,4.2998047,0.19998169,1.09985352,135,7.419922,135,23,1968,0,0
64.34796,1,1,451,1,120,11.0996094,112,28,38.79688,224,2.699707,0.69995117,0.79992676,138,7.419922,135,23,1968,0,1
75.23596,1,1,539,1,103,10.2988281,90,20,37,628,4.3994141,0.5,1.29980469,137,7.289062,135,23,1968,0,0
74.60394,1,2,1691,3,157,14.6992188,40,16,36,220,2.8999023,0.59997559,1.79980469,136,7.359375,135,23,1968,0,1
36.45999,0,1,1913,0,110,16,123,34,39,104,5.6992188,0.89990234,0.69995117,139,7.5,135,23,1968,0,1
63.77298,1,2,21,1,71,11.5996094,96,32,38,128.5625,3.5996094,0.5,0.79992676,127,7.479492,135,23,1968,0,1
65.70599,1,2,140,1,84,10.5,81,20,37.89844,224,2.8999023,5,1.19995117,138,7.419922,135,23,1968,0,0
20.83199,1,2,3,1,0,5.79980469,0,0,37.79688,130,4,10.5,3.59960938,132,7.279297,135,23,1968,0,1
52.668,1,1,13,0,88,14.8984375,72,12,36.19531,277.5,2.8999023,0.89990234,0.5,138,7.579102,135,23,1968,0,1
75.36798,1,2,13,1,63,12.8984375,60,4,37.79688,166,2.8999023,1.09985352,8.59960938,132,7.469727,135,23,1968,0,1
53.86697,0,2,1909,2,63,6.5,68,26,36,400,3.8999023,0.09999084,1.29980469,139,7.459961,135,23,1968,0,1
44.35898,1,2,543,3,69,9.5,136,20,36.39844,261.875,2.8999023,0.5,1.59985352,137,7.419922,135,23,1968,0,1
53.62097,1,1,58,2,76,6.5,88,18,37.19531,224,2.199707,1.5,1.09985352,128,7.419922,135,23,1968,0,1
84.90295,1,1,1227,2,86,4.79980469,80,20,36.29688,224,3.0996094,0.69995117,1.69995117,141,7.419922,135,23,1968,0,1
70.83899,1,2,24,3,68,10,61,39,37.09375,383.625,2.8999023,0.89990234,3.29980469,133,7.579102,135,23,1968,0,1
70.06195,1,2,266,4,111,7.39941406,80,16,35.89844,304.75,3.199707,1.39990234,2.69970703,134,7.479492,135,23,1968,0,1
37.71899,1,2,7,0,61,0.09999084,140,45,39.09375,238,2.8999023,0.79992676,2.79980469,148,7.429688,135,23,1968,0,1
65.45697,1,1,19,1,90,18.8984375,68,18,36.19531,285.6875,3.7998047,0.69995117,1,134,7.459961,135,23,1968,0,5
29.88399,1,1,34,1,81,10.5996094,118,20,38,95,2.5996094,6,0.59997559,135,7.389648,135,23,1968,0,2
87.521,1,1,1530,1,127,15.5,120,34,37.79688,75,2.0996094,0.09999084,1.19995117,134,7.469727,135,23,1968,0,1
18.146,0,2,1899,2,44,2,142,27,37.19531,314.25,1.8999023,0.29998779,10.6992188,134,7.349609,135,23,1968,0,0
42.92398,1,2,20,2,63,32.59375,132,50,39.5,77.32812,2.0996094,0.89990234,1.5,135,7.209961,135,23,1968,0,1
37.396,1,1,17,3,73,5.89941406,120,24,37.09375,233.3125,2.8999023,0.89990234,3.19970703,132,7.40918,135,23,1968,0,1
63.46899,1,2,1023,1,124,5.39941406,118,20,37.39844,313.3125,4.6992188,0.79992676,0.79992676,133,7.419922,135,23,1968,0,1
53.57999,1,1,1572,1,93,12.3984375,92,12,36.59375,256,2.8999023,0.29998779,1.09985352,136,7.519531,135,23,1968,0,1
70.07495,1,2,324,1,80,10.5996094,90,18,36.79688,224,4.0996094,0.89990234,2,132,7.419922,135,23,1968,0,1
47.633,1,1,3,1,25,4.5,125,10,36,167.34375,2.8999023,32.3984375,3.59960938,142,7.5,135,23,1968,0,1
51.54797,1,2,466,1,65,17.5976562,126,29,37.89844,165,2.8999023,0.89990234,0.59997559,132,7.469727,135,23,1968,0,2
90.83899,1,1,708,1,100,10.8984375,82,22,36.19531,210,2.8999023,0.89990234,1,145,7.519531,135,23,1968,0,1
35.625,1,1,3,0,25,19.796875,150,28,37.19531,309.5,2.8999023,0.89990234,2.5,135,7.15918,135,23,1968,0,1
63.85999,1,1,5,0,139,8.29882812,122,10,38.69531,350,2.8999023,0.89990234,0.69995117,149,7.529297,135,23,1968,0,1
67.04199,1,2,1216,1,129,9.3984375,125,36,38,272.5,3.199707,0.89990234,1,138,7.489258,135,23,1968,0,0
61.16098,0,1,1889,2,66,14.6992188,105,20,36.5,274,3.199707,6.09960938,2.59960938,134,7.40918,135,23,1968,0,1
77.13098,1,2,465,3,62,5.59960938,82,12,36.39844,276.1875,2.8999023,0.89990234,1.19995117,135,7.429688,135,23,1968,0,1
19.14,0,2,1889,1,61,8.5,108,26,36.5,224,4.2998047,1.09985352,0.89990234,125,7.419922,135,23,1968,0,0
64.18097,1,2,683,2,100,9.29882812,120,18,37.5,224,4.2998047,1.09985352,0.79992676,133,7.419922,135,23,1968,1,0
53.30298,0,1,1887,1,89,10.1992188,120,20,39.69531,224,2.8999023,0.39996338,0.69995117,138,7.419922,135,23,1968,2,1
55.28799,1,1,91,2,59,5.79980469,145,20,37,456.625,2.8999023,0.79992676,0.89990234,133,7.369141,135,23,1968,0,1
53.14697,1,2,1162,2,75,6.69921875,72,18,36.09375,224,4.6992188,2.79980469,1.09985352,136,7.419922,135,23,1968,0,0
32.44098,1,2,386,1,51,16.6992188,96,30,37.39844,108.5625,2.3999023,1,0.69995117,143,7.509766,135,23,1968,0,7
58.95999,0,1,1882,0,115,6.19921875,132,20,39.79688,326.625,2.8999023,0.89990234,0.59997559,136,7.5,135,23,1968,0,0
27.411,0,2,1881,1,78,27.5976562,130,8,38.5,228,2.5996094,1.59985352,0.69995117,137,7.529297,135,23,1968,0,1
77.09497,1,2,248,2,93,11.5996094,86,22,36.59375,224,2.8999023,0.89990234,3.39990234,137,7.419922,135,23,1968,3,0
63.69299,1,1,117,3,52,10.6992188,122,32,39.09375,224,2.8999023,0.89990234,0.89990234,134,7.419922,135,23,1968,3,3
62.185,1,1,1780,1,86,7.69921875,60,18,37.19531,224,4.3994141,0.19998169,0.89990234,140,7.419922,135,23,1968,0,1
53.52197,0,1,1874,3,92,10.5996094,112,36,37.5,174.96875,3.2998047,0.29998779,0.69995117,139,7.369141,135,23,1968,0,1
23.39999,1,1,96,2,87,5.19921875,144,45,37.29688,335,3,4.09960938,1.19995117,130,7.469727,135,23,1968,0,0
65.60999,1,1,279,3,94,7.39941406,140,24,35.79688,390.4375,2.8999023,0.89990234,2.69970703,122,7.479492,135,23,1968,0,2
70.28094,1,2,14,2,106,10.3984375,74,20,37,224,3.0996094,4.69921875,3,129,7.419922,135,23,1968,1,1
60.71997,1,2,4,2,47,14.7988281,80,14,35.79688,135,2.5996094,1.89990234,4,138,7.30957,135,23,1968,0,1
77.00494,1,1,40,2,99,8.59960938,80,24,36.5,224,2.8999023,0.89990234,1,138,7.419922,135,23,1968,0,1
42.05298,1,2,149,1,62,10.0996094,120,24,36.79688,224,4.5,1,1.29980469,140,7.419922,135,23,1968,0,0
60.75,1,1,6,1,63,17.5,150,32,38.69531,89,2.8999023,7.09960938,2.29980469,139,7.30957,135,23,1968,0,1
71.28796,1,2,5,1,63,7.29980469,82,12,36.19531,224,2.8999023,0.89990234,1.69995117,127,7.419922,135,23,1968,0,0
22.66899,1,1,101,1,35,6.69921875,115,40,36.39844,175.5,2.8999023,0.89990234,1.29980469,117,7.5,135,23,1968,4,1
59.12399,0,1,1867,3,57,17.6992188,156,14,37.5,170,3.0996094,1.29980469,1.5,140,7.299805,135,23,1968,0,7
63.896,0,2,1867,2,72,8.59960938,105,18,38.39844,338.0625,2.3999023,9,1,135,7.469727,135,23,1968,3,5
87.43097,1,2,16,2,75,13.3984375,135,8,37.79688,138,2.8999023,0.89990234,3.19970703,125,7.299805,135,23,1968,0,1
78.89899,0,2,1863,1,94,8.79882812,75,26,36.5,326.0625,2.8999023,0.89990234,0.89990234,139,7.329102,135,23,1968,2,0
83.64099,0,2,1862,1,63,10.6992188,62,28,39.39844,214.28125,2.8999023,1,2.5,131,7.439453,135,23,1968,1,1
47.737,0,1,1861,0,47,13.0996094,164,31,39.29688,52,2.8999023,0.89990234,3,130,7.139648,135,23,1968,0,1
78.84998,0,1,1860,3,114,8.3984375,78,20,37.79688,328.5625,3.8999023,0.79992676,1.29980469,137,7.459961,135,23,1968,4,6
51.18399,0,2,1860,3,88,7,80,18,36.69531,224,2.8999023,3.5,1.09985352,126,7.419922,135,23,1968,1,1
61.45398,1,2,523,1,102,12.8984375,90,20,37,224,3.5996094,0.5,1.5,137,7.419922,135,23,1968,0,1
55.20297,1,2,1285,4,93,11.1992188,74,24,36,224,3.8999023,0.69995117,1.29980469,136,7.419922,135,23,1968,0,1
74.06396,0,2,1859,1,115,10,95,12,37.5,113.84375,2.8999023,0.89990234,1.09985352,135,7.449219,135,23,1968,0,1
90.90796,1,1,17,0,133,16.296875,115,9,38.5,372.5,2.7998047,0.89990234,1,137,7.399414,135,23,1968,0,5
38.94897,1,2,24,1,64,12.0996094,102,18,36.39844,224,2,10.1992188,2.79980469,126,7.419922,135,23,1968,5,3
65.14697,1,1,27,1,83,8.09960938,106,22,36.39844,224,2.8999023,0.89990234,0.69995117,136,7.419922,135,23,1968,0,1
51.62799,1,1,557,3,65,15.8984375,88,16,36.29688,224,4.1992188,1,1.09985352,128,7.419922,135,23,1968,0,0
56.20499,1,2,153,2,107,8.19921875,92,20,37.19531,304.75,4.1992188,0.29998779,0.89990234,135,7.439453,135,23,1968,0,1
65.88599,0,1,1857,0,61,8.3984375,60,30,37,217.125,1.8999023,0.69995117,0.5,139,7.489258,135,23,1968,0,1
69.19598,1,2,115,2,47,13.7988281,70,20,36.79688,565,3.699707,0.69995117,2.39990234,126,7.5,135,23,1968,0,0
77.74695,1,2,422,1,89,19.296875,80,18,36.89844,224,2.8999023,0.5,1.29980469,133,7.419922,135,23,1968,0,0
80.09595,1,2,1314,2,93,10.5996094,80,20,36.79688,224,2.8999023,0.89990234,0.69995117,131,7.419922,135,23,1968,5,6
71.54596,1,2,77,1,120,3.5,89,26,36.89844,257.125,2.8999023,0.59997559,1.19995117,137,7.509766,135,23,1968,1,0
60.61899,1,2,236,1,50,6.09960938,110,20,36.79688,224,3.699707,0.39996338,1.19995117,135,7.419922,135,23,1968,0,1
58.478,1,2,896,4,106,9.09960938,88,36,36.39844,224,2.8999023,0.89990234,1.89990234,139,7.419922,135,23,1968,0,1
52.67899,0,2,1853,2,60,3.59960938,150,16,36.79688,224,4.0996094,0.69995117,1.09985352,137,7.419922,135,23,1968,0,1
70.48596,1,2,336,1,62,14.0996094,80,15,38.5,146,2.3999023,0.39996338,1.09985352,134,7.449219,135,23,1968,0,1
50.58197,1,2,81,1,70,3.59960938,82,20,36.79688,385.6875,1.8999023,1.79980469,1.59985352,128,7.489258,135,23,1968,4,1
25.487,1,2,19,1,123,1.69995117,100,48,38.5,191.8125,3.0996094,9,2.29980469,143,7.40918,135,23,1968,0,1
88.69495,1,2,9,2,102,11.5996094,123,14,38.39844,397.125,3.0996094,0.69995117,5.69921875,135,7.40918,135,23,1968,0,0
68.01898,1,2,277,1,70,12.5996094,115,10,37.5,218,2.5996094,7.69921875,2.79980469,134,7.479492,135,23,1968,0,1
81.77698,1,1,927,2,107,3.59960938,92,26,36.79688,224,2.199707,0.89990234,0.69995117,138,7.419922,135,23,1968,5,0
71.86298,1,2,12,3,87,8.09960938,80,20,36.09375,342.8125,2.8999023,0.89990234,1.5,138,7.439453,135,23,1968,0,1
72.19696,0,1,1849,3,107,6.69921875,72,18,36.79688,224,2.8999023,0.89990234,2.29980469,141,7.419922,135,23,1968,0,1
53.40997,0,2,1847,0,113,25.5,120,25,37.29688,260,2.5,5.79980469,0.79992676,136,7.489258,135,23,1968,0,1
34.35699,1,2,8,2,48,6.19921875,120,33,38.5,150,2.3999023,6,2.29980469,130,7.30957,135,23,1968,0,5
56.66498,1,2,14,0,63,18.5976562,125,30,38.5,148,2.8999023,16.796875,4.09960938,147,7.189453,135,23,1968,0,1
53.67798,1,1,308,3,113,7.5,100,24,37,224,2,19.8984375,1.29980469,137,7.419922,135,23,1968,0,0
55.32898,0,2,1845,2,93,10.5996094,112,20,37.19531,224,2.8999023,0.89990234,0.89990234,136,7.419922,135,23,1968,0,1
54.056,1,2,8,2,110,29.5976562,165,34,39.19531,223.3125,2.8999023,1.89990234,1.69995117,128,7.5,135,23,1968,0,1
70.80396,1,2,19,2,83,16.8984375,135,34,39,296.25,2.8999023,12.0996094,1.39990234,134,7.5,135,23,1968,0,1
86.57098,1,1,4,1,97,15.0996094,80,28,36.79688,24,2.8999023,0.89990234,1.19995117,133,7.239258,135,23,1968,0,1
52.44897,1,2,1079,2,84,11.5,80,20,36.19531,224,4.5,0.29998779,1,136,7.419922,135,23,1968,0,0
50.97897,1,2,1600,2,122,9.09960938,110,32,36.5,124.48438,2.8999023,0.89990234,0.79992676,137,7.419922,135,23,1968,1,1
77.75995,1,2,7,2,58,4.89941406,60,16,36.19531,224,4.2998047,0.89990234,1.59985352,133,7.419922,135,23,1968,0,0
54.18198,1,2,6,1,60,4.5,190,40,39.5,90,1.6999512,0.5,1.19995117,130,7.30957,135,23,1968,0,1
34.17398,1,1,5,1,67,1.59985352,85,34,33.89844,46,2.8999023,1.89990234,0.29998779,128,7.399414,135,23,1968,0,3
80.52295,1,2,164,3,97,7.19921875,88,20,36.79688,319,4,0.69995117,3.19970703,136,7.489258,135,23,1968,0,1
50.53,1,2,1349,2,66,4.89941406,80,24,36.69531,224,2.8999023,0.89990234,1.39990234,134,7.419922,135,23,1968,0,1
56.82397,1,1,699,3,70,22,60,19,37,165.6875,2.8999023,0.89990234,1,137,7.449219,135,23,1968,0,1
45.892,1,2,105,0,115,9.79882812,145,32,38.69531,510,2,0.29998779,0.89990234,136,7.40918,135,23,1968,0,1
69.71698,1,1,4,2,115,14,95,16,36.39844,236.65625,2.8999023,0.39996338,1.79980469,141,7.469727,135,23,1968,0,1
65.89996,1,2,693,0,130,6.69921875,110,26,38.19531,365,2.0996094,0.19998169,1.19995117,131,7.5,135,23,1968,1,1
38.491,0,2,1821,1,123,12.8984375,125,38,39.79688,162,2.8999023,3.39990234,0.69995117,134,7.259766,135,23,1968,0,1
65.53595,1,2,1332,1,108,10.6992188,100,12,39.29688,220,2.2998047,0.89990234,1.79980469,136,7.40918,135,23,1968,0,1
59.146,1,2,585,2,74,2.69970703,128,24,38.89844,224,2.8999023,1.19995117,0.89990234,138,7.419922,135,23,1968,3,3
53.922,1,1,78,1,83,10.5,100,24,37.39844,224,4.5996094,0.39996338,0.79992676,135,7.419922,135,23,1968,0,1
40.63199,0,2,1816,1,95,10.5996094,94,26,36,224,2.8999023,0.89990234,1.5,140,7.419922,135,23,1968,0,0
65.67596,1,2,62,1,64,11.3984375,134,32,38.79688,309.5,2.5996094,0.89990234,0.79992676,132,7.519531,135,23,1968,0,1
53.10098,1,2,4,3,43,13.2988281,150,22,36.69531,610,3.7998047,1.5,1.29980469,132,7.679688,135,23,1968,0,1
43.28299,1,1,7,1,87,0.29998779,140,44,38.5,259.125,2.699707,3.19970703,1.5,146,7.479492,135,23,1968,0,1
35.14297,1,2,1131,0,77,8.29882812,80,18,35.39844,224,2.8999023,0.89990234,0.89990234,137,7.419922,135,23,1968,0,1
51.49899,1,1,28,3,87,6.09960938,88,20,36.59375,366.625,2.2998047,2,1.19995117,130,7.549805,135,23,1968,0,3
76.44897,1,2,19,1,108,14.7988281,140,20,39,224,2.8999023,0.89990234,2,144,7.419922,135,23,1968,0,6
81.24597,1,1,3,1,58,8.5,70,30,37.5,178,2.5,1.5,2.29980469,135,7.369141,135,23,1968,0,1
19.60599,1,1,5,0,48,6.09960938,131,12,38.79688,156.25,4.3994141,16.3984375,1.09985352,155,7.519531,135,23,1968,0,1
63.431,0,2,1809,0,90,3.39990234,130,20,37.09375,230,2.7998047,4.69921875,2.09960938,141,7.489258,135,23,1968,0,2
52.37198,1,2,644,3,102,15.5,80,18,37,300,2.8999023,0.89990234,1,140,7.429688,135,23,1968,1,1
38.883,0,2,1807,0,83,7,110,30,38.69531,257.125,3.5996094,0.09999084,0.69995117,133,7.449219,135,23,1968,0,6
77.67596,1,2,4,1,38,10.0996094,110,20,38.79688,207.6875,2.8999023,2.79980469,2.09960938,131,7.279297,135,23,1968,0,1
75.96698,1,1,34,2,107,25.5,100,20,36.39844,224,3.8999023,0.89990234,1.5,135,7.419922,135,23,1968,0,0
42.38699,1,1,12,1,112,1.39990234,70,18,36.59375,144,4.5996094,7.5,3.89990234,143,7.459961,135,23,1968,0,1
47.24698,1,1,108,1,47,12.7988281,140,32,38.59375,246.9375,2.5996094,1.29980469,1.29980469,135,7.369141,135,23,1968,0,1
69.66699,1,2,14,1,93,12.2988281,150,14,37,142.84375,2.3999023,5.39941406,0.89990234,138,7.279297,135,23,1968,0,1
57.58197,1,2,1395,3,65,5,125,26,36.89844,400,3.8999023,2.79980469,1.29980469,140,7.539062,135,23,1968,0,1
50.64798,0,2,1798,2,67,5.29980469,115,30,36.79688,419,3.3999023,1.39990234,1.19995117,143,7.439453,135,23,1968,0,0
60.07898,1,2,800,1,103,4.29980469,110,18,36.79688,283.3125,4.2998047,0.29998779,1.09985352,142,7.379883,135,23,1968,0,0
67.47998,1,2,406,1,108,6.5,58,20,38.89844,224,4.0996094,0.29998779,1.5,143,7.419922,135,23,1968,0,1
62.875,1,2,1126,1,96,12.5,120,24,39,224,4.5996094,0.19998169,0.79992676,137,7.419922,135,23,1968,2,1
74.10797,1,2,17,2,63,22,160,12,37,134,2.8999023,0.89990234,0.59997559,140,7.429688,135,23,1968,0,7
66.73199,1,2,576,2,110,9.19921875,90,28,37.19531,224,3.8999023,0.5,0.89990234,140,7.419922,135,23,1968,1,1
71.39996,1,1,42,2,120,10.7988281,65,22,36.59375,86.65625,2.8999023,0.5,1.59985352,143,7.469727,135,23,1968,5,1
60.85699,1,1,309,0,98,3.79980469,110,20,37.5,196,4.1992188,0.09999084,1.09985352,136,7.40918,135,23,1968,0,1
47.37598,1,1,19,1,78,7.59960938,130,25,39.69531,152,2.8999023,1.19995117,4.59960938,145,7.379883,135,23,1968,0,0
71.15094,1,1,13,5,127,6.69921875,110,24,37.5,455.5,2.8999023,1,3.5,140,7.40918,135,23,1968,0,1
64.24597,0,1,1788,1,77,33.59375,110,22,38,346.625,2.8999023,1.59985352,3,143,7.269531,135,23,1968,0,1
21.63699,1,1,591,1,88,17.0976562,74,20,36.39844,224,2.8999023,4.19921875,0.89990234,138,7.419922,135,23,1968,0,0
60.58899,1,2,7,2,117,12.3984375,135,26,36.5,224,2.8999023,0.29998779,1.09985352,133,7.419922,135,23,1968,0,0
55.20599,1,1,829,1,93,5.79980469,95,26,37.29688,223.3125,2.8999023,0.89990234,0.69995117,142,7.379883,135,23,1968,6,6
66.54596,1,2,45,0,67,19.6992188,150,20,39.39844,182.5,3.7998047,1.69995117,1.5,127,7.469727,135,23,1968,0,1
66.66895,1,1,164,0,112,19.5,150,19,40.19531,177.5,2.5996094,4.09960938,0.89990234,148,7.489258,135,23,1968,0,1
73.36597,1,2,64,1,65,21.1992188,140,14,36.5,164,2,4.79980469,2.39990234,144,7.379883,135,23,1968,0,1
37.59299,1,2,391,1,103,7.29980469,120,28,36.5,380,2.8999023,0.89990234,0.79992676,139,7.429688,135,23,1968,0,1
61.34399,1,1,643,2,140,9.79882812,70,26,37.5,380,3.199707,0.89990234,0.89990234,140,7.379883,135,23,1968,1,1
65.92499,1,2,275,2,73,5.09960938,82,16,37.79688,224,3.7998047,0.39996338,1,137,7.419922,135,23,1968,2,0
47.33197,0,1,1783,2,73,12.0996094,140,36,36.19531,185.6875,2.8999023,0.89990234,0.39996338,133,7.339844,135,23,1968,0,1
32.18298,1,1,16,2,82,12.1992188,80,28,36,242.84375,2.8999023,0.89990234,1.39990234,134,7.519531,135,23,1968,0,1
48.04398,1,2,49,1,107,21.5,150,30,37.79688,138,2.699707,16.8984375,1.39990234,143,7.469727,135,23,1968,0,3
71.66296,1,1,5,0,113,10.1992188,110,20,39.89844,215.53125,2.8999023,0.89990234,0.89990234,127,7.439453,135,23,1968,0,1
64.45197,1,2,59,3,45,16.8984375,135,36,37.39844,108.15625,3,1.29980469,1.69995117,126,7.549805,135,23,1968,0,2
24.515,0,1,1782,1,120,5.69921875,110,28,37.5,69,2.8999023,0.89990234,0.89990234,140,7.5,135,23,1968,0,4
74.034,1,1,9,1,73,18.3984375,104,24,36.19531,224,2.8999023,3.29980469,0.69995117,127,7.419922,135,23,1968,0,1
72.03296,1,2,14,1,117,15.3984375,120,12,37.59375,60,3,0.29998779,1.69995117,138,7.319336,135,23,1968,0,1
68.60797,1,2,267,2,87,10.5996094,80,24,36.5,332,2.8999023,0.89990234,1.79980469,142,7.479492,135,23,1968,0,1
59.40598,1,2,1278,2,78,7.19921875,80,24,37,224,2.8999023,0.5,1,132,7.419922,135,23,1968,3,1
20.312,1,2,7,0,117,6.29980469,160,26,40.09375,130,2.8999023,2.5,3,141,7.439453,135,23,1968,0,3
80.19397,1,2,10,0,98,11.0996094,90,32,38.5,355.5,2.8999023,0.89990234,1.19995117,141,7.439453,135,23,1968,0,1
42.06699,1,2,4,1,47,2.59960938,175,36,39.29688,244.875,3,4.79980469,5.39941406,135,7.449219,135,23,1968,0,1
23.81699,1,2,144,1,127,17,140,28,37.89844,53.32812,2.8999023,0.89990234,1.39990234,135,7.429688,135,23,1968,0,2
65.97095,1,2,676,3,52,8.8984375,80,32,36.39844,247.59375,3.5996094,1.79980469,1.19995117,136,7.479492,135,23,1968,0,1
67.00098,1,2,11,1,42,7.79980469,85,20,36.89844,224,3.5996094,0.19998169,1.39990234,138,7.419922,135,23,1968,0,1
58.09698,0,2,1775,1,57,16.5976562,120,10,38.29688,192,3.199707,0.5,1.09985352,137,7.549805,135,23,1968,0,1
34.99799,1,1,455,0,103,10.0996094,115,20,37.39844,330,2.8999023,0.89990234,0.69995117,134,7.479492,135,23,1968,0,1
65.96295,1,2,1760,0,80,15.0996094,120,30,39,340,3.0996094,0.69995117,0.89990234,142,7.5,135,23,1968,0,1
43.85999,0,1,1773,1,46,3.5,80,20,37.19531,300,2.3999023,38.3984375,1.89990234,138,7.469727,135,23,1968,7,3
29.769,0,2,1772,0,110,16,120,30,37.69531,397.5,2,4.29980469,0.69995117,135,7.459961,135,23,1968,0,1
52.71997,1,1,9,3,97,9.5,75,18,36.39844,290.4375,2.8999023,2,2.5,137,7.429688,135,23,1968,0,1
26.24799,1,2,4,1,35,0.04999542,40,52,36.69531,206,1.6999512,3.79980469,1.89990234,138,7.219727,135,23,1968,0,1
66.75397,1,2,69,1,67,24.0976562,120,22,37,106.65625,2.8999023,0.89990234,1.29980469,139,7.509766,135,23,1968,0,1
53.125,1,2,139,1,70,9.19921875,72,18,36.79688,376.1875,2.8999023,0.19998169,1,136,7.459961,135,23,1968,0,1
70.74097,1,2,117,1,77,23,115,28,39,120.40625,2.7998047,0.09999084,1.19995117,135,7.5,135,23,1968,0,1
54.67798,1,2,37,2,58,10.5996094,65,18,36.09375,224,2.5,1.79980469,1.29980469,145,7.5,135,23,1968,3,1
81.45398,1,2,163,1,60,8.3984375,75,40,38.89844,391,3,0.89990234,1.09985352,132,7.529297,135,23,1968,0,1
58.27499,1,1,607,1,77,16.5976562,115,12,37.29688,68,3.3999023,0.89990234,0.89990234,144,7.299805,135,23,1968,0,6
36.96899,1,1,5,1,111,21.6992188,120,70,39.89844,224,4.5,54.296875,5.69921875,138,7.419922,135,23,1968,0,1
44.47897,0,2,1767,1,100,4.69921875,82,18,36.79688,224,2.2998047,14.1992188,0.79992676,137,7.419922,135,23,1968,0,0
79.98096,0,2,1768,1,115,4.19921875,70,22,38.39844,224,3.0996094,1.59985352,1,142,7.419922,135,23,1968,0,0
82.245,1,1,10,0,123,10.5996094,75,9,36.69531,295,2.8999023,0.89990234,1.19995117,140,7.479492,135,23,1968,0,1
38.49698,0,2,1766,1,73,10.0996094,130,18,38.59375,237.5,3.0996094,13.7988281,1.09985352,145,7.529297,135,23,1968,0,0
59.37598,1,2,110,2,70,0.69995117,120,32,37,396.625,2.0996094,0.69995117,0.89990234,138,7.419922,135,23,1968,0,0
58.44998,1,2,33,2,85,6.19921875,90,28,37,403.3125,2.8999023,0.89990234,1.69995117,133,7.5,135,23,1968,0,1
83.30194,1,2,10,3,130,11.8984375,80,10,38.5,242.84375,2.8999023,0.89990234,1,138,7.509766,135,23,1968,0,1
43.995,0,1,1760,3,80,20.8984375,130,20,36.29688,485,2.7998047,3,1.89990234,136,7.459961,135,23,1968,0,1
50.09698,1,2,376,1,97,11.0996094,80,16,37.39844,419,2.8999023,0.69995117,1.19995117,136,7.449219,135,23,1968,0,1
80.18896,1,2,40,1,133,10.1992188,120,36,38.69531,204.4375,2.8999023,0.5,1.09985352,147,7.469727,135,23,1968,0,2
40.20499,1,2,6,1,52,6.5,150,35,36.79688,122,2.699707,10.5996094,1.19995117,143,7.349609,135,23,1968,0,1
57.01797,1,1,1462,2,93,12.1992188,88,18,37.19531,423.75,4.6992188,0.59997559,0.89990234,133,7.419922,135,23,1968,0,1
38.90799,1,1,1480,2,107,18.6992188,120,28,37.5,280,2.8999023,0.89990234,4.29980469,125,7.289062,135,23,1968,0,3
75.54297,1,2,484,1,93,13.8984375,84,20,36.19531,224,2.8999023,1.19995117,1,136,7.419922,135,23,1968,2,0
34.80899,1,1,9,1,62,0.69995117,135,60,38.5,82,2.5996094,6.09960938,0.5,141,7.40918,135,23,1968,0,1
73.72998,1,2,879,1,127,5.29980469,88,18,36.79688,224,4.2998047,1.69995117,1.09985352,141,7.419922,135,23,1968,0,1
42.543,1,2,12,1,50,1.09985352,140,30,38.5,396.625,2.8999023,0.89990234,6.69921875,137,7.429688,135,23,1968,0,1
68.70099,1,2,100,1,121,4.19921875,74,8,37.79688,224,2.8999023,0.89990234,1,137,7.419922,135,23,1968,0,1
73.56299,1,2,21,1,133,28.5976562,140,39,38.89844,61,2.8999023,0.89990234,0.79992676,132,7.399414,135,23,1968,0,1
69.10297,1,1,1479,1,97,10.6992188,115,28,37.29688,224,3,3.89990234,0.89990234,145,7.419922,135,23,1968,0,1
67.41095,1,2,4,1,35,13,140,10,41,171.40625,2.8999023,0.89990234,4.29980469,151,7.509766,135,23,1968,0,1
79.72095,1,2,7,1,33,8.09960938,100,16,36.19531,224,2.8999023,0.89990234,5.5,129,7.419922,135,23,1968,0,4
48.35898,1,2,7,1,87,3.69970703,125,17,36.59375,90.65625,2.8999023,0.89990234,0.59997559,143,7.439453,135,23,1968,0,0
60.67398,1,2,94,2,77,9.29882812,100,36,36.59375,127.5,2.8999023,0.89990234,2.59960938,125,7.529297,135,23,1968,0,3
58.31897,1,1,562,2,87,4.89941406,80,20,37.19531,224,2.199707,4.79980469,1,135,7.419922,135,23,1968,0,1
59.88498,0,2,1742,1,67,9.29882812,110,18,36.79688,224,4.1992188,0.39996338,1.39990234,140,7.419922,135,23,1968,0,1
64.02698,1,2,285,1,62,5.39941406,70,18,36.5,252.375,4.5996094,1.19995117,1.09985352,136,7.429688,135,23,1968,0,1
34.461,1,1,3,1,33,1.09985352,130,35,35.89844,80,2.5,0.89990234,1.29980469,141,7.369141,135,23,1968,0,1
47.33499,0,1,1740,1,93,10,100,20,38.59375,224,4,6.19921875,0.69995117,140,7.419922,135,23,1968,0,1
47.77798,0,1,1739,1,91,5.59960938,76,20,37,224,1.8999023,5.29980469,0.69995117,134,7.419922,135,23,1968,0,1
49.28998,1,2,6,1,47,2.39990234,160,40,34,85,2.8999023,0.89990234,3,139,7.069336,135,23,1968,0,1
51.573,1,1,24,1,98,10.0996094,85,28,37.19531,44.4375,3.3999023,1.89990234,1.29980469,133,7.40918,135,23,1968,0,1
73.90295,0,2,1736,2,100,14.8984375,100,20,36.79688,224,2.8999023,0.89990234,1.5,137,7.419922,135,23,1968,0,1
71.28497,0,2,1736,2,95,16,70,22,37.5,495.1875,2.8999023,0.89990234,1.39990234,137,7.40918,135,23,1968,0,1
55.29898,0,1,1735,1,83,8.09960938,150,32,38.69531,350,2.8999023,0.89990234,0.89990234,130,7.489258,135,23,1968,0,1
52.68997,1,2,353,1,125,15.5996094,118,36,37,310,2.8999023,0.89990234,0.89990234,141,7.469727,135,23,1968,0,1
81.38794,1,2,9,1,63,17.5,70,37,39,285,2.199707,3.19970703,4.19921875,138,7.449219,135,23,1968,0,1
49.29999,1,2,160,3,87,5.79980469,110,16,35.19531,194.28125,2.199707,4,3.09960938,148,7.439453,135,23,1968,0,1
64.69299,1,2,523,1,67,9.8984375,110,12,37.5,215,4.5,0.79992676,1.09985352,135,7.449219,135,23,1968,0,1
61.67798,1,2,926,1,95,11.7988281,88,20,37,224,2.8999023,0.59997559,1.29980469,139,7.419922,135,23,1968,0,1
64.25195,1,2,1049,2,73,3.89990234,110,24,36.39844,256.625,2.8999023,0.89990234,1.5,136,7.339844,135,23,1968,0,1
56.95798,1,2,7,0,68,17.5,125,32,36.39844,193.875,2.8999023,35,9.09960938,146,7.479492,135,23,1968,0,1
29.71399,1,2,7,2,120,2.69970703,55,14,36.09375,190,2.8999023,0.89990234,1.5,128,7.449219,135,23,1968,0,1
35.56998,1,1,66,1,113,0.04999542,120,28,37.59375,419,2.5,1.09985352,0.69995117,133,7.459961,135,23,1968,5,6
38.42297,1,2,520,3,114,21,98,20,38,224,2.8999023,0.89990234,10.5,131,7.419922,135,23,1968,0,1
62.53497,1,2,149,0,88,3.69970703,130,24,39.5,140,2.8999023,0.89990234,1.19995117,148,7.5,135,23,1968,0,1
76.49597,1,2,5,1,110,13.8984375,72,26,36.19531,209.0625,2.8999023,0.39996338,2,146,7.40918,135,23,1968,0,1
83.16199,1,2,3,1,93,18,150,32,37.89844,593,2.8999023,0.89990234,1.19995117,136,7.439453,135,23,1968,0,1
57.52798,0,2,1722,0,60,19.796875,75,15,36.89844,210,2.8999023,0.89990234,1,137,7.469727,135,23,1968,0,1
73.66498,1,2,31,1,93,3.5,84,20,36.39844,224,2.8999023,0.89990234,1.5,133,7.419922,135,23,1968,0,3
46.51099,0,2,1717,1,67,17.5976562,110,36,39,420,1.5,31.5976562,5.5,137,7.629883,135,23,1968,0,6
78.91895,1,1,37,1,60,27.5976562,100,18,38.5,282.8125,2.699707,0.89990234,2.59960938,140,7.359375,135,23,1968,0,1
68.91394,1,1,253,0,67,16.0976562,135,32,37.19531,222.84375,3.0996094,0.59997559,0.5,135,7.5,135,23,1968,0,1
42.29199,1,1,5,2,42,14.2988281,115,35,38.39844,32,2.8999023,1.69995117,3.5,125,7.25,135,23,1968,0,1
46.57898,1,2,316,1,72,6.29980469,100,20,36.19531,224,2.8999023,0.89990234,1.59985352,136,7.419922,135,23,1968,0,1
54.03998,0,2,1712,3,68,5.29980469,110,12,36.09375,353.3125,3.0996094,1.79980469,1.19995117,129,7.529297,135,23,1968,0,1
45.10599,0,2,1711,0,92,8,120,36,37.09375,142.84375,2.8999023,0.89990234,1.29980469,134,7.5,135,23,1968,0,1
87.46295,1,1,1503,1,93,8.3984375,84,20,36.39844,342.8125,2.8999023,0.89990234,0.79992676,126,7.489258,135,23,1968,0,1
79.24695,1,1,34,3,73,10.5996094,110,25,37.59375,115,2.0996094,0.89990234,1.09985352,135,7.5,135,23,1968,0,0
39.73999,1,2,4,3,60,20.5976562,130,44,39.29688,238,3.2998047,11.0996094,4.59960938,146,7.429688,135,23,1968,0,1
78.17395,1,2,7,0,45,10.5,120,28,36.89844,317.5,5.7998047,23.1992188,2.29980469,131,7.439453,135,23,1968,0,1
79.13196,1,1,18,2,47,18.1992188,90,22,37.19531,100,2.8999023,0.69995117,0.89990234,136,7.449219,135,23,1968,0,1
70.63898,1,2,376,1,80,11.2988281,95,18,37,148.3125,4.1992188,0.69995117,5.79980469,139,7.229492,135,23,1968,0,1
41.26498,1,1,118,2,53,8.09960938,129,26,36.5,92,4,11.6992188,4.19921875,151,7.319336,135,23,1968,0,1
38.35699,1,1,303,1,71,8.3984375,80,16,36.79688,224,3,0.5,0.79992676,139,7.419922,135,23,1968,0,1
59.92099,1,2,30,1,81,20.5976562,72,18,36.39844,118.35938,3.5996094,0.89990234,1.59985352,130,7.40918,135,23,1968,0,1
58.11899,1,1,3,0,15,0.89990234,40,20,33.09375,245,2.0996094,1.39990234,2.69970703,127,7.40918,135,23,1968,0,1
35.25,1,1,1607,1,60,6.79980469,135,33,39,128.875,3,0.19998169,5.5,133,7.519531,135,23,1968,0,1
66.18994,1,1,635,2,113,13.0996094,110,20,36,232.5,2.8999023,0.89990234,1.69995117,143,7.429688,135,23,1968,1,1
41.02698,1,2,27,2,57,4,120,18,35.19531,175,2.8999023,9.59960938,2,141,7.429688,135,23,1968,0,1
54.93198,0,2,1701,3,43,8.5,120,14,38.89844,763.25,2.8999023,0.89990234,3.79980469,145,7.55957,135,23,1968,0,1
78.58997,1,2,8,1,73,8.69921875,90,20,35.59375,224,2.8999023,0.89990234,1,144,7.419922,135,23,1968,0,1
82.21497,1,2,659,4,63,9.3984375,50,14,36.59375,148,3.0996094,0.89990234,1.19995117,143,7.509766,135,23,1968,0,1
40.34198,1,2,40,1,57,1.29980469,140,16,38.69531,184,2.8999023,1.19995117,5.79980469,139,7.40918,135,23,1968,0,0
60.84097,1,2,23,1,63,10.6992188,110,18,37.09375,120,2.8999023,1.09985352,1.59985352,136,7.489258,135,23,1968,0,1
67.82996,1,2,19,1,58,9.59960938,85,16,39.79688,65,2.8999023,0.89990234,5.69921875,145,7.279297,135,23,1968,0,1
65.41296,1,1,7,2,57,19.6992188,110,90,34.5,87.5,2.8999023,4.09960938,2.5,133,7.299805,135,23,1968,0,1
74.297,0,2,1690,2,62,6.5,80,18,37,41,2.8999023,0.89990234,2.09960938,134,7.169922,135,23,1968,0,1
61.78799,0,1,1690,1,93,8.09960938,106,24,37,224,2.8999023,0.29998779,1.59985352,129,7.419922,135,23,1968,0,1
45.43198,1,2,7,2,63,11.7988281,120,32,37.69531,92.21875,2.2998047,0.89990234,1.69995117,136,7.5,135,23,1968,0,1
62.45297,0,2,1686,2,63,7.89941406,100,20,36.59375,224,2.8999023,0.89990234,1.39990234,134,7.419922,135,23,1968,0,1
70.28094,1,2,659,1,87,20.5976562,76,20,36.59375,224,4.0996094,0.79992676,1.29980469,137,7.419922,135,23,1968,0,1
52.28497,0,1,1684,2,58,18.3984375,170,36,38.29688,173.3125,3.7998047,16.296875,1.5,141,7.479492,135,23,1968,0,0
57.76599,1,2,654,2,80,11.3984375,120,28,36,490.4375,2.8999023,3.5,1.29980469,136,7.55957,135,23,1968,0,1
54.74298,1,2,4,3,72,0.04999542,110,32,37.89844,91.65625,2,0.89990234,0.59997559,128,7.549805,135,23,1968,0,1
54.78198,1,2,92,2,88,5.89941406,114,22,37.39844,224,2.8999023,0.89990234,1.19995117,139,7.419922,135,23,1968,0,1
46.69998,1,1,3,2,28,0.09999084,135,35,36.09375,51,2.8999023,0.89990234,1.5,132,7.319336,135,23,1968,0,1
36.59097,1,2,9,2,58,0.5,140,40,38.89844,95.375,3,1.69995117,2.29980469,128,7.279297,135,23,1968,0,1
83.39496,0,2,1682,1,77,5.69921875,80,22,37.19531,224,4.0996094,0.69995117,1.5,141,7.419922,135,23,1968,0,0
41.29797,1,1,18,2,52,25.6992188,140,10,39,282.8125,2.5996094,0.39996338,4.69921875,128,7.40918,135,23,1968,0,1
90.13794,1,2,53,2,63,25.1992188,65,28,36.5,172.5,2,2.89990234,1.79980469,138,7.479492,135,23,1968,0,1
20.09599,1,1,365,3,63,16.5,125,32,39,224,2.8999023,0.89990234,1.39990234,130,7.419922,135,23,1968,0,2
38.92999,0,2,1681,1,96,6.89941406,92,22,38.39844,224,2.5996094,8.29882812,0.79992676,129,7.419922,135,23,1968,0,1
39.81897,1,2,3,2,23,38.09375,135,48,36.39844,130,4.3994141,5.69921875,3.79980469,138,7.199219,135,23,1968,0,1
53.09497,1,1,6,0,65,22.1992188,195,22,40,150,2.8999023,34.5,2.29980469,137,7.519531,135,23,1968,0,1
53.38498,0,1,1676,2,73,5.19921875,120,12,38.39844,190,3.8999023,0.29998779,7.39941406,128,7.359375,135,23,1968,0,1
79.81396,1,2,650,1,102,15.8984375,135,12,38.5,122,2.8999023,2.79980469,2.69970703,144,7.30957,135,23,1968,0,1
68.45996,1,1,136,1,100,7.29980469,60,22,37.79688,222,2.8999023,0.79992676,0.69995117,138,7.469727,135,23,1968,0,1
52.52597,1,1,1206,2,63,6,65,20,36.39844,400,4,0.39996338,2.69970703,136,7.339844,135,23,1968,6,3
62.50198,1,2,595,4,70,9.29882812,60,20,36,352.375,2.8999023,0.29998779,1.5,138,7.449219,135,23,1968,0,1
57.02899,1,2,45,3,67,5.09960938,130,25,37,212.5,2.5,8.3984375,1.09985352,136,7.55957,135,23,1968,0,0
61.448,1,2,608,3,117,7,82,28,36.59375,428.5625,3.8999023,1.09985352,1.19995117,139,7.469727,135,23,1968,0,0
87.76697,1,1,57,1,55,23.796875,165,36,37.79688,273.3125,3,0.89990234,0.5,143,7.299805,135,23,1968,0,1
65.71399,1,2,6,2,43,14.8984375,80,26,38.89844,174,2.8999023,9.8984375,7.69921875,137,7.449219,135,23,1968,0,1
46.97098,0,1,1666,2,112,8.19921875,72,20,37.59375,238.09375,2.8999023,0.89990234,0.79992676,139,7.419922,135,23,1968,2,1
62.10797,1,2,664,2,95,5.5,75,22,36,224,3.8999023,0.89990234,1.29980469,138,7.419922,135,23,1968,2,5
81.99896,1,1,17,3,65,31.1992188,50,26,36.79688,331.375,3.7998047,1.09985352,1.89990234,133,7.519531,135,23,1968,0,1
62.53,1,1,130,1,97,5.09960938,96,20,37.39844,342.8125,3.7998047,0.79992676,0.79992676,134,7.489258,135,23,1968,0,0
54.52197,0,1,1664,2,37,7.5,90,24,36.29688,122.5,3.3999023,1.59985352,1.39990234,135,7.469727,135,23,1968,0,1
49.87,1,2,5,1,57,0.09999084,165,28,41.19531,85,2.5,2.09960938,1.69995117,133,7.30957,135,23,1968,0,1
61.69199,1,1,292,2,103,10.3984375,106,24,38.19531,224,3.7998047,0.29998779,2.39990234,141,7.419922,135,23,1968,6,1
39.14899,1,1,945,3,58,6.19921875,105,34,36.69531,224,2.8999023,0.79992676,0.89990234,130,7.419922,135,23,1968,5,4
50.45599,1,1,9,2,63,0.89990234,115,16,38.19531,89.21875,2.7998047,4.19921875,2.39990234,143,7.459961,135,23,1968,0,1
50.57599,0,1,1657,2,55,5.29980469,75,12,36.19531,443.3125,2.199707,44.3984375,5.09960938,147,7.229492,135,23,1968,0,2
68.80798,1,1,870,3,94,5.39941406,84,20,36.39844,576,2.8999023,0.89990234,1.69995117,128,7.459961,135,23,1968,4,1
46.07797,1,2,313,3,63,3.59960938,170,10,35.29688,160,3.5996094,51.296875,5,147,7.589844,135,23,1968,0,0
79.16498,0,1,1655,2,139,6.19921875,76,24,36.39844,466.625,2.8999023,0.89990234,1,141,7.459961,135,23,1968,0,1
81.758,1,1,36,2,110,11.1992188,80,24,36.39844,285.6875,2.8999023,0.29998779,1.59985352,128,7.519531,135,23,1968,0,6
76.98798,0,1,1655,0,48,12.0996094,170,28,36.5,155,2.8999023,0.89990234,0.59997559,134,7.40918,135,23,1968,0,5
81.66498,1,1,6,0,97,22.0976562,100,24,38.39844,225.6875,2.8999023,0.89990234,1,135,7.449219,135,23,1968,0,1
54.26999,0,2,1654,3,107,7.09960938,125,28,36,120.40625,2.8999023,1.19995117,2.29980469,138,7.5,135,23,1968,0,0
22.825,1,2,10,3,43,2.89990234,145,28,38.69531,146,2.8999023,6.5,4.29980469,139,7.359375,135,23,1968,0,1
58.43698,1,1,271,1,65,7.19921875,72,12,37,224,3.7998047,0.69995117,0.69995117,135,7.419922,135,23,1968,2,1
58.28598,1,2,872,1,81,11.7988281,72,22,38.89844,224,4.3994141,0.59997559,1,139,7.419922,135,23,1968,0,0
84.29297,1,1,1291,3,103,9.3984375,130,20,36,423.75,2.8999023,0.89990234,1.29980469,137,7.609375,135,23,1968,0,1
47.01999,1,2,10,2,28,10,110,26,36.29688,148.3125,2.8999023,0.89990234,12,149,7.479492,135,23,1968,0,1
42.28897,0,1,1649,2,70,2.59960938,72,20,37,224,2.7998047,11.8984375,0.89990234,133,7.419922,135,23,1968,1,1
86.37097,0,2,1649,3,107,4.29980469,80,20,36.79688,224,3.5996094,0.69995117,2.5,135,7.419922,135,23,1968,0,1
72.23499,1,2,579,2,95,6.09960938,98,26,37.79688,83.32812,3,1.39990234,1.89990234,157,7.439453,135,23,1968,0,6
85.35199,1,1,7,1,33,14,120,35,35.89844,170,3.7998047,35.6953125,2.59960938,137,7.5,135,23,1968,0,1
49.13898,1,1,85,1,55,9.09960938,122,28,38.29688,224,2.8999023,0.89990234,0.69995117,129,7.419922,135,23,1968,3,5
79.04395,1,1,15,3,120,9.29882812,110,26,36.39844,110,3.699707,0.89990234,0.89990234,139,7.179688,135,23,1968,0,1
41.61798,1,2,19,2,127,3.19970703,200,38,36.39844,179,2.8999023,2.5,1.19995117,149,7.369141,135,23,1968,0,1
25.49199,1,1,4,2,103,2.79980469,145,46,39,109.32812,2.8999023,3.09960938,1.09985352,125,7.469727,135,23,1968,0,1
50.754,1,2,18,1,42,10.6992188,118,12,38.89844,270,3.5996094,13.6992188,1.69995117,131,7.509766,135,23,1968,0,1
53.09198,0,1,1642,2,66,13.1992188,102,20,36.59375,224,2.3999023,5.29980469,1.19995117,124,7.419922,135,23,1968,1,0
75.80798,1,2,29,2,137,29.1992188,160,56,38,146,2.7998047,0.89990234,1.09985352,143,7.469727,135,23,1968,0,4
75.99695,1,2,6,2,52,23.296875,150,44,37,170,2.8999023,3.89990234,4.5,134,7.389648,135,23,1968,0,0
54.491,0,2,1638,2,95,6.89941406,78,18,36.39844,224,2.3999023,5.59960938,0.89990234,125,7.419922,135,23,1968,0,1
27.51799,1,1,6,2,76,2.79980469,200,56,38.39844,277,2.8999023,1.39990234,2.69970703,136,7.289062,135,23,1968,0,0
59.62198,1,2,274,2,96,11.6992188,104,20,36.19531,224,2.8999023,0.89990234,1.19995117,135,7.419922,135,23,1968,0,0
78.12695,1,1,23,1,60,24.0976562,70,44,38.89844,96.65625,2,0.89990234,1.09985352,141,7.429688,135,23,1968,0,7
30.023,0,2,1636,0,97,4.89941406,110,12,38.59375,267.5,3.0996094,5.79980469,1.09985352,141,7.439453,135,23,1968,0,1
52.70099,1,1,370,1,80,9.19921875,64,20,36.39844,224,4.2998047,0.39996338,1,140,7.419922,135,23,1968,1,1
52.767,1,2,11,0,77,17.0976562,115,24,38.19531,208.5625,3.3999023,4,5.39941406,145,7.449219,135,23,1968,0,5
50.38199,0,1,1629,3,60,10.5996094,50,20,36.09375,224,2.8999023,0.89990234,0.79992676,138,7.419922,135,23,1968,0,5
37.336,1,1,6,2,57,1.89990234,140,14,38.5,231.65625,3.2998047,7.5,5.69921875,145,7.299805,135,23,1968,0,1
65.57697,1,2,12,2,52,3.79980469,70,30,38.29688,251.40625,2.8999023,0.89990234,1.5,142,7.529297,135,23,1968,0,0
42.29398,1,2,5,4,67,23.5976562,130,32,36.5,167.5,3.199707,8,2.59960938,134,7.529297,135,23,1968,0,1
55.31799,1,1,68,1,120,7.5,80,18,37.59375,224,2.5,3.69970703,0.59997559,121,7.419922,135,23,1968,2,1
51.89899,1,1,4,1,40,3.79980469,120,34,38.19531,224,2.8999023,0.89990234,1.19995117,138,7.419922,135,23,1968,0,1
48.98599,1,2,16,5,60,16.3984375,115,36,38,132,2.3999023,4.19921875,1,138,7.549805,135,23,1968,0,1
76.33398,1,2,93,2,60,5.79980469,72,20,36.19531,224,4,2.09960938,1.5,144,7.419922,135,23,1968,0,0
24.493,0,2,1619,0,108,29.796875,140,10,38.69531,394.25,2.2998047,7.59960938,0.79992676,132,7.449219,135,23,1968,0,0
70.46698,1,1,717,2,135,5.09960938,120,26,37.69531,195.90625,2.8999023,0.89990234,2.29980469,128,7.439453,135,23,1968,0,1
58.31897,1,2,98,1,112,4.29980469,205,15,37.69531,52,3.3999023,1.89990234,0.89990234,137,7.279297,135,23,1968,0,1
80.25494,1,1,5,2,127,13.5996094,135,32,38.89844,357.125,2.8999023,0.89990234,0.59997559,138,7.469727,135,23,1968,0,1
67.58398,1,2,482,3,97,12,80,20,35.79688,224,2.8999023,0.89990234,1.19995117,135,7.419922,135,23,1968,0,1
40.96399,1,2,7,2,70,2.29980469,95,14,36.69531,271.375,3.5996094,38.3984375,4.69921875,136,7.389648,135,23,1968,0,1
26.683,0,1,1611,0,118,24.0976562,120,10,38,58.32812,2.3999023,12.5996094,1.39990234,136,7.449219,135,23,1968,0,0
61.85397,1,1,21,2,113,0.04999542,180,28,39.69531,352.375,2.0996094,2.29980469,1.79980469,134,7.549805,135,23,1968,0,1
77.53595,1,2,3,0,40,10.3984375,55,10,35.59375,64,3.8999023,1.29980469,2.29980469,138,7.239258,135,23,1968,0,1
70.03998,1,1,35,2,93,10.5996094,105,32,39,288,4.0996094,3.59960938,1.09985352,132,7.269531,135,23,1968,0,4
66.00098,0,2,1608,2,57,8.69921875,115,22,36.5,224,4.7998047,0.39996338,1.59985352,135,7.419922,135,23,1968,1,0
59.995,1,1,642,2,77,4.19921875,95,40,36.19531,266.625,2.8999023,0.09999084,0.89990234,133,7.319336,135,23,1968,0,1
49.91599,1,2,20,1,115,15,55,14,36.09375,136.65625,2,1,0.59997559,136,7.5,135,23,1968,0,1
51.56699,0,1,1607,1,58,10.5,72,24,36,224,2.199707,19.796875,2.09960938,126,7.419922,135,23,1968,0,1
55.13998,0,1,1604,5,71,7.59960938,84,20,36.79688,223.78125,2.8999023,0.89990234,0.69995117,136,7.439453,135,23,1968,1,5
30.69099,1,2,673,0,110,17.1992188,150,45,38.69531,357.5,2.8999023,0.89990234,0.59997559,135,7.479492,135,23,1968,0,1
47.34799,1,1,19,4,77,14.2988281,100,45,38.09375,196.65625,2.8999023,0.59997559,0.59997559,143,7.469727,135,23,1968,0,1
60.23297,1,2,17,1,79,19.8984375,160,16,36.39844,228.5625,4.1992188,1.29980469,1.79980469,134,7.459961,135,23,1968,0,1
37.08099,0,2,1601,2,105,7.59960938,100,22,38.79688,224,2.8999023,6.89941406,0.59997559,133,7.419922,135,23,1968,0,1
63.25,0,2,1599,1,87,11.1992188,100,30,38,224,4.5996094,0.5,0.89990234,134,7.419922,135,23,1968,0,1
51.87698,1,2,202,1,91,3.89990234,100,20,36.59375,285.6875,2.8999023,0.29998779,0.89990234,133,7.519531,135,23,1968,0,0
69.50299,1,2,25,3,53,14.5996094,110,20,36.89844,306,2.8999023,0.89990234,1.69995117,127,7.269531,135,23,1968,0,1
84.43799,1,2,31,2,60,4.19921875,85,38,37.5,246.9375,2.8999023,0.29998779,1,131,7.589844,135,23,1968,0,1
46.60397,1,2,593,1,60,7.69921875,134,22,38.79688,224,2.8999023,0.89990234,0.89990234,135,7.419922,135,23,1968,1,2
60.07397,1,1,4,1,107,10.8984375,116,24,36,228,2.8999023,0.89990234,0.39996338,144,7.489258,135,23,1968,0,1
62.27197,1,2,7,4,68,6.79980469,140,36,38,369.5625,3.3999023,6.09960938,7.29980469,132,7.5,135,23,1968,0,0
48.353,1,2,3,4,20,49.8984375,135,24,36.29688,76,4.3994141,24.0976562,3.39990234,149,7.239258,135,23,1968,0,1
78.33795,1,2,4,0,50,6.59960938,150,22,37.5,143.3125,2.8999023,0.89990234,2.09960938,128,7.40918,135,23,1968,0,1
58.14099,1,1,1241,4,117,9.09960938,105,24,36.5,252.375,2.8999023,0.89990234,0.89990234,140,7.289062,135,23,1968,0,1
60.87299,1,1,449,5,67,9.79882812,75,20,36.29688,224,2.8999023,1.39990234,1.19995117,131,7.419922,135,23,1968,0,1
51.62198,1,2,4,1,57,0.04999542,145,40,40,178,2.8999023,2.19970703,7.79980469,133,7.289062,135,23,1968,0,1
48.62399,1,1,138,2,62,8.09960938,110,20,37.5,224,2.3999023,2,2.09960938,141,7.419922,135,23,1968,0,6
29.63699,1,2,30,1,67,17.3984375,40,14,35.89844,230,2.8999023,0.89990234,0.89990234,135,7.509766,135,23,1968,0,0
54.146,1,2,824,1,117,18.3984375,90,14,37,224,5.0996094,3,1,133,7.419922,135,23,1968,0,1
68.16998,0,1,1591,3,97,19.3984375,110,22,37,282.8125,1.8999023,3.39990234,0.79992676,137,7.339844,135,23,1968,0,1
47.73398,1,2,806,2,43,5.29980469,90,22,36,224,3.699707,3.09960938,1.19995117,126,7.419922,135,23,1968,6,1
91.84399,1,1,4,0,73,28.296875,100,36,35.29688,332,2.8999023,0.5,1.69995117,143,7.549805,135,23,1968,0,1
59.39798,1,2,134,1,71,6.09960938,60,22,37.79688,224,3.3999023,0.89990234,0.89990234,139,7.419922,135,23,1968,1,1
49.59598,1,1,9,2,50,15.1992188,170,24,39.29688,65.32812,4.1992188,24.1992188,7.09960938,143,7.479492,135,23,1968,0,1
51.086,0,1,1585,2,110,18.6992188,130,20,39.19531,270,3.199707,11.5,1.5,150,7.519531,135,23,1968,0,1
46.22598,0,2,1585,4,61,13.5,145,8,38.39844,155.09375,2.8999023,1.39990234,1,129,7.5,135,23,1968,0,0
76.77197,0,2,1584,0,70,18.0976562,60,20,38.79688,151.65625,2.2998047,0.89990234,1.09985352,133,7.5,135,23,1968,0,1
50.59497,1,2,5,3,37,17.6992188,75,40,36.89844,143,1.5,21,3,134,7.079102,135,23,1968,0,1
60.56897,0,2,1584,3,60,13.0996094,72,10,38.39844,205.4375,2.8999023,0.89990234,0.69995117,135,7.449219,135,23,1968,0,1
43.21399,1,1,6,2,57,7.69921875,120,36,39.19531,150,2.8999023,0.89990234,1.89990234,134,7.5,135,23,1968,0,1
82.63098,1,2,30,2,77,19.3984375,70,22,36.39844,224,2.8999023,0.89990234,2.29980469,132,7.419922,135,23,1968,0,2
80.23798,1,1,258,0,113,15,60,10,37.89844,142.5,2.8999023,0.89990234,1.09985352,136,7.459961,135,23,1968,0,2
26.023,1,2,7,3,40,3.29980469,125,32,36,158,2.8999023,0.89990234,2.89990234,130,7.319336,135,23,1968,0,1
22.72699,0,1,1579,0,99,6.79980469,112,40,38.5,140.8125,2.8999023,0.89990234,0.79992676,134,7.469727,135,23,1968,2,0
52.67599,1,2,544,1,104,37.296875,78,16,37.79688,224,2.8999023,0.89990234,0.89990234,128,7.419922,135,23,1968,0,0
64.11798,1,1,183,3,109,10.5,78,16,36.39844,224,4.6992188,0.69995117,1.29980469,134,7.419922,135,23,1968,0,1
36.211,1,1,17,3,130,7.39941406,125,14,37.5,87.5,3.2998047,18.5976562,2.5,142,7.439453,135,23,1968,0,1
29.588,0,2,1578,4,115,1.89990234,120,38,35.79688,305,2.8999023,3.39990234,5.59960938,137,7.389648,135,23,1968,0,1
63.95599,1,2,21,2,68,8.09960938,100,16,36,224,2.8999023,2.19970703,1.59985352,125,7.419922,135,23,1968,5,1
70.90997,1,2,8,4,93,10.0996094,72,20,36,224,4.6992188,0.89990234,2.5,138,7.419922,135,23,1968,0,1
66.63098,1,1,229,2,80,5.69921875,110,22,36,224,3,2.59960938,2,140,7.419922,135,23,1968,0,1
77.17499,1,1,183,2,82,7.79980469,72,20,36,224,2.8999023,6.29980469,1.19995117,138,7.419922,135,23,1968,0,1
60.54498,1,2,16,1,107,10.5996094,125,35,38.5,202,1.6999512,9.29882812,1.19995117,143,7.389648,135,23,1968,0,1
76.56696,1,2,29,3,108,10.3984375,145,32,38.29688,188.5625,1.6999512,7.09960938,1.19995117,136,7.489258,135,23,1968,0,1
76.63495,1,2,59,2,47,14.3984375,95,30,37.5,184,2.8999023,0.89990234,1.59985352,134,7.459961,135,23,1968,0,1
51.20099,1,2,8,2,68,22.796875,110,24,37.89844,212.5,1.6999512,4.29980469,3.19970703,133,7.349609,135,23,1968,0,1
20.24399,1,2,144,2,60,8.69921875,70,24,36,224,2.8999023,0.89990234,1.59985352,128,7.419922,135,23,1968,0,1
69.47296,0,1,1573,1,71,10.1992188,68,20,36.80469,224,2.5996094,18.5976562,1.59985352,126,7.419922,135,23,1968,0,0
76.76099,1,1,8,2,67,11.3984375,92,20,36.39844,368,2.8999023,0.89990234,0.59997559,130,7.429688,135,23,1968,0,1
24.56699,0,1,1571,3,65,10.1992188,130,32,38.5,166.65625,2.8999023,0.79992676,8.79882812,137,7.369141,135,23,1968,0,0
53.62097,0,1,1572,1,80,9.69921875,105,22,38.19531,476.1875,2.8999023,0.89990234,1.19995117,140,7.40918,135,23,1968,0,1
78.88794,1,2,7,1,73,7.19921875,105,25,38.59375,198,2.8999023,0.89990234,1.69995117,147,7.5,135,23,1968,0,2
68.40497,1,1,330,1,62,7.89941406,75,30,36.59375,257.125,2.8999023,0.89990234,1.79980469,136,7.459961,135,23,1968,0,1
74.94299,1,2,45,3,107,22.5,105,30,38.09375,300,2.8999023,1.09985352,1.09985352,131,7.519531,135,23,1968,0,1
72.98798,1,1,4,1,45,28.3984375,185,36,38.29688,423.3125,3.3999023,0.59997559,1,141,7.469727,135,23,1968,0,1
50.28897,1,1,67,1,83,9.3984375,84,20,38,224,2.8999023,0.59997559,1.39990234,136,7.419922,135,23,1968,0,1
87.48297,1,1,636,2,83,13.3984375,60,18,36.79688,224,2.8999023,0.89990234,1,134,7.419922,135,23,1968,0,1
25.95799,1,2,7,2,123,2.19970703,115,32,35.29688,56,2.8999023,10.1992188,1.59985352,129,7.449219,135,23,1968,0,1
78.88794,0,1,1560,0,55,19.3984375,90,14,38.79688,160,2.699707,0.89990234,0.5,128,7.5,135,23,1968,0,1
52.30099,1,2,161,1,87,7.69921875,62,20,36.19531,224,4.6992188,0.5,1,134,7.419922,135,23,1968,0,1
49.08698,1,2,16,2,48,37.59375,145,28,38.29688,118,4.7998047,19.296875,4.69921875,142,7.389648,135,23,1968,0,1
54.48599,0,1,1558,1,73,12.7988281,120,30,37,388.5625,4,1,1.09985352,133,7.329102,135,23,1968,0,1
32.70599,1,1,103,0,122,7.29980469,105,15,36.19531,192.5,4,9.5,3.79980469,149,7.449219,135,23,1968,0,3
40.46799,1,1,265,3,42,12.8984375,125,34,38.29688,155,2.8999023,0.59997559,0.79992676,135,7.509766,135,23,1968,0,1
76.47095,1,2,24,1,67,14.3984375,145,10,39,98.32812,2.199707,15.2988281,1.5,153,7.489258,135,23,1968,0,1
64.20496,1,1,14,3,52,17.5976562,110,38,36,165,2.3999023,2.69970703,1.39990234,135,7.459961,135,23,1968,0,1
56.07397,0,1,1552,1,40,8.59960938,150,42,36.39844,166,3.2998047,5.69921875,1.5,149,7.399414,135,23,1968,0,4
73.01794,0,1,1551,0,73,13.2988281,65,16,38.39844,390,2.8999023,0.89990234,1,120,7.439453,135,23,1968,0,1
75.50195,0,1,1551,1,104,12.8984375,70,22,36.39844,224,2.8999023,0.79992676,1,139,7.419922,135,23,1968,0,0
66.77594,0,1,1551,1,73,15.2988281,105,10,38,223.3125,2.199707,0.19998169,0.69995117,136,7.40918,135,23,1968,0,1
52.30698,0,2,1548,0,113,14.3984375,105,37,38.29688,245.6875,2.3999023,6,1.29980469,132,7.459961,135,23,1968,0,0
50.17099,0,1,1545,1,84,10.5996094,108,30,36.19531,224,2.8999023,0.89990234,1.19995117,140,7.419922,135,23,1968,0,1
47.18997,1,1,7,2,60,26.0976562,140,39,37,154.28125,2.8999023,7.89941406,2.19970703,148,7.429688,135,23,1968,0,1
55.25497,1,1,7,1,63,9.79882812,120,28,38,224,2.8999023,0.89990234,0.69995117,142,7.419922,135,23,1968,0,1
59.36798,0,2,1545,2,62,5.89941406,145,24,36.5,440,2.8999023,0.69995117,1.29980469,131,7.549805,135,23,1968,0,5
63.22498,1,2,95,1,87,10,105,22,38,224,4.3994141,0.39996338,1,132,7.419922,135,23,1968,0,1
54.69699,1,2,4,1,82,0.59997559,115,34,36.5,171.40625,4.1992188,26.6992188,7.29980469,151,7.419922,135,23,1968,0,1
75.66095,0,2,1542,2,55,9.8984375,70,22,36.69531,224,3.5996094,1,2.59960938,135,7.419922,135,23,1968,0,1
65.09198,1,1,203,1,120,6.79980469,100,28,37.5,182,4.3994141,0.29998779,1,139,7.359375,135,23,1968,0,0
60.55298,1,2,297,1,83,4.5,78,20,36.89844,224,4.2998047,0.29998779,1.09985352,139,7.419922,135,23,1968,0,1
30.015,1,2,635,1,58,11.2988281,120,6,38.39844,290,3.699707,16.6992188,5.39941406,141,7.419922,135,23,1968,0,0
35.92899,1,2,20,1,85,5.09960938,64,10,36.19531,224,4.0996094,0.89990234,1.79980469,131,7.419922,135,23,1968,0,1
54.84998,1,1,95,1,100,7.89941406,80,18,36,224,2.8999023,0.89990234,0.79992676,136,7.419922,135,23,1968,3,1
90.32196,1,1,50,1,68,11.0996094,45,12,37,237.5,2.8999023,0.89990234,1,133,7.459961,135,23,1968,0,7
84.33899,1,1,24,1,110,12.7988281,70,16,35.89844,134.6875,2.8999023,0.89990234,5,134,7.5,135,23,1968,0,1
57.23999,0,2,1525,4,57,2.79980469,110,9,34,257.125,3,7,2.69970703,150,7.459961,135,23,1968,0,1
38.80399,0,1,1524,3,60,6.89941406,120,16,36.09375,224,3.3999023,0.29998779,2.19970703,137,7.419922,135,23,1968,0,1
72.46497,1,1,54,2,83,13,74,20,36.19531,224,2.8999023,0.89990234,0.79992676,135,7.419922,135,23,1968,0,1
92.60199,1,1,54,1,120,22.296875,115,24,36,388.5625,2.199707,0.89990234,1.59985352,141,7.429688,135,23,1968,0,2
59.69299,1,1,5,1,73,4.29980469,128,8,38.39844,95,2.8999023,0.89990234,1.69995117,155,7.369141,135,23,1968,0,1
52.767,1,2,217,1,77,2.69970703,64,22,36.79688,224,2.699707,5,0.89990234,130,7.419922,135,23,1968,0,1
54.97098,0,1,1515,3,93,10.3984375,88,24,36.39844,272,2.8999023,0.29998779,1.09985352,135,7.389648,135,23,1968,0,1
62.35699,0,2,1514,0,130,12.1992188,110,30,37,260,2.8999023,0.5,0.89990234,146,7.579102,135,23,1968,0,1
82.01196,1,1,27,2,63,19.3984375,110,32,36.29688,160.6875,3.8999023,0.19998169,2,153,7.369141,135,23,1968,0,2
53.46997,1,1,465,3,77,11.6992188,50,26,36.89844,360,2.8999023,0.39996338,2.5,140,7.439453,135,23,1968,2,3
21.092,1,2,6,0,57,26.6992188,130,14,38.89844,463.3125,2.8999023,12.5,1.09985352,150,7.429688,135,23,1968,0,1
19.866,1,1,145,1,47,11.5996094,120,28,38,224,3.199707,3.29980469,0.79992676,128,7.419922,135,23,1968,0,0
52.10999,0,1,1512,1,68,31.6992188,110,42,36.39844,135.53125,2.5,5.39941406,1.5,132,7.40918,135,23,1968,0,3
69.66498,1,2,334,2,109,12.5,70,20,36.39844,224,4.3994141,0.19998169,1.19995117,136,7.419922,135,23,1968,0,1
66.409,0,1,1511,2,66,7.39941406,75,20,36.19531,224,2.5996094,1.29980469,1,131,7.419922,135,23,1968,5,4
39.84698,1,1,140,1,71,6.19921875,120,22,36.39844,224,2.8999023,0.89990234,0.29998779,111,7.419922,135,23,1968,0,1
66.14099,1,2,8,3,108,14.0996094,132,32,36.59375,247.8125,2.8999023,0.89990234,1,137,7.289062,135,23,1968,0,1
53.24597,1,2,18,1,57,24.296875,150,37,36,283.625,2.8999023,15.5996094,2.29980469,142,7.40918,135,23,1968,0,5
69.94098,1,2,352,3,60,8,130,24,35.59375,323.75,2.8999023,0.89990234,1.19995117,138,7.539062,135,23,1968,0,0
20.69299,0,2,1498,1,120,16.8984375,145,15,36.59375,187.75,2.8999023,0.59997559,8.8984375,134,7.439453,135,23,1968,0,0
48.78598,0,1,1495,2,127,22.796875,170,32,38.29688,328,2.8999023,0.89990234,1.29980469,153,7.359375,135,23,1968,0,1
35.047,1,2,6,1,65,16.3984375,125,40,36.89844,237.5,3.0996094,17.3984375,2.59960938,139,7.339844,135,23,1968,0,1
72.01398,0,2,1495,0,110,23.296875,85,40,37.89844,140.8125,2.8999023,0.89990234,1.89990234,133,7.55957,135,23,1968,0,0
42.823,1,1,74,1,67,3.29980469,130,50,39.59375,116.65625,2.5,0.89990234,1.5,149,7.329102,135,23,1968,0,1
63.84097,1,1,380,1,77,14.3984375,100,20,38.19531,224,2.8999023,0.39996338,0.89990234,132,7.419922,135,23,1968,0,1
62.59497,1,1,107,1,82,7.5,78,20,37.79688,457.125,2,4.39941406,1,132,7.519531,135,23,1968,0,1
70.823,1,1,26,3,75,6.89941406,70,20,36,224,2.8999023,0.89990234,2,141,7.419922,135,23,1968,0,1
60.758,1,1,212,1,117,11.0996094,115,16,36.5,224,3.8999023,0.69995117,1,142,7.419922,135,23,1968,0,1
76.03296,1,2,524,0,110,13.3984375,104,24,38.59375,224,2.8999023,0.89990234,1.19995117,136,7.419922,135,23,1968,0,0
62.42599,1,2,835,1,83,12.7988281,78,20,36.39844,224,2.8999023,0.89990234,1,138,7.419922,135,23,1968,0,0
58.58197,1,2,168,3,67,8.3984375,76,20,37.89844,224,2.8999023,0.89990234,1.5,136,7.419922,135,23,1968,0,1
38.155,1,2,1050,4,73,13.1992188,60,10,36.59375,142,2.5,0.59997559,6.5,131,7.379883,135,23,1968,0,1
79.97797,1,1,37,1,64,25.5,111,40,36.5,105,2.8999023,0.79992676,2.39990234,129,7.369141,135,23,1968,0,0
72.71497,0,1,1490,1,105,7.5,110,26,36.5,224,2.8999023,0.89990234,1,138,7.419922,135,23,1968,0,0
65.53894,0,1,1490,2,125,9.59960938,88,22,36.39844,224,2.8999023,0.89990234,0.79992676,139,7.419922,135,23,1968,0,0
50.439,1,2,178,3,82,2.09960938,60,26,36,366.625,2.8999023,1.29980469,9.09960938,130,7.489258,135,23,1968,1,1
61.02698,0,2,1488,1,100,10.1992188,128,28,38.19531,224,3.7998047,2.29980469,1.19995117,140,7.419922,135,23,1968,0,2
66.37097,0,2,1486,0,57,11.5996094,115,24,36.59375,224,2.8999023,0.89990234,1.59985352,130,7.419922,135,23,1968,0,1
54.08899,1,1,9,1,87,27.5976562,128,30,36.19531,136.65625,2.8999023,0.89990234,0.79992676,138,7.479492,135,23,1968,0,0
75.26398,1,1,118,2,63,12.5,115,40,36.59375,195,3.2998047,0.89990234,1.09985352,142,7.269531,135,23,1968,0,1
31.72099,1,2,505,2,73,7.5,110,28,36.29688,149.0625,2.7998047,0.89990234,1,134,7.449219,135,23,1968,0,0
80.01099,1,2,45,1,63,15.2988281,100,28,38,277.75,2.8999023,0.89990234,1.09985352,148,7.519531,135,23,1968,0,1
83.59497,0,2,1484,1,110,14.6992188,130,28,37,195.90625,2.8999023,0.89990234,1,133,7.489258,135,23,1968,0,0
43.64697,1,1,234,1,110,18.6992188,110,8,36.69531,390,2.3999023,0.69995117,2.5,127,7.399414,135,23,1968,0,1
38.12198,1,1,956,1,76,4.69921875,82,20,37.19531,224,2.8999023,0.29998779,0.89990234,138,7.419922,135,23,1968,0,1
79.07495,0,1,1482,1,97,5.79980469,76,20,36.79688,224,2.8999023,0.89990234,2.69970703,139,7.419922,135,23,1968,0,1
84.91199,1,2,16,2,83,9.19921875,72,20,36,224,2.5,0.89990234,2.09960938,129,7.419922,135,23,1968,2,1
74.64795,1,2,6,1,43,33.1953125,70,12,38,205.6875,3,0.89990234,1,135,7.469727,135,23,1968,0,2
56.271,0,2,1481,1,75,11.1992188,104,22,38.19531,426.0625,2.8999023,0.89990234,0.89990234,134,7.369141,135,23,1968,0,1
75.23096,1,2,992,1,68,6.59960938,70,24,36.69531,224,2.8999023,0.89990234,2.29980469,135,7.419922,135,23,1968,0,0
40.53098,0,1,1481,2,97,4.29980469,70,14,37.89844,224,4.3994141,1.19995117,0.79992676,140,7.419922,135,23,1968,0,1
74.40094,1,2,4,4,57,19.3984375,50,26,38.19531,436.6875,2.8999023,0.79992676,2.19970703,139,7.439453,135,23,1968,0,1
77.67596,1,1,59,2,85,11.3984375,110,20,36.89844,260,2.5,0.89990234,1.19995117,134,7.449219,135,23,1968,0,2
68.24597,0,2,1478,1,117,17.8984375,35,20,36,93.875,2.8999023,1.29980469,4.89941406,131,7.529297,135,23,1968,0,1
38.32999,0,2,1479,2,113,8.8984375,72,20,37,224,2.8999023,3.89990234,1,141,7.419922,135,23,1968,0,1
48.36697,0,2,1477,0,80,8.29882812,115,28,39.39844,272.5,2.7998047,0.79992676,1.29980469,141,7.509766,135,23,1968,0,1
80.87598,0,1,1477,0,113,26.1992188,119,24,38.19531,177.53125,1.8999023,1.59985352,1.89990234,135,7.449219,135,23,1968,0,0
63.38699,1,2,39,1,79,12.3984375,82,20,36.39844,224,2.8999023,0.89990234,0.89990234,135,7.419922,135,23,1968,0,1
60.03598,1,2,10,1,60,13.2988281,125,8,38.5,138.15625,2.8999023,0.79992676,3,137,7.569336,135,23,1968,0,1
71.45197,1,1,1114,1,87,15.1992188,78,26,36,200,2.8999023,0.89990234,1,125,7.299805,135,23,1968,0,6
32.95297,0,1,1461,2,122,5.79980469,110,45,39,194.28125,2.699707,9.29882812,0.5,151,7.5,135,23,1968,0,1
39.63898,0,2,1460,2,71,34.3984375,80,20,36.39844,404.75,2.5,29.5976562,5.89941406,122,7.30957,135,23,1968,5,0
85.11694,1,2,11,4,66,9.19921875,70,28,36,224,3.7998047,0.89990234,3.19970703,128,7.419922,135,23,1968,0,3
68.87299,1,1,3,1,72,14.5,124,40,36.39844,147.5,2.8999023,0.09999084,0.39996338,138,7.489258,135,23,1968,0,1
77.13599,1,2,8,3,93,10.3984375,96,11,36.19531,236.71875,2.8999023,9,1.89990234,134,7.509766,135,23,1968,0,1
61.99597,0,2,1458,2,66,5.79980469,70,26,36,224,2.8999023,1.29980469,1.39990234,131,7.419922,135,23,1968,0,1
50.97598,0,2,1457,4,138,14.2988281,120,16,38.29688,84,3.5996094,1.19995117,1.19995117,143,7.439453,135,23,1968,0,0
53.45898,1,1,132,1,63,4.59960938,75,24,36.29688,270,3.2998047,29.6992188,5.09960938,137,7.469727,135,23,1968,0,2
70.93994,1,2,1349,2,57,6.5,60,28,36.39844,224,2.8999023,0.89990234,1.29980469,137,7.419922,135,23,1968,0,0
89.77399,1,2,454,3,120,7.89941406,104,27,36.39844,224,2.8999023,0.19998169,1.19995117,136,7.419922,135,23,1968,2,1
81.67596,1,1,16,2,58,16,60,10,37.19531,74.4375,2.8999023,0.89990234,0.89990234,135,7.429688,135,23,1968,0,1
59.10199,1,2,25,3,55,8.09960938,85,28,36.29688,224,3.199707,3,1.29980469,134,7.419922,135,23,1968,2,2
56.64099,1,1,1022,1,100,10.0996094,100,24,37,271.375,4.5,0.39996338,0.89990234,140,7.379883,135,23,1968,0,5
67.37,1,1,77,3,71,4.39941406,72,20,36.39844,224,2.5996094,1.89990234,4.69921875,140,7.419922,135,23,1968,5,1
57.46698,1,2,33,1,73,15.5996094,120,16,36.5,83.67188,2.8999023,3.79980469,0.79992676,141,7.449219,135,23,1968,0,1
68.87897,1,1,57,3,80,25.8984375,115,28,36.89844,224,2.199707,0.39996338,2,129,7.419922,135,23,1968,0,1
35.806,0,1,1448,1,50,8.69921875,135,24,35.89844,224,3.8999023,0.79992676,1.59985352,134,7.419922,135,23,1968,0,1
35.603,1,2,814,1,79,25.5976562,120,22,39.59375,224,3.0996094,0.39996338,0.79992676,133,7.419922,135,23,1968,0,1
43.47699,1,2,11,4,48,5.59960938,130,20,37.5,130,2.2998047,21.0976562,1.39990234,130,7.589844,135,23,1968,0,0
58.68597,0,2,1446,1,57,10.5996094,75,24,36.29688,224,4.3994141,0.5,1.29980469,132,7.419922,135,23,1968,0,0
44.60797,1,1,9,4,120,12.3984375,115,12,38.29688,280,2.8999023,9.59960938,0.79992676,137,7.489258,135,23,1968,0,7
70.04797,0,2,1445,1,63,6.29980469,74,20,36.39844,266.625,1.5998535,1.09985352,1.19995117,135,7.529297,135,23,1968,0,1
45.043,1,1,22,2,128,0.29998779,115,38,36,250,2.199707,0.69995117,2.19970703,148,7.469727,135,23,1968,0,4
60.79398,1,1,136,2,59,12.8984375,155,28,38.59375,119.98438,2.8999023,1.19995117,0.89990234,137,7.5,135,23,1968,0,0
55.88199,1,1,574,1,94,8,88,20,37,224,2.8999023,0.89990234,1,138,7.419922,135,23,1968,0,1
65.02899,1,1,35,3,103,10.5996094,68,26,35.79688,471.375,2.8999023,0.89990234,1.5,126,7.5,135,23,1968,2,6
19.17,0,1,1440,2,46,16.1992188,170,47,36,31.66406,2.8999023,0.89990234,1.59985352,131,7.189453,135,23,1968,0,1
72.84296,1,1,11,0,50,10.1992188,120,10,36.79688,188,3,0.89990234,1,127,7.489258,135,23,1968,0,1
42.03699,1,2,28,1,77,6.79980469,82,20,36.39844,224,1.3999023,17.296875,2,128,7.419922,135,23,1968,0,0
59.806,0,1,1437,2,128,13.6992188,145,26,37,222.84375,2.8999023,0.89990234,0.69995117,143,7.349609,135,23,1968,0,0
49.56097,1,2,32,1,102,22.3984375,100,12,38.29688,154,2.8999023,2.09960938,2.19970703,129,7.539062,135,23,1968,0,5
51.93997,1,2,1072,1,63,5.69921875,110,18,39.19531,172,2.8999023,3.29980469,2.09960938,140,7.459961,135,23,1968,0,0
55.24698,1,1,235,3,87,9.19921875,84,20,36,257.125,2.8999023,0.5,1.19995117,140,7.509766,135,23,1968,2,1
73.75494,1,2,35,2,50,17.3984375,104,28,38.39844,158.3125,2,0.5,2.09960938,153,7.199219,135,23,1968,0,1
47.93198,1,1,5,3,60,0.04999542,150,40,36.29688,167.34375,2.5996094,2.19970703,2.89990234,129,7.399414,135,23,1968,0,1
58.69699,1,1,1086,3,100,5.89941406,80,28,36.59375,352.375,2.8999023,0.89990234,2.19970703,138,7.40918,135,23,1968,0,1
60.73099,0,2,1434,0,107,8.09960938,70,24,36.29688,315,2.7998047,11.8984375,8.19921875,142,7.469727,135,23,1968,0,2
68.50397,1,2,338,2,69,3,70,26,38.19531,231.40625,2.8999023,2.39990234,1.19995117,131,7.459961,135,23,1968,0,1
41.75497,1,1,6,6,40,31.5976562,120,26,38.59375,260,2.8999023,0.89990234,3.79980469,146,7.599609,135,23,1968,0,5
48.14798,0,2,1432,1,78,14.0996094,82,18,36.79688,86,2.8999023,0.69995117,1,138,7.40918,135,23,1968,0,1
48.564,1,2,181,2,103,0.09999084,110,20,39.5,208.15625,2,0.89990234,1.39990234,131,7.509766,135,23,1968,0,1
45.51398,1,2,39,1,94,9.19921875,82,18,36.19531,224,1.8999023,11.1992188,1.39990234,126,7.419922,135,23,1968,0,1
82.66699,1,1,128,3,112,79.1875,55,18,38.5,212.5,2.8999023,0.89990234,0.69995117,125,7.519531,135,23,1968,0,7
42.45599,0,2,1430,0,113,9.19921875,110,33,38.29688,220,2.8999023,0.29998779,0.79992676,137,7.469727,135,23,1968,0,0
70.20898,1,2,452,1,111,12.1992188,80,22,36.59375,224,2.8999023,0.89990234,1,137,7.419922,135,23,1968,0,1
40.39999,1,2,130,3,90,6.29980469,104,18,36.59375,224,2.8999023,0.89990234,0.89990234,139,7.419922,135,23,1968,0,1
76.08997,1,2,240,5,80,14,120,20,36.19531,260,2.8999023,0.89990234,0.79992676,142,7.449219,135,23,1968,6,1
77.85895,1,1,8,1,58,8.69921875,165,16,38.79688,91.10938,1.6999512,0.89990234,1.5,143,7.40918,135,23,1968,0,1
71.02295,1,2,14,1,110,10.2988281,140,23,38.19531,126.3125,2.8999023,2,1.79980469,137,7.349609,135,23,1968,0,1
30.35999,0,2,1425,0,100,17,115,10,37.79688,332.5,2.199707,27.3984375,1,136,7.389648,135,23,1968,0,0
76.74194,1,2,349,5,58,7.79980469,70,20,36.5,224,2.8999023,0.89990234,1.59985352,135,7.419922,135,23,1968,0,1
76.97198,0,1,1424,2,85,4.69921875,100,20,36.5,352.375,2.8999023,0.89990234,1.59985352,139,7.449219,135,23,1968,0,0
71.745,1,1,328,3,53,11.5,82,20,36.39844,224,2.8999023,0.89990234,2.09960938,139,7.419922,135,23,1968,0,1
65.93298,1,1,715,2,103,8.69921875,134,24,36,260.8125,2.8999023,0.89990234,1,141,7.459961,135,23,1968,0,3
69.98199,1,1,680,1,63,11.1992188,110,26,36.5,241.65625,3.2998047,2.69970703,1.5,130,7.389648,135,23,1968,0,7
82.14099,1,2,65,1,75,9.19921875,70,22,36.5,107.14062,3.5996094,0.29998779,1.29980469,133,7.5,135,23,1968,0,1
41.06198,0,1,1419,1,117,16.8984375,74,24,37,218.34375,2.8999023,0.89990234,1,130,7.379883,135,23,1968,0,1
56.34998,1,1,1344,2,87,6.69921875,100,24,37,266.625,2.8999023,0.89990234,0.59997559,130,7.439453,135,23,1968,0,1
67.72894,1,2,1325,3,110,7.59960938,65,24,36.5,224,2.8999023,0.79992676,1.29980469,137,7.419922,135,23,1968,0,1
51.18698,1,2,1243,3,120,11.3984375,140,20,39.5,224,2.8999023,0.29998779,1.69995117,135,7.419922,135,23,1968,0,1
48.43799,1,2,11,1,58,0.59997559,170,26,39.89844,56,2.5996094,0.59997559,3.59960938,150,7.329102,135,23,1968,0,1
63.573,1,1,32,1,60,4.09960938,130,23,38.69531,107.6875,2,0.59997559,0.89990234,125,7.419922,135,23,1968,0,1
56.74197,1,2,738,1,98,10.5996094,82,20,36.39844,224,4.3994141,0.69995117,1.09985352,136,7.419922,135,23,1968,0,0
52.43799,0,2,1411,3,67,6.29980469,110,22,36.39844,457.125,2.8999023,0.89990234,0.89990234,134,7.489258,135,23,1968,0,0
73.59094,1,1,200,0,68,27.5,110,12,38.5,90.90625,2.3999023,2.39990234,1.09985352,131,7.419922,135,23,1968,0,1
56.50098,1,2,7,2,123,16.8984375,115,9,37,273.3125,3.5996094,11.3984375,5.89941406,137,7.439453,135,23,1968,0,6
45.22699,0,2,1406,1,122,18.5,120,6,37.29688,504,2.8999023,0.89990234,0.69995117,132,7.489258,135,23,1968,0,1
54.44498,1,2,5,1,30,6.79980469,145,20,39.19531,81,2.199707,12.6992188,0.59997559,131,7.349609,135,23,1968,0,1
85.36096,1,2,3,1,40,18.0976562,30,25,38,294,2.8999023,2.5,2.69970703,131,7.229492,135,23,1968,0,0
46.08099,0,2,1405,2,67,10.5996094,50,16,37.79688,224,2.8999023,0.19998169,0.89990234,138,7.419922,135,23,1968,0,1
32.42697,1,1,10,2,57,39.796875,120,36,35.09375,205.6875,1.7998047,16.8984375,2.19970703,134,7.399414,135,23,1968,0,1
66.27496,1,2,879,1,83,13.3984375,68,20,38,224,3.199707,1.39990234,1.09985352,135,7.419922,135,23,1968,0,1
78.53796,1,1,146,2,96,12.1992188,96,22,36,157.125,3.699707,0.59997559,1.19995117,142,7.399414,135,23,1968,0,0
50.95099,1,1,43,1,63,19.3984375,125,14,39.39844,234,2.8999023,1.39990234,6.59960938,144,7.40918,135,23,1968,0,0
39.81897,1,2,5,2,35,18.3984375,130,15,38.79688,100,2.0996094,20.296875,3,132,7.30957,135,23,1968,0,1
31.34299,1,1,11,1,42,20.1992188,140,20,38.5,68,2.8999023,0.89990234,2.29980469,132,7.339844,135,23,1968,0,1
73.14697,1,2,971,2,70,8.59960938,65,28,36,224,2.8999023,0.89990234,2,138,7.419922,135,23,1968,0,4
73.70294,1,2,166,1,77,5.29980469,92,28,38.09375,261.875,2.8999023,2.29980469,2.19970703,137,7.479492,135,23,1968,0,1
71.75397,0,1,1400,1,60,15.3984375,110,10,38.19531,300,2.7998047,0.89990234,0.89990234,137,7.439453,135,23,1968,0,1
63.59799,1,2,4,2,30,50.59375,115,25,38.39844,56,2.5,22.796875,5.19921875,129,7.579102,135,23,1968,0,1
72.323,1,2,66,2,81,16.296875,112,20,39.19531,224,3.0996094,0.89990234,0.79992676,128,7.419922,135,23,1968,0,1
44.12299,1,1,55,2,63,3.39990234,160,21,39.19531,348,2.8999023,9,4.89941406,135,7.40918,135,23,1968,0,0
21.74899,0,2,1396,0,70,10.7988281,105,20,38.59375,206.09375,2.8999023,0.89990234,0.79992676,145,7.30957,135,23,1968,0,0
67.85797,1,1,19,2,75,6.59960938,105,28,36.5,183.3125,2.0996094,0.89990234,1,144,7.489258,135,23,1968,0,0
58.05099,0,1,1395,2,79,10.2988281,100,24,37.39844,224,2.8999023,0.89990234,0.89990234,137,7.419922,135,23,1968,0,1
57.84799,1,2,4,1,48,0.04999542,200,32,39.29688,75.54688,2.8999023,8.69921875,1.79980469,152,7.289062,135,23,1968,0,5
72.56097,1,2,28,2,70,15.7988281,110,22,36.09375,190,3.2998047,26.296875,2.39990234,135,7.469727,135,23,1968,0,1
49.53,0,1,1392,3,103,6.19921875,86,24,36.89844,224,2.8999023,0.89990234,1.39990234,134,7.419922,135,23,1968,0,1
60.65399,1,2,51,2,63,5.19921875,125,8,38.89844,114,2.3999023,1.5,1.79980469,137,7.399414,135,23,1968,0,1
69.41797,1,2,4,1,73,10.5996094,62,34,39.19531,128.5625,3.0996094,0.29998779,1.09985352,133,7.479492,135,23,1968,0,6
25.89699,0,2,1391,3,153,7.09960938,110,24,35.89844,76,2.7998047,0.79992676,2.19970703,136,7.389648,135,23,1968,0,5
47.43298,1,2,17,2,73,5.09960938,115,24,36.89844,191.65625,2.199707,19.296875,1.69995117,141,7.519531,135,23,1968,0,1
36.29797,0,2,1385,2,97,13.5,118,16,38,190,2.8999023,3.19970703,0.79992676,140,7.389648,135,23,1968,0,1
63.07999,0,2,1384,2,51,5.29980469,75,24,36.29688,224,2.5,1.19995117,1.29980469,128,7.469727,135,23,1968,1,3
61.77399,1,2,181,2,110,6,70,16,36.59375,224,3.5996094,0.69995117,1.29980469,141,7.419922,135,23,1968,0,0
55.23297,1,1,19,2,60,11.2988281,115,8,36.39844,230,2.7998047,0.79992676,1.39990234,125,7.489258,135,23,1968,0,1
72.42694,1,1,9,2,103,8.3984375,135,32,37.69531,172.5,3.0996094,4.69921875,1.29980469,153,7.40918,135,23,1968,0,1
80.38599,1,2,215,2,73,5.59960938,72,18,36.19531,224,2.8999023,0.89990234,1.09985352,135,7.419922,135,23,1968,0,0
74.12695,1,2,3,1,82,9.69921875,50,14,35,430,4.0996094,0.89990234,0.89990234,134,7.479492,135,23,1968,0,1
34.32199,1,1,150,3,115,13.1992188,110,16,39.5,166.65625,2.8999023,0.69995117,7.39941406,136,7.359375,135,23,1968,0,6
51.491,1,1,90,1,63,39,135,36,37.09375,220,2.8999023,2.69970703,3.69970703,129,7.5,135,23,1968,0,0
64.92499,0,1,1378,3,60,7.5,135,28,36.39844,258.3125,2.8999023,0.69995117,0.79992676,142,7.329102,135,23,1968,3,3
71.95599,1,2,137,0,55,6.19921875,105,24,39.19531,224,2.8999023,1.19995117,1.89990234,133,7.419922,135,23,1968,0,1
60.59097,0,1,1376,1,81,7.5,120,22,38.39844,224,4.6992188,0.5,1,139,7.419922,135,23,1968,0,0
33.09,1,2,24,0,110,3,160,12,35.5,113.84375,2.8999023,0.5,0.5,135,7.469727,135,23,1968,0,1
74.74896,1,2,473,1,65,5,110,24,36,224,5.5,0.79992676,1.5,130,7.419922,135,23,1968,0,1
50.90198,1,2,790,2,68,11,110,20,37.79688,224,4.1992188,1.39990234,1.29980469,132,7.419922,135,23,1968,0,0
55.866,1,2,783,2,70,22.5976562,140,20,36,224,4.6992188,1.09985352,1.89990234,138,7.419922,135,23,1968,0,0
77.396,0,2,1375,3,80,9.29882812,80,20,37.09375,357.125,2.8999023,0.39996338,1.29980469,137,7.469727,135,23,1968,0,1
63.017,0,2,1374,0,57,6.89941406,80,8,37.19531,144,2.5996094,0.89990234,0.89990234,137,7.449219,135,23,1968,0,1
41.974,0,2,1373,0,50,5.69921875,135,30,35.09375,56,2.7998047,5.59960938,3.09960938,142,7.40918,135,23,1968,0,1
67.88495,1,2,24,0,73,25.796875,110,22,36.39844,230,2.7998047,1.79980469,1.39990234,131,7.449219,135,23,1968,0,1
46.48297,0,1,1373,2,75,10.2988281,130,48,38,427,2.8999023,0.89990234,0.79992676,141,7.30957,135,23,1968,0,1
64.51697,1,2,249,2,67,8.3984375,100,24,36,224,2.8999023,0.89990234,1.29980469,129,7.419922,135,23,1968,0,1
65.711,1,1,394,1,50,13.6992188,95,12,38.5,106.65625,3.5996094,2.39990234,5,144,7.5,135,23,1968,0,0
73.42896,1,2,413,1,53,19.3984375,80,20,36.39844,155.09375,2.8999023,0.89990234,1.39990234,137,7.259766,135,23,1968,0,1
34.05899,0,1,1368,0,103,21.8984375,105,18,38.79688,257.5,2.8999023,0.89990234,0.5,133,7.469727,135,23,1968,0,0
32.40198,1,1,18,2,107,13.0996094,120,28,36.79688,142.5,2.8999023,36,3.89990234,142,7.509766,135,23,1968,0,0
28.30099,0,2,1366,1,67,6.29980469,135,16,36.29688,224,2.8999023,0.89990234,1.59985352,139,7.419922,135,23,1968,0,1
56.323,1,2,3,2,0,15.3984375,135,10,38.5,142,2.8999023,0.89990234,3.19970703,132,7.469727,135,23,1968,0,1
47.98099,0,1,1364,2,72,8.29882812,100,20,37.19531,224,2.8999023,0.89990234,0.79992676,136,7.419922,135,23,1968,0,1
70.125,1,1,11,0,122,37,135,28,38.5,113.32812,2.8999023,0.89990234,1.19995117,140,7.539062,135,23,1968,0,1
35.31799,1,1,18,0,70,11,130,22,38.89844,37,2.8999023,1.19995117,0.79992676,134,7.199219,135,23,1968,0,1
52.827,1,2,8,4,53,12.3984375,110,24,39.5,224,2.8999023,25.5976562,7.79980469,145,7.419922,135,23,1968,0,7
68.64899,1,2,45,5,65,20.796875,120,30,35.79688,253.03125,2.8999023,0.5,3.29980469,127,7.429688,135,23,1968,0,1
69.52795,0,2,1361,3,68,19.3984375,110,40,39.5,295,2.199707,0.39996338,0.59997559,131,7.549805,135,23,1968,0,0
63.05798,1,2,1016,2,52,10.6992188,120,38,39.09375,198,2.8999023,0.89990234,2.09960938,140,7.449219,135,23,1968,0,1
66.09198,1,2,54,1,83,6.29980469,90,20,36.59375,224,2.8999023,0.89990234,0.79992676,132,7.419922,135,23,1968,0,1
70.48297,1,1,670,2,53,6.89941406,110,22,36.19531,224,2.8999023,1,0.89990234,134,7.419922,135,23,1968,0,1
60.98599,1,1,433,1,70,8.29882812,115,26,38.19531,187.5,2.2998047,0.79992676,0.89990234,136,7.5,135,23,1968,0,1
85.862,1,1,57,1,128,11.2988281,155,14,36.19531,155,2.699707,0.89990234,1.79980469,137,7.469727,135,23,1968,0,1
59.81097,1,1,232,0,93,28.296875,140,30,38.5,147.5,1.7998047,0.69995117,0.79992676,129,7.469727,135,23,1968,0,6
56.65399,0,1,1355,1,80,6.79980469,116,24,38.39844,224,3.5996094,4.69921875,0.89990234,136,7.419922,135,23,1968,0,1
82.086,0,2,1354,2,55,6.79980469,120,24,36.29688,224,2.8999023,0.89990234,2.09960938,135,7.419922,135,23,1968,0,1
33.5,0,1,1353,2,117,15.6992188,76,34,36.19531,280,1.5998535,0.19998169,0.89990234,130,7.379883,135,23,1968,5,0
72.84094,1,2,541,1,87,5.5,80,18,36,224,2.8999023,1.09985352,1.09985352,129,7.419922,135,23,1968,0,1
78.43695,1,1,12,1,67,11.1992188,60,24,38.39844,71.26562,2.8999023,0.79992676,1,128,7.329102,135,23,1968,0,1
78.00995,1,2,969,1,70,7.79980469,110,34,38.69531,267.5,2.8999023,0.89990234,0.89990234,130,7.459961,135,23,1968,0,1
67.92596,1,1,1000,1,108,28.1992188,108,20,36.59375,224,3.2998047,2.09960938,0.69995117,137,7.419922,135,23,1968,0,1
68.55597,1,2,923,3,93,7.69921875,100,22,35.89844,295.1875,2.8999023,0.89990234,1.89990234,139,7.429688,135,23,1968,0,1
68.68195,1,2,222,1,83,1.59985352,100,24,36.39844,224,3,0.59997559,2,138,7.419922,135,23,1968,0,1
33.01297,1,1,68,2,133,10.5,100,8,38.19531,194,2.8999023,0.5,10.7988281,146,7.439453,135,23,1968,0,1
55.96399,0,2,1346,4,77,12.8984375,110,24,39,224,2.8999023,3.69970703,0.89990234,146,7.419922,135,23,1968,0,1
79.45496,1,1,636,2,80,6.5,50,16,36.29688,224,2.8999023,0.89990234,1.19995117,137,7.419922,135,23,1968,1,1
60.37198,0,2,1344,0,132,7.79980469,110,10,38.39844,272.6875,2,3,1.19995117,136,7.459961,135,23,1968,0,0
71.65796,1,1,28,0,52,14,110,12,36.89844,152,2.8999023,0.89990234,4.19921875,143,7.459961,135,23,1968,0,1
95.66095,1,1,661,1,89,11.5996094,84,36,38,262.9375,3.199707,0.79992676,1.09985352,144,7.419922,135,23,1968,0,4
61.88098,1,2,55,2,60,19.796875,140,30,39,114,2.199707,1.19995117,2.79980469,131,7.239258,135,23,1968,0,1
72.35297,1,1,3,1,48,7.29980469,0,12,37.19531,388,3.199707,1.29980469,1.39990234,129,7.449219,135,23,1968,0,1
57.93597,1,2,8,3,73,11.7988281,108,20,36.59375,523.75,2.2998047,11.7988281,1.59985352,130,7.429688,135,23,1968,0,1
47.82498,1,2,889,4,84,2.89990234,80,16,35.59375,380,2.7998047,0.39996338,0.79992676,140,7.439453,135,23,1968,0,1
70.14899,1,2,684,2,73,7.59960938,90,18,36,224,2.8999023,1.09985352,1.09985352,140,7.419922,135,23,1968,0,1
50.44998,1,1,6,2,63,28,160,30,40.89844,336.625,2.8999023,0.89990234,0.79992676,140,7.489258,135,23,1968,0,1
72,1,1,612,1,83,8.8984375,100,24,37,404.75,2.8999023,0.59997559,0.89990234,138,7.459961,135,23,1968,0,1
65.92999,0,1,1336,4,63,7.09960938,50,20,36.5,224,2.8999023,0.89990234,2.09960938,140,7.419922,135,23,1968,2,1
69.77997,0,2,1333,1,57,8.69921875,50,24,37,486.625,3.199707,0.89990234,1.29980469,133,7.489258,135,23,1968,0,1
59.211,1,1,4,3,60,1.29980469,90,20,37.19531,224,2.8999023,0.89990234,1.19995117,127,7.419922,135,23,1968,0,6
32.27698,1,1,8,2,117,11.5,120,40,36,171.40625,2.3999023,1.5,1.19995117,134,7.419922,135,23,1968,0,1
47.63898,1,1,723,1,77,1.19995117,80,20,36.59375,224,2.8999023,0.89990234,0.79992676,136,7.419922,135,23,1968,0,1
74.26398,1,2,41,3,40,6.79980469,65,20,36.44531,224,2.8999023,0.89990234,1.5,131,7.419922,135,23,1968,1,0
71.29895,1,2,6,0,62,21.6992188,115,10,38.89844,317.125,2.8999023,0.5,1.09985352,132,7.509766,135,23,1968,0,1
78.05096,0,2,1328,1,52,8.3984375,110,10,38.5,98.75,2.8999023,0.89990234,1.39990234,141,7.529297,135,23,1968,0,0
82.88599,0,2,1326,3,85,10.0996094,65,16,36.5,224,2.8999023,0.89990234,1.09985352,139,7.419922,135,23,1968,0,1
55.37,0,2,1326,2,80,6.79980469,100,28,35.69531,224,4,4.09960938,1.29980469,132,7.419922,135,23,1968,1,4
63.53198,0,2,1323,1,138,6.79980469,100,28,36.39844,254.28125,2.8999023,0.89990234,0.59997559,136,7.489258,135,23,1968,0,1
72.32599,1,2,71,3,71,4.59960938,86,16,36.39844,423.75,3.2998047,4,2.09960938,133,7.489258,135,23,1968,0,1
50.64499,1,2,8,1,77,10.8984375,72,22,36.19531,224,2.8999023,0.89990234,1.29980469,130,7.419922,135,23,1968,1,1
44.37,1,1,8,3,102,38,70,32,36.39844,243,2.8999023,42,6.79980469,147,7.229492,135,23,1968,0,1
52.75598,1,1,3,2,38,15.3984375,0,0,38.19531,186,2.8999023,0.89990234,0.79992676,156,7.069336,135,23,1968,0,1
63.27197,1,2,60,1,101,8.19921875,78,20,36,224,2.8999023,0.89990234,0.89990234,131,7.419922,135,23,1968,1,5
68.20294,1,1,267,2,113,15.5996094,108,28,37.19531,224,2.8999023,1.29980469,0.79992676,137,7.419922,135,23,1968,0,0
72.12598,0,2,1318,2,113,13.2988281,140,37,38,181.625,2.8999023,0.89990234,1,147,7.479492,135,23,1968,0,1
71.11298,1,1,4,2,33,21.0976562,124,32,36.79688,403.3125,2.8999023,0.89990234,2.09960938,144,7.429688,135,23,1968,0,1
63.836,0,1,1315,3,70,14.7988281,60,20,35.69531,186.65625,2.8999023,0.89990234,1.39990234,136,7.299805,135,23,1968,1,1
52.38599,0,2,1315,1,65,1,100,26,39.19531,122.4375,2.8999023,3.69970703,0.79992676,133,7.5,135,23,1968,0,1
86.04199,1,2,21,0,115,0.59997559,110,12,36.89844,231.40625,2.8999023,0.89990234,1.19995117,144,7.5,135,23,1968,0,0
80.646,1,1,262,2,80,7.5,60,22,36.39844,328.5625,2.8999023,0.89990234,1.29980469,142,7.489258,135,23,1968,0,1
70.034,1,2,208,2,65,8.8984375,85,18,35.89844,224,2.8999023,0.89990234,2.59960938,136,7.419922,135,23,1968,2,1
65.99896,0,1,1306,2,75,6.89941406,96,24,38.19531,224,2.2998047,2.69970703,0.69995117,131,7.419922,135,23,1968,5,5
70.59296,1,2,135,2,78,0.5,100,16,36.79688,224,2.5,5.19921875,0.69995117,132,7.419922,135,23,1968,0,4
49.99597,1,1,87,0,48,17.296875,140,44,39.79688,220,2.8999023,4.5,1.39990234,151,7.429688,135,23,1968,0,6
62.89899,0,1,1305,2,75,5.69921875,90,20,37,304.75,2.8999023,0.89990234,1.19995117,126,7.439453,135,23,1968,0,1
55.87698,1,1,66,5,63,11.7988281,95,10,37.69531,187.5,3.699707,0.5,2,137,7.299805,135,23,1968,0,1
42.237,1,1,14,2,100,7.29980469,82,24,35.19531,136.71875,2.8999023,5.19921875,1.19995117,137,7.439453,135,23,1968,0,1
49.60999,0,1,1084,1,71,4.89941406,64,22,36.39844,224,2.2998047,1.5,1.09985352,139,7.419922,104,19,360,1,1
78.43695,1,1,86,3,63,14.7988281,72,24,37.59375,157.125,3,0.39996338,1.79980469,140,7.339844,74,35,2600,0,3
55.98599,1,2,27,3,80,8.5,74,20,35.59375,409.5,3.5996094,1.69995117,1.59985352,128,7.5,141,31,1875,0,0
74.46698,1,1,16,1,118,9.59960938,110,24,39.19531,280.9375,3.2998047,0.29998779,0.59997559,130,7.549805,116,3,3690,0,0
44.90097,1,1,25,4,62,16.8984375,95,26,36.29688,125,3.3999023,2.5,2.89990234,144,7.479492,433,40,1240,0,0
44.383,1,2,109,2,65,7.09960938,80,26,36.5,300,2.8999023,0.79992676,2.69970703,145,7.489258,139,29,5040,0,1
26.51299,0,1,1079,0,113,19,135,44,38.39844,95.375,2.8999023,2.5,0.69995117,133,7.5,114,7,6500,0,0
70.90796,1,2,18,1,50,26.1992188,120,28,38.69531,392.5625,2.8999023,5.5,2.19970703,133,7.509766,213,65,5880,0,1
63.64697,1,2,157,3,65,7.09960938,55,21,37.69531,237.125,2.199707,2.29980469,0.79992676,137,7.459961,215,12,5605,0,6
72.54797,1,1,354,0,69,5.19921875,72,20,36.39844,224,3.2998047,0.19998169,1.09985352,138,7.419922,135,13,2125,0,1
81.24298,0,2,1076,3,60,14.5,110,12,38.69531,92,2.5,1.39990234,1.39990234,130,7.5,106,23,5075,0,2
34.59299,1,2,13,2,97,21.5,146,32,39,280.9375,2.8999023,0.89990234,0.59997559,127,7.5,119,6,2159,0,7
61.39398,1,2,20,3,75,9.79882812,65,20,36,224,2.8999023,1.59985352,1.79980469,129,7.419922,80,63,2375,0,2
76.05499,0,2,1070,5,101,6.79980469,114,20,36.79688,224,2.8999023,0.59997559,1.69995117,139,7.419922,161,39,2390,6,1
49.49197,0,1,1067,0,105,13,110,30,39.29688,105,4.5,0.89990234,0.59997559,147,7.469727,105,25,1480,0,7
78.03699,1,2,74,3,75,36.09375,70,22,36,414.25,2.8999023,0.89990234,2.5,135,7.489258,90,71,650,5,1
54.02298,1,1,46,3,55,12.8984375,115,46,39.19531,290,3.2998047,4.59960938,3.79980469,143,7.439453,74,95,160,0,0
85.10297,0,1,1065,1,73,10.0996094,105,24,38,83.32812,2.8999023,0.89990234,1.19995117,128,7.469727,353,20,2978,1,1
52.02197,0,2,1063,5,108,3.79980469,55,32,38.39844,418.3125,2.8999023,3.59960938,1.5,145,7.419922,332,81,1760,0,7
86.62799,0,2,1061,1,98,28.8984375,75,36,36.39844,142,2.8999023,0.89990234,1,150,7.519531,357,16,1968,0,0
58.95398,1,1,11,4,135,5.59960938,95,10,39.09375,170,2.8999023,18.8984375,1.5,153,7.439453,182,76,1880,0,1
57.69699,1,2,320,1,112,11.6992188,80,16,37,224,3.2998047,0.29998779,1,141,7.419922,94,14,6360,0,1
59.44397,1,2,18,1,142,19.296875,115,8,38.79688,317.75,2.8999023,1.89990234,1.09985352,144,7.509766,393,33,3050,0,0
37.74698,1,2,13,4,62,9.19921875,145,12,37.89844,280,4.8994141,32.6953125,2.59960938,138,7.489258,129,71,12,0,3
52.99698,1,2,3,1,42,6.79980469,105,29,35.5,307.5,2.8999023,6.39941406,8,145,7.389648,658,98,0,0,1
76.28497,0,2,1060,1,72,6.29980469,180,10,36.79688,64,2,0.89990234,0.79992676,129,7.5,165,26,3450,0,1
57.53,0,1,1059,4,58,17.5,130,12,38.5,325.6875,2.5996094,0.5,4.09960938,125,7.429688,841,66,895,0,7
70.20398,1,2,245,1,123,10.5996094,78,18,36.79688,224,2.8999023,0.89990234,0.89990234,137,7.419922,135,5,5170,0,0
66.04498,1,2,385,1,79,11.5,80,16,36.79688,224,2.8999023,0.89990234,1.39990234,135,7.419922,135,15,5250,1,0
42.69397,0,2,1058,2,103,2.39990234,125,26,39.29688,286.625,2.5,0.5,1,130,7.449219,123,12,2000,0,1
44.23297,0,2,1057,0,72,19.1992188,75,36,38.89844,136.71875,2.5,3.79980469,1.29980469,143,7.459961,101,26,4005,0,0
49.892,1,2,7,1,70,2.29980469,125,35,37.89844,224,2.8999023,0.89990234,2.5,140,7.419922,135,52,1350,0,3
20.523,1,2,66,4,110,0.04999542,118,32,36.79688,236.65625,2.8999023,5.5,0.79992676,142,7.439453,251,30,3890,0,6
62.5,1,1,229,1,113,6.5,80,20,36,224,3.7998047,0.89990234,0.89990234,138,7.419922,194,9,5700,5,1
37.47598,1,2,57,2,71,14.5996094,55,16,37.09375,224,2.8999023,2.59960938,1.29980469,131,7.419922,99,33,4275,1,0
59.45499,1,1,205,3,73,4.79980469,115,30,38.59375,312.5,4.5996094,1.59985352,3.69970703,142,7.379883,135,75,238,0,2
66.26099,1,1,87,6,110,9.59960938,109,20,36,442.8125,4.5996094,0.89990234,1.29980469,137,7.469727,251,23,3420,0,1
59.03598,0,2,1055,2,49,7.09960938,120,16,36.39844,224,2.8999023,0.89990234,2.89990234,132,7.419922,100,43,1770,0,0
60.271,1,2,55,3,115,7.79980469,120,20,36.89844,224,2.8999023,0.89990234,1.69995117,143,7.419922,154,85,2850,0,3
20.99699,1,2,3,3,60,27.5,85,24,35,54,2.3999023,20.5976562,4.09960938,150,6.939453,335,75,110,0,1
55.655,0,1,1053,1,75,8.29882812,116,8,36.59375,419,3.699707,0.19998169,2,154,7.549805,111,63,2030,0,5
45.43698,0,1,1053,1,107,0.19998169,140,40,37.89844,178,2.8999023,3,0.5,134,7.299805,135,23,2050,0,1
49.92499,1,2,935,1,70,11.0996094,120,20,39.59375,224,2.8999023,0.89990234,1.19995117,140,7.419922,135,23,3450,0,0
42.11899,0,1,1050,3,72,3.89990234,115,28,38.19531,311.0625,2.8999023,1.59985352,2.89990234,147,7.449219,78,64,151,0,0
75.08795,1,2,4,4,32,0.04999542,155,26,38.5,126.25,2.8999023,0.89990234,4.59960938,153,7.239258,67,112,0,0,1
44.32599,1,2,526,2,73,4.89941406,95,26,37.5,224,2.0996094,0.29998779,2.59960938,129,7.419922,154,51,2650,0,0
75.17896,0,2,1049,3,72,8,100,26,37.69531,172.5,2.8999023,0.89990234,6.19921875,142,7.449219,267,78,935,0,0
51.452,1,1,434,1,73,3.39990234,80,20,36.19531,224,2.8999023,0.09999084,0.69995117,138,7.419922,135,8,6150,0,0
62.37598,1,2,14,3,108,5.39941406,70,12,35.89844,153.03125,2.2998047,9.59960938,5.19921875,127,7.419922,186,101,1131,0,4
54.47498,0,2,1048,1,97,6,76,20,36.19531,224,4.0996094,0.5,1.09985352,138,7.419922,165,12,7500,0,0
52.62997,1,2,838,1,101,10,80,22,37.79688,224,3.7998047,0.39996338,1.09985352,132,7.419922,114,20,1075,0,1
75.77496,1,1,716,3,108,10.6992188,95,22,36.39844,224,2.8999023,0.89990234,0.89990234,137,7.419922,135,15,3450,0,1
76.961,0,1,1045,1,78,9.09960938,105,12,36.5,440,2.8999023,0.89990234,2,126,7.439453,159,30,7219,0,3
54.71597,0,1,1045,4,100,26.296875,75,15,38,108.32812,2.3999023,1.39990234,2.19970703,132,7.369141,119,56,970,2,2
79.70398,1,1,11,5,60,22,110,36,36.09375,108,2.5996094,0.89990234,0.5,135,7.459961,135,16,1870,0,1
53.36099,1,2,22,4,97,11.5996094,70,32,36.79688,313.3125,3.0996094,7.79980469,2.69970703,140,7.419922,286,96,7660,0,0
73.94897,1,2,57,4,62,6.19921875,115,30,38,127.5,2.8999023,0.39996338,2.69970703,135,7.509766,160,64,5055,0,1
21.20999,1,2,8,3,112,7.19921875,120,26,38.69531,291.375,1.5998535,13.7988281,0.69995117,140,7.459961,135,9,1325,0,1
86.35199,1,1,4,1,45,23.5,75,36,36.19531,97,2.7998047,0.89990234,2,131,7.379883,310,60,1262,0,0
33.55197,1,2,442,2,113,15.6992188,125,28,39.29688,348.5625,2.8999023,0.89990234,1,133,7.429688,69,6,2060,0,1
64.58295,1,2,155,2,81,5.69921875,84,20,37.79688,224,2.8999023,0.89990234,0.79992676,140,7.419922,92,11,2775,0,0
79.54596,1,1,580,3,60,15.3984375,25,32,38.29688,224,3,0.89990234,0.69995117,146,7.419922,189,11,422,0,1
67.71497,0,1,1036,1,72,8.79882812,72,22,36.5,83.32812,2.3999023,0.69995117,0.89990234,133,7.539062,95,11,2050,2,1
48.73599,1,1,314,1,73,5,96,24,37.5,224,2.8999023,0.19998169,0.89990234,135,7.419922,88,9,4735,0,1
63.79498,1,1,68,1,101,6.39941406,120,24,36.19531,224,4.1992188,0.39996338,0.89990234,140,7.419922,79,23,2200,4,1
88.422,1,2,930,1,72,17.1992188,145,36,38.69531,148.3125,2.699707,0.39996338,1.09985352,146,7.479492,131,21,1975,0,1
54.38199,1,2,16,3,117,5.09960938,45,27,38,265,3.7998047,29.5,4.89941406,144,7.429688,140,99,619,0,2
63.62198,0,2,1027,4,45,12,115,16,36.59375,224,2.8999023,0.89990234,1,131,7.419922,106,16,2960,0,1
35.52597,1,1,9,3,135,5,120,20,36.5,153.3125,2.8999023,0.89990234,0.79992676,149,7.449219,399,26,1770,0,0
80.46295,0,2,1025,2,82,5.5,80,20,36.5,224,3.199707,0.79992676,1.19995117,142,7.419922,91,26,2500,1,1
44.02499,1,2,8,2,75,11.1992188,100,10,37.5,328.5625,2,35,1.19995117,136,7.429688,106,19,3520,0,6
35.26599,0,2,1023,0,66,13.0996094,82,16,38.39844,245,2.7998047,0.09999084,0.79992676,148,7.319336,110,4,2870,6,6
37.25098,1,2,3,2,42,12,85,24,38.79688,70,3.699707,37,5.59960938,142,7.579102,110,49,0,0,1
62.133,1,2,13,4,47,11.5,80,20,36.79688,224,2.8999023,0.89990234,3,132,7.419922,135,77,3885,0,1
32.64099,1,1,35,2,107,0.09999084,78,20,38,224,2.8999023,2,2.19970703,137,7.419922,307,70,3475,0,0
76.44098,1,2,220,2,78,21.296875,84,16,36,250,3,0.39996338,5.5,131,7.40918,189,69,2560,0,0
77.59094,1,2,19,3,57,18,115,32,38.5,224,2.8999023,1.79980469,3.5,142,7.279297,137,73,1035,0,1
51.09698,1,2,112,2,65,16.5976562,135,36,37.5,200,2.8999023,0.89990234,0.89990234,130,7.399414,126,9,2547,0,0
95.70697,1,1,3,2,65,35.09375,115,40,36,374,2.8999023,0.89990234,1.69995117,137,7.299805,395,44,20,0,1
78.18799,0,1,1018,1,98,10,98,20,37,348.5625,2.8999023,0.89990234,1.09985352,139,7.589844,114,8,1650,0,1
61.142,1,2,56,2,118,10.1992188,65,36,35.39844,167.5,3.3999023,2.79980469,6.29980469,136,7.469727,281,101,0,0,2
84.99695,1,2,9,2,119,14,82,20,38.39844,487.5,2.8999023,0.89990234,1.39990234,133,7.429688,170,20,850,0,1
84.37195,1,1,18,0,58,13.6992188,145,12,39.39844,371.375,2.5,0.5,0.79992676,129,7.319336,157,30,3125,0,3
77.99298,1,2,4,0,53,21.1992188,65,28,37.59375,246.65625,2.8999023,0.79992676,2.59960938,129,7.289062,108,73,162,0,1
79.97797,1,2,11,3,58,9.29882812,70,12,38.19531,127.5,2.8999023,2.19970703,4.59960938,129,7.40918,97,87,2631,0,6
79.06396,1,2,11,0,58,26.296875,165,22,38,73,2.199707,0.89990234,1.79980469,145,7.449219,189,38,1559,0,0
45.043,1,2,3,3,5,14.5,0,5,38.79688,120,3.2998047,1.79980469,4.39941406,124,7.719727,100,92,275,0,1
50.155,1,2,489,3,113,13.5996094,110,6,38.29688,267.5,2.7998047,4.19921875,2.69970703,137,7.419922,330,111,3826,0,0
56.211,0,1,1011,0,65,11.5,45,14,38.5,270,2.8999023,1.09985352,3.69970703,139,7.459961,89,32,1965,0,5
51.18698,1,1,17,1,75,13.7988281,126,16,36.69531,114.28125,2.8999023,0.89990234,1.59985352,132,7.389648,164,13,3150,0,1
47.95099,1,2,77,3,98,12.5,110,36,39.39844,419,1.7998047,0.89990234,1.59985352,134,7.369141,157,25,1450,0,0
100.24597,1,2,3,0,22,15.5996094,130,26,36.5,56,2.2998047,12.8984375,2.29980469,145,7.359375,49,18,0,0,1
75.95294,1,2,4,1,100,100,76,28,40.69531,211,2.8999023,0.89990234,1.79980469,135,7.40918,179,32,1600,0,1
36.39398,1,2,64,4,65,9.29882812,115,26,36.79688,224,2.8999023,0.89990234,1.5,150,7.419922,153,38,1467,0,5
76.21399,0,1,1003,2,107,11.1992188,110,12,36.39844,65,2.8999023,0.19998169,1.19995117,143,7.299805,132,25,1600,2,3
87.05798,1,1,956,1,72,18.5976562,115,26,37.89844,206.09375,2.8999023,0.89990234,2,131,7.5,156,55,2990,0,5
80.10095,1,1,47,1,132,12.7988281,115,28,36.79688,117.14062,2.5,0.59997559,0.69995117,136,7.399414,152,19,4355,0,0
62.724,1,1,15,1,130,10.5,65,15,38.39844,146,3.699707,0.79992676,0.59997559,133,7.489258,150,5,2495,0,1
81.50897,0,2,1000,5,111,6.19921875,80,26,36,224,2.8999023,0.89990234,1.89990234,140,7.419922,135,33,950,0,4
32.08499,1,2,877,3,53,5.59960938,105,16,36.5,224,3.8999023,1.09985352,1.29980469,134,7.419922,103,27,4955,2,5
71.85498,1,2,7,1,55,11.5996094,105,32,36.5,134,2.3999023,1.59985352,4.29980469,125,7.419922,135,71,2795,0,0
90.20697,1,1,476,1,75,8.29882812,70,22,35.89844,134.6875,2.8999023,0.89990234,2.69970703,137,7.25,390,38,600,0,1
67.92896,1,1,129,0,57,7.09960938,55,22,36.29688,224,2.8999023,0.89990234,0.89990234,134,7.419922,140,15,1890,1,1
35.76498,0,1,996,4,130,16,120,20,39,114.28125,2.5996094,0.5,0.59997559,136,7.40918,104,11,3540,0,5
73.75494,1,1,28,1,125,0.04999542,125,40,38.89844,260,2.199707,1.89990234,0.79992676,152,7.509766,314,17,4755,0,5
54.004,0,1,991,4,45,0.19998169,105,32,36.89844,202,3.2998047,4.5,3.59960938,142,7.359375,163,95,525,0,1
52.51199,0,1,990,2,88,13.3984375,142,20,38.19531,256.625,1.3999023,0.89990234,0.69995117,136,7.359375,113,5,3400,0,3
38.168,0,1,990,1,102,27.1992188,140,26,38.09375,146.65625,2,0.79992676,1.89990234,151,7.259766,131,21,2665,0,1
49.02399,1,1,5,4,55,26.6992188,105,10,35.5,186,3.2998047,48.5,3,139,7.279297,164,83,645,0,0
47.96198,0,2,988,1,112,19.296875,135,40,37.89844,134.03125,3.3999023,0.79992676,0.79992676,136,7.40918,135,25,3950,1,1
22.91299,0,2,987,0,65,11.0996094,114,24,37.59375,224,2.5996094,0.89990234,1.09985352,141,7.419922,156,35,1330,0,7
68.53894,0,2,985,1,87,8.59960938,115,6,38.69531,270,2.8999023,0.89990234,0.79992676,149,7.449219,166,13,2675,0,1
94.80096,1,1,57,1,65,15.5,78,28,35.39844,224,2.8999023,0.89990234,0.79992676,133,7.419922,108,28,700,0,1
47.88498,1,1,887,3,52,9.59960938,125,28,38.09375,175,2.199707,0.89990234,1.09985352,144,7.419922,290,26,2761,0,1
52.98599,1,2,494,2,68,7.69921875,115,28,39.09375,224,2.8999023,0.69995117,1.29980469,136,7.419922,135,12,3960,0,1
41.26199,0,2,982,1,63,13.1992188,170,40,38.5,192,2.5,6.39941406,1,141,7.5,252,30,2010,0,1
60.96899,0,2,982,3,47,14.6992188,105,30,37.69531,158.3125,2.8999023,1,1.29980469,141,7.539062,97,27,4730,0,5
71.84698,0,2,980,1,0,6.29980469,0,12,38.59375,345,2.5,0.69995117,4.89941406,133,7.399414,476,84,1941,0,1
84.31799,1,2,303,1,63,9.69921875,55,18,36.09375,191.40625,2.2998047,0.89990234,1.19995117,137,7.259766,135,29,1870,0,1
38.21799,1,1,6,3,118,15.8984375,126,44,37.79688,160,2.199707,26.3984375,1.89990234,127,7.40918,135,24,3275,0,5
79.15698,1,1,4,2,32,19.0976562,195,10,35.79688,266.625,2.8999023,0.89990234,2.09960938,145,7.569336,273,19,1628,0,1
33.59097,0,2,979,2,81,2.09960938,95,16,37.59375,40,2.8999023,0.69995117,2.29980469,138,7.549805,120,38,2096,2,1
73.61798,1,2,21,1,62,5.59960938,64,24,36,247.59375,2.0996094,0.69995117,0.79992676,134,7.509766,215,15,2410,0,5
98.08899,1,1,4,1,82,10,135,24,36,190,2.8999023,0.89990234,0.39996338,139,7.549805,155,5,2525,0,1
65.09497,0,1,972,0,103,11.0996094,105,10,39.39844,240,3.7998047,0.89990234,0.69995117,136,7.539062,152,12,4090,0,0
67.39197,1,1,30,1,142,30,135,40,38.89844,576.625,2.3999023,1,3,143,7.239258,286,62,5785,0,0
69.77698,0,2,972,2,68,6,55,8,39.5,165.4375,2.8999023,0.89990234,1,136,7.459961,167,17,5420,0,1
77.20496,1,1,310,4,136,24.0976562,150,24,36.39844,553,2.8999023,0.89990234,1,134,7.199219,89,27,790,0,1
68.40796,0,1,971,6,75,4.29980469,60,28,36.59375,339.125,2.8999023,0.59997559,1.09985352,141,7.369141,89,21,300,0,1
74.25098,1,2,37,0,52,12,155,10,39.59375,280,2.5,10.0996094,3.29980469,153,7.459961,93,100,7365,0,3
35.92599,1,2,36,2,48,2,115,32,39.09375,246.9375,2,2.39990234,4.19921875,148,7.459961,135,101,210,0,0
61.952,1,2,271,1,65,32.6953125,115,37,39.09375,136.65625,2.8999023,0.89990234,5,143,7.469727,181,150,3060,0,1
75.87695,0,2,969,1,68,7.39941406,95,8,37.69531,243.3125,2.8999023,0.89990234,1.29980469,133,7.549805,135,25,4468,0,1
50.034,1,1,5,3,112,2.29980469,125,26,39,140.8125,2.8999023,3.19970703,2.29980469,143,7.289062,166,36,6295,0,1
66.90796,1,1,53,2,79,6.39941406,110,24,36.39844,138.75,2.8999023,0.89990234,1,132,7.509766,168,10,2620,0,5
38.94299,1,1,16,5,118,10.5996094,115,34,36.5,178,2.8999023,50.09375,3.19970703,151,7.579102,261,65,1200,0,0
32.07397,0,1,965,5,62,2.5,130,35,33.69531,323,2.3999023,21.5,0.39996338,148,7.399414,296,33,2530,0,0
57.75198,0,1,964,1,78,3.69970703,65,28,36.29688,224,2.8999023,0.89990234,1.89990234,139,7.419922,97,66,1350,1,1
48.435,1,2,507,1,75,3.39990234,70,20,36.39844,224,2.8999023,0.5,1,142,7.419922,0,13,3700,0,1
56.50897,1,2,4,1,70,7.19921875,65,37,38.19531,203.3125,2.8999023,0.69995117,1.29980469,148,7.639648,126,30,3155,0,1
48.47098,1,1,22,1,69,12.7988281,112,24,36.19531,366.625,3.3999023,0.19998169,0.69995117,136,7.469727,184,9,2800,1,0
23.24199,1,1,6,2,142,2.09960938,65,14,38.39844,220,2.8999023,47.796875,3,141,7.389648,135,115,3750,0,1
84.91394,1,2,33,5,73,10.2988281,74,22,36,204.75,2.8999023,0.89990234,1.5,137,7.469727,135,36,1000,6,2
57.28998,1,2,19,2,142,1.79980469,130,36,36,297.125,2.8999023,2,0.79992676,138,7.429688,186,34,4203,0,0
62.741,0,2,958,3,63,9.19921875,64,12,36,224,2.199707,3.79980469,0.89990234,133,7.419922,135,23,1150,1,1
73.91595,1,1,68,2,73,8.3984375,118,30,38.39844,224,2,2.19970703,0.69995117,133,7.419922,139,12,1410,0,5
62.34598,1,2,5,3,45,24.3984375,75,27,39.79688,115,2,1.79980469,1.19995117,146,7.55957,145,56,2540,0,0
19.765,1,2,6,0,45,18.796875,145,40,38.39844,402.8125,2.8999023,0.89990234,1.69995117,135,7.369141,302,71,1707,0,1
62.965,1,2,224,4,115,8.5,75,20,36,224,2.8999023,0.19998169,4.69921875,139,7.419922,104,50,1175,0,1
51.98398,1,2,656,1,110,6.79980469,105,10,38.39844,224,2.8999023,0.5,1.19995117,140,7.419922,169,23,740,0,0
78.62,1,1,249,1,77,14,68,26,36.59375,323.75,2.8999023,0.89990234,1.29980469,126,7.579102,100,20,600,1,1
46.51898,1,1,9,1,122,19.0976562,125,27,38.59375,205,2.8999023,0.89990234,5,127,7.30957,88,49,3620,0,1
60.16699,1,2,10,2,48,0.39996338,175,25,39.79688,301.375,1.7998047,0.29998779,0.29998779,143,7.489258,154,9,2310,0,2
33.01297,1,1,4,2,117,4,120,54,38.5,490,2,28.5,2.59960938,153,7.429688,256,115,2500,0,1
53.71899,1,2,73,0,45,13.8984375,105,10,38.29688,402.5,2.8999023,0.89990234,5.39941406,135,7.5,235,77,2,0,0
38.87698,1,2,135,4,112,12.2988281,125,14,38.19531,155,2.8999023,0.89990234,2.29980469,142,7.509766,291,23,1405,0,1
61.689,1,2,153,1,83,6.09960938,80,22,38.29688,224,2.8999023,0.89990234,1,135,7.419922,135,16,4520,0,1
69.125,0,1,942,2,105,10.6992188,120,28,36,134.6875,2.8999023,0.19998169,0.79992676,140,7.40918,135,23,540,0,2
30.98399,0,1,941,0,115,6.09960938,45,18,39.39844,43,2.8999023,2.09960938,1.09985352,144,7.449219,127,17,2915,0,1
62.75998,0,1,941,4,112,6.09960938,125,28,36.5,305,3.8999023,6,2.89990234,146,7.509766,349,59,0,0,0
62.28897,1,2,532,1,63,10.5996094,62,20,38.39844,224,2.8999023,0.89990234,1.19995117,140,7.419922,135,23,1900,0,0
38.94299,1,2,75,0,108,17.6992188,115,28,36,304,1.8999023,8.8984375,1.19995117,135,7.399414,330,22,1360,0,5
53.314,0,1,937,2,60,22.8984375,105,26,38.79688,257.5,2.8999023,16,1.09985352,137,7.479492,228,19,3079,0,1
67.63898,1,2,111,1,103,9.5,76,22,36.39844,224,2.8999023,0.89990234,1.09985352,135,7.419922,135,12,2595,0,0
57.34698,0,2,937,1,55,14.3984375,120,36,37,140,2.699707,0.39996338,1,136,7.399414,508,23,4170,0,6
40.14798,0,2,935,4,123,8.59960938,115,24,37,222.5,3.0996094,3.59960938,0.89990234,145,7.449219,154,61,3550,0,0
60.37,1,1,443,1,73,10,80,20,38.5,224,2.8999023,0.39996338,0.69995117,136,7.419922,99,6,3550,0,0
22.741,0,2,934,0,115,17.6992188,125,20,39,61,2.3999023,3.09960938,1.79980469,145,7.549805,93,32,3290,0,0
33.67798,1,1,26,3,118,13.2988281,105,36,37.79688,255,2.8999023,16.796875,3.89990234,147,7.469727,350,66,3025,0,0
71.29095,1,2,5,1,55,11.8984375,100,32,38.39844,131.65625,2.8999023,0.89990234,7.5,146,7.449219,199,65,753,0,1
59.452,1,1,756,1,97,9.59960938,74,20,38.89844,224,2.8999023,0.89990234,1,135,7.419922,135,13,2025,0,2
74.97894,1,1,4,1,42,13.0996094,105,25,35.5,121.65625,3.2998047,20,2.29980469,135,7.489258,178,21,18,0,2
75.67999,1,2,20,1,115,0.29998779,120,6,37.79688,205,2.8999023,0.89990234,1.59985352,140,7.5,183,29,3102,0,0
65.26196,0,1,929,1,115,10.5,100,20,39,224,4.1992188,0.29998779,1,139,7.419922,91,13,2050,1,1
65.74896,1,1,689,3,62,10.2988281,70,22,36.19531,224,3.2998047,1.89990234,1.29980469,132,7.419922,119,17,5395,5,1
75.97296,1,2,591,2,68,13.3984375,70,22,39,224,2.8999023,0.89990234,4,142,7.419922,150,34,50,3,3
72.33899,0,1,923,0,132,19.296875,75,16,37.69531,293.875,2.8999023,0.89990234,0.59997559,135,7.389648,149,18,1615,0,1
70.62299,1,2,44,1,93,25.0976562,104,20,36.59375,224,3.2998047,0.29998779,1.29980469,129,7.419922,148,19,3250,0,0
61.80698,1,1,566,2,73,10.0996094,102,32,35.79688,266.625,2.8999023,0.89990234,1,131,7.389648,135,17,2400,1,0
68.758,1,1,371,1,79,8.5,76,36,40.5,224,2.8999023,0.59997559,0.69995117,136,7.419922,122,4,4450,0,0
32.616,1,1,119,1,67,7.89941406,120,26,37.5,224,2.8999023,0.89990234,1.29980469,139,7.419922,113,14,2150,0,0
78.48596,1,2,37,2,115,14,65,36,36.79688,320,2.8999023,0.89990234,0.5,125,7.55957,101,17,1660,0,1
41.64798,1,1,568,1,77,10.5996094,76,22,37.69531,224,2.8999023,0.89990234,1.19995117,140,7.419922,135,23,1350,0,0
55.58398,1,1,208,1,130,19.5,125,24,37.59375,81.10938,1.6999512,7.79980469,0.69995117,126,7.349609,188,22,6865,0,1
64.32898,1,2,71,1,69,14.2988281,66,18,36.59375,224,2.8999023,0.89990234,1.19995117,141,7.419922,85,28,1968,0,1
77.77698,1,1,8,1,52,6.69921875,150,20,38.09375,164,3.0996094,0.5,3.29980469,132,7.379883,273,70,4352,0,1
82.98999,1,2,220,2,73,9.5,60,28,36.19531,224,3.8999023,1,1.89990234,139,7.419922,113,32,4750,0,0
72.77496,1,1,103,5,115,5.09960938,60,20,36.59375,224,2.8999023,0.79992676,0.79992676,135,7.419922,120,17,1170,3,4
70.04498,1,1,139,4,112,14.3984375,115,26,38,237.5,2.8999023,0.89990234,1.19995117,148,7.349609,330,22,982,0,5
43.93198,0,2,914,1,118,15.1992188,95,40,38.5,111.65625,2.8999023,0.89990234,2.89990234,151,7.15918,161,16,8115,0,1
70.61694,0,1,913,2,60,9.5,115,9,38,380,2.7998047,0.5,0.69995117,139,7.419922,150,5,1940,0,7
38.07797,0,1,911,1,67,9.3984375,108,24,35.79688,410,2.199707,0.59997559,1.39990234,131,7.399414,104,37,2850,0,1
38.90997,1,1,232,4,72,6.5,75,24,37.59375,224,2.8999023,6.39941406,0.29998779,136,7.419922,89,6,2519,0,0
27.29099,0,1,910,1,107,16.796875,125,35,39.39844,96,3.5996094,0.29998779,2.39990234,144,7.429688,128,28,1741,0,1
20.85399,0,2,909,2,52,8.69921875,125,16,36.09375,224,2.8999023,1,1.59985352,137,7.419922,92,30,2825,0,0
55.767,1,2,46,1,52,14.7988281,112,32,39.69531,224,2,0.69995117,1.19995117,132,7.419922,85,19,1630,0,1
42.09399,1,1,219,1,81,14,120,16,36.39844,224,4.1992188,0.09999084,1,139,7.419922,97,7,2220,2,3
78.81995,1,1,437,3,128,10.3984375,120,12,37.59375,143.75,2.7998047,0.89990234,2.69970703,146,7.40918,62,58,4600,0,6
65.74695,1,1,186,1,67,13.5996094,55,8,38,105.09375,2.8999023,20.0976562,1.29980469,135,7.5,135,23,4017,0,1
50.01199,1,2,6,2,69,55,76,20,36.39844,224,2.8999023,0.89990234,0.69995117,133,7.419922,135,20,2050,5,1
23.24699,1,2,23,1,67,0.04999542,145,42,38.39844,144.875,2.8999023,8.69921875,1.69995117,145,7.289062,598,69,3920,0,0
38.418,0,2,905,2,65,12.5996094,55,16,39,160,2.8999023,0.89990234,0.79992676,133,7.459961,102,20,2745,0,1
91.25299,1,1,440,2,55,8.69921875,50,16,36,236.71875,2.8999023,0.89990234,1.69995117,125,7.139648,109,36,1475,0,0
45.31097,1,2,93,2,125,7.89941406,74,22,38.5,224,2.8999023,2.39990234,0.69995117,140,7.419922,111,10,1800,0,1
49.16898,1,2,15,8,55,14.7988281,115,20,36.29688,479.5625,3.0996094,0.89990234,6.79980469,130,7.349609,135,43,0,5,3
27.058,1,2,10,0,38,5.79980469,165,14,35.5,118.75,2.8999023,4.69921875,5.5,148,7.089844,9,28,206,0,0
65.99896,1,2,62,1,77,6.29980469,64,24,36.39844,224,3.7998047,1.39990234,1.29980469,124,7.419922,121,15,1935,0,1
70.03699,1,1,36,2,73,10.6992188,136,32,39.09375,224,2.8999023,0.89990234,0.59997559,126,7.419922,162,8,2200,3,5
60.504,1,2,8,3,62,15.1992188,60,22,36.39844,224,2.3999023,19.796875,3.39990234,145,7.419922,188,131,700,0,1
29.53299,1,2,102,1,81,5.59960938,125,22,36.79688,224,2.8999023,0.89990234,1.29980469,138,7.419922,135,12,3000,0,1
53.07599,0,1,892,4,55,8.69921875,100,18,36,224,2.8999023,1.5,0.79992676,135,7.419922,86,10,2080,1,4
67.784,1,1,51,1,65,17.1992188,65,8,37.69531,351,2.699707,3.09960938,1.09985352,139,7.55957,94,9,1625,0,2
53.26199,1,1,8,0,72,5.29980469,125,12,35.39844,85,2.8999023,12.0996094,1.59985352,143,7.419922,332,66,140,0,5
59.17599,1,1,5,0,141,1.29980469,125,32,38.59375,207.5,2.0996094,0.59997559,0.69995117,137,7.519531,207,27,1448,0,0
47.21997,1,2,426,4,75,5.89941406,75,32,37.5,224,2.8999023,0.89990234,1.5,138,7.419922,102,19,2100,4,3
54.021,1,2,116,2,65,3.89990234,56,12,38,224,2.8999023,0.29998779,0.89990234,140,7.419922,135,13,1225,0,1
81.25397,1,1,62,1,81,10.5996094,76,28,36.59375,224,2.8999023,0.89990234,1.19995117,140,7.419922,135,23,2800,3,4
91.43896,0,1,883,1,75,9.5,75,37,36.5,562.75,2.0996094,0.5,1.09985352,134,7.599609,202,24,670,0,6
65.31696,1,2,312,3,65,12,65,22,37.59375,134.53125,2.2998047,0.89990234,9.3984375,132,7.389648,322,103,0,0,2
48.94998,0,1,881,2,107,6.89941406,105,22,36,224,2.8999023,0.89990234,0.79992676,136,7.419922,105,12,2470,0,1
54.853,1,2,174,4,72,8.5,125,26,39.39844,174,2.8999023,3,1.69995117,142,7.489258,122,32,3411,0,1
75.16797,1,1,26,2,109,14.1992188,125,14,36.29688,357.125,2.8999023,0.89990234,1.09985352,125,7.479492,342,15,1656,0,4
70.16296,0,2,879,2,53,5.5,105,18,36.5,224,2.8999023,0.89990234,2.09960938,134,7.419922,107,29,3490,0,0
91.08795,1,1,387,1,110,11.7988281,105,33,38,330,2.8999023,0.89990234,0.89990234,145,7.589844,220,11,650,0,0
50.76797,1,2,8,2,58,11.3984375,70,35,36.79688,109.07812,2.199707,19.796875,3.69970703,148,7.609375,206,50,0,0,0
29.77399,0,2,878,3,65,25.296875,120,45,36.89844,168,2.199707,7.09960938,1.79980469,155,7.479492,184,53,1665,0,0
63.37,1,2,6,5,55,6.19921875,55,24,36,80,3.2998047,42,4.59960938,145,7.199219,347,56,105,0,7
38.80399,1,1,16,1,70,1.39990234,65,30,36.39844,287.5,2.3999023,24.296875,1.29980469,141,7.40918,167,51,1713,0,5
77.50598,1,1,13,4,70,11.2988281,68,22,37.5,250,2.8999023,1.29980469,0.69995117,145,7.429688,135,23,810,0,1
65.90796,1,1,115,1,85,9.19921875,82,20,36.59375,224,3.199707,0.59997559,0.79992676,139,7.419922,135,9,1968,0,1
23.84399,1,1,105,1,82,0.04999542,150,24,38.39844,224,2.8999023,0.89990234,0.79992676,137,7.419922,135,6,2250,0,0
58.724,1,2,19,2,58,9.8984375,115,26,39,116,2.7998047,8.5,2.09960938,139,7.149414,71,55,160,0,0
79.71497,0,1,870,3,58,12.6992188,75,30,36.39844,268,2.699707,0.29998779,1.59985352,132,7.419922,164,30,3510,0,0
48.81897,1,2,5,1,101,6.59960938,146,22,38.39844,120.40625,3.199707,0.19998169,0.89990234,141,7.429688,144,19,2600,0,4
41.98798,0,2,866,1,58,11.8984375,135,10,38.69531,252.5,4.6992188,1.09985352,6.09960938,139,7.40918,247,90,0,0,0
79.04199,1,2,17,0,62,12.1992188,115,14,38.39844,105,2.8999023,11.2988281,1.19995117,138,7.449219,201,32,1925,0,0
44.616,0,2,866,2,42,7.5,105,14,36,224,3,3.19970703,1.09985352,126,7.419922,106,19,2625,4,5
24.21899,1,2,3,1,5,5.09960938,0,35,36.09375,420,2.8999023,0.89990234,4.89941406,138,7.069336,135,47,88,0,0
66.146,1,2,7,3,52,9.8984375,65,16,36,224,3.3999023,1.79980469,1.89990234,126,7.419922,204,51,650,0,0
58.53,0,1,864,2,53,6.79980469,115,20,36.39844,224,3.8999023,2.19970703,2,136,7.419922,171,49,4050,0,1
41.54999,0,2,864,3,55,6.89941406,115,16,36,224,3.5996094,1.29980469,1.19995117,132,7.419922,88,13,3300,0,1
75.146,1,1,746,1,72,10.3984375,84,20,37.79688,224,3.7998047,0.39996338,0.69995117,136,7.419922,147,7,1025,0,1
21.922,0,2,864,0,67,15.3984375,140,16,38,162.5,2.8999023,0.29998779,0.79992676,135,7.5,194,39,4920,0,1
58.09998,1,1,4,2,37,0.19998169,115,4,36.79688,310,2.8999023,5.59960938,1.89990234,139,7.219727,211,74,114,0,1
89.77997,1,2,3,2,78,17.296875,80,9,38.5,237.5,2.8999023,0.89990234,1.19995117,149,7.449219,107,39,350,0,1
60.61298,1,2,754,2,55,5.79980469,45,16,36.19531,224,4.1992188,0.5,1.59985352,133,7.419922,119,25,2770,0,0
52.87097,0,2,861,3,125,7.89941406,105,42,38,224,2.3999023,9,0.69995117,135,7.419922,184,45,2080,0,2
94.55194,1,2,4,2,13,11.0996094,45,8,35.59375,202.5,3.2998047,3.19970703,2,147,7.329102,205,49,360,0,0
29.53,0,1,852,1,65,28.1992188,74,22,36.59375,612,1.0998535,0.89990234,1.39990234,127,7.399414,158,38,600,0,0
75.10999,1,2,49,2,73,8.29882812,128,30,35.59375,224,2.8999023,0.89990234,2.09960938,135,7.419922,152,31,1475,2,1
83.13495,1,2,95,1,103,25.8984375,130,20,39.5,372,2.3999023,21.796875,1.39990234,140,7.419922,135,27,2900,0,1
38.93799,1,2,53,2,78,3.29980469,140,48,38.79688,212.5,1.7998047,0.39996338,1.09985352,146,7.369141,150,24,3970,0,6
61.70599,1,1,6,3,58,15.5,165,38,38.59375,162.5,2.8999023,13.0996094,4.69921875,149,7.619141,94,86,70,0,5
49.32199,1,1,130,2,56,5.19921875,130,32,36.39844,224,2.8999023,0.89990234,1.89990234,135,7.419922,135,58,3210,0,0
72.26794,0,2,848,2,68,7.69921875,55,24,36.59375,202.84375,3.199707,0.29998779,2.59960938,130,7.509766,135,55,2608,0,1
59.81897,0,1,846,0,84,16.796875,66,26,36.79688,323.75,2.8999023,0.89990234,1.29980469,139,7.389648,107,26,4000,0,0
79.98895,0,2,846,2,74,3.79980469,102,20,37.59375,195.21875,2.8999023,0.39996338,2.39990234,141,7.30957,86,30,4820,0,1
67.35699,1,2,627,3,58,9.69921875,95,14,36.09375,224,3.0996094,0.79992676,1.5,130,7.419922,108,24,3100,4,1
70.29199,0,1,844,4,103,7.29980469,115,24,37,224,3.2998047,1.09985352,1.09985352,140,7.419922,135,15,1970,2,0
77.42096,1,1,3,0,72,41.5,80,14,35.5,122.5,2.8999023,0.09999084,0.39996338,119,7.599609,127,27,84,0,1
82.29395,1,2,529,2,62,21.5,65,50,38.29688,271.375,2.199707,0.89990234,1.19995117,147,7.429688,215,30,1590,0,1
56.02698,1,2,295,3,90,10.0996094,120,20,36.79688,224,3.7998047,0.89990234,3.29980469,141,7.419922,105,37,4130,1,1
64.88397,1,2,13,4,48,15.6992188,95,22,36.79688,224,2.8999023,0.89990234,3.09960938,127,7.419922,135,60,100,0,5
33.60699,0,2,842,0,135,18.0976562,150,9,38.59375,427.5,4.0996094,0.69995117,0.89990234,133,7.429688,144,15,1305,0,0
88.91199,0,1,841,2,131,15.0996094,150,8,38,371.375,2.8999023,0.89990234,0.89990234,134,7.399414,135,12,1830,0,5
54.81198,0,2,840,1,111,24.5,60,10,36.69531,520,2.0996094,0.19998169,0.79992676,133,7.299805,194,34,3080,0,0
66.49396,0,2,839,1,99,10.5996094,100,22,38,136.71875,2.8999023,0.89990234,1.09985352,129,7.459961,135,11,2640,0,1
52.22198,1,2,84,1,78,5.59960938,115,30,38.29688,614.25,2.8999023,1.29980469,1.09985352,128,7.479492,145,24,2260,0,1
72.07397,1,2,107,2,68,2.5,115,28,36,224,2.8999023,0.89990234,3.09960938,132,7.419922,135,48,500,0,3
41.95499,0,1,836,2,68,22.296875,120,33,38.5,141,2.2998047,1.79980469,0.5,131,7.349609,102,10,2656,0,3
46.78699,0,2,833,4,105,7.19921875,120,10,37.79688,435,2.8999023,24,3.5,145,7.479492,180,72,4645,0,6
74.46399,1,2,6,4,40,28.8984375,75,36,35.19531,64.70312,3.0996094,0.89990234,6.89941406,125,7.479492,254,115,3345,1,1
60.06799,1,2,273,1,64,9.29882812,134,26,38,224,1.7998047,1.89990234,1.69995117,123,7.419922,152,53,1825,0,1
63.37,0,2,825,0,72,8.69921875,60,34,37.89844,224,2.8999023,0.89990234,0.79992676,126,7.419922,135,28,1585,0,0
66.77594,1,2,575,5,77,6.59960938,78,24,36.59375,406.0625,2.8999023,0.89990234,2.89990234,131,7.449219,162,53,2500,0,1
27.12099,1,1,364,0,63,5.5,122,32,35.79688,195.90625,1.7998047,0.19998169,0.69995117,128,7.389648,82,8,3660,1,2
77.40497,1,1,243,2,81,18.6992188,76,20,38.19531,224,2.8999023,0.89990234,1,137,7.419922,171,8,3300,0,0
78.55695,1,2,82,1,55,16.1992188,175,12,39,65,2.8999023,0.89990234,1.09985352,134,7.219727,121,21,1840,0,0
40.84598,0,2,820,6,99,7.29980469,130,24,38.39844,224,2.699707,6.39941406,1.69995117,131,7.419922,199,21,740,1,1
66.27496,1,2,39,1,130,12.7988281,124,24,36,150,2.8999023,0.89990234,1.29980469,145,7.449219,135,21,2100,0,1
61.59598,0,2,818,3,55,7.09960938,135,24,36.59375,224,2.8999023,0.89990234,1.29980469,135,7.419922,135,13,500,0,0
88.18298,0,1,817,3,70,5.89941406,65,28,36.5,187.75,2.8999023,0.89990234,1.19995117,142,7.439453,179,17,1480,0,1
59.48499,1,2,547,2,63,10.8984375,125,30,36,238.09375,2.8999023,1.39990234,0.79992676,131,7.469727,120,22,1660,0,0
50.66898,1,2,410,1,71,7.69921875,72,24,36.39844,224,3,0.69995117,1.09985352,134,7.419922,85,13,2400,0,1
29.02399,0,1,816,0,42,13.8984375,135,25,39.09375,128,2.8999023,22.796875,3.79980469,141,7.609375,72,57,0,0,0
76.80194,1,1,109,1,55,13.2988281,70,10,38.79688,140,2.8999023,0.89990234,3.69970703,146,7.519531,135,67,0,0,0
83.93994,1,2,327,3,62,12.1992188,75,8,38.09375,285,2.8999023,0.89990234,1.5,138,7.429688,255,38,2674,0,0
91.61896,1,2,172,2,69,10.3984375,80,24,38,224,2.8999023,0.89990234,1,140,7.419922,135,10,1125,0,7
29.76299,1,1,146,4,112,12.6992188,115,35,38.09375,92.53125,3.7998047,0.89990234,7.29980469,147,7.269531,212,70,730,0,0
58.60599,1,1,103,3,57,10,115,34,37.79688,323.3125,4.0996094,1.5,2,128,7.5,156,58,2708,0,0
40.78,0,2,814,2,58,5,115,10,38.89844,234,2.8999023,1.59985352,1.09985352,132,7.459961,76,12,3055,0,0
92.64294,1,2,7,1,33,27,165,15,36,98.32812,3.3999023,1.09985352,1.09985352,139,7.469727,135,20,45,0,0
45.80197,0,1,811,0,57,22.5,65,25,39.19531,97.14062,3.3999023,0.59997559,1.09985352,128,7.449219,106,11,4770,0,1
54.52399,1,1,7,1,115,0.04999542,175,38,39.5,495.8125,2.699707,7.39941406,0.59997559,151,7.549805,183,24,2120,0,0
77.85895,1,2,294,5,83,6.39941406,76,28,35.59375,224,3.5996094,1.29980469,1.59985352,140,7.419922,135,25,2075,0,1
30.53799,1,2,235,1,101,16.6992188,100,20,36.19531,224,3.3999023,0.19998169,0.89990234,135,7.419922,86,11,7800,0,1
66.05597,1,2,19,1,108,38.8984375,45,28,36,377.75,2.699707,5.19921875,6.79980469,133,7.509766,140,57,30,0,1
49.42398,1,1,118,2,45,5.59960938,105,33,38,304,2.0996094,1.5,1.79980469,140,7.429688,126,66,2705,0,0
47.93399,0,1,809,2,85,30.1992188,65,34,36.29688,86.65625,2.8999023,0.89990234,3.69970703,131,7.389648,119,41,1535,0,0
77.28998,0,2,809,3,65,5.79980469,68,16,36,224,2.8999023,0.89990234,1.39990234,130,7.419922,135,26,3220,0,1
58.14398,1,2,540,2,57,9.09960938,70,24,36.5,224,3.699707,0.59997559,1.79980469,136,7.419922,102,25,4050,0,1
58.09399,1,2,47,1,62,13.3984375,120,20,36.39844,224,2.8999023,0.89990234,2.19970703,134,7.419922,72,54,1207,0,0
69.79895,1,1,7,3,45,17.3984375,115,24,35.59375,130.96875,2.5,17.796875,2.39990234,129,7.459961,97,50,80,0,0
24.98299,1,1,98,2,105,7.39941406,125,24,36.59375,224,2.8999023,3.19970703,3.39990234,132,7.419922,102,98,2920,1,0
67.98395,1,2,21,2,64,7.59960938,66,24,36,226.65625,2.8999023,0.89990234,1.39990234,131,7.519531,135,16,2770,2,1
31.94299,0,1,804,3,53,7.29980469,105,16,36.39844,224,3.7998047,0.19998169,0.79992676,138,7.419922,135,16,2250,2,2
54.461,1,2,15,2,107,44.796875,135,28,37.89844,356.625,2.8999023,12.7988281,3.59960938,142,7.519531,191,90,3875,0,3
63.91199,0,1,803,3,107,9.79882812,68,20,36.5,224,3.3999023,0.19998169,2.39990234,139,7.419922,151,48,875,4,1
58.15698,0,2,800,4,72,11.1992188,75,20,36.19531,224,2.8999023,0.59997559,1.29980469,139,7.419922,112,18,2390,0,1
48.05698,1,1,202,1,130,13.6992188,95,28,38.19531,323.75,2.8999023,0.5,3.5,137,7.449219,151,47,2140,0,1
76.23798,1,2,569,2,65,11.2988281,55,20,38.09375,173.46875,2.8999023,0.89990234,1.29980469,135,7.389648,276,25,1875,0,0
50.29999,0,1,798,2,70,21.1992188,120,26,36.09375,115.54688,2.699707,38.09375,1.59985352,131,7.469727,212,51,2786,0,1
32.25699,1,2,427,1,78,5.5,68,20,36.39844,224,2.8999023,0.89990234,1.19995117,140,7.419922,135,23,2150,0,1
80.87299,0,1,797,1,68,9.19921875,65,28,38.5,112.23438,2.8999023,0.89990234,0.69995117,138,7.329102,179,9,900,0,7
35.50198,0,1,796,2,68,2.69970703,115,26,39.5,118.51562,3.3999023,2.19970703,1.19995117,136,7.539062,174,24,3550,0,1
65.32495,1,2,4,2,52,8.8984375,175,10,38.79688,204,2.8999023,22.1992188,4.29980469,140,7.319336,78,80,760,0,1
67.72296,1,2,158,5,63,5.39941406,80,24,36,224,2.8999023,0.89990234,1.19995117,136,7.419922,100,33,1620,1,1
65.02899,0,1,795,1,98,12.7988281,55,28,37.89844,300,2.8999023,0.89990234,0.59997559,138,7.5,263,14,5420,0,0
84.25995,1,2,14,2,74,7.79980469,118,12,36.39844,224,2.8999023,0.89990234,1.59985352,136,7.419922,77,26,970,0,6
34.47198,0,2,790,0,83,8.69921875,105,32,36.59375,247.59375,2.8999023,0.89990234,0.89990234,135,7.5,149,16,1000,0,1
42.24197,0,2,789,3,66,7.69921875,115,20,35.89844,224,3.7998047,1.79980469,0.89990234,133,7.419922,103,17,5250,0,0
44.00299,1,2,176,1,95,10.0996094,100,22,36.5,224,2.8999023,0.19998169,0.79992676,134,7.419922,135,13,1900,1,1
87.48798,1,2,463,3,70,7.09960938,55,20,36,224,2.8999023,0.89990234,1,127,7.419922,182,16,880,0,1
82.33496,1,1,14,2,113,36.09375,116,22,38.89844,224,2.8999023,0.89990234,0.89990234,136,7.419922,112,11,425,0,1
56.58298,0,1,787,4,72,6.5,75,16,36.19531,224,4,0.39996338,1.5,136,7.419922,87,29,3225,0,1
18.11899,1,2,8,2,62,0.19998169,130,30,38.69531,347.8125,1.6999512,0.89990234,0.89990234,155,7.349609,135,27,5565,0,0
67.61395,0,1,784,2,105,11.5996094,105,8,37.89844,308.5625,2.8999023,1.89990234,2.5,133,7.569336,584,39,4630,1,1
39.53699,0,1,784,2,105,12.5,75,45,37.89844,128.5625,2.8999023,0.89990234,0.59997559,132,7.459961,124,7,2850,0,0
34.103,1,1,417,2,48,11.6992188,120,16,36,423.75,2.8999023,0.89990234,0.89990234,131,7.469727,107,17,2725,0,0
85.53595,1,2,11,1,57,18.0976562,112,40,36.29688,171.40625,2.8999023,0.89990234,1.79980469,143,7.389648,160,33,1100,0,1
73.26996,1,1,39,3,62,16,64,24,36.19531,209.5,2.8999023,0.29998779,0.59997559,141,7.339844,139,11,1630,0,2
48.42697,0,1,779,2,102,14.3984375,105,35,38.5,156,2.3999023,0.89990234,0.59997559,144,7.479492,154,8,3140,0,1
61.37698,0,2,779,6,53,14,110,24,36.5,148.96875,3,35,6.39941406,148,7.469727,109,71,450,0,1
41.487,0,2,777,1,108,3.5,135,24,37.89844,224,4.5,0.89990234,1.29980469,139,7.419922,90,12,3021,0,1
66.91595,1,2,23,2,102,17.296875,55,6,39.39844,224,2.8999023,0.89990234,0.89990234,125,7.419922,353,14,1433,0,1
31.20299,0,2,776,0,115,17.6992188,145,28,40,138,2.8999023,2.29980469,0.89990234,130,7.459961,113,7,4995,0,0
73.00195,0,2,775,1,62,8.19921875,70,30,38.39844,308.5625,2.8999023,1.09985352,1.19995117,129,7.449219,368,18,2450,1,1
27.187,0,2,774,6,55,7.69921875,125,10,36,448,2.2998047,0.29998779,4.59960938,133,7.40918,597,59,220,0,1
50.064,0,2,774,2,55,8.5,60,16,36,224,2.8999023,0.89990234,1.5,127,7.419922,135,31,3900,0,1
41.42599,0,2,773,3,102,21.5976562,125,28,37.89844,387.5,2.0996094,4.89941406,0.39996338,142,7.479492,128,19,4210,2,2
69.25397,1,1,6,0,128,19.296875,115,8,38,423,2.8999023,0.89990234,1.79980469,133,7.489258,400,39,2720,0,0
64.54498,0,2,772,2,50,6.09960938,60,16,36.5,224,2.8999023,0.89990234,3.09960938,131,7.419922,135,65,1550,0,1
47.30499,1,2,5,4,62,5.89941406,145,32,39.19531,122.09375,2.5,13.6992188,2.5,145,7.489258,140,115,2515,0,1
72.82697,0,2,763,3,77,7.29980469,85,18,36.69531,224,2.8999023,0.79992676,1.89990234,138,7.419922,94,30,200,0,0
78.90497,1,2,255,2,62,6.5,115,24,36.19531,224,2.8999023,0.89990234,1.09985352,138,7.419922,135,12,1125,0,0
53.45697,0,1,761,0,62,11.7988281,105,15,38.5,246.65625,2.699707,36,3.79980469,134,7.5,130,61,6365,0,0
34.439,0,1,761,3,118,2.39990234,112,12,36.39844,189,2.8999023,0.59997559,1.29980469,134,7.529297,135,15,2200,0,0
52.36099,1,2,168,2,68,16.3984375,110,22,36.5,224,4.5996094,0.89990234,2.59960938,141,7.419922,139,125,4050,0,0
44.13699,1,1,68,1,92,13,110,26,35.59375,257.125,2.8999023,0.89990234,0.59997559,134,7.5,128,20,820,0,1
77.53595,0,2,761,1,57,18.296875,135,10,38.19531,164,2.8999023,0.69995117,1.59985352,140,7.459961,165,22,2691,0,1
54.61697,1,2,300,1,79,0.29998779,60,22,38,224,2.8999023,0.89990234,0.69995117,126,7.419922,135,11,3250,0,2
63.767,1,2,8,5,62,14.2988281,95,25,36.59375,224,2.8999023,54.796875,4.59960938,132,7.419922,135,78,0,0,1
49.21799,1,1,9,2,67,41.1953125,158,34,36.39844,280,2.8999023,0.89990234,1.19995117,131,7.5,83,25,300,0,1
86.83099,1,1,12,1,37,15.5996094,65,10,38.59375,126.65625,2.8999023,0.89990234,3.69970703,131,7.479492,135,63,1088,0,5
46.56799,1,2,16,2,70,15.5996094,125,16,36.5,224,2.8999023,0.89990234,2.09960938,133,7.419922,202,78,4360,0,1
58.431,1,2,360,4,110,15,115,31,35.89844,323.3125,2.3999023,3.39990234,2.69970703,131,7.379883,356,94,4225,0,0
74.49396,1,1,4,1,60,39.1953125,120,30,37.29688,151,2.8999023,0.69995117,1.39990234,142,7.369141,244,27,175,0,1
47.17599,1,1,73,1,110,8.5,125,28,36.09375,191.09375,2.8999023,1.5,5.19921875,134,7.429688,159,63,106,0,0
71.42499,1,1,7,5,55,13.5996094,55,26,35.69531,120.75,1.2998047,8.69921875,0.59997559,148,7.489258,124,15,2990,0,1
52.84097,0,1,749,2,108,11.1992188,105,10,38.69531,405,2.699707,1.59985352,0.69995117,135,7.459961,168,17,2728,5,7
65.81,1,2,92,2,79,7.29980469,136,22,38.39844,224,2.8999023,0.89990234,1.29980469,127,7.419922,96,12,720,0,0
20.991,0,2,747,3,65,17.3984375,95,26,38.5,135,2.8999023,0.39996338,10,146,7.439453,155,40,0,0,0
79.56696,1,1,10,4,107,20.8984375,70,14,38.39844,435,2.8999023,0.89990234,0.79992676,134,7.549805,135,10,1620,0,1
42.36798,0,2,747,2,55,9.19921875,110,20,36.19531,224,3.699707,0.89990234,1.39990234,128,7.419922,103,22,3225,0,0
72.06299,0,1,747,4,123,6.39941406,82,26,36.39844,224,2.5,0.89990234,2,138,7.419922,242,25,1600,1,1
84.04895,0,1,746,0,62,23.6992188,65,42,36.09375,182.5,2.8999023,1,1.09985352,150,7.469727,135,54,1180,0,1
41.33899,1,2,664,2,62,7.59960938,115,22,37.5,224,3.5996094,0.29998779,1.39990234,136,7.419922,121,18,3350,0,1
66.22595,1,2,82,5,68,6.59960938,110,23,36.19531,312.5,2.8999023,26,3,149,7.439453,135,116,1540,0,2
67.52899,1,2,533,3,102,6.09960938,70,24,36.5,202.03125,2.8999023,0.89990234,1.39990234,139,7.359375,162,15,1968,2,7
43.06097,0,2,741,2,65,6.09960938,135,28,37.79688,132.5,2.8999023,1.09985352,1.19995117,134,7.509766,145,31,4425,0,1
23.17,0,2,728,0,103,22,96,28,38,155.09375,2.8999023,0.89990234,0.79992676,133,7.40918,135,8,2900,0,0
84.99896,0,2,728,2,75,8.3984375,64,22,36.39844,108.15625,2.8999023,0.89990234,4.09960938,134,7.15918,276,61,1200,0,1
52.88397,0,2,727,3,72,21.796875,75,28,37.5,140.8125,2.5,8.19921875,2.39990234,132,7.429688,108,58,3460,0,2
56.57498,0,2,727,2,49,4.59960938,65,20,36.19531,224,2.8999023,1.59985352,1,134,7.419922,135,24,2950,0,0
59.02499,1,2,18,5,68,5.19921875,110,8,36.39844,274.25,3.2998047,2.39990234,6.39941406,142,7.549805,424,76,255,0,7
35.379,0,1,725,1,78,7.19921875,120,22,39.19531,224,2.5996094,0.19998169,0.89990234,139,7.419922,79,14,3730,0,0
50.59799,0,2,723,1,128,19.6992188,55,14,38.59375,88.625,2.8999023,0.89990234,1.09985352,148,7.529297,151,32,3755,0,1
39.52399,0,2,723,2,72,4.39941406,115,20,36.09375,224,2.8999023,0.89990234,1.39990234,132,7.419922,82,22,5620,0,1
51.702,0,1,721,1,62,10.0996094,125,43,38.69531,154,2.7998047,0.89990234,1.09985352,146,7.469727,389,20,2220,0,1
74.74896,1,1,10,3,50,11.5,50,15,39,308,2.8999023,0.29998779,6.69921875,135,7.259766,238,53,0,0,0
68.43799,1,2,108,1,68,9.5,75,22,38.59375,130,2.8999023,0.89990234,1.09985352,133,7.439453,173,19,2825,0,0
26.754,0,1,720,0,103,16.5,115,12,38,445.6875,2.8999023,0.89990234,0.59997559,141,7.569336,99,22,1435,0,1
68.60797,1,1,5,2,52,15.8984375,80,26,36.89844,108.5625,2.5996094,8.69921875,2.29980469,142,7.439453,364,43,0,0,0
54.61697,1,1,312,5,57,19.8984375,110,6,39.09375,222.84375,2.8999023,0.89990234,6.19921875,142,7.429688,96,36,5,5,1
91.12695,0,1,717,2,104,5.29980469,82,20,37.59375,224,2.8999023,0.89990234,1,140,7.419922,135,19,2705,0,0
75.047,1,1,5,4,103,7.5,75,40,38.19531,740,2.699707,4,0.59997559,129,7.329102,323,7,2730,0,6
65.29999,1,2,24,6,43,3.29980469,115,10,38,174.53125,2.7998047,0.69995117,7.19921875,142,7.489258,95,78,1968,0,1
61.49197,0,1,715,0,72,19.3984375,115,34,38.5,292.5,2.8999023,0.89990234,1.69995117,148,7.55957,110,71,1118,0,1
73.15796,1,2,12,2,71,31.3984375,128,32,38.09375,347.5625,2.3999023,1.29980469,1.29980469,134,7.469727,119,23,4250,0,1
57.36099,1,1,16,0,109,4.39941406,96,28,36.39844,224,2.8999023,0.89990234,1.19995117,140,7.419922,135,23,600,5,5
49.72998,0,1,710,0,38,42.09375,140,24,38.09375,193.3125,1.5,0.59997559,7,134,7.369141,173,147,4625,5,6
70.12994,1,2,275,3,58,9.3984375,105,20,36.69531,224,2.8999023,0.5,1.69995117,136,7.419922,361,41,3780,1,1
61.79898,1,2,194,2,38,11.3984375,105,22,36.09375,224,2.8999023,0.89990234,1.79980469,133,7.419922,135,52,2800,0,1
47.896,1,1,20,5,113,11.7988281,105,15,39.39844,168,2.8999023,9.19921875,0.5,134,7.5,135,17,2335,0,0
52.129,0,2,708,2,47,10.5996094,65,24,36.29688,224,4.2998047,2.59960938,2,134,7.419922,105,24,2445,0,1
51.461,1,1,9,3,59,10,112,36,36.59375,224,2.8999023,0.89990234,1,141,7.419922,112,14,350,0,1
59.95297,0,2,705,3,108,36.6953125,130,28,37.89844,224,2.3999023,0.59997559,2.39990234,142,7.419922,122,71,510,1,2
77.29999,0,1,705,1,71,13,72,14,36.19531,224,2.5,1,0.89990234,140,7.419922,135,23,1050,0,1
77.52496,1,2,19,2,55,15.1992188,105,32,35.29688,310,2.8999023,1,4.5,144,7.619141,151,123,302,0,1
50.09399,1,2,155,2,55,5.19921875,75,20,36.09375,224,2.8999023,0.89990234,2.69970703,126,7.419922,140,38,2000,0,1
43.53998,1,1,29,4,78,24.5976562,155,12,38,136,2.8999023,6.59960938,0.59997559,134,7.509766,210,28,1675,0,0
65.01794,0,2,704,0,108,7.79980469,105,18,36.69531,127.26562,2.5,0.29998779,1.09985352,139,7.419922,93,17,5930,0,1
75.55597,1,1,93,2,68,15.2988281,115,24,36.89844,200,2.5996094,0.89990234,0.79992676,131,7.5,155,25,2165,0,0
61.76599,0,1,703,2,84,6.79980469,75,26,36.5,217.125,2.8999023,9,0.69995117,134,7.439453,135,8,2350,0,0
35.47198,1,2,28,1,55,0.59997559,115,34,39.09375,142.5,1.6999512,14,1.79980469,147,7.469727,145,107,1508,0,1
56.36697,1,2,6,5,48,31.1992188,105,30,38.5,168,2.8999023,10.0996094,3,141,7.419922,170,73,0,0,0
74.69995,0,1,700,2,52,8.29882812,65,36,36.79688,368.5,2.8999023,0.89990234,2.5,136,7.419922,98,48,1000,0,1
46.09198,0,1,701,2,52,0.04999542,165,24,37.69531,275.5,2.8999023,3.89990234,3.5,146,7.359375,269,63,0,0,1
53.27899,1,1,542,1,123,12.1992188,130,28,37.89844,337.75,3,0.5,1,132,7.329102,125,5,3250,0,1
53.06198,1,1,24,0,63,4.89941406,125,12,36.19531,177.5,3.699707,9.5,2.09960938,142,7.299805,438,63,452,0,1
69.133,1,2,5,2,68,5.39941406,135,28,38.19531,80,2.8999023,0.59997559,1.19995117,133,7.459961,140,15,3010,0,3
54.46997,1,2,43,2,58,7.29980469,115,50,39.29688,116,3.0996094,3.59960938,2.5,163,7.419922,180,75,2151,0,1
45.96298,1,1,10,4,118,4.09960938,115,24,38,502.8125,2.699707,4.09960938,1.69995117,138,7.419922,186,120,2110,0,3
38.83099,1,1,18,0,45,1.39990234,180,18,39.5,106,1.8999023,12.5996094,1.59985352,151,7.40918,161,86,3590,0,0
48.43799,0,1,693,1,122,16.1992188,145,15,38,134,2.199707,0.29998779,1.09985352,145,7.319336,125,15,3975,0,0
74.88794,0,1,692,3,68,13,110,36,38.39844,167.5,3.199707,1.59985352,0.89990234,148,7.389648,178,37,2360,0,1
68.08795,0,2,692,1,67,18.0976562,75,12,36.59375,186.65625,2.8999023,2.39990234,5,129,7.489258,221,63,20,0,0
27.30199,0,1,691,2,98,15.5996094,105,48,36.79688,197.9375,2.8999023,0.69995117,1.19995117,135,7.419922,177,22,3405,0,1
64.66296,0,1,690,2,58,12.1992188,145,26,36.19531,224,2.8999023,0.69995117,1,129,7.419922,92,13,1265,0,1
74.47998,0,2,689,3,73,7.5,70,28,36,224,2.8999023,0.89990234,1.39990234,142,7.419922,87,22,3450,4,0
56.96597,1,2,36,1,53,18.796875,115,22,39.5,200,2.8999023,24.1992188,3.89990234,137,7.549805,97,72,180,0,1
68.32599,0,2,687,0,105,10.7988281,100,30,37.79688,224,2.8999023,0.89990234,1.19995117,130,7.419922,247,21,3350,0,1
64.02997,1,2,30,2,62,4.5,65,22,36.5,173.3125,2.8999023,3,2.09960938,132,7.469727,110,34,3465,1,0
56.01898,1,2,318,5,112,7.29980469,115,26,38.39844,224,2.8999023,4.79980469,2.79980469,136,7.419922,168,104,1000,0,7
56.42697,1,1,60,3,128,23.1992188,160,28,38.89844,88.5625,2.8999023,1,1.19995117,145,7.40918,292,80,3495,0,0
74.97296,0,1,684,4,101,3.79980469,76,20,36.39844,224,2.8999023,0.89990234,1.89990234,141,7.419922,135,39,1670,6,1
66.64197,1,1,181,1,46,8.8984375,160,32,36,224,3.3999023,0.39996338,0.59997559,139,7.419922,128,6,1075,0,1
37.25699,1,2,12,6,65,9.8984375,100,42,34.89844,87.5,2.8999023,31.5,4.19921875,146,7.429688,152,75,847,0,0
59.70697,1,1,12,4,58,3.09960938,125,35,39.5,110,2.8999023,0.79992676,1.09985352,139,7.5,135,35,3805,0,4
57.91397,1,1,95,2,120,23,125,12,37.59375,130,2.8999023,0.89990234,1.19995117,136,7.449219,294,40,2770,0,2
79.81396,1,2,351,1,45,16,95,48,39.5,133.3125,2.8999023,6.29980469,1.19995117,152,7.479492,165,50,2496,0,0
80.49298,0,2,681,2,78,16.0976562,85,28,38.19531,217.5,2.8999023,0.89990234,0.79992676,133,7.429688,115,10,1925,0,1
63.56198,1,1,27,3,85,7.69921875,72,24,36.5,224,2.8999023,0.89990234,1.39990234,142,7.419922,112,24,1215,0,0
89.92499,1,2,3,0,58,22.6992188,145,32,36.29688,227.5,3.2998047,0.39996338,2.69970703,131,7.399414,147,51,1880,0,1
75.64996,0,1,677,1,60,17.0976562,5,30,37.59375,305,2.2998047,4.5,2.59960938,138,7.319336,135,60,13,0,1
52.33398,0,1,677,3,71,5.5,80,24,36.59375,224,2.8999023,0.89990234,0.89990234,139,7.419922,135,17,1968,0,1
41.21298,1,1,145,1,45,5.5,75,18,36,224,3.8999023,0.5,1.59985352,135,7.419922,186,21,1700,0,3
62.60898,1,1,471,2,71,5.59960938,76,20,36.39844,224,2.8999023,2,0.59997559,133,7.419922,93,4,1850,0,1
71.47198,1,2,122,2,109,6.89941406,104,22,36.39844,460,2.8999023,0.89990234,0.89990234,134,7.399414,183,23,2075,0,2
43.129,1,1,380,1,49,3.79980469,65,20,36.29688,224,2.8999023,0.89990234,2.19970703,126,7.419922,135,71,1575,0,1
45.16098,1,2,5,0,73,10.5996094,80,16,38.19531,224,2.8999023,0.89990234,0.69995117,140,7.419922,87,10,2375,0,0
55.76498,1,1,109,1,132,22.5976562,135,20,38.59375,148.875,3.3999023,0.39996338,2.39990234,148,7.359375,401,47,3975,0,1
70.12695,1,2,9,1,62,4.59960938,135,38,39.39844,83.32812,2.8999023,0.79992676,0.69995117,146,7.339844,135,25,2095,0,2
70.20697,1,2,121,2,68,17.8984375,145,24,36.69531,222.84375,2.5996094,0.5,0.79992676,131,7.439453,235,32,4750,0,4
65.87299,1,1,22,3,115,4.59960938,65,26,36,482.5,2.5,3.39990234,1.59985352,142,7.459961,253,66,2395,0,1
37.77399,1,1,93,1,73,5.39941406,115,36,38.39844,225,2.8999023,0.89990234,5.5,149,7.439453,234,125,1400,0,0
27.866,0,1,670,2,69,7.19921875,74,20,37.89844,224,3.5996094,0.39996338,1,135,7.419922,84,5,7025,1,2
46.51898,1,2,110,4,67,9.5,105,20,36.19531,224,4.1992188,1,1.39990234,140,7.419922,80,17,900,0,0
75.461,1,1,451,3,56,7.89941406,105,8,36,228.875,2.7998047,9.5,2.29980469,155,7.459961,184,59,1965,0,1
66.50494,1,2,127,1,114,7.09960938,70,30,36.59375,211.09375,2.8999023,0.89990234,0.89990234,145,7.339844,102,18,5650,0,1
49.89697,1,1,308,0,45,23.1992188,170,10,38.39844,100,2.8999023,0.89990234,2.29980469,134,7.319336,287,33,279,3,0
45.08698,1,2,7,4,77,15.8984375,80,20,36.29688,224,2.8999023,20.5976562,2.19970703,131,7.419922,76,11,2250,0,1
71.849,0,2,667,3,50,9.29882812,25,28,38.5,295,2.8999023,9.5,2.5,136,7.279297,135,89,1790,0,1
56.88199,1,1,4,3,49,12.3984375,135,16,36.69531,211,2.8999023,0.89990234,1.19995117,137,7.089844,135,18,3013,0,1
39.02298,1,1,24,0,78,25.796875,120,32,36.5,469.375,2.8999023,0.89990234,0.5,127,7.479492,135,13,3765,0,2
56.10999,1,2,27,0,113,0.09999084,135,12,35.79688,265.25,1.7998047,7.5,1.29980469,131,7.299805,617,30,3580,0,1
66.26398,0,1,666,0,57,22.1992188,100,31,38.5,182,2.8999023,2.79980469,8.09960938,141,7.389648,513,87,12,0,1
67.92596,1,1,14,1,100,16.796875,110,10,39,224,2.8999023,1,0.59997559,135,7.419922,110,25,2305,0,1
82.02594,1,2,311,3,63,9.09960938,108,8,37.89844,313.3125,2.8999023,0.89990234,0.89990234,138,7.479492,107,25,1800,0,1
55.13797,0,2,663,3,48,0.5,140,34,39.79688,120,2.8999023,0.89990234,0.79992676,157,7.379883,135,24,3935,0,0
38.771,0,2,661,1,55,18.0976562,175,31,36,260,2.8999023,0.89990234,1.79980469,137,7.469727,179,50,1337,0,1
23.76999,1,1,37,0,70,10.5996094,96,20,37.59375,309.5,4.0996094,0.29998779,0.79992676,135,7.429688,126,11,2890,0,0
36.67398,1,2,4,0,103,5,120,34,39,224,2.699707,0.89990234,0.79992676,143,7.419922,135,14,2616,0,1
89.82599,1,1,4,0,77,16.3984375,118,28,36.19531,233.3125,2.8999023,0.69995117,1.09985352,133,7.469727,269,15,1075,0,1
71.06396,0,2,656,2,40,13.2988281,115,36,38.79688,125,2.8999023,0.89990234,1.59985352,143,7.519531,135,29,1920,1,1
84.46796,1,1,3,2,63,13.7988281,168,40,39.59375,178.3125,1.6999512,0.79992676,0.69995117,149,7.439453,147,32,2710,0,1
93.46997,0,1,654,3,59,13.0996094,68,24,38.19531,90.76562,2.8999023,0.89990234,1.59985352,142,7.469727,124,47,1750,0,0
57.48898,1,2,4,5,35,33.09375,155,30,38.59375,65,2.8999023,17.5,4.19921875,135,7.109375,151,48,34,0,1
73.99896,1,1,415,3,50,30.6992188,55,36,35.5,224,2.8999023,1.29980469,2.29980469,122,7.419922,105,40,209,0,1
57.43997,1,1,91,1,78,11.0996094,70,20,37.89844,223.3125,2.2998047,0.89990234,1.59985352,137,7.419922,102,41,2540,0,0
70.45599,1,1,4,1,110,15.0996094,155,44,36.59375,680,2.5996094,0.89990234,1.59985352,131,7.459961,114,47,15,0,0
63.88199,1,2,8,2,70,7.39941406,45,28,36.09375,224,2.8999023,0.89990234,1.5,139,7.419922,90,28,1175,0,1
46.00699,1,2,4,3,45,22.6992188,125,28,35.19531,168,2.8999023,4.5,3.69970703,143,7.259766,180,55,10,0,1
63.07999,0,1,649,3,73,11.0996094,102,26,36.19531,224,2.8999023,0.89990234,0.89990234,131,7.419922,346,12,3150,0,1
64.34796,0,2,649,1,63,3.69970703,136,32,36.19531,224,2.5,0.89990234,0.79992676,133,7.419922,135,15,1250,2,1
52.02698,1,2,201,4,112,14.3984375,140,34,39.19531,182.5,2.8999023,0.89990234,1.29980469,135,7.529297,279,36,1770,0,0
59.75598,0,2,647,4,113,12.5996094,135,49,39.5,130,2.8999023,0.89990234,1.39990234,143,7.479492,148,24,1710,0,1
72.80194,0,2,643,1,57,6.09960938,155,25,37.39844,118.65625,2.8999023,1.79980469,0.89990234,131,7.419922,135,21,695,0,1
73.68695,1,2,11,2,63,10.5996094,65,20,36.29688,224,2.8999023,0.89990234,1,133,7.419922,462,18,3600,0,1
70.508,1,1,45,1,75,9.8984375,74,20,36.39844,224,2.8999023,8.5,1.19995117,134,7.419922,135,23,1430,0,1
55.50198,0,2,639,2,58,22.296875,115,44,38.09375,330,2.8999023,25.5976562,3,142,7.5,211,136,4520,0,0
63.94299,0,1,637,3,67,9.79882812,96,22,38.19531,224,2.8999023,3.39990234,0.69995117,133,7.419922,181,8,2625,1,1
47.47998,0,1,636,1,62,12.5,135,37,38.59375,347.5,2.8999023,0.89990234,1.5,152,7.589844,304,33,2712,0,1
50.51099,0,1,636,0,70,14.7988281,82,22,36.39844,224,3.0996094,4.29980469,0.79992676,136,7.419922,113,15,800,0,1
66.771,1,1,487,1,82,9.69921875,96,24,38,224,2.8999023,0.89990234,2.69970703,138,7.419922,135,37,4250,0,1
51.85199,1,2,57,1,52,17.8984375,105,26,38.69531,145.6875,2.5996094,0.89990234,1.29980469,136,7.519531,164,23,3800,0,0
58.63397,1,1,572,1,65,10.3984375,125,24,36.59375,186.65625,2.5996094,7.19921875,1.09985352,143,7.479492,345,54,1690,0,0
74.41797,0,1,634,1,122,1.59985352,65,24,38.09375,248.96875,2.8999023,10.1992188,0.79992676,137,7.449219,152,32,5290,0,1
60.01398,0,2,634,1,99,40.796875,120,24,37.89844,254.65625,2.8999023,4.09960938,0.79992676,139,7.529297,107,8,3320,0,1
34.53799,1,1,28,2,72,14.0996094,78,22,38,224,2.8999023,0.89990234,0.79992676,138,7.419922,135,4,1150,0,6
79.25494,1,2,411,1,100,15.8984375,106,14,36.39844,90,2.8999023,0.5,1,135,7.459961,177,15,1200,0,1
59.409,0,2,628,2,62,31.6992188,115,10,35.79688,168,2.8999023,2.69970703,2.59960938,138,7.419922,96,29,3240,0,1
46.31598,1,1,404,1,67,28.3984375,115,40,38.29688,360,2.8999023,0.89990234,1.89990234,137,7.439453,207,84,2360,0,1
73.10895,1,1,23,3,78,11,116,24,38.39844,224,3.199707,1.69995117,1.09985352,138,7.419922,142,8,850,0,1
72.28699,1,2,4,1,69,4.89941406,72,14,37.79688,224,2.8999023,3.39990234,0.59997559,135,7.419922,93,6,1950,0,0
51.72897,0,1,626,2,107,11.0996094,55,10,36.39844,365,2.2998047,1.09985352,0.79992676,132,7.459961,148,14,2655,0,1
52.89499,0,1,625,2,55,11.0996094,105,10,38.5,250,3,4.5,3.59960938,148,7.539062,212,57,3988,0,0
44.31799,1,2,132,4,72,27,145,40,38.79688,202,2.8999023,1.19995117,0.59997559,136,7.389648,135,10,4580,0,2
75.87695,1,2,406,1,35,17.296875,185,10,37.69531,245,2.8999023,0.89990234,3.89990234,133,7.369141,186,46,3790,0,1
69.46198,0,2,622,2,156,112.1875,135,35,38.29688,100,2.8999023,0.89990234,3.5,139,7.279297,135,73,0,0,1
42.44998,1,1,38,1,70,7,100,26,35.89844,224,4,0.89990234,1.19995117,136,7.419922,104,13,2400,0,1
66.98999,1,1,385,2,67,35.6953125,130,28,38.59375,345.6875,3.199707,2.39990234,4.5,134,7.519531,135,166,5435,0,1
63.36798,0,2,618,1,115,11.1992188,55,26,36.39844,224,2.3999023,10.2988281,1,138,7.419922,140,49,2960,0,0
61.741,1,2,10,4,63,11.7988281,155,25,38,173,2.8999023,0.89990234,1.29980469,134,7.289062,188,24,3185,0,1
68.23297,1,2,196,1,67,5.59960938,125,23,38,107.04688,3.8999023,4.19921875,3.29980469,139,7.399414,231,42,990,0,2
70.04199,0,2,615,1,115,11.6992188,112,24,36.79688,224,2.8999023,0.89990234,0.69995117,138,7.419922,135,7,570,0,0
71.36798,1,2,9,2,70,7,110,14,36.5,373.3125,2.8999023,1.69995117,2.09960938,137,7.329102,69,110,2210,0,1
43.25497,0,2,614,3,62,14.6992188,125,26,38.59375,173.3125,2.8999023,2.29980469,1.89990234,145,7.429688,241,38,1926,1,1
73.90594,1,2,33,2,62,15.3984375,75,6,35.39844,87,2.3999023,28.0976562,1.39990234,130,7.439453,145,22,3695,0,1
59.19498,1,2,85,4,140,15.0996094,110,50,38,193.3125,2.8999023,0.89990234,1.19995117,142,7.549805,160,22,3355,5,4
70.81195,1,1,27,4,115,10.5,106,24,38.5,224,3.8999023,1,1,134,7.419922,82,9,2950,0,2
73.98499,0,1,612,1,57,34.1953125,110,24,35.69531,165.28125,3.0996094,3,3.29980469,133,7.469727,70,54,4600,0,0
70.41797,0,1,612,1,71,15,80,24,35.79688,120,2.8999023,4.09960938,1.69995117,135,7.379883,131,67,1304,1,1
79.93195,1,1,22,4,84,8.3984375,58,24,35.79688,224,2.199707,0.89990234,0.59997559,133,7.419922,135,10,1968,0,6
66.62299,0,1,602,0,52,10.5996094,100,22,36.5,224,2.8999023,1.09985352,1.79980469,127,7.419922,118,67,2310,0,0
58.69998,1,1,14,1,68,23.0976562,125,12,37.79688,395,2.8999023,0.89990234,0.69995117,136,7.40918,215,10,1950,0,1
29.26999,1,2,9,2,105,14.5996094,65,24,38.5,224,2.8999023,0.89990234,0.79992676,132,7.419922,89,17,2230,0,1
36.26797,0,1,599,0,67,13.5,100,24,38.19531,224,3.5996094,0.5,0.89990234,136,7.419922,135,9,1600,0,0
97.23999,1,2,46,4,73,10.2988281,83,20,37.09375,252.375,3.699707,0.5,1.69995117,136,7.369141,138,19,1968,0,6
44.37198,0,2,598,1,65,13.6992188,80,27,37.69531,300,2.8999023,0.89990234,0.79992676,135,7.419922,135,19,4165,0,0
62.06198,0,2,598,0,117,8.19921875,108,22,36.59375,224,2.8999023,0.89990234,0.69995117,139,7.419922,135,5,2000,0,1
57.97699,1,2,4,3,113,25.3984375,155,60,39.69531,91.42188,1.7998047,0.69995117,0.79992676,135,7.349609,262,14,5101,0,1
75.96698,0,2,593,3,105,6.19921875,115,10,38,228,3,8.79882812,1.59985352,155,7.5,259,99,6920,2,1
71.99695,1,1,360,0,105,15.5,135,26,39,340,2.8999023,0.89990234,0.79992676,125,7.529297,114,16,4950,0,1
31.403,0,1,590,0,99,11.8984375,76,24,36.39844,224,2.8999023,0.89990234,1.19995117,133,7.419922,131,19,1400,0,1
59.87097,1,2,381,1,102,0.04999542,65,24,36.39844,452,2.8999023,1.5,0.69995117,130,7.489258,135,16,3400,0,1
71.12897,1,1,116,1,58,14.0996094,115,28,38,415,2.8999023,1.29980469,1.89990234,135,7.40918,301,30,1640,0,1
69.19397,0,2,586,3,133,19.8984375,155,33,37.89844,177.53125,2.3999023,18.1992188,2.19970703,144,7.449219,135,85,2665,0,4
64.02197,0,2,586,1,71,10.5996094,82,20,36,278.25,2.8999023,0.89990234,1,131,7.449219,135,18,4875,0,1
71.49097,1,2,146,1,75,22.5976562,75,11,38.59375,455,2.8999023,0.89990234,0.59997559,142,7.55957,150,15,840,0,1
45.19598,1,2,169,2,62,2.19970703,115,56,36.19531,193.875,2.8999023,2.59960938,0.79992676,134,7.439453,171,12,8210,0,1
28.627,0,2,583,2,85,15.2988281,120,14,38.59375,224,2.8999023,0.89990234,0.89990234,137,7.419922,136,12,850,0,0
54.14099,1,2,64,5,98,17.0976562,135,39,36.5,225.6875,2.8999023,0.89990234,1,130,7.389648,224,23,2487,0,1
46.04199,1,1,449,1,51,10.5996094,95,20,35.89844,224,2.8999023,0.89990234,1.69995117,128,7.419922,135,27,2750,0,1
71.19495,0,1,580,3,72,14.0996094,125,32,37.89844,183.65625,3.2998047,0.89990234,1.39990234,140,7.169922,196,13,2140,0,0
60.25998,1,1,525,1,50,7.19921875,75,8,36.39844,187.5,2.8999023,0.89990234,3.39990234,149,7.529297,138,93,2970,0,1
68.68695,1,2,257,2,113,11.5,110,32,36.69531,176,2.2998047,2.09960938,1.5,132,7.449219,173,23,3785,0,1
58.741,1,2,172,2,47,8.19921875,105,20,35.79688,224,3.7998047,2.69970703,1.29980469,130,7.419922,112,17,3650,3,4
71.89294,0,2,578,2,83,8,80,16,37,224,2.8999023,8.8984375,1.29980469,132,7.419922,135,21,760,0,1
62.34399,0,2,577,3,93,6.59960938,126,24,38.39844,224,2.8999023,0.79992676,0.89990234,140,7.419922,113,9,3975,0,0
60.66299,1,1,9,2,100,0.89990234,110,24,36.19531,218.34375,2.8999023,0.89990234,0.89990234,130,7.529297,135,17,3800,0,1
50.40097,0,2,576,0,77,12.0996094,114,24,36,224,2.8999023,0.89990234,1.19995117,140,7.419922,135,23,1550,0,1
51.52399,1,1,17,1,72,10.5996094,75,16,36.5,224,2.8999023,0.89990234,1.5,142,7.419922,135,26,3855,0,1
52.71698,1,2,8,1,50,6.19921875,75,20,36.79688,224,2.8999023,0.89990234,1.19995117,137,7.419922,135,35,3185,0,0
64.64899,1,1,392,1,73,8.09960938,70,20,36,224,2.8999023,0.89990234,1.59985352,141,7.419922,135,30,3300,0,1
73.51996,1,1,291,2,68,35.8984375,120,28,36,224,2.8999023,0.89990234,1.19995117,136,7.419922,135,21,2790,0,1
63.685,1,1,20,3,52,0.04999542,105,10,35.69531,131,2.8999023,15.0996094,3.09960938,142,7.239258,326,32,0,0,3
66.33295,1,2,181,1,62,7.79980469,100,36,38.29688,315,2.8999023,0.89990234,0.79992676,136,7.449219,135,13,2430,0,0
38.76498,1,2,202,2,61,5.5,116,12,36.19531,224,2.8999023,0.89990234,0.69995117,143,7.419922,135,9,1550,0,0
65.55798,1,2,540,3,122,110,55,14,38.69531,165,2.8999023,0.89990234,2,143,7.469727,281,25,2380,0,1
46.56,1,1,10,3,72,6.19921875,76,20,37.79688,224,2.8999023,0.89990234,1.19995117,140,7.419922,135,23,1850,0,2
67.89294,1,1,279,4,76,9.3984375,72,20,36,224,2.8999023,0.39996338,1.09985352,141,7.419922,135,18,1400,0,0
58.24197,1,2,88,2,92,3.39990234,105,26,36,224,1.5,17,2.09960938,126,7.419922,84,66,875,0,1
68.65997,0,2,567,0,60,25.1992188,105,28,38,332.5,2.8999023,0.89990234,3.19970703,142,7.489258,212,49,585,0,0
53.49197,1,1,15,3,65,9.3984375,95,6,36.29688,455,2.8999023,6.89941406,1.89990234,149,7.539062,73,53,2945,0,5
70.71295,0,1,563,1,77,4.79980469,78,20,35.69531,224,3.8999023,3,1.5,138,7.419922,111,31,1825,0,1
68.73895,1,2,4,1,52,6.59960938,115,40,38.59375,270,2.8999023,46,3.69970703,143,7.449219,340,95,424,0,1
60.87097,1,2,187,3,65,6.59960938,75,8,38,224,3.2998047,3,3.5,135,7.419922,106,101,3360,0,1
77.14398,0,2,560,2,74,9.09960938,110,18,36,224,2,0.29998779,0.69995117,120,7.419922,84,8,900,0,0
61.92999,0,2,559,5,72,8.09960938,55,20,36.19531,91.65625,2.8999023,0.59997559,1.39990234,138,7.419922,135,26,1636,0,1
43.05798,0,1,555,1,70,26.0976562,110,28,35.5,302.5,2.8999023,22.5976562,2.19970703,133,7.349609,223,77,1885,0,1
54.47998,1,2,104,1,65,8.59960938,75,24,38.09375,224,2.8999023,0.5,1.19995117,138,7.419922,95,18,4085,0,1
80.323,1,1,49,4,99,7,79,28,36.39844,252.375,2.8999023,0.89990234,0.79992676,137,7.449219,95,15,1925,0,1
32.28198,1,2,13,1,52,28.3984375,70,34,35.79688,184,2.2998047,27.6992188,4.5,145,7.449219,207,66,35,0,0
44.73099,1,2,38,0,109,6.19921875,85,28,36.59375,313.3125,2.8999023,0.89990234,1,134,7.459961,154,16,3350,0,0
49.44598,1,2,8,4,60,29,120,24,36,120,2.8999023,3.09960938,8.5,142,7.429688,146,89,55,0,1
68.07098,0,2,547,1,71,4.69921875,78,20,36.79688,224,2.8999023,1.59985352,1.19995117,127,7.419922,282,30,2100,0,1
61.71899,0,2,543,3,75,20.8984375,104,30,38.59375,173.3125,2.8999023,1.09985352,1.19995117,138,7.479492,135,23,2050,1,1
63.15097,1,2,41,2,98,11.6992188,50,20,35.5,224,2.8999023,0.89990234,1.29980469,149,7.419922,429,37,2085,5,1
58.68597,1,1,389,1,57,44,125,35,36,233.3125,2.8999023,0.89990234,1,136,7.449219,415,34,1870,0,0
65.19598,1,2,16,3,122,30.3984375,125,12,36.59375,300,2.8999023,0.89990234,4,145,7.419922,95,119,694,0,1
62.81998,1,2,300,4,67,25.3984375,75,10,36.09375,375,4,7.79980469,2.29980469,133,7.349609,89,46,2785,0,0
90.35699,0,2,542,3,66,10.5,38,24,35.29688,224,3.7998047,1.79980469,2,139,7.419922,105,29,2225,0,1
58.98199,0,2,541,2,57,7.79980469,105,12,36.59375,163.5,2.3999023,36.3984375,5.19921875,135,7.109375,98,48,240,0,1
79.896,1,2,10,3,127,18.6992188,120,38,38.59375,208.15625,2.8999023,0.89990234,1.69995117,130,7.489258,135,19,3186,0,1
77.74396,1,1,12,3,57,5.89941406,135,22,36.89844,224,3.5996094,0.79992676,1.19995117,134,7.419922,135,25,3120,5,5
72.05194,1,2,340,3,57,7.09960938,65,28,36.5,224,2.8999023,0.29998779,1.19995117,132,7.419922,135,13,2810,0,1
61.49799,1,1,196,2,97,10.5996094,110,22,37.89844,224,2.8999023,0.89990234,1.19995117,140,7.419922,136,23,3100,0,0
53.26797,1,1,21,1,55,27.5976562,95,10,38.69531,267.5,2.8999023,13,3.69970703,132,7.55957,135,61,0,0,1
67.16998,1,2,26,3,73,14.1992188,55,24,36.5,224,2.5996094,0.69995117,1.59985352,135,7.419922,165,37,4220,0,1
86.41998,1,2,16,0,65,11.8984375,124,52,39.39844,224,2.8999023,0.89990234,0.79992676,136,7.419922,116,22,1425,0,1
48.76898,0,2,534,1,70,10.5996094,55,20,36,224,2.8999023,0.89990234,2,139,7.419922,117,40,1745,0,0
41.12799,1,1,103,2,107,1.89990234,60,26,38,336.625,2.699707,0.69995117,1.59985352,133,7.459961,98,16,2313,0,7
52.31998,0,2,531,3,63,7,75,40,38,67.76562,1.8999023,0.59997559,1.09985352,132,7.519531,113,26,1496,0,1
71.75397,0,2,531,1,71,8.09960938,66,22,35.59375,224,2.8999023,0.79992676,1,140,7.419922,413,18,2975,0,5
64.41595,1,1,13,5,65,10.7988281,70,32,36.39844,376.1875,2.8999023,0.89990234,1.19995117,140,7.399414,156,24,1925,0,7
56.66299,0,1,529,0,66,12.3984375,64,22,36.39844,224,3.7998047,0.89990234,0.79992676,136,7.419922,260,14,2350,0,1
20.73099,0,2,528,0,48,15.7988281,100,24,38,273.3125,2.8999023,0.89990234,1.5,130,7.539062,135,24,1745,0,1
77.31097,0,2,528,2,50,9.5,135,13,39.39844,196,1.5998535,1.79980469,0.89990234,135,7.369141,236,21,1800,0,0
56.03299,1,2,6,3,78,12,115,36,36.79688,71.65625,2.8999023,0.89990234,3.89990234,128,7.489258,145,73,2350,0,0
76.42999,1,2,62,1,70,14.6992188,75,10,38.19531,212,2.8999023,1.59985352,3.09960938,152,7.519531,492,111,2264,0,0
69.58795,1,2,240,1,65,17.5976562,165,26,38.39844,85,2.8999023,0.89990234,1,132,7.359375,253,18,1440,0,1
70.32996,1,1,28,2,62,9.69921875,65,20,36.19531,224,3.8999023,0.59997559,0.89990234,139,7.419922,124,18,1660,0,1
68.34497,1,1,236,2,85,20.296875,125,30,38.59375,315.5,2.8999023,0.89990234,2.89990234,147,7.429688,101,68,2545,0,1
76.76099,1,2,28,1,73,5.89941406,75,10,38.29688,186,2.8999023,0.89990234,1.39990234,152,7.339844,135,38,548,2,2
58.823,1,1,440,1,98,19.5,115,29,38.69531,585,2.8999023,0.69995117,0.59997559,131,7.519531,172,12,3055,0,1
31.79999,1,1,24,5,115,14.6992188,140,24,39.29688,402.5,2.8999023,5.29980469,1.09985352,128,7.459961,221,18,3765,0,2
55.32898,1,2,38,2,82,20.1992188,110,26,37.39844,137.5,2.2998047,0.89990234,1.39990234,140,7.429688,104,12,1148,0,0
55.35098,0,2,517,0,65,12.0996094,115,31,37.79688,220,2.699707,46.5,7.79980469,138,7.5,184,96,328,0,1
40.05197,1,1,515,1,77,13.6992188,80,20,36.59375,224,2.8999023,0.89990234,1.19995117,134,7.419922,135,14,2900,0,1
33.043,0,2,515,3,83,3,104,22,39.19531,224,2.8999023,0.79992676,1.29980469,138,7.419922,144,15,2750,0,1
75.20898,1,1,212,2,67,20.5976562,55,25,36,371,2.8999023,0.29998779,1.19995117,129,7.609375,289,25,1466,0,0
59.55099,1,2,8,1,68,13.6992188,145,32,37.69531,344,2.8999023,0.89990234,0.79992676,140,7.539062,133,14,2183,0,1
65.30298,1,2,7,1,46,8.09960938,75,22,36.5,224,3.3999023,2.09960938,1.29980469,130,7.419922,108,35,3113,0,1
34.31299,1,2,7,4,49,5,55,22,35.79688,224,2.8999023,0.89990234,0.69995117,124,7.419922,135,25,3550,0,1
68.51495,1,1,163,0,60,25.5976562,65,34,38.5,247.5,2.8999023,0.19998169,5.59960938,136,7.469727,135,79,0,0,0
70.56494,1,1,137,1,63,10.3984375,75,16,36.29688,224,3.699707,2.39990234,1.5,126,7.419922,94,24,3625,0,1
59.31,1,1,131,4,132,2.39990234,125,44,37.79688,182,2.8999023,1.19995117,4.39941406,140,7.339844,356,91,492,0,1
35.17297,1,2,5,2,106,8.69921875,76,14,37.5,224,2.8999023,0.29998779,0.79992676,132,7.419922,85,11,1800,0,0
60.39999,1,2,499,1,128,31.3984375,125,25,39,192,2.5,6.09960938,0.79992676,151,7.439453,99,32,6065,0,0
37.96298,1,2,10,4,63,6.69921875,105,20,36,224,2.8999023,0.89990234,1.89990234,137,7.419922,135,42,1875,0,0
56.56097,0,2,494,0,72,9.79882812,72,28,36.39844,224,2.8999023,0.89990234,0.69995117,136,7.419922,159,7,3625,0,1
65.29999,0,1,494,2,122,6.19921875,145,8,38.89844,476.1875,2.8999023,2.89990234,2.39990234,130,7.569336,135,54,2518,0,1
84.08496,0,2,493,2,117,19.5,103,24,36.19531,224,2.8999023,0.89990234,1.89990234,134,7.419922,175,46,1968,0,0
71.05798,1,1,373,1,115,1.59985352,35,50,37.59375,72.5,2.8999023,5.19921875,0.79992676,137,7.419922,192,32,1075,0,0
36.33099,1,2,15,0,120,12.7988281,125,30,39.19531,224,2.8999023,0.89990234,0.69995117,131,7.419922,146,14,2795,0,1
78.26996,1,1,263,2,73,0.19998169,72,24,38.19531,224,2.8999023,0.89990234,0.59997559,132,7.419922,135,6,2150,0,2
83.49597,0,2,491,2,103,7.09960938,67,24,36.09375,220,2.8999023,0.39996338,1,140,7.359375,169,18,1968,0,1
48.58298,0,2,489,2,68,9.8984375,98,24,36.19531,224,2.3999023,7.39941406,0.59997559,143,7.419922,103,3,3800,0,1
63.33499,1,2,467,1,105,9.3984375,50,26,39,480,2.8999023,0.89990234,0.69995117,132,7.509766,271,10,2570,0,1
34.53497,1,1,18,3,110,4.59960938,62,24,36.79688,224,2.8999023,0.89990234,1.29980469,138,7.419922,366,33,4400,0,1
53.69699,0,2,488,2,65,8.8984375,125,10,38.39844,176,3.0996094,32,4.79980469,141,7.419922,178,61,12,0,0
46.89099,0,1,489,6,108,2.09960938,135,26,38.29688,142,2.8999023,0.59997559,5.79980469,132,7.299805,135,50,1045,1,0
66.89099,0,2,487,2,107,18.0976562,66,24,38,224,2.8999023,0.89990234,0.89990234,136,7.419922,170,6,1175,0,1
31.17599,1,1,24,4,70,10.5996094,70,20,36.5,521.625,2.8999023,0.89990234,1.79980469,131,7.429688,157,19,2050,0,7
77.55499,1,1,33,2,43,14.8984375,125,10,38,360,1.3999023,0.59997559,2.59960938,133,7.319336,398,36,5960,0,3
36.70099,1,1,6,3,53,1.79980469,125,30,34.79688,445.6875,2.8999023,0.29998779,2.39990234,134,7.389648,211,18,34,0,1
52.24899,0,2,480,0,112,10.2988281,120,40,35.89844,332,2.8999023,0.89990234,1.79980469,138,7.469727,135,48,3240,0,0
80.23499,1,1,5,1,67,0.5,120,24,38.19531,224,2.3999023,1.09985352,1.19995117,135,7.419922,226,33,5400,0,1
47.49298,1,2,404,2,62,12.5,65,29,37.89844,66.25,2.8999023,0.89990234,1.29980469,142,7.489258,126,31,2175,0,0
64.75,0,2,477,2,70,9.09960938,125,20,36.5,224,2.8999023,0.89990234,1.29980469,130,7.419922,135,26,4940,0,1
39.78098,0,2,476,1,102,11.0996094,80,24,36.39844,224,2.8999023,1.29980469,1.19995117,136,7.419922,161,16,1425,0,1
79.70398,1,1,335,2,65,0.04999542,145,12,36.19531,421.25,1.8999023,5.59960938,3.19970703,148,7.5,374,90,1356,0,0
64.25696,0,2,474,1,62,7.39941406,70,14,36.19531,224,2.8999023,0.89990234,1.5,137,7.419922,135,13,2095,0,0
48.375,1,1,106,1,48,15.8984375,145,8,38.09375,130,3.2998047,1.69995117,0.79992676,146,7.5,198,20,4120,0,1
52.293,1,2,440,1,140,12.0996094,65,34,38.19531,159.15625,4.5996094,1.59985352,0.79992676,132,7.419922,180,28,1635,0,0
69.91595,0,2,472,3,130,12.0996094,145,26,39.39844,334,2.0996094,34,2.59960938,156,7.609375,648,96,1775,0,1
60.20499,0,1,472,1,72,19.5976562,115,32,37.5,197.9375,2.8999023,0.89990234,1.69995117,155,7.539062,468,69,2455,0,0
60.91699,1,1,254,1,128,6.5,120,36,38.59375,127.5,2.2998047,36,3,129,7.539062,135,69,213,0,1
53.75198,1,2,15,1,67,22.796875,130,10,37.89844,200,2.8999023,0.79992676,0.89990234,138,7.479492,227,16,1245,0,1
30.53799,0,2,468,0,82,1.5,115,30,37.59375,176.1875,2.8999023,0.89990234,1,123,7.479492,173,26,1700,1,1
73.84796,1,1,8,5,94,6.29980469,106,24,36.59375,224,4.1992188,0.5,1.09985352,138,7.419922,78,16,1900,0,1
63.93399,1,1,10,1,131,6.29980469,116,25,38.19531,197.125,2.8999023,0.89990234,2.29980469,147,7.459961,135,23,5658,0,6
71.69299,1,1,10,2,137,11.8984375,75,24,38.89844,224,2.8999023,1.39990234,4.69921875,126,7.419922,135,90,5200,0,5
69.56897,0,2,462,2,117,11.6992188,175,16,36.09375,157.125,2.8999023,0.89990234,2.09960938,138,7.269531,184,43,1699,6,5
71.12396,1,1,12,1,111,8,110,30,36.39844,197.5,2.8999023,0.89990234,0.79992676,136,7.449219,265,14,1150,0,1
65.52997,0,1,463,2,75,8.8984375,78,22,36.79688,224,2.8999023,0.89990234,0.79992676,138,7.419922,135,23,3100,1,0
60.65997,1,1,51,1,103,6.69921875,78,22,38.5,224,2.8999023,0.5,1,140,7.419922,86,11,1050,0,1
75.16199,0,2,461,2,50,10.5996094,95,32,37.5,367.5,1.7998047,10.1992188,2.19970703,142,7.439453,200,112,3425,1,0
60.72299,1,2,15,3,143,0.04999542,135,36,35.5,540,3,0.89990234,1.5,135,7.55957,135,29,2480,0,1
54.67499,1,2,250,1,73,5.19921875,76,24,36.39844,224,2.8999023,0.89990234,1.09985352,136,7.419922,135,3,2400,0,1
56.00299,0,2,460,2,68,46.5,150,40,39.29688,130,3,16.0976562,2.29980469,150,7.539062,300,63,2420,0,0
58.54599,0,1,460,4,72,7.79980469,135,10,36.69531,391.8125,2.8999023,0.39996338,0.69995117,136,7.519531,103,7,5660,0,1
78.27496,1,1,7,0,52,12.8984375,120,40,39.79688,148.875,3.3999023,0.89990234,3.59960938,143,7.459961,135,87,73,0,1
79.07495,1,1,183,4,69,9.69921875,120,16,36.79688,224,1.7998047,0.89990234,0.59997559,140,7.419922,135,16,1968,0,3
71.146,1,2,402,3,52,22.296875,125,24,36.19531,224,3.0996094,0.89990234,1.79980469,138,7.419922,135,47,1925,0,1
47.20898,0,2,458,3,163,17,116,22,36,300,2.8999023,0.89990234,1.19995117,139,7.379883,282,26,1925,0,0
52.97198,1,2,74,2,52,44.5,150,14,38.29688,225.4375,3,25.796875,4.89941406,142,7.419922,94,76,28,0,3
59.28299,1,1,31,1,105,6.19921875,105,24,36.79688,224,2.8999023,0.89990234,1.09985352,139,7.419922,92,14,4950,0,5
66.92096,1,1,3,1,103,20.1992188,105,20,36.79688,224,2.8999023,0.89990234,0.69995117,141,7.419922,172,9,1750,0,0
44.89297,1,1,174,1,55,12.7988281,75,12,38.29688,224,3.3999023,0.89990234,1.69995117,138,7.419922,128,30,1920,0,1
52.323,0,2,454,2,55,11.2988281,35,10,35,262.5,1.8999023,20.5,1.69995117,138,7.40918,229,55,2211,0,1
41.60699,1,1,13,0,83,10.8984375,76,16,36.59375,224,2.5996094,1,0.89990234,137,7.419922,100,11,2840,0,1
53.50299,0,2,453,2,63,12.6992188,125,26,39.09375,224,3.699707,1.29980469,1.29980469,138,7.419922,154,14,2670,0,0
73.24799,1,2,24,2,107,6.89941406,75,20,36,224,2.8999023,0.89990234,1.89990234,142,7.419922,167,40,2850,0,1
74.17395,1,1,23,1,42,23.3984375,105,10,36.29688,316,2.8999023,0.89990234,2,135,7.25,135,40,2650,0,1
57.49799,1,2,9,3,70,6.19921875,70,20,36.5,224,2.8999023,0.89990234,2.79980469,139,7.419922,135,59,1175,0,0
72.20294,1,2,146,1,72,6.39941406,75,22,37,224,2.8999023,0.89990234,2.39990234,131,7.419922,153,77,600,0,1
57.98199,1,2,33,2,75,12.8984375,75,22,38,145,2.699707,3.59960938,1.09985352,132,7.619141,160,28,3700,0,1
54.88599,0,2,443,3,65,14.1992188,65,16,35.59375,224,2.8999023,0.89990234,1.59985352,125,7.419922,135,35,3550,0,0
31.84099,0,1,441,1,82,0.59997559,115,12,39,224,2.8999023,0.59997559,1.89990234,136,7.419922,261,46,2915,0,1
55.43298,0,1,441,1,0,24.1992188,0,0,36.19531,274.25,1.1999512,10.0996094,2.79980469,142,7.349609,135,92,14,0,6
86.55396,1,2,37,1,65,17.796875,104,32,36.79688,148.3125,2.8999023,0.89990234,1,144,7.489258,118,21,2075,0,0
36.89297,1,1,64,1,83,2.5,80,22,35.79688,224,4.1992188,0.79992676,0.79992676,133,7.419922,135,3,3000,0,5
68.51196,1,2,240,0,55,6.5,115,16,35.89844,224,2.8999023,0.89990234,1.79980469,137,7.419922,135,26,1375,0,5
34.23999,0,1,436,3,58,10.5996094,115,31,38.19531,162.5,3.8999023,31,4.19921875,135,7.489258,174,83,0,0,1
75.28296,1,1,235,2,55,8.69921875,70,20,36.09375,224,3.3999023,1,1.59985352,135,7.419922,135,38,2425,0,1
77.54999,0,1,434,1,67,14.7988281,74,22,36.19531,224,3.2998047,3.89990234,3.09960938,136,7.419922,85,80,590,0,1
30.97899,0,2,435,0,75,14.2988281,120,44,39,157.125,2.199707,0.79992676,1.69995117,139,7.509766,438,32,2635,0,0
63.63898,1,1,55,2,57,23.8984375,105,9,36.59375,256,2.8999023,38.3984375,3.29980469,138,7.439453,109,66,1965,0,1
46.935,0,1,432,3,75,10.5996094,60,14,36,224,2.8999023,0.89990234,0.69995117,133,7.419922,202,22,1968,0,1
45.27597,1,1,46,1,75,11.2988281,75,25,38.19531,215,2.2998047,2.09960938,1.69995117,134,7.509766,135,30,1651,0,1
39.86899,1,2,30,1,62,6.5,115,24,36.5,224,2.8999023,0.89990234,0.79992676,136,7.419922,188,19,3600,0,1
65.73596,0,2,430,3,71,4.19921875,120,24,38.39844,224,3.699707,2.39990234,0.59997559,139,7.419922,138,6,3350,0,1
49.34198,1,1,17,2,115,31.796875,95,16,36.79688,524,2.8999023,0.89990234,1.19995117,155,6.959961,651,14,2400,0,5
59.35397,1,1,218,1,108,11,135,10,37,227.5,2.8999023,0.89990234,2.19970703,153,7.509766,125,59,1852,0,0
73.52795,0,1,424,2,97,16.296875,140,28,36.59375,226.65625,2.8999023,0.89990234,0.59997559,137,7.529297,135,3,2416,0,1
71.18695,1,2,7,3,52,4.89941406,60,24,33.39844,224,2.8999023,0.89990234,4.19921875,144,7.419922,117,43,759,0,1
60.22198,1,2,19,3,65,11.5,70,24,35.89844,224,2.8999023,0.89990234,0.89990234,134,7.419922,104,18,2675,0,1
75.29895,1,2,239,2,60,15.2988281,110,10,36.5,112,2.8999023,0.89990234,5.19921875,136,7.519531,165,130,1136,0,0
66.53497,1,2,172,1,62,31.1992188,155,22,38.29688,93.84375,1.5998535,0.29998779,0.69995117,135,7.389648,175,21,4280,0,1
20.29599,1,1,40,2,122,21.1992188,155,10,38,224,3.7998047,0.5,1.19995117,143,7.419922,122,8,2397,0,1
68.82098,0,1,419,5,113,38.59375,105,9,38,342.5,4.0996094,15.3984375,4.39941406,133,7.449219,123,170,0,4,6
60.29797,0,1,415,0,82,13.7988281,120,32,39.59375,590,3.7998047,0.89990234,0.79992676,136,7.469727,135,8,2735,0,1
87.35394,1,1,210,4,47,20.5,154,38,35.59375,138.75,2.8999023,0.79992676,7.69921875,152,7.429688,224,125,0,0,1
58.32999,1,1,147,1,113,14.2988281,150,30,36.39844,161.21875,3.7998047,0.59997559,6.19921875,130,7.40918,408,62,0,0,6
79.12897,1,1,59,3,52,0.04999542,115,14,37.5,226.0625,2.8999023,18.5,2.09960938,134,7.399414,111,58,3149,2,1
41.09799,0,2,411,0,57,13.3984375,140,10,36.39844,230,3.0996094,2,2.89990234,151,7.439453,153,108,2420,0,0
72.13995,1,2,7,3,130,8.19921875,110,6,37.5,370,2.5996094,0.89990234,0.89990234,144,7.579102,333,8,3020,0,1
40.74698,0,2,408,3,69,7.5,74,16,36.39844,224,2.8999023,0.59997559,1.09985352,135,7.419922,78,12,1525,0,0
66.67798,1,2,18,1,89,8,86,22,36.79688,392,2.8999023,0.89990234,0.89990234,132,7.399414,135,13,1968,0,1
32.008,1,2,43,2,52,18.5,135,16,38.09375,98.5625,2.8999023,33.5,2.69970703,144,7.489258,249,76,3850,0,1
62.32397,1,1,66,1,65,11.6992188,80,24,35.89844,224,2.8999023,1.29980469,2,137,7.419922,147,79,4330,0,3
54.96799,0,2,403,1,70,36.296875,170,47,37.59375,124.48438,2.8999023,0.89990234,1.79980469,149,7.469727,279,43,1494,0,1
40.82098,0,2,403,2,62,5.79980469,105,16,36,224,2.8999023,0.89990234,1.79980469,133,7.419922,202,71,2120,0,0
69.48096,0,1,399,1,32,0.04999542,155,22,39,224,2.8999023,1.19995117,1.09985352,133,7.419922,135,10,7750,0,0
58.793,1,2,5,1,111,10.1992188,104,34,36,122.5,2.8999023,0.89990234,0.89990234,138,7.30957,135,22,49,0,1
52.22699,0,1,398,1,72,6.59960938,115,12,38.29688,547.5,2.8999023,0.89990234,4.09960938,143,7.119141,395,50,2535,0,1
94.54895,1,1,13,0,107,13.7988281,64,24,36.79688,195.21875,3.5996094,0.89990234,0.89990234,140,7.349609,175,13,1500,0,6
49.70599,0,2,396,3,132,15.7988281,110,46,36.79688,190.46875,2.8999023,0.89990234,1.89990234,142,7.509766,114,38,2200,0,0
77.06494,1,2,66,2,137,5.89941406,65,24,36,247.59375,2.8999023,0.89990234,0.79992676,135,7.469727,92,19,2200,0,1
65.95996,1,2,8,3,62,17.5,55,0,36.19531,206.65625,2.8999023,1.29980469,2.39990234,142,7.40918,139,39,5210,0,6
42.82797,0,2,394,1,78,7.79980469,125,28,36.09375,224,2.8999023,0.39996338,1.39990234,135,7.419922,199,46,1687,0,0
86.71594,0,1,394,0,35,13,120,26,38.5,128,3.8999023,2.09960938,7.89941406,138,7.429688,119,88,0,0,0
68.07397,1,2,43,1,73,6.29980469,75,22,36.5,260,2.8999023,1.09985352,1,134,7.5,135,6,2622,5,6
50.56299,0,2,391,1,102,20.8984375,125,54,38.59375,435,2.8999023,0.89990234,1.09985352,145,7.25,100,13,5400,0,1
60.54498,1,2,31,1,108,22,125,35,36.39844,224,2.8999023,11.3984375,2.09960938,146,7.519531,220,73,3100,0,4
45.81497,0,1,391,2,67,5.69921875,145,36,39.59375,291.8125,2.8999023,0.89990234,1.19995117,135,7.5,108,20,1561,0,0
81.57397,1,2,64,2,62,6.5,115,27,38.5,192,2.8999023,0.89990234,1.09985352,131,7.369141,502,20,4590,2,1
83.35895,1,1,5,2,107,6.19921875,100,20,38.19531,224,4.2998047,0.39996338,1,140,7.419922,102,14,1445,0,7
79.65796,1,2,84,1,38,1,145,40,39.19531,78.75,2.8999023,10,2.69970703,130,7.5,117,81,1315,6,5
18.502,0,1,386,0,115,15.0996094,125,20,38.5,224,5.6992188,0.89990234,0.69995117,149,7.419922,151,20,3865,0,1
62.52197,1,2,13,3,48,15.2988281,105,6,36.19531,303.3125,3.2998047,1.09985352,2.5,142,7.399414,169,43,2025,0,7
66.15198,0,2,384,3,115,2.29980469,125,28,38.79688,356,2.8999023,17.5976562,1.09985352,136,7.379883,243,34,5026,5,4
86.37097,0,2,383,3,70,7.5,65,20,36,266.625,2.8999023,0.89990234,0.79992676,143,7.5,322,16,1350,0,1
59.31,1,1,242,1,62,2.29980469,105,31,39.29688,162,2.199707,2.29980469,1.59985352,151,7.549805,148,78,2126,5,5
68.34198,1,2,24,2,58,15.1992188,90,12,36.29688,224,2.8999023,8,5.79980469,145,7.419922,135,130,2145,0,1
26.14099,1,2,8,3,75,23.5,76,20,37,242.84375,2.8999023,0.89990234,1.09985352,132,7.439453,136,24,4200,0,0
51.26099,1,2,205,1,102,17.296875,95,20,36,116.3125,3.199707,1.39990234,1.5,136,7.419922,180,39,2295,0,1
67.09399,0,1,381,2,125,14.3984375,55,8,38.89844,322.5,2.8999023,0.89990234,0.69995117,134,7.469727,315,15,2055,0,4
60.26599,0,1,380,4,65,15,125,40,38.89844,262.8125,2.8999023,0.89990234,0.79992676,152,7.519531,244,30,2795,0,1
72.375,1,1,309,4,46,30.796875,170,48,36.39844,255,2.8999023,0.89990234,5.09960938,140,7.359375,158,89,349,0,1
47.60599,0,1,365,1,83,6.29980469,100,22,38,224,2.8999023,0.89990234,1.5,138,7.419922,135,22,2850,0,0
65.25397,1,1,142,1,58,14.7988281,75,38,37.89844,526.5,2.8999023,0.89990234,0.79992676,141,7.389648,144,11,1150,0,0
54.103,1,2,227,1,63,6.59960938,78,20,37.89844,224,2.8999023,0.89990234,1.29980469,138,7.419922,152,21,1500,0,0
65.71698,1,1,41,3,65,14.1992188,140,15,39.5,182.21875,1.7998047,3,0.5,141,7.389648,236,8,3835,0,1
83.06598,0,1,362,2,72,3,70,31,38.09375,135,2.8999023,2.79980469,0.89990234,148,7.539062,398,41,4700,0,1
85.45099,1,2,7,1,78,10.8984375,125,22,38.19531,122.4375,2.8999023,0.29998779,4.89941406,133,7.319336,373,117,1475,0,1
74.37396,0,2,360,4,75,9.29882812,64,12,36.59375,224,3.3999023,1.19995117,1.59985352,134,7.419922,97,24,2950,0,0
67.81696,1,2,13,5,113,0.04999542,130,11,39.09375,224,1.8999023,0.89990234,0.5,135,7.419922,114,15,4684,0,7
76.099,0,1,356,4,75,15.7988281,115,10,36.39844,222.5,2.8999023,4.19921875,0.79992676,133,7.419922,135,20,2420,0,0
63.978,1,1,185,1,73,0.59997559,70,14,39.09375,153.03125,2.8999023,3.19970703,1.59985352,141,7.399414,135,30,3295,1,1
80.50397,1,2,4,2,48,10.8984375,55,10,36.19531,41,2.8999023,0.89990234,0.89990234,134,7.549805,109,20,2460,0,1
60.69299,0,2,355,2,72,21.296875,115,24,38.19531,272,2.8999023,0.89990234,0.69995117,135,7.30957,173,7,2180,0,0
72.01898,1,2,58,1,78,5.29980469,80,20,36,224,2.8999023,0.89990234,1.09985352,139,7.419922,110,16,3800,0,0
54.73798,0,2,352,2,62,13.1992188,115,35,37.89844,103.32812,2.8999023,0.89990234,0.39996338,126,7.319336,135,2,1000,0,1
45.85898,0,1,352,0,106,17.5976562,105,26,36.89844,301,2.8999023,0.89990234,0.39996338,143,7.619141,209,28,1590,0,0
63.53998,1,2,24,1,120,10.2988281,120,25,37.79688,210,2.8999023,0.89990234,1.19995117,142,7.5,135,15,3445,0,0
84.70599,1,1,6,3,67,15.8984375,175,14,39.19531,135.6875,4.1992188,9.59960938,2.79980469,156,7.459961,196,83,6910,0,1
63.017,1,2,31,1,132,21.296875,105,24,38,288.5625,2.2998047,1,0.79992676,130,7.439453,135,24,6603,0,1
30.741,0,1,346,1,68,12.6992188,95,29,36.79688,250,2.8999023,0.89990234,1,137,7.5,147,22,2028,0,0
29.10899,1,1,29,3,60,19.296875,135,20,37,70,2.5996094,0.89990234,2.5,131,7.239258,92,80,1109,0,1
59.31,0,2,346,1,69,8.5,105,24,36,224,4.1992188,0.79992676,1.19995117,142,7.419922,117,18,1810,0,1
49.76898,1,1,86,3,45,7.89941406,125,28,37.79688,322.8125,2.5996094,0.89990234,8.19921875,143,7.40918,293,58,0,0,1
47.978,0,2,345,2,122,9.5,120,30,38,75.5,2.8999023,0.89990234,0.89990234,132,7.519531,135,19,2560,0,1
65.17999,1,2,5,4,73,10,136,20,38.59375,224,2.8999023,0.09999084,0.69995117,135,7.419922,135,13,4500,0,1
69.92694,1,2,308,3,83,17.8984375,95,24,38.29688,150,2.8999023,0.69995117,1.29980469,149,7.5,431,37,3850,0,1
66.57599,1,2,5,1,64,13.8984375,64,24,36.79688,81.65625,2.7998047,20.3984375,2.39990234,131,7.449219,135,23,1968,0,0
42.23999,1,2,4,2,67,15,92,20,34.69531,224,2.3999023,30.5976562,4.59960938,117,7.419922,135,23,1968,0,0
61.13599,1,2,14,1,90,10.3984375,90,25,37,224,2.5996094,0.79992676,1.79980469,139,7.419922,135,23,1968,2,1
71.18994,1,2,211,3,107,15.2988281,78,28,36.29688,400,2.8999023,0.89990234,1.59985352,142,7.449219,135,23,1968,0,1
59.59799,1,2,37,2,82,18,92,32,38,308,3.0996094,0.89990234,0.79992676,124,7.479492,135,23,1968,0,1
65.81,0,2,2029,1,113,5.39941406,100,20,37.59375,380.9375,4.5,0.89990234,1.79980469,143,7.479492,135,23,1968,0,0
67.88495,0,1,2028,3,60,11.1992188,64,25,36,252,4,0.59997559,5.39941406,129,7.5,135,23,1968,1,1
42.70499,1,2,17,1,73,7.5,72,24,36.19531,224,2.699707,0.19998169,0.69995117,136,7.419922,135,23,1968,5,6
79.35095,1,2,31,4,101,10.6992188,74,16,36.09375,155.09375,4.2998047,0.89990234,1.89990234,131,7.359375,135,23,1968,2,1
34.14398,1,1,16,4,45,17.0976562,158,40,37.5,121.65625,2.7998047,3.5,1.39990234,145,7.539062,135,23,1968,0,1
85.12799,1,1,101,1,76,7.09960938,102,24,36.59375,209.5,3.0996094,0.39996338,0.89990234,134,7.5,135,23,1968,2,1
80.33398,0,2,2027,2,56,14.1992188,75,20,37,337,3.5996094,0.89990234,1.19995117,142,7.399414,135,23,1968,0,1
62.84497,1,2,7,2,40,18.0976562,158,28,37.59375,240,2.8999023,0.89990234,4.5,135,7.439453,135,23,1968,0,1
56.91199,1,2,40,1,60,7.09960938,140,40,38.29688,304.75,3,0.59997559,0.79992676,136,7.439453,135,23,1968,0,2
44.47897,1,1,111,1,67,8.09960938,107,8,36.29688,381.625,2.3999023,0.39996338,1.39990234,136,7.339844,135,23,1968,0,1
29.13599,1,2,59,1,67,27.8984375,112,24,38.29688,224,1.8999023,3.69970703,1.09985352,118,7.419922,135,23,1968,0,0
82.06396,0,2,2024,5,70,16.8984375,80,20,36.09375,290.4375,2.8999023,0.89990234,1.5,135,7.489258,135,23,1968,0,0
54.63699,0,2,2024,1,79,10.0996094,124,42,40.09375,227.5,4.0996094,1,1.19995117,132,7.489258,135,23,1968,0,1
90.89099,1,1,64,2,81,7,80,20,36.5,323.75,3.5996094,0.89990234,1.59985352,135,7.30957,135,23,1968,2,2
70.80396,1,1,18,4,73,11.7988281,120,28,36.09375,395.1875,3.3999023,0.5,1.19995117,135,7.449219,135,23,1968,0,1
82.11896,0,1,2022,3,92,6.29980469,60,24,36.29688,224,2.8999023,0.89990234,1.59985352,136,7.419922,135,23,1968,0,1
30.03999,0,2,2022,0,89,9.69921875,102,24,38.69531,224,2.2998047,0.39996338,0.5,146,7.419922,135,23,1968,0,1
83.65796,1,1,744,2,95,18.6992188,104,25,37.29688,504.0625,2.8999023,0.89990234,1.19995117,146,7.5,135,23,1968,1,3
77.66699,1,2,20,3,69,9.8984375,74,16,36.79688,204,4.1992188,0.89990234,2.29980469,137,7.419922,135,23,1968,0,1
93.75494,1,1,102,2,66,5.09960938,140,36,38.69531,224,3.7998047,0.89990234,1.79980469,136,7.419922,135,23,1968,0,7
63.48499,1,1,52,1,53,20.296875,112,20,37.29688,224,2.699707,0.5,0.79992676,133,7.419922,135,23,1968,0,1
58.63898,0,2,2019,3,49,14.5,118,32,36.19531,243.3125,3.2998047,1.29980469,1.09985352,124,7.459961,135,23,1968,0,0
84.10095,1,1,1115,1,65,18.3984375,44,24,37.29688,388,2.199707,1.09985352,1.89990234,142,7.329102,135,23,1968,0,6
51.52399,0,1,2017,1,63,3.59960938,98,40,39.09375,302.5,3,0.39996338,0.59997559,136,7.439453,135,23,1968,0,1
95.56494,1,1,1668,2,77,12.6992188,160,28,36.69531,460,4,1.19995117,1.69995117,144,7.459961,135,23,1968,0,2
55.42499,1,1,93,1,73,8,104,24,37,224,2.5996094,0.89990234,0.79992676,128,7.419922,135,23,1968,0,1
53.42099,0,2,2016,0,83,13.5996094,78,32,38.29688,224,2.7998047,0.89990234,1,138,7.419922,135,23,1968,0,1
84.33099,0,2,2016,0,75,10.3984375,68,16,38.5,108,3.7998047,0.29998779,1.39990234,142,7.40918,135,23,1968,0,1
57.23199,1,1,236,1,107,7.5,100,18,36.89844,224,4.1992188,0.89990234,0.89990234,142,7.419922,135,23,1968,2,0
46.74597,0,1,2015,0,103,3.09960938,158,10,39.59375,200,2.199707,3.59960938,0.69995117,132,7.279297,135,23,1968,0,0
87.20099,1,1,217,2,67,8.19921875,88,24,38,453,2.8999023,0.89990234,1.59985352,139,7.459961,135,23,1968,0,0
80.29596,1,1,7,2,98,5,40,24,38,200,2.8999023,0.5,0.59997559,141,7.359375,135,23,1968,5,2
78.26099,1,2,176,3,75,7,103,20,38,127.5,2.8999023,0.89990234,1.09985352,128,7.509766,135,23,1968,2,1
75.99695,1,2,1423,2,112,9.29882812,83,18,38.39844,196,3,0.89990234,3.79980469,139,7.399414,135,23,1968,1,1
60.86798,1,2,476,2,129,10.2988281,114,28,37.19531,376.625,2.8999023,0.89990234,10.8984375,134,7.339844,135,23,1968,0,2
57.11697,1,2,375,1,93,6.69921875,84,20,38,224,2.8999023,0.39996338,1,142,7.419922,135,23,1968,0,2
67.38898,1,2,38,1,80,10.5996094,80,24,36.69531,224,2.8999023,0.89990234,1.29980469,144,7.419922,135,23,1968,6,1
71.90094,0,2,2010,2,75,6.69921875,58,12,36,214.28125,2.8999023,0.39996338,1.89990234,137,7.399414,135,23,1968,0,0
21.20999,0,2,2009,1,129,8.29882812,70,26,36.19531,306.625,3.0996094,0.29998779,12.3984375,156,7.239258,135,23,1968,0,0
53.67297,1,2,3,0,33,5.09960938,0,0,35.19531,211.65625,3.199707,0.5,2.39990234,145,7.379883,135,23,1968,0,1
71.45197,0,1,2008,2,110,4.59960938,66,20,36.79688,176.65625,2.8999023,0.29998779,1.5,141,7.179688,135,23,1968,2,1
76.15094,1,2,26,1,77,9.5,100,22,36.69531,224,2.699707,0.39996338,0.69995117,128,7.419922,135,23,1968,7,4
64.99396,0,2,2005,1,73,4,114,20,36.19531,224,2.8999023,0.89990234,1.29980469,137,7.419922,135,23,1968,0,0
37.81,0,2,2005,0,47,17.8984375,147,40,38.89844,80,2.2998047,0.89990234,2.29980469,138,7.369141,135,23,1968,0,0
42.01498,0,2,2004,2,73,7.59960938,50,16,36.79688,309.5,4.6992188,1.29980469,0.59997559,135,7.449219,135,23,1968,0,1
62.84698,1,2,29,2,63,32.3984375,66,28,36.79688,200,2.8999023,1.09985352,4.09960938,128,7.399414,135,23,1968,0,1
74.77899,1,2,1769,1,65,11.1992188,68,22,36,224,2.8999023,0.89990234,1.59985352,135,7.419922,135,23,1968,0,0
79.67694,1,1,7,1,73,12.2988281,77,22,36.29688,296.625,2.8999023,0.29998779,2.39990234,137,7.449219,135,23,1968,6,5
24.78,0,1,1999,0,60,13.1992188,115,28,37,204.0625,2.8999023,0.89990234,0.59997559,137,7.459961,135,23,1968,0,4
72.95294,1,2,29,1,62,7.69921875,62,16,36.5,224,3.5996094,0.69995117,0.79992676,132,7.419922,135,23,1968,0,2
31.56699,0,2,1998,3,57,17.6992188,130,34,39.59375,167.34375,2.699707,0.79992676,1.5,138,7.379883,135,23,1968,1,1
56.961,0,2,1998,3,71,6,77,32,37,306.625,2.5,2.5,0.79992676,135,7.429688,135,23,1968,0,1
85.31995,1,1,5,2,57,11.7988281,155,8,38.69531,310,3.199707,0.39996338,1.5,140,7.259766,135,23,1968,0,4
65.70599,1,1,4,1,53,0.29998779,112,30,36.69531,661.625,1.6999512,1.09985352,1.39990234,141,7.289062,135,23,1968,0,0
87.19196,1,1,6,1,30,23.6992188,55,10,37.59375,197.5,2.8999023,0.89990234,2.5,130,7.289062,135,23,1968,0,6
73.35199,0,2,1994,1,73,8.29882812,88,32,38.19531,350,2.699707,0.89990234,0.89990234,146,7.439453,135,23,1968,1,1
88.89795,1,1,21,2,56,6.59960938,51,12,37.59375,247.59375,2.5,0.29998779,0.39996338,140,7.429688,135,23,1968,0,6
68.26294,1,2,20,2,77,13.1992188,110,28,36,224,2.8999023,0.59997559,1,135,7.419922,135,23,1968,3,1
72.47595,0,2,1993,3,61,6.09960938,97,9,38.39844,156,2.8999023,0.89990234,2.5,135,7.419922,135,23,1968,0,0
64.54999,1,1,25,1,83,8,90,20,37,224,3.3999023,0.29998779,0.79992676,134,7.419922,135,23,1968,4,1
77.32495,1,2,34,2,107,100,82,30,37.69531,122.5,2.8999023,1.5,1.5,146,7.439453,135,23,1968,0,1
73.91095,1,2,14,1,77,9.69921875,80,30,38.39844,166,2.8999023,0.89990234,1.09985352,133,7.349609,135,23,1968,0,1
61.43997,0,1,1990,4,77,6.19921875,94,16,36,224,2.8999023,0.89990234,18.3984375,137,7.419922,135,23,1968,5,3
74.33795,1,2,85,2,81,9.5,84,32,37.29688,195.21875,2.8999023,0.89990234,1,142,7.319336,135,23,1968,0,1
51.461,0,1,1989,2,73,8.578125,140,22,38.59375,384,2.199707,17.6992188,1.59985352,135,7.379883,135,23,1968,0,1
61.98499,0,2,1988,1,93,10.5996094,60,20,37,224,2.8999023,0.89990234,1.29980469,138,7.419922,135,23,1968,3,2
89.36597,1,2,167,2,73,4.89941406,74,28,36.09375,276,2.8999023,0.89990234,1.29980469,144,7.419922,135,23,1968,6,1
85.85596,1,2,69,1,105,3.29980469,78,22,35.89844,233.3125,2.8999023,0.89990234,3,140,7.289062,135,23,1968,5,3
83.69299,1,1,1237,1,60,9.3984375,64,24,38.29688,266.625,2.8999023,0.89990234,0.59997559,142,7.449219,135,23,1968,0,1
50.36798,1,2,427,1,103,11.0996094,96,24,38.19531,224,3.8999023,0.89990234,1.19995117,138,7.419922,135,23,1968,0,0
69.435,0,2,1985,2,92,10.6992188,74,20,36.39844,388,2.8999023,0.89990234,2.59960938,136,7.419922,135,23,1968,0,1
81.57196,1,1,33,2,113,6.89941406,134,42,38.59375,304,2.699707,0.59997559,0.89990234,132,7.40918,135,23,1968,0,1
75.16498,1,2,39,3,83,6.69921875,60,24,36.19531,188.3125,3.199707,1.09985352,2.19970703,141,7.339844,135,23,1968,0,1
28.411,0,1,1982,0,57,8.3984375,117,44,38.39844,177.5,3.5996094,0.39996338,0.69995117,137,7.399414,135,23,1968,0,1
75.80298,1,1,265,3,130,20,126,36,38.59375,289,2.8999023,0.89990234,1.79980469,143,7.399414,135,23,1968,0,1
40.77798,0,2,1983,2,61,15,110,26,36.29688,386.625,2.2998047,0.89990234,2,136,7.269531,135,23,1968,1,0
63.10699,1,2,220,3,106,7.29980469,62,6,34.79688,341,2.8999023,0.89990234,1.19995117,134,7.509766,135,23,1968,2,1
81.40997,1,1,158,1,61,5.19921875,89,11,36.39844,210.1875,2.8999023,0.89990234,1.19995117,139,7.439453,135,23,1968,0,1
83.51495,1,1,9,2,133,18.796875,105,38,37.29688,208,2.8999023,0.89990234,2.29980469,133,7.40918,135,23,1968,0,1
46.27798,0,2,1979,1,93,8.69921875,110,20,36.19531,224,3.2998047,0.89990234,0.89990234,140,7.419922,135,23,1968,0,0
65.06494,1,2,173,1,87,7.79980469,70,20,37,224,3.199707,0.5,1.19995117,140,7.419922,135,23,1968,0,1
71.84399,0,1,1978,0,108,13.2988281,112,37,40.19531,308,2.8999023,0.89990234,0.69995117,145,7.459961,135,23,1968,0,5
57.85599,0,1,1978,1,99,6.09960938,80,20,36.59375,224,2.8999023,0.89990234,1.19995117,144,7.419922,135,23,1968,0,1
91.35394,1,1,287,2,77,7.69921875,104,26,37.29688,593.25,1.7998047,0.69995117,1.39990234,156,7.419922,135,23,1968,0,1
84.32599,1,2,589,2,82,8.69921875,58,28,37,360,2.8999023,0.89990234,3.39990234,140,7.399414,135,23,1968,0,0
69.74097,1,2,25,1,96,13.1992188,94,18,37.5,224,2.3999023,25.5976562,1.29980469,132,7.419922,135,23,1968,0,0
77.75995,1,2,37,2,44,7.89941406,76,24,35.79688,376.1875,2.8999023,0.89990234,1.59985352,136,7.5,135,23,1968,1,3
50.59,0,2,1973,2,43,3.79980469,78,10,36.19531,142,2.0996094,0.39996338,7,132,7.089844,135,23,1968,0,0
73.336,1,1,1944,2,109,12.2988281,66,26,38.19531,147.5,3.0996094,2.39990234,1.39990234,135,7.489258,135,23,1968,0,4
82.60394,1,1,1471,1,57,8,49,22,36.39844,300,3.3999023,0.5,2.29980469,134,7.439453,135,23,1968,0,0
52.49597,0,2,1971,2,116,5,51,24,36.59375,148.96875,2.199707,1.29980469,2.19970703,138,7.349609,135,23,1968,0,0
82.34094,1,2,4,2,87,15,124,23,38.79688,246.40625,3.199707,7.19921875,1.09985352,136,7.529297,135,23,1968,0,1
39.896,1,2,1001,1,93,5.09960938,104,28,37.29688,224,1.7998047,1,1.29980469,136,7.419922,135,23,1968,0,1
70.83899,1,2,1227,4,53,4.79980469,52,28,36.59375,200,3.5996094,0.19998169,0.79992676,137,7.429688,135,23,1968,0,1
66.61694,1,2,31,1,86,2.69970703,60,8,36.89844,224,3.3999023,0.59997559,0.89990234,141,7.419922,135,23,1968,7,1
45.06998,1,1,256,1,81,9.3984375,80,20,37.79688,224,2.5996094,0.89990234,0.89990234,136,7.419922,135,23,1968,0,2
54.28299,1,1,335,1,50,10,155,40,37.29688,95,3,1.79980469,0.89990234,140,7.289062,135,23,1968,0,2
68.44897,1,2,172,2,107,15.6992188,88,18,37.5,188.3125,2.0996094,7.79980469,7,134,7.40918,135,23,1968,0,1
87.09698,1,1,71,1,104,24.5976562,80,34,38,355.0625,2.8999023,0.59997559,0.89990234,130,7.40918,135,23,1968,2,2
90.81195,1,1,72,3,111,8.3984375,48,16,36.89844,293.3125,3.699707,0.39996338,1.69995117,138,7.429688,135,23,1968,0,0
46.72699,1,1,452,3,77,9.8984375,80,20,37.59375,224,2.8999023,1.09985352,0.89990234,143,7.419922,135,23,1968,1,1
65.20197,1,2,14,5,77,13.1992188,54,24,35.69531,182.59375,2.2998047,3,0.79992676,142,7.469727,135,23,1968,0,4
48.94998,1,2,161,3,43,6.09960938,69,20,36.09375,480,4.5996094,0.89990234,1.39990234,133,7.439453,135,23,1968,0,0
80.70599,0,1,1957,1,78,8.09960938,73,28,37.5,204,3.8999023,0.89990234,2.79980469,147,6.959961,135,23,1968,0,5
60.31497,1,1,49,2,69,8.59960938,76,24,36.89844,224,4.0996094,1.39990234,1.29980469,134,7.419922,135,23,1968,0,0
80.64099,1,1,56,4,93,11.5,84,22,36.69531,191.28125,3.199707,0.89990234,1.59985352,136,7.369141,135,23,1968,0,1
67.47998,1,1,266,2,96,6.29980469,80,20,37.59375,224,2.8999023,0.5,1.5,139,7.419922,135,23,1968,1,1
77.758,1,2,15,2,49,7.19921875,94,36,34.19531,320,3.5996094,1.59985352,6.5,136,7.429688,135,23,1968,0,5
36.27698,0,1,1953,0,54,18.296875,76,14,35.79688,195,2.7998047,0.59997559,0.79992676,139,7.439453,135,23,1968,0,0
80.75,0,2,1952,3,100,11.3984375,100,26,37.79688,322.5,2.8999023,1.19995117,1.29980469,148,7.359375,135,23,1968,1,2
68.323,1,1,223,3,67,9.59960938,122,26,37.79688,227.5,2.8999023,0.89990234,1.09985352,132,7.40918,135,23,1968,0,1
71.63599,0,1,1951,1,63,8.69921875,76,30,36.29688,240,2.8999023,0.89990234,1.19995117,143,7.339844,135,23,1968,2,4
70.76495,1,2,252,1,83,10.6992188,108,32,36.09375,188.5625,2.8999023,0.89990234,1,141,7.359375,135,23,1968,2,0
89.487,0,1,1950,2,100,14.3984375,86,18,37.29688,200,2.8999023,0.89990234,0.59997559,138,7.329102,135,23,1968,0,0
55.80298,1,1,221,0,90,7.5,110,25,37.59375,208,2.8999023,0.89990234,0.5,139,7.349609,135,23,1968,4,6
72.59698,1,2,291,1,63,4.29980469,102,28,37.5,365,2.7998047,0.89990234,1.69995117,139,7.399414,135,23,1968,0,4
79.62994,1,1,1398,1,75,11.0996094,101,26,37.19531,141.65625,2.8999023,0.89990234,0.79992676,147,7.139648,135,23,1968,0,3
71.54297,1,1,7,1,60,1.29980469,136,32,36,371.375,1.6999512,0.09999084,1.79980469,145,7.469727,135,23,1968,0,5
42.78998,1,1,7,1,49,3.89990234,128,28,34.5,436,2.8999023,8.5,3.89990234,138,7.209961,135,23,1968,0,1
73.91895,1,1,46,2,97,10.5996094,76,24,37.69531,256.625,2.8999023,0.89990234,2.79980469,139,7.439453,135,23,1968,1,5
67.37598,0,2,1945,1,75,11.5,150,8,38.59375,121.65625,2.8999023,0.89990234,2,134,7.459961,135,23,1968,0,0
77.06995,1,1,12,1,117,9.5,74,16,36.29688,224,4.1992188,0.5,2.89990234,135,7.419922,135,23,1968,0,1
72.10095,1,2,56,1,70,3.29980469,72,20,36.29688,224,3.199707,0.89990234,5.29980469,128,7.419922,135,23,1968,0,1
96.422,1,1,11,1,51,20.5976562,80,28,36.09375,250,2.7998047,0.89990234,3.09960938,128,7.419922,135,23,1968,0,1
70.034,1,1,1687,3,111,13.0996094,80,32,35.89844,224,4,0.89990234,1.59985352,141,7.419922,135,23,1968,0,1
65.51697,1,2,197,2,80,7.09960938,86,20,37.5,224,4.1992188,0.89990234,1.29980469,138,7.419922,135,23,1968,1,0
91.67694,1,2,6,3,46,15.0996094,50,26,37.69531,185,3.199707,0.69995117,3.09960938,136,7.289062,135,23,1968,0,0
36.53699,0,2,1941,0,108,8.8984375,110,8,39.29688,202,1.8999023,1.89990234,1.19995117,133,7.389648,135,23,1968,0,1
81.284,0,1,1939,1,105,7.89941406,58,28,36.29688,304.75,3.699707,0.89990234,1,142,7.489258,135,23,1968,0,0
71.16498,0,2,1938,2,73,5.79980469,68,27,37.79688,266.625,2.5996094,0.89990234,1.5,138,7.449219,135,23,1968,0,0
62.64499,1,1,13,1,80,8.8984375,70,25,37,224,2.7998047,29,0.69995117,142,7.419922,135,23,1968,7,7
39.31299,0,1,1938,1,135,7.19921875,150,42,37.5,285.6875,2.699707,2.59960938,3.09960938,144,7.299805,135,23,1968,0,0
77.24799,1,1,47,1,93,18.1992188,72,26,37,224,4,0.69995117,1.19995117,134,7.419922,135,23,1968,0,0
41.02698,1,2,47,2,73,15,110,24,37,224,2.8999023,50.6953125,5,135,7.419922,135,23,1968,1,1
77.96594,0,1,1937,3,95,10.2988281,94,28,37.79688,277.75,2.8999023,0.89990234,2.5,142,7.429688,135,23,1968,0,3
62.63898,1,2,91,1,135,9.79882812,48,15,36.5,224,4,0.59997559,1.09985352,133,7.419922,135,23,1968,0,0
68.27698,1,2,111,1,97,20,72,20,37.19531,224,3.7998047,0.39996338,2.19970703,136,7.419922,135,23,1968,2,2
68.64099,1,1,470,1,74,14.5996094,117,41,38.29688,415,2.8999023,0.89990234,0.89990234,146,7.439453,135,23,1968,0,0
64.43298,1,2,5,2,115,29.8984375,80,40,36,210,3.199707,0.89990234,0.89990234,149,7.529297,135,23,1968,0,0
86.65295,1,2,103,4,71,6.5,80,42,35.79688,252.375,4,1.59985352,1.69995117,143,7.439453,135,23,1968,0,0
67.409,1,2,1563,2,97,10.3984375,69,27,36,224,2.8999023,0.89990234,1.29980469,144,7.419922,135,23,1968,0,1
71.79999,1,2,511,1,53,11.8984375,49,24,37.39844,280.9375,2.8999023,0.89990234,1,138,7.479492,135,23,1968,1,0
84.85999,1,2,1478,2,103,14.3984375,80,22,37.79688,224,2.8999023,0.89990234,1.39990234,142,7.389648,135,23,1968,3,1
76.06,1,2,15,2,61,9.79882812,118,12,38.19531,111.65625,2.8999023,1.29980469,1.59985352,136,7.419922,135,23,1968,0,0
78.672,1,2,1815,2,109,10.2988281,111,32,37.89844,420,2.7998047,0.79992676,0.89990234,143,7.399414,135,23,1968,0,5
30.55199,1,2,304,3,63,15.1992188,126,20,38.19531,392,2.0996094,3.79980469,1,140,7.439453,135,23,1968,0,0
50.396,0,1,1921,2,51,14.3984375,92,24,37,185.6875,2.8999023,0.89990234,1.29980469,134,7.289062,135,23,1968,1,1
56.00299,1,1,409,2,116,6,74,28,36.69531,224,3.2998047,0.89990234,0.59997559,139,7.419922,135,23,1968,0,1
76.33698,1,1,104,1,87,9.59960938,122,36,38.5,340,2.8999023,0.89990234,0.89990234,143,7.419922,135,23,1968,0,1
59.21399,0,1,1919,1,105,13.5,100,40,38.59375,130,2.8999023,0.89990234,1.79980469,138,7.479492,135,23,1968,0,1
66.34595,0,1,1916,2,97,10.5,100,32,36.59375,303.3125,2.8999023,0.89990234,1.09985352,139,7.349609,135,23,1968,6,3
61.48099,0,1,1916,2,105,8.79882812,98,32,37.09375,255.53125,2.8999023,0.89990234,1,140,7.459961,135,23,1968,0,5
63.27399,1,2,1244,4,63,9.19921875,100,25,36.59375,466.625,3.699707,1.09985352,1.29980469,135,7.40918,135,23,1968,0,5
79.64996,0,2,1915,2,85,7.29980469,86,20,36.79688,588.25,2.8999023,0.89990234,0.89990234,145,7.439453,135,23,1968,0,4
62.51599,1,1,135,3,143,7.19921875,130,32,38.19531,262.9375,2.8999023,0.89990234,1.19995117,141,7.299805,135,23,1968,0,0
57.60999,1,2,235,1,81,2.79980469,78,22,35.69531,224,2.8999023,0.5,1.09985352,141,7.419922,135,23,1968,0,0
85.50598,1,2,14,1,107,10.5996094,55,44,38.19531,134.6875,2.8999023,0.89990234,1.89990234,143,7.449219,135,23,1968,0,0
68.29297,1,2,10,2,63,8.59960938,61,20,36.09375,319,3.699707,0.39996338,2.19970703,138,7.479492,135,23,1968,1,0
88.28699,0,1,1910,2,69,5.5,80,14,36.09375,484,2.8999023,0.89990234,0.69995117,129,7.349609,135,23,1968,4,6
80.32898,1,1,77,2,123,7.09960938,60,42,38.19531,224,2.7998047,0.59997559,4.09960938,144,7.419922,135,23,1968,0,0
25.92999,0,2,1909,0,145,15.7988281,120,20,36.09375,136,2.8999023,0.89990234,12.1992188,135,7.199219,135,23,1968,0,1
85.15796,1,1,41,1,55,6.59960938,62,40,35.39844,428.5625,2.8999023,0.89990234,1.29980469,138,7.489258,135,23,1968,0,1
40.375,0,2,1909,0,83,9.8984375,80,20,36.69531,130,4.1992188,0.39996338,1,143,6.969727,135,23,1968,0,1
65.53595,1,2,991,1,53,12.3984375,77,24,39.29688,185.6875,2.5,0.29998779,1,143,7.419922,135,23,1968,4,3
59.35098,1,1,57,1,100,6.09960938,108,24,36.79688,224,2.8999023,0.29998779,0.69995117,145,7.419922,135,23,1968,0,1
69.95996,0,1,1907,2,113,8.29882812,63,26,38.09375,175.5,2.5,0.69995117,2.59960938,153,7.439453,135,23,1968,0,0
83.35394,1,2,100,3,80,11.5996094,68,24,36.29688,224,3.5996094,0.5,1.5,134,7.419922,135,23,1968,0,3
62.17697,0,1,1907,2,63,10.3984375,104,28,36.79688,224,2.0996094,0.29998779,2.39990234,146,7.419922,135,23,1968,6,1
64.63196,1,1,33,2,43,6.59960938,120,38,34.79688,418.5,3.5996094,0.89990234,1.29980469,126,7.489258,135,23,1968,0,1
77.98798,1,1,15,0,50,9.59960938,112,8,38.39844,332.5,3.199707,0.89990234,0.5,136,7.389648,135,23,1968,0,0
25.782,0,2,1906,0,73,5.5,76,24,39.09375,224,2.7998047,0.19998169,1.29980469,140,7.419922,135,23,1968,0,1
92.95599,1,1,11,2,68,8.59960938,68,24,36.79688,422.1875,2.8999023,0.89990234,1.79980469,145,7.379883,135,23,1968,2,2
81.56897,1,1,396,1,69,10.6992188,78,22,36.09375,252,2.8999023,0.89990234,1.69995117,140,7.519531,135,23,1968,0,0
65.06195,1,1,120,1,107,9.79882812,98,28,36.59375,224,3.2998047,0.59997559,1.19995117,142,7.419922,135,23,1968,0,1
72.047,1,1,389,1,73,2.39990234,76,20,37,224,2.8999023,0.89990234,0.89990234,138,7.419922,135,23,1968,1,0
77.97894,1,1,777,4,105,17.5976562,130,26,36,332,3.2998047,0.89990234,6.29980469,137,7.429688,135,23,1968,0,1
70.44995,1,2,17,2,81,10.7988281,104,38,39,345,2.8999023,0.89990234,1.39990234,139,7.429688,135,23,1968,0,0
67.95099,1,1,38,1,73,10.1992188,78,16,36.5,224,3.5996094,0.39996338,1.59985352,137,7.419922,135,23,1968,1,1
75.33197,1,1,60,0,44,43.09375,105,14,36.09375,265,1.5,4.59960938,7.59960938,128,7.329102,135,23,1968,0,1
76.646,1,1,38,2,84,5.29980469,76,30,36.59375,238.09375,2.8999023,0.5,0.39996338,144,7.379883,135,23,1968,0,7
81.28699,1,2,137,2,74,10.8984375,60,22,36.59375,408,3.2998047,0.59997559,2.5,137,7.459961,135,23,1968,0,1
93.91394,1,1,7,2,42,13.1992188,127,26,38.29688,234,2.8999023,0.89990234,1.39990234,140,7.269531,135,23,1968,0,4
80.72296,1,1,108,3,112,7,160,28,38.19531,161.65625,4.0996094,0.89990234,2.59960938,141,7.089844,135,23,1968,0,4
60.35599,1,2,9,1,49,8.19921875,130,36,35.09375,224,2.3999023,20.1992188,2.79980469,137,7.419922,135,23,1968,0,1
60.34497,1,2,18,3,51,11.5996094,102,8,38.79688,168,2.8999023,0.89990234,1.29980469,147,7.259766,135,23,1968,0,4
93.77399,1,1,13,1,50,3.89990234,60,25,36.69531,155,3,0.29998779,0.89990234,145,7.359375,135,23,1968,0,1
70.82794,1,1,321,1,56,14.2988281,102,40,38.09375,114,2.7998047,0.59997559,0.59997559,138,7.429688,135,23,1968,0,1
69.76898,1,1,9,2,70,67.296875,116,38,36.79688,338.0625,2.8999023,0.39996338,0.89990234,143,7.459961,135,23,1968,0,0
46.349,1,2,8,1,57,23.796875,102,12,37,268.3125,2.3999023,39.296875,3.89990234,138,7.419922,135,23,1968,0,1
61.14697,1,1,161,2,120,11,62,30,38,234.6875,3,0.89990234,6.19921875,140,7.319336,135,23,1968,0,1
51.13998,0,2,1890,2,63,7.09960938,75,28,36.39844,256,2.8999023,0.5,0.89990234,139,7.459961,135,23,1968,2,0
59.69598,1,2,122,2,56,8,80,15,36.69531,224,3.699707,0.39996338,1.09985352,145,7.419922,135,23,1968,0,1
73.31995,0,1,1887,0,99,10.0996094,102,42,38.09375,144.875,2.5,0.5,0.79992676,142,7.419922,135,23,1968,0,1
35.76199,0,2,1886,1,53,14.5,106,22,38,212.21875,2.2998047,1.5,1.09985352,138,7.469727,135,23,1968,2,1
77.35797,1,1,896,3,37,10.5,92,40,37.59375,170,2.5,0.39996338,1.09985352,153,7.399414,135,23,1968,0,1
83.57794,1,2,17,1,67,19.1992188,130,34,38.79688,74,1.7998047,0.89990234,2.79980469,133,7.40918,135,23,1968,0,1
82.80096,1,1,368,0,64,13.5,54,24,37.39844,190,2.8999023,0.89990234,1.69995117,134,7.439453,135,23,1968,0,1
58.82498,1,2,1625,1,103,3.39990234,64,20,36.59375,224,3.7998047,0.19998169,1,141,7.419922,135,23,1968,0,1
77.56097,0,1,1883,2,107,7.79980469,78,24,35.79688,224,2.8999023,0.89990234,1.39990234,137,7.419922,135,23,1968,0,1
53.70297,1,1,1794,1,65,18.296875,150,10,38.29688,164,2.8999023,0.89990234,0.59997559,137,7.509766,135,23,1968,0,1
78.43695,1,1,6,2,49,1.39990234,140,24,39,138,1.7998047,1.59985352,1.09985352,144,7.319336,135,23,1968,0,0
52.68997,1,2,858,1,110,13.0996094,120,30,36.69531,192.84375,2.8999023,0.69995117,0.89990234,137,7.389648,135,23,1968,0,1
44.30399,1,1,21,3,59,12.3984375,139,21,39.09375,432,3.2998047,5.89941406,0.89990234,138,7.40918,135,23,1968,7,0
82.09399,1,2,6,2,0,11.5,0,0,35.59375,306,2.8999023,0.69995117,2.29980469,135,7.269531,135,23,1968,0,0
44.48199,0,1,1880,2,51,10.5,122,20,37,352.375,2.8999023,0.89990234,0.59997559,135,7.469727,135,23,1968,1,1
75.086,1,2,14,1,55,13.1992188,118,12,38.5,101.42188,2.8999023,0.89990234,0.69995117,141,7.419922,135,23,1968,0,0
63.93399,1,2,926,2,49,10.7988281,122,38,38.79688,174,2.5996094,0.89990234,5.19921875,139,7.349609,135,23,1968,0,1
73.336,1,2,6,2,79,4.69921875,100,24,36.79688,433.3125,3.3999023,0.59997559,0.79992676,134,7.359375,135,23,1968,0,0
57.21799,0,2,1875,1,106,6.59960938,88,20,36.79688,224,3.8999023,0.89990234,1.19995117,141,7.419922,135,23,1968,0,0
64.58899,1,2,61,2,75,6.59960938,80,24,36.59375,490,3.5996094,1.29980469,1.5,130,7.459961,135,23,1968,0,1
73.73297,0,2,1873,2,105,9.8984375,112,28,39.09375,332,2.3999023,0.89990234,2,143,7.5,135,23,1968,0,0
61.01599,1,2,130,1,48,4,118,34,38,372,2.8999023,1.5,1.29980469,148,7.40918,135,23,1968,0,0
43.26898,1,2,4,2,43,28,140,26,39,72,2.2998047,4,3.79980469,137,7.279297,135,23,1968,0,1
61.63397,0,2,1867,1,85,7.19921875,160,24,36.09375,224,2.8999023,2.39990234,1.59985352,141,7.419922,135,23,1968,0,0
83.30194,1,2,130,1,71,10.3984375,54,24,35.59375,290,2.8999023,0.89990234,2.39990234,139,7.449219,135,23,1968,0,1
83.01996,1,1,1577,0,53,17.5,68,32,36.5,156,2.5996094,1.19995117,0.59997559,140,7.369141,135,23,1968,3,0
49.28699,0,1,1866,3,75,17.3984375,112,0,38.5,146,2.8999023,0.89990234,3.19970703,149,7.389648,135,23,1968,0,2
65.46198,1,1,18,2,63,16.5,75,20,38.59375,140,2.8999023,1.29980469,5.69921875,137,7.349609,135,23,1968,0,1
75.63898,1,2,322,2,105,5.39941406,68,24,37,235,2.8999023,0.89990234,2.5,142,7.449219,135,23,1968,0,1
54.43698,0,2,1864,2,75,10,106,24,36.39844,300,2.8999023,0.89990234,1.39990234,138,7.469727,135,23,1968,0,1
49.61499,1,1,11,1,55,23.1992188,150,10,39.19531,140,1.8999023,0.89990234,0.5,146,7.359375,135,23,1968,0,1
40.68698,1,1,18,1,83,5.79980469,80,28,36.29688,224,2.7998047,1.89990234,1.69995117,136,7.419922,135,23,1968,1,0
41.448,0,2,1861,3,57,9.5,60,40,36.19531,224,2.0996094,2.69970703,0.59997559,137,7.419922,135,23,1968,0,0
75.34296,0,2,1859,2,100,6.69921875,60,20,37,242.84375,2.8999023,0.79992676,1.69995117,139,7.429688,135,23,1968,0,1
69.35797,1,1,1471,2,98,8.29882812,80,24,37,259.25,2.8999023,0.89990234,1.39990234,140,7.469727,135,23,1968,5,4
54.43399,1,2,11,1,100,13.3984375,120,20,37.79688,224,3.199707,0.59997559,0.89990234,142,7.419922,135,23,1968,0,1
75.07996,1,1,52,1,117,11.5,64,6,38.39844,206.65625,3,0.89990234,1.59985352,142,7.349609,135,23,1968,0,1
54.66397,1,1,8,1,57,3.09960938,140,26,35.79688,160,3,33,3.69970703,132,7.379883,135,23,1968,0,1
72.40497,0,2,1855,2,69,12.6992188,110,28,39,220,2.8999023,0.89990234,0.89990234,143,7.469727,135,23,1968,0,0
75.12695,1,1,1013,1,87,6.69921875,70,26,35.19531,217.375,2.8999023,0.39996338,1.5,144,7.329102,135,23,1968,5,7
65.05096,1,2,177,2,85,4.79980469,72,18,36.29688,224,3.5996094,0.79992676,0.79992676,147,7.419922,135,23,1968,4,0
62.35498,1,2,28,2,55,2.19970703,105,28,38.69531,179.5625,3.2998047,0.69995117,2.29980469,132,7.469727,135,23,1968,0,1
51.767,1,1,9,1,70,15.1992188,128,22,36.59375,224,2.5,12.2988281,0.69995117,137,7.419922,135,23,1968,0,0
72.64099,1,2,1489,3,74,12.7988281,76,24,36.09375,217.5,2,1.69995117,3.89990234,131,7.339844,135,23,1968,0,1
87.70996,0,1,1848,1,61,17.5976562,107,28,36.19531,124.48438,3.3999023,0.79992676,2.5,136,7.299805,135,23,1968,0,3
80.159,1,2,1199,2,80,18,80,32,38.09375,98,2.8999023,0.89990234,1.89990234,141,7.399414,135,23,1968,0,1
57.51999,1,1,106,1,83,6.89941406,104,24,36.69531,224,3.8999023,0.5,1.09985352,142,7.419922,135,23,1968,0,3
74.51599,1,2,4,1,100,7.89941406,60,5,36.09375,224,3.699707,0.69995117,1.29980469,147,7.419922,135,23,1968,0,3
67.034,1,2,245,2,70,13.2988281,54,26,36.69531,240,3.3999023,0.59997559,1.19995117,137,7.399414,135,23,1968,0,0
65.53894,0,2,1846,1,85,5.59960938,92,22,37.19531,385.6875,2.8999023,0.89990234,1.5,136,7.5,135,23,1968,0,0
76.44397,1,1,181,2,117,8.09960938,70,20,36.09375,211.09375,2.7998047,0.89990234,3.5,141,7.419922,135,23,1968,0,1
75.27698,1,2,30,1,65,11.3984375,64,22,37.59375,197.5,2.8999023,0.89990234,1.69995117,145,7.479492,135,23,1968,3,0
84.41595,0,2,1843,2,57,8.19921875,61,34,37.59375,197.5,3,0.89990234,1.69995117,135,7.40918,135,23,1968,0,3
82.09399,1,2,4,3,68,13.3984375,85,40,37.19531,185.6875,2.3999023,0.69995117,2,132,7.529297,135,23,1968,0,1
78.25598,1,1,4,0,67,10.5996094,128,4,41.09375,224,2.8999023,0.89990234,1.19995117,140,7.419922,135,23,1968,0,1
81.56299,0,1,1842,1,54,7.5,59,24,38.69531,330,2.8999023,0.89990234,0.79992676,129,7.439453,135,23,1968,1,0
61.306,1,1,830,1,41,34.3984375,210,24,38.39844,96.25,3,0.89990234,1.39990234,144,7.30957,135,23,1968,0,1
70.68896,1,1,17,1,46,14,126,10,36.59375,153.03125,2.7998047,0.59997559,4.5,140,7.229492,135,23,1968,0,2
89.31396,1,2,28,2,123,10.8984375,62,28,38.09375,286.625,3.0996094,0.89990234,1.79980469,148,7.5,135,23,1968,0,0
63.58099,0,2,1839,1,93,12.7988281,98,24,36.59375,224,2.5,10.3984375,1,133,7.419922,135,23,1968,4,1
92.29797,1,1,41,1,97,15.2988281,80,24,36.19531,233.3125,3.2998047,1,2.39990234,144,7.419922,135,23,1968,0,1
74.409,1,2,69,0,47,12.0996094,67,20,38.89844,320,2.8999023,0.89990234,1.09985352,137,7.379883,135,23,1968,0,0
88.172,1,2,3,3,0,10.6992188,0,30,36.39844,312.5,2.8999023,1.29980469,5.59960938,126,7.389648,135,23,1968,0,1
82.32697,1,2,6,4,42,17.3984375,104,32,36.39844,218,2.8999023,1.59985352,2.69970703,145,7.329102,135,23,1968,0,6
95.41394,1,1,944,1,57,8.19921875,77,40,38.89844,90,2.8999023,0.69995117,1.59985352,148,7.069336,135,23,1968,4,4
76.12598,0,2,1826,2,107,3.29980469,80,21,37.19531,230,2.8999023,0.89990234,1.09985352,131,7.379883,135,23,1968,0,0
86.49097,1,2,294,1,131,8.59960938,78,28,36.69531,85,2.5996094,0.59997559,0.69995117,140,7.529297,135,23,1968,0,7
70.21796,1,2,28,1,80,3,100,26,35,404.75,2.199707,1.89990234,8.19921875,135,7.539062,135,23,1968,3,0
69.84796,1,1,126,2,50,15,63,10,38,225,3.7998047,0.19998169,0.59997559,137,7.379883,135,23,1968,0,2
48.909,1,2,410,2,47,18.296875,121,10,33.29688,249,2.5996094,1.39990234,1.19995117,138,7.339844,135,23,1968,0,0
70.65295,1,2,231,3,77,8.69921875,60,28,37.89844,224,2.8999023,0.89990234,1,143,7.419922,135,23,1968,0,2
39.12698,0,1,1823,0,68,17.3984375,144,28,38.39844,424,2.8999023,0.89990234,1.19995117,136,7.439453,135,23,1968,0,0
69.21295,1,1,9,2,53,21.8984375,165,38,36.89844,203.6875,4.0996094,0.89990234,2.39990234,134,7.399414,135,23,1968,0,1
19.75099,0,2,1822,0,113,14.5996094,112,24,37.09375,245,2.8999023,0.89990234,0.89990234,137,7.389648,135,23,1968,0,1
65.87799,1,1,4,1,47,15.0996094,110,22,39.19531,150,2,2.5,1.59985352,145,7.329102,135,23,1968,0,1
85.89996,1,1,358,1,57,8.69921875,64,20,37.39844,224,2.699707,1.79980469,0.79992676,142,7.419922,135,23,1968,0,7
77.73895,1,2,121,0,132,10.3984375,115,8,38.19531,141.65625,3.5996094,0.89990234,2.59960938,138,7.369141,135,23,1968,0,0
88.03595,0,1,1820,0,71,5.5,76,45,38.5,388,2.8999023,0.5,1.69995117,137,7.40918,135,23,1968,1,1
71.66595,1,1,126,1,71,7.29980469,74,20,36.29688,542.75,3.7998047,0.89990234,1.29980469,137,7.389648,135,23,1968,0,0
70.31897,1,1,19,1,60,5.19921875,80,20,37.79688,224,2.8999023,1.09985352,0.59997559,135,7.419922,135,23,1968,0,1
69.14398,1,2,58,2,83,6.5,76,32,36.19531,337,4,0.5,0.79992676,137,7.389648,135,23,1968,3,1
80.87097,1,1,1174,2,77,17.296875,134,28,36.5,190.46875,2.8999023,0.89990234,0.89990234,136,7.339844,135,23,1968,0,0
72.67596,1,2,45,1,67,10.5996094,62,26,36.09375,471.625,2.8999023,1,1.79980469,134,7.509766,135,23,1968,0,1
90.11597,1,1,27,1,93,5.39941406,82,28,37,285.6875,2.8999023,0.89990234,1.09985352,144,7.269531,135,23,1968,5,1
91.88995,0,1,1813,2,75,8.69921875,60,24,36.69531,400,4.5996094,0.89990234,1.89990234,135,7.259766,135,23,1968,0,3
85.29498,1,2,6,0,63,19.1992188,138,46,39.29688,173.3125,3.199707,1.19995117,0.79992676,132,7.429688,135,23,1968,0,0
78.06195,1,2,36,3,65,5.19921875,98,32,36.19531,224,3.2998047,0.5,1.59985352,134,7.419922,135,23,1968,0,5
77.36896,1,2,75,0,43,5.69921875,189,16,36.59375,153.03125,2.2998047,0.89990234,0.79992676,136,7.399414,135,23,1968,4,3
57.47598,1,1,59,1,111,6.19921875,110,26,36.79688,250,2.8999023,0.89990234,1.29980469,149,7.519531,135,23,1968,0,1
75.12097,0,1,1809,1,53,15.5996094,160,8,36.39844,248,3.3999023,1.79980469,2,146,7.209961,135,23,1968,0,5
36.16397,0,2,1810,1,127,11,102,14,38.5,191.65625,2.8999023,0.89990234,0.89990234,134,7.449219,135,23,1968,0,0
76.10999,1,2,833,2,113,12.7988281,70,28,38.79688,103,2.8999023,0.89990234,1.39990234,143,7.489258,135,23,1968,0,1
87.13995,1,1,12,2,43,7.09960938,114,12,38.19531,285,4,1.19995117,2.09960938,143,7.439453,135,23,1968,0,1
76.80194,1,1,713,2,72,16.0976562,102,28,38.09375,177.53125,2.8999023,0.89990234,1.39990234,138,7.509766,135,23,1968,0,1
85.62097,1,1,1057,1,53,5.69921875,69,30,38,126.51562,2.8999023,0.59997559,1.69995117,136,7.369141,135,23,1968,1,0
82.83099,1,1,139,2,65,10.5996094,71,35,36.89844,220,3.7998047,0.5,3,140,7.379883,135,23,1968,6,1
67.26099,1,1,49,1,113,6.89941406,90,24,37.79688,421.625,3.2998047,0.29998779,1.5,144,7.379883,135,23,1968,1,1
78.07794,1,1,355,2,67,4.69921875,80,20,36.69531,220,2.8999023,0.89990234,0.79992676,133,7.5,135,23,1968,0,1
48.05698,1,1,5,1,49,1.5,124,44,34.59375,145,2.7998047,0.59997559,0.69995117,130,7.439453,135,23,1968,0,0
70.75195,1,1,179,2,103,12.8984375,76,16,36.69531,224,3.3999023,0.5,0.89990234,141,7.419922,135,23,1968,0,1
85.06494,1,1,82,1,50,11.8984375,85,20,37.89844,235,3.5996094,0.5,0.79992676,133,7.319336,135,23,1968,1,0
43.21399,1,1,322,2,58,11.2988281,132,56,38.89844,261.875,2.3999023,2.59960938,0.39996338,145,7.509766,135,23,1968,0,3
61.862,1,1,1362,3,53,11.8984375,69,32,38.69531,316,2.7998047,0.89990234,6.69921875,137,7.229492,135,23,1968,0,2
55.64099,1,2,49,1,103,7,88,16,37.79688,224,2.8999023,0.39996338,1.19995117,133,7.419922,135,23,1968,0,0
57.35199,1,2,118,1,70,0.79992676,100,26,38.79688,328.5625,2.8999023,0.89990234,1.5,133,7.479492,135,23,1968,0,1
55.66098,1,1,15,1,53,13.5996094,109,32,39.09375,118.32812,2.8999023,0.89990234,0.79992676,134,7.419922,135,23,1968,0,0
27.228,0,2,1790,2,106,13.8984375,135,22,37.89844,236.65625,2.8999023,0.89990234,1.09985352,145,7.439453,135,23,1968,0,1
64.76898,0,1,1790,1,59,16.1992188,67,32,38.09375,185.6875,2.7998047,0.39996338,8.8984375,144,7.459961,135,23,1968,0,0
89.05695,1,1,11,1,59,8.5,115,36,38.39844,235,3.7998047,0.89990234,1.19995117,150,7.419922,135,23,1968,0,7
75.625,1,2,300,1,72,8.59960938,73,16,36,237.125,3.199707,0.39996338,1,135,7.399414,135,23,1968,7,1
51.56998,1,1,1286,1,73,12.6992188,110,25,38.29688,329.625,2.8999023,0.69995117,0.69995117,146,7.399414,135,23,1968,0,1
76.18896,1,1,283,0,57,10.1992188,63,6,38.19531,294.25,3.7998047,0.39996338,0.69995117,132,7.439453,135,23,1968,0,0
64.66498,0,1,1783,3,117,6.5,72,28,36.39844,224,2.8999023,0.89990234,1.09985352,137,7.419922,135,23,1968,0,0
89.62598,0,1,1781,2,93,15.3984375,80,40,36.09375,220,3.3999023,0.5,1.69995117,139,7.469727,135,23,1968,2,5
71.77295,1,2,28,2,103,2.39990234,76,20,37.79688,224,2.199707,0.5,0.89990234,142,7.419922,135,23,1968,3,5
77.72998,0,1,1780,1,120,7.59960938,60,24,36.19531,380,2.8999023,0.89990234,1.09985352,144,7.469727,135,23,1968,0,1
52.961,1,2,7,1,83,32.1953125,112,16,37.39844,224,2.7998047,1.09985352,0.69995117,142,7.419922,135,23,1968,0,1
62.25098,0,1,1779,1,110,17.296875,100,20,36.69531,176.65625,3.8999023,0.39996338,1.19995117,143,7.30957,135,23,1968,1,0
63.54797,0,1,1778,2,147,8.19921875,115,6,37.79688,140,4.1992188,1.5,1.39990234,148,7.299805,135,23,1968,0,1
71.30695,0,1,1777,2,68,10.1992188,103,32,38.39844,61,2.8999023,0.89990234,1.59985352,134,7.489258,135,23,1968,0,5
70.15497,1,2,51,1,80,20.296875,90,20,37.79688,224,3.2998047,0.5,0.69995117,137,7.419922,135,23,1968,1,0
61.98798,1,2,225,1,52,5.5,110,12,38.89844,145,1.6999512,1.69995117,1.89990234,131,7.30957,135,23,1968,0,0
75.737,1,1,1215,3,77,13.0996094,100,20,37.19531,295.1875,2.8999023,0.89990234,0.89990234,139,7.439453,135,23,1968,1,2
57.09198,0,2,1775,2,58,6.69921875,110,24,38.59375,280,2.8999023,0.89990234,0.89990234,136,7.489258,135,23,1968,5,0
83.55896,1,2,928,1,107,16.796875,60,25,36.69531,117.5,2.8999023,0.89990234,1.5,144,7.279297,135,23,1968,1,1
53.54999,1,2,904,3,77,7.5,63,24,36.69531,170,2.8999023,0.89990234,1.89990234,144,7.419922,135,23,1968,0,0
66.58698,1,2,359,1,100,3,100,20,35.59375,224,3.0996094,0.19998169,1.09985352,137,7.419922,135,23,1968,0,0
89.16095,1,2,62,0,47,9.09960938,72,26,38.39844,203.3125,2.8999023,0.89990234,2.5,138,7.269531,135,23,1968,0,1
85.45697,1,2,12,3,46,10.1992188,105,28,36.29688,346.625,2.2998047,1.29980469,1.5,138,7.269531,135,23,1968,0,4
66.53296,0,2,1771,1,55,7,68,24,38.79688,252.5,2.8999023,0.29998779,1.5,141,7.389648,135,23,1968,0,0
64.34998,1,1,6,1,93,11.7988281,100,20,36.09375,224,1.8999023,4.39941406,0.89990234,146,7.419922,135,23,1968,0,1
91.23895,1,1,18,3,47,8.79882812,47,8,36.89844,230,2.8999023,0.5,1.29980469,137,7.369141,135,23,1968,0,1
52.43799,1,2,63,3,90,10.5,90,20,37.79688,342.8125,4.0996094,2.09960938,1.29980469,136,7.489258,135,23,1968,0,1
69.68695,0,1,1768,2,97,4.09960938,100,20,38.19531,280.9375,2.8999023,0.89990234,1,144,7.439453,135,23,1968,0,0
68.01099,1,1,1608,4,53,11.1992188,70,8,38.59375,182,2.8999023,0.89990234,1.09985352,157,7.429688,135,23,1968,0,0
78.00995,1,2,26,1,117,16.8984375,70,20,35.59375,169.5625,3.5996094,0.39996338,1.69995117,146,7.319336,135,23,1968,0,1
66.57599,1,2,58,1,87,13.3984375,60,20,37,224,3.5996094,0.59997559,0.89990234,133,7.419922,135,23,1968,0,1
71.55096,1,2,42,1,60,12.5996094,110,25,36.79688,323.75,3.0996094,0.39996338,1,143,7.419922,135,23,1968,0,0
93.63196,1,2,8,3,55,12.0996094,62,36,36.79688,177.5,2.8999023,0.79992676,2.19970703,139,7.379883,135,23,1968,0,6
55.51498,1,2,410,3,100,11.6992188,92,20,36.69531,224,2.8999023,0.89990234,0.79992676,137,7.419922,135,23,1968,0,1
84.80499,1,1,35,3,107,6,80,20,35.59375,276,3,0.5,2.39990234,136,7.5,135,23,1968,0,7
46.08398,0,1,1761,1,93,12.6992188,76,16,36.69531,224,3.5996094,0.39996338,1,135,7.419922,135,23,1968,0,0
53.99597,0,2,1759,1,64,11.6992188,110,25,38.09375,179.5625,2.8999023,0.89990234,0.79992676,136,7.449219,135,23,1968,0,1
44.89499,0,1,1757,0,53,41.1953125,130,22,36.39844,50,1.8999023,1.19995117,1.5,129,7.279297,135,23,1968,0,0
67.75098,1,2,10,1,57,12.1992188,145,14,36.89844,211.65625,2.8999023,0.5,11.7988281,138,7.319336,135,23,1968,0,1
75.159,1,1,6,2,43,29.3984375,127,24,34.59375,195,2.7998047,0.89990234,1.19995117,132,7.40918,135,23,1968,0,0
69.59094,1,2,816,3,63,11,80,25,35.59375,224,2.8999023,1.59985352,2.19970703,135,7.489258,135,23,1968,0,0
31.76999,1,2,72,2,72,16.796875,124,20,39.39844,224,2.8999023,0.89990234,0.59997559,133,7.419922,135,23,1968,5,2
74.83398,1,1,7,4,70,11.8984375,100,50,36.09375,263.3125,2.199707,0.39996338,0.79992676,142,7.429688,135,23,1968,0,4
74.66699,1,2,1323,1,52,13,113,32,37.59375,120,2.0996094,0.39996338,2,150,7.479492,135,23,1968,0,1
69.68097,0,1,1753,1,77,10.5996094,74,20,36.79688,224,3.199707,0.29998779,1,139,7.419922,135,23,1968,0,0
75.66895,1,2,64,1,108,5.59960938,78,24,36.59375,173.3125,2.699707,0.89990234,1.79980469,140,7.389648,135,23,1968,0,1
70.09698,0,2,1750,1,60,10.0996094,60,20,36.09375,361.875,2.8999023,0.89990234,1.09985352,144,7.319336,135,23,1968,0,1
79.05499,1,1,68,2,97,0.59997559,76,32,36.09375,190,3.0996094,0.69995117,0.59997559,147,7.389648,135,23,1968,5,5
69.06195,0,1,1749,0,69,9.3984375,72,24,37.89844,348,3.0996094,1.09985352,4.09960938,143,7.30957,135,23,1968,1,0
83.29596,0,1,1748,4,47,5.29980469,121,24,37.79688,224,3.8999023,0.29998779,1.29980469,146,7.419922,135,23,1968,0,0
61.30298,0,2,1748,0,68,10,65,32,39.09375,177.5,3.0996094,0.79992676,1.29980469,141,7.379883,135,23,1968,0,0
90.073,1,1,240,4,120,4.79980469,59,16,36.19531,425,3.5996094,0.19998169,1.5,132,7.369141,135,23,1968,4,2
72.59698,1,2,3,2,50,28.0976562,120,12,36.69531,100,2.5996094,0.89990234,3.5,129,7.30957,135,23,1968,0,0
89.28094,1,2,215,4,50,45,116,28,36.09375,199.96875,3,0.89990234,5.79980469,140,7.299805,135,23,1968,0,1
78.39795,1,2,1112,2,117,8.79882812,65,24,37.19531,283.3125,2.8999023,0.89990234,1.79980469,138,7.429688,135,23,1968,0,1
63.44098,1,1,347,3,53,14.1992188,100,24,37.69531,355,3.5996094,0.79992676,4.39941406,136,7.429688,135,23,1968,0,4
70.90997,1,2,1069,3,57,9.5,112,26,38.59375,224.46875,2.8999023,0.89990234,1,136,7.519531,135,23,1968,0,1
48.48499,0,2,1738,2,63,6,58,26,35.59375,428.5625,3,3,0.5,128,7.459961,135,23,1968,1,0
75.75897,0,2,1737,1,153,12.2988281,130,8,37.79688,145,2.8999023,0.89990234,2.19970703,134,7.40918,135,23,1968,2,0
84.57495,1,2,16,2,107,8.19921875,64,32,36.09375,224,3.7998047,1.5,2.09960938,145,7.419922,135,23,1968,0,1
88.50696,1,2,10,3,83,7.89941406,80,25,37.79688,390.4375,3.8999023,1.69995117,2.29980469,133,7.459961,135,23,1968,0,6
71.82495,1,2,10,2,77,11.6992188,70,32,39.39844,119,2.3999023,0.29998779,1.79980469,138,7.30957,135,23,1968,0,3
61.19098,1,2,402,6,100,16,80,25,36.09375,273.3125,4,0.79992676,1.39990234,136,7.429688,135,23,1968,0,1
89.04297,1,2,10,0,59,12.5,120,33,38.59375,168,2.8999023,0.39996338,1,146,7.389648,135,23,1968,0,2
58.50198,0,2,1735,3,77,3.19970703,70,20,39.59375,242.84375,2.7998047,4.29980469,0.59997559,136,7.509766,135,23,1968,0,1
81.02698,0,1,1733,2,53,5.69921875,80,20,36.09375,266.625,2.8999023,0.89990234,0.89990234,141,7.479492,135,23,1968,1,3
76.10699,0,1,1733,2,107,13.6992188,78,8,37.69531,237.5,3.199707,0.29998779,1.59985352,138,7.339844,135,23,1968,0,0
71.91498,1,1,78,2,103,1.79980469,80,25,36.09375,252.375,2.8999023,0.89990234,1.09985352,142,7.479492,135,23,1968,1,1
75.41394,1,2,12,1,63,15,112,22,38.79688,185,2.8999023,0.89990234,1.29980469,141,7.389648,135,23,1968,0,1
90.08398,1,1,323,0,97,3.79980469,70,20,37,162.84375,2.8999023,0.89990234,1.59985352,150,7.379883,135,23,1968,0,5
78.96796,0,1,1732,2,58,7.69921875,65,24,35.59375,136.71875,2.8999023,0.69995117,1.39990234,133,7.519531,135,23,1968,5,7
69.66199,1,1,43,2,117,9.29882812,80,25,36.5,340,3.199707,0.39996338,1.09985352,136,7.5,135,23,1968,0,1
47.866,0,2,1731,2,70,5.09960938,80,16,36.69531,224,4,0.89990234,1.59985352,144,7.419922,135,23,1968,0,0
70.20099,0,2,1729,0,77,19.0976562,68,30,38.89844,159.15625,2.8999023,0.89990234,1.29980469,136,7.419922,135,23,1968,0,0
64.30396,0,2,1728,1,77,8.8984375,62,28,37.79688,352,4.1992188,1.5,1.29980469,134,7.539062,135,23,1968,0,1
78.95099,0,1,1728,1,117,7.44921875,150,26,36.09375,448,2.8999023,0.89990234,1.09985352,134,7.399414,135,23,1968,0,1
62.56,0,2,1728,1,135,14.5,140,28,38.29688,126.51562,3.2998047,0.89990234,1.79980469,146,7.459961,135,23,1968,0,0
73.25397,0,2,1727,1,49,12.5996094,76,24,38.39844,123.32812,2.8999023,0.89990234,1.29980469,132,7.489258,135,23,1968,0,0
71.32898,1,1,15,3,67,16.5976562,110,32,38.79688,346,2.3999023,0.89990234,1,148,7.459961,135,23,1968,0,1
55.431,1,2,7,1,130,1.39990234,140,12,38.29688,121.42188,2.5996094,1.5,0.69995117,140,7.399414,135,23,1968,0,1
47.26898,0,2,1723,2,80,12.2988281,80,30,36.69531,456,2.7998047,2.59960938,0.69995117,134,7.349609,135,23,1968,1,1
64.77795,1,2,129,1,81,14.5996094,110,32,34.79688,267.3125,2.5996094,0.69995117,0.59997559,135,7.439453,135,23,1968,7,5
75.72894,1,2,34,1,70,6.5,80,38,36.59375,157,2.3999023,0.89990234,1.69995117,150,7.359375,135,23,1968,0,1
83.61896,1,2,51,0,65,10.1992188,65,26,35.79688,240,3,0.59997559,1.69995117,138,7.5,135,23,1968,0,2
83.59796,1,2,6,2,93,12.3984375,100,20,38.29688,488.3125,3.699707,0.59997559,1.5,144,7.40918,135,23,1968,0,1
82.46399,1,1,51,4,73,6.79980469,70,20,35.59375,508,3.199707,0.59997559,2.39990234,141,7.339844,135,23,1968,0,1
73.62097,1,2,80,1,40,12.7988281,80,20,38.79688,224,2.8999023,1.19995117,1,137,7.419922,135,23,1968,0,5
47.35098,1,1,374,4,68,12.1992188,78,28,36.29688,187.75,2.8999023,0.89990234,3.5,136,7.40918,135,23,1968,1,1
79.06598,1,2,10,2,63,17,100,7,35.59375,266.625,3.5996094,2.89990234,2.59960938,127,7.269531,135,23,1968,0,3
77.21594,1,2,913,0,44,9.3984375,107,8,36.19531,214,2.8999023,0.89990234,1.19995117,136,7.339844,135,23,1968,0,0
46.06198,0,2,1719,3,69,5.29980469,112,22,37.89844,224,3.8999023,3.09960938,0.79992676,140,7.419922,135,23,1968,0,1
75.92297,0,1,1718,1,77,8,80,25,36.69531,271.375,2.8999023,0.89990234,1,139,7.379883,135,23,1968,6,2
77.93298,0,2,1717,0,57,9.5,69,20,36.79688,206.09375,2.2998047,0.69995117,5.39941406,138,7.419922,135,23,1968,0,0
81.07898,1,1,42,1,53,12.3984375,64,42,36.89844,150,3.699707,0.79992676,1.09985352,145,7.30957,135,23,1968,0,4
28.25699,0,1,1714,0,138,12.7988281,102,28,38.19531,166.65625,3,1.29980469,0.89990234,138,7.479492,135,23,1968,1,1
77.30597,1,2,1037,2,100,5,59,22,35.59375,224,3,0.39996338,2.59960938,142,7.419922,135,23,1968,0,6
83.51294,1,2,69,4,93,8.29882812,70,25,36.09375,396,3.699707,0.89990234,2.09960938,142,7.299805,135,23,1968,0,5
68.24097,1,1,64,3,73,3.79980469,60,20,37.19531,347.5625,2.8999023,2.39990234,1.19995117,136,7.489258,135,23,1968,2,3
78.245,1,1,42,3,53,17.296875,107,8,35.59375,320,2.8999023,0.5,1.09985352,143,7.369141,135,23,1968,0,2
60.77197,1,2,248,5,111,7.19921875,64,20,36.39844,336.625,4.5996094,1.09985352,1.79980469,141,7.549805,135,23,1968,0,1
67.96997,1,2,1134,2,145,17.3984375,70,24,38.19531,193.875,2.8999023,0.89990234,5.5,138,7.40918,135,23,1968,1,0
75.38098,0,2,1708,2,115,6.5,59,24,37.89844,486,2.5,0.5,1.69995117,141,7.509766,135,23,1968,0,2
61.56299,0,2,1708,1,103,7.79980469,70,20,36.09375,447.5625,3.0996094,0.69995117,1.09985352,140,7.579102,135,23,1968,0,0
69.23199,0,1,1707,2,100,0.79992676,80,15,37.79688,224,2.699707,1.89990234,0.69995117,140,7.419922,135,23,1968,0,0
89.32794,1,2,19,1,53,4.09960938,230,12,39.69531,142,2.0996094,5.39941406,1,146,7.349609,135,23,1968,0,1
84.35297,0,2,1705,1,65,14.3984375,68,26,38.09375,385.125,3,0.59997559,0.5,133,7.439453,135,23,1968,0,1
73.63397,1,2,11,5,120,17.5,90,35,37.69531,224,3.199707,0.89990234,1.09985352,145,7.419922,135,23,1968,0,0
87.41699,0,1,1703,1,70,13.3984375,59,28,36.09375,404,2.3999023,0.79992676,1.5,130,7.459961,135,23,1968,0,2
75.34296,0,1,1701,1,58,5.5,98,24,36.69531,196.40625,3.8999023,0.79992676,0.59997559,130,7.389648,135,23,1968,0,1
78.53497,1,1,14,1,77,10,70,20,36.59375,195,2.8999023,0.89990234,0.5,137,7.179688,135,23,1968,0,7
67.06396,1,1,194,5,62,11.5,68,16,36.79688,392,2.8999023,0.39996338,4.39941406,133,7.339844,135,23,1968,0,3
76.28497,1,2,1335,3,58,13.0996094,60,24,36.59375,285.6875,2.2998047,0.59997559,1.5,139,7.319336,135,23,1968,3,3
95.58099,1,2,23,2,58,4,78,30,34.89844,416.625,2.0996094,0.29998779,1.39990234,144,7.429688,135,23,1968,0,5
60.79398,1,2,323,3,80,6.09960938,100,25,35.59375,224,2.8999023,0.89990234,1.89990234,149,7.419922,135,23,1968,0,1
52.28497,1,2,617,3,104,17.3984375,101,28,36.29688,257.125,2.8999023,0.89990234,0.69995117,138,7.389648,135,23,1968,0,1
58.32199,1,1,22,1,55,10.5,58,24,38.79688,224,2.8999023,0.89990234,1.09985352,133,7.369141,135,23,1968,0,1
83.46899,1,1,76,1,107,6.69921875,60,25,35.59375,404.3125,2.8999023,0.89990234,0.59997559,138,7.399414,135,23,1968,1,0
65.46997,1,1,142,4,61,17,128,10,36,132.5,2.2998047,0.89990234,1,136,7.419922,135,23,1968,0,0
77.008,0,2,1690,3,80,10.2988281,80,20,35.59375,357.125,2.8999023,0.89990234,1.5,139,7.399414,135,23,1968,0,0
85.37195,1,2,9,1,123,8.19921875,136,34,38,84,3.3999023,1,1.79980469,143,7.439453,135,23,1968,0,1
83.16199,1,2,29,1,123,6.5,110,20,36.39844,228,2.8999023,0.89990234,1.09985352,136,7.459961,135,23,1968,1,1
65.91595,1,1,4,2,30,13.6992188,0,0,38.79688,255,2.8999023,0.89990234,6.29980469,137,7.289062,135,23,1968,0,1
79.22498,1,2,1453,1,103,5.29980469,60,20,35.79688,328,2.5,0.59997559,1.5,137,7.40918,135,23,1968,0,0
78.09998,0,2,1687,4,80,5.5,100,25,36.29688,147.5,3.8999023,0.89990234,1.39990234,140,7.339844,135,23,1968,1,2
59.88797,1,1,340,1,50,24.1992188,74,12,36.29688,224,3.3999023,0.5,3.09960938,143,7.419922,135,23,1968,1,1
59.27197,0,1,1683,2,73,7.89941406,70,20,36.09375,304.75,3.699707,1.09985352,1.39990234,143,7.419922,135,23,1968,2,1
63.25299,1,2,43,1,103,10.5996094,100,20,36.69531,224,3.199707,6.39941406,0.69995117,131,7.419922,135,23,1968,0,1
69.125,1,1,765,3,113,6.5,70,20,36.69531,396,2.8999023,0.89990234,4,136,7.329102,135,23,1968,0,0
71.461,1,1,266,1,107,8.29882812,108,32,37.89844,224,3.0996094,0.5,1.09985352,139,7.419922,135,23,1968,0,0
87.24194,1,2,8,1,47,9.59960938,66,10,37.69531,220,2.699707,0.69995117,4.29980469,142,7.269531,135,23,1968,0,7
57.79898,0,2,1681,1,49,15.7988281,50,10,38.09375,155,2.8999023,0.39996338,0.59997559,130,7.399414,135,23,1968,0,1
72.62695,1,2,1643,1,130,11.1992188,109,40,36.69531,416,2.8999023,0.89990234,1.29980469,134,7.369141,135,23,1968,1,0
69.21594,1,2,422,3,73,7.19921875,80,25,37.19531,248,2.8999023,0.69995117,2.89990234,137,7.459961,135,23,1968,0,1
49.87299,1,1,8,1,43,2.69970703,128,32,35.89844,205,2.5,0.59997559,0.59997559,136,7.389648,135,23,1968,0,1
81.19098,0,2,1676,3,57,7.09960938,51,24,37.89844,496,2.5,0.39996338,3.59960938,150,7.459961,135,23,1968,1,1
50.19598,0,1,1676,2,103,12.1992188,80,20,36.09375,224,3.699707,0.69995117,3.79980469,125,7.419922,135,23,1968,1,1
69.12299,1,2,10,5,110,6.69921875,70,12,38.29688,107.14062,2.8999023,0.89990234,6.19921875,142,7.429688,135,23,1968,0,4
82.35699,1,1,1231,0,137,21.8984375,100,20,37.79688,323.75,3.5996094,1,1.19995117,135,7.399414,135,23,1968,0,1
52.57797,1,1,118,2,67,6.79980469,70,15,37,180.9375,2.7998047,0.79992676,1.09985352,138,7.379883,135,23,1968,1,1
71.79498,1,2,97,2,61,11.1992188,68,10,37.69531,152.5,3.199707,0.69995117,0.69995117,136,7.419922,135,23,1968,0,4
38.66699,0,1,1670,1,43,29.0976562,43,8,35.59375,217,2.3999023,11.0996094,0.5,137,7.359375,135,23,1968,0,0
77.85394,1,1,902,0,63,7.89941406,80,20,36.69531,261.875,2.8999023,0.89990234,0.79992676,133,7.369141,135,23,1968,0,1
70.45898,0,1,1669,1,61,8.8984375,65,36,38.29688,256.625,3,1.19995117,1.5,137,7.359375,135,23,1968,1,0
77.435,1,2,4,3,77,7.59960938,120,40,39.09375,140,2.8999023,0.89990234,0.89990234,139,7.349609,135,23,1968,0,1
83.30194,1,1,35,1,59,14.5996094,160,24,38.5,256.625,2.8999023,0.69995117,2.39990234,141,7.369141,135,23,1968,0,0
77.42896,1,2,39,2,49,16.3984375,131,32,36.39844,187.75,2.0996094,0.79992676,1.29980469,155,7.379883,135,23,1968,0,5
90.57599,1,1,9,2,73,5.5,60,25,35.39844,224,3.699707,0.89990234,1.69995117,142,7.419922,135,23,1968,0,1
54.237,1,1,722,3,80,6.59960938,80,20,36.39844,504.75,2.0996094,6.5,0.79992676,129,7.449219,135,23,1968,1,0
83.10199,0,2,1663,3,117,5,50,20,36.69531,336.625,2.8999023,0.89990234,1.69995117,141,7.429688,135,23,1968,0,1
66.92096,0,1,1661,1,56,6.59960938,109,8,37.89844,180,2.3999023,0.89990234,0.59997559,141,7.40918,135,23,1968,0,0
73.487,1,1,14,1,109,9.5,72,20,36.09375,224,2.5,0.39996338,1,134,7.419922,135,23,1968,4,2
66.52399,1,1,230,2,49,11.7988281,129,40,38.59375,175,4.0996094,2.5,1.69995117,147,7.479492,135,23,1968,0,1
41.12299,1,2,897,1,121,13.6992188,63,32,39.29688,416.625,2,1.5,2,142,7.449219,135,23,1968,0,1
64.81299,1,2,29,0,70,8.69921875,60,20,35.59375,323.75,2.8999023,0.89990234,5.19921875,125,7.259766,135,23,1968,2,1
82.15698,1,1,116,2,59,5.39941406,60,26,37.69531,276.625,3.699707,0.89990234,2.19970703,142,7.449219,135,23,1968,4,6
83.16199,1,2,4,2,43,9.5,120,38,38.39844,123.32812,4.0996094,1.09985352,2.59960938,141,7.339844,135,23,1968,0,1
68.19995,0,1,1652,0,49,8.3984375,145,10,38.59375,105,3.2998047,0.69995117,3.29980469,137,7.369141,135,23,1968,0,1
47.58899,1,2,190,2,80,5.29980469,80,20,37,224,2.8999023,5,0.79992676,131,7.419922,135,23,1968,0,0
74.05896,0,1,1650,1,100,6.79980469,80,20,36.09375,224,2.699707,2.79980469,10.3984375,135,7.419922,135,23,1968,0,0
64.83496,1,1,9,0,56,9.79882812,47,6,38.09375,393.3125,2.5996094,0.89990234,0.79992676,136,7.40918,135,23,1968,0,1
34.51297,1,2,1232,2,57,2,58,12,33.5,178,2.2998047,0.89990234,1.39990234,142,7.40918,135,23,1968,0,6
85.54999,1,2,105,4,63,8.59960938,66,24,35.59375,319,2.8999023,0.89990234,3.19970703,129,7.449219,135,23,1968,0,1
75.10999,0,2,1645,1,80,5.29980469,60,25,38.89844,224,2.8999023,1,1.29980469,132,7.419922,135,23,1968,0,0
70.25098,0,2,1642,2,57,17.5,117,8,38.29688,125,2.8999023,0.89990234,1.19995117,139,7.469727,135,23,1968,0,0
80.35895,0,1,1642,4,70,4.29980469,80,35,37,211.09375,2.8999023,0.89990234,1.09985352,140,7.40918,135,23,1968,1,0
52.10397,1,2,4,1,60,0.09999084,120,8,36.59375,182.84375,2.199707,0.89990234,1.69995117,138,7.449219,135,23,1968,0,0
83.461,1,2,87,4,43,3.19970703,120,32,36.5,231.65625,2.199707,0.79992676,2.89990234,128,7.319336,135,23,1968,0,0
75.33197,1,1,38,1,64,19.5,110,26,36.09375,253.03125,2.8999023,0.39996338,1.39990234,126,7.429688,135,23,1968,0,0
84.47894,0,2,1637,4,105,10.1992188,68,24,36.89844,224,2.8999023,0.5,1.79980469,138,7.429688,135,23,1968,0,1
85.48096,1,1,1096,1,67,21.296875,70,20,36.69531,332,2.8999023,0.89990234,1.29980469,144,7.339844,135,23,1968,3,1
64.06,1,1,93,1,75,7.79980469,100,18,36.89844,224,3.8999023,0.39996338,0.69995117,134,7.419922,135,23,1968,0,0
55.896,1,1,33,1,127,8.09960938,60,22,37.69531,224,4.0996094,0.39996338,1.39990234,139,7.419922,135,23,1968,0,5
65.29797,1,2,30,1,60,12.2988281,90,20,36.69531,224,2.8999023,0.89990234,0.79992676,140,7.419922,135,23,1968,0,2
80.77496,1,1,18,4,53,18.5976562,73,22,38.39844,383.3125,2.8999023,0.89990234,7.39941406,139,7.359375,135,23,1968,6,6
74.46698,1,1,36,2,47,3.39990234,154,52,36.29688,284,2.8999023,0.89990234,0.59997559,139,7.369141,135,23,1968,0,1
74.875,1,1,81,2,62,7.09960938,70,32,37.89844,620,4.1992188,0.89990234,0.89990234,154,7.379883,135,23,1968,0,5
46.448,0,2,1629,0,39,8.79882812,130,8,34,162.5,2.5996094,0.89990234,0.79992676,144,7.379883,135,23,1968,0,1
36.36099,0,2,1631,3,57,8.5,100,34,39.29688,171.65625,2.2998047,5,0.79992676,148,7.439453,135,23,1968,4,3
84.758,1,1,201,3,70,5.79980469,100,9,37.89844,343,2.8999023,0.89990234,1,132,7.449219,135,23,1968,0,1
73.09497,1,2,629,3,110,9.29882812,60,20,37,324,4.3994141,0.29998779,1.09985352,140,7.379883,135,23,1968,0,1
87.836,1,1,3,1,57,14.2988281,111,14,37.89844,376.625,3.7998047,0.89990234,1.19995117,139,7.469727,135,23,1968,0,4
65.21796,1,2,17,2,45,11.3984375,120,8,37.69531,104,2.3999023,1.89990234,2.89990234,136,7.339844,135,23,1968,0,0
39.159,1,2,6,2,52,31.0976562,140,28,38.19531,121.65625,1.8999023,0.5,0.59997559,139,7.449219,135,23,1968,0,3
61.23999,1,1,28,3,129,6.79980469,70,16,36.09375,224,2.199707,0.89990234,0.79992676,143,7.419922,135,23,1968,0,0
85.05396,1,2,420,3,50,6.59960938,48,37,38.09375,237.5,2.8999023,0.89990234,3,144,7.30957,135,23,1968,0,4
80.54999,1,1,59,1,63,10.5996094,39,28,36.09375,224,2.8999023,0.89990234,2.09960938,134,7.419922,135,23,1968,0,4
73.30298,1,2,45,2,57,9.09960938,132,38,36.5,250,2.8999023,0.89990234,0.69995117,137,7.379883,135,23,1968,0,1
66.89899,1,1,33,1,130,11.8984375,110,24,39.09375,138,2.8999023,0.89990234,3,145,7.419922,135,23,1968,0,0
62.04498,0,2,1621,2,77,9.19921875,80,25,36.69531,203.3125,3.199707,0.79992676,1.19995117,135,7.469727,135,23,1968,0,0
91.00098,1,1,7,0,41,17.796875,67,27,35.69531,320,2.8999023,0.89990234,2.79980469,121,7.469727,135,23,1968,0,3
70.86694,1,1,1269,1,57,10.5996094,52,22,39.29688,171.40625,2.5,1.89990234,0.79992676,139,7.439453,135,23,1968,0,1
80.80798,1,2,8,2,40,99,174,48,36.29688,95,2.0996094,0.89990234,1.39990234,146,7.469727,135,23,1968,0,0
39.01398,0,2,1619,1,47,12.5,120,46,36.59375,145,2.7998047,4.69921875,6.19921875,134,7.40918,135,23,1968,0,0
96.29297,1,2,327,2,115,3.59960938,59,24,37.69531,409.5,3.199707,0.89990234,3.89990234,138,7.379883,135,23,1968,0,1
60.96399,0,1,1616,4,60,10.6992188,60,20,36.69531,360,2.8999023,0.89990234,1.19995117,135,7.399414,135,23,1968,4,1
57.892,1,2,152,2,71,4.79980469,110,24,37.09375,266.625,2.8999023,0.89990234,1.09985352,139,7.489258,135,23,1968,0,0
79.43097,1,1,60,2,87,5.29980469,109,20,36.09375,224,2.8999023,1,0.89990234,131,7.419922,135,23,1968,0,5
84.25494,1,2,1578,3,73,9.59960938,80,20,36.69531,392,2.8999023,0.89990234,1.89990234,135,7.459961,135,23,1968,0,1
62.97897,0,2,1606,1,125,14.6992188,119,24,36.29688,292,2.8999023,0.89990234,0.59997559,139,7.419922,135,23,1968,0,1
75.34296,1,2,60,1,67,9.59960938,80,20,40,224,3.7998047,0.89990234,1.09985352,138,7.419922,135,23,1968,1,1
65.20697,1,1,28,1,40,0.29998779,180,22,35.59375,381.625,4,0.89990234,0.69995117,135,7.419922,135,23,1968,0,2
75.45197,1,2,24,4,44,8.69921875,64,26,35.59375,276.1875,2.8999023,0.59997559,2.59960938,137,7.569336,135,23,1968,0,2
74.17096,0,1,1604,0,66,7.39941406,60,10,38.79688,180,2.7998047,0.89990234,1,143,7.40918,135,23,1968,0,0
55.31799,1,1,21,1,66,15,51,10,39.09375,161.65625,2.8999023,1.5,2.29980469,141,7.40918,135,23,1968,0,1
61.06998,0,1,1599,2,67,12.8984375,70,10,36.39844,118,2.8999023,0.89990234,0.59997559,142,7.489258,135,23,1968,0,1
76.57996,1,2,44,1,56,15.2988281,110,12,38.29688,170,2.8999023,13.8984375,3.09960938,137,7.379883,135,23,1968,0,0
91.47198,1,1,71,2,53,1.59985352,120,26,36.19531,390,2.8999023,0.89990234,1,138,7.5,135,23,1968,0,4
22.31099,0,2,1596,2,110,9.29882812,120,10,39,434.6875,2.8999023,0.89990234,0.89990234,135,7.449219,135,23,1968,0,1
60.40799,0,1,1598,2,63,11,96,12,37.89844,282.125,2.5996094,0.89990234,0.79992676,138,7.359375,135,23,1968,0,0
77.15497,1,2,33,1,45,19.5,38,24,34.79688,200,2,1.89990234,1.89990234,146,7.489258,135,23,1968,0,1
72.95599,1,2,965,3,42,5.69921875,80,24,37.5,359.25,3.8999023,1.09985352,8.09960938,135,7.439453,135,23,1968,1,0
30.021,1,1,22,0,73,0.19998169,104,32,38.19531,224,2.3999023,0.89990234,0.69995117,141,7.419922,135,23,1968,0,0
66.72699,0,1,1590,2,69,5.19921875,52,28,36.39844,169.375,3.199707,0.89990234,4.79980469,145,7.349609,135,23,1968,2,1
72.45996,1,1,10,2,43,21.5,111,42,38.69531,275,2.3999023,0.09999084,0.79992676,144,7.289062,135,23,1968,0,7
59.737,1,2,22,1,117,6.5,120,25,36.09375,224,3.199707,0.89990234,1,139,7.419922,135,23,1968,0,0
75.28497,1,1,6,0,49,16.0976562,116,28,35.79688,163.25,2.699707,1.59985352,1.69995117,149,7.449219,135,23,1968,0,1
60.46799,1,2,21,1,49,36.1953125,116,10,35.39844,142.84375,2.3999023,1.89990234,6.09960938,148,7.279297,135,23,1968,0,1
86.17096,0,1,1583,0,50,12.5996094,38,24,38.89844,96.65625,3.199707,0.79992676,0.79992676,137,7.419922,135,23,1968,0,1
79.98395,1,2,6,2,45,11.6992188,150,35,35.89844,213.3125,2.3999023,0.79992676,1.69995117,138,7.439453,135,23,1968,0,0
53.65598,0,2,1580,1,60,9.69921875,69,40,38.89844,224,2.2998047,2.89990234,1.39990234,132,7.419922,135,23,1968,0,0
67.51794,0,1,1579,2,78,12,100,38,37.59375,93,3,3.29980469,1.5,137,7.349609,135,23,1968,0,1
83.50696,0,1,1579,2,103,6.89941406,60,20,36.09375,224,4.3994141,0.69995117,1.19995117,138,7.419922,135,23,1968,1,0
68.22198,0,2,1578,2,80,7.39941406,90,25,36.19531,224,4,0.89990234,1.69995117,141,7.419922,135,23,1968,0,1
64.72296,1,1,1257,2,57,14.6992188,101,36,36.19531,116.3125,3,0.5,0.79992676,136,7.439453,135,23,1968,0,0
87.04199,1,1,150,1,52,17,116,30,37.89844,125.70312,2.7998047,0.29998779,2.39990234,145,7.449219,135,23,1968,0,5
81.85895,1,1,1467,1,110,10.8984375,110,14,37.79688,240,2.8999023,0.89990234,0.79992676,143,7.40918,135,23,1968,1,2
74.61694,1,1,9,2,65,12.8984375,120,35,36.59375,262.5,2.8999023,0.69995117,0.59997559,141,7.379883,135,23,1968,0,1
53.59299,1,1,1344,1,103,13.6992188,100,20,36.79688,224,4.0996094,0.29998779,1,141,7.419922,135,23,1968,0,1
57.84497,1,2,774,2,80,4.89941406,127,25,35.89844,342.8125,3.699707,2.09960938,1.19995117,146,7.399414,135,23,1968,2,0
78.60596,1,2,1550,2,109,11.5,73,26,39.69531,224,4,1.09985352,1.39990234,133,7.419922,135,23,1968,1,5
43.38898,0,2,1568,2,65,6.09960938,110,20,37.89844,420,3.199707,1.39990234,0.69995117,139,7.389648,135,23,1968,0,0
59.34799,1,2,113,2,55,13.1992188,68,13,35.59375,128.3125,3.699707,1.29980469,0.89990234,140,7.459961,135,23,1968,0,1
78.67798,1,2,7,4,59,7.39941406,60,8,37.69531,390,2.0996094,0.69995117,3.5,147,7.439453,135,23,1968,0,1
75.52899,0,1,1570,3,73,4.19921875,80,20,37,224,2.8999023,0.89990234,2.39990234,136,7.479492,135,23,1968,0,0
47.59198,0,2,1570,0,113,22.296875,136,10,39.39844,275.5,2.5,2,2,147,7.349609,135,23,1968,0,0
82.63696,1,1,137,3,60,9.09960938,74,34,36.5,192.5625,3.7998047,0.5,0.89990234,139,7.489258,135,23,1968,2,1
68.87097,0,1,1564,2,83,4.5,100,20,38.09375,224,3.2998047,0.69995117,0.79992676,136,7.539062,135,23,1968,0,0
83.11597,1,2,135,3,53,14.5,63,24,36.09375,103.32812,3.199707,0.79992676,1.09985352,145,7.479492,135,23,1968,0,4
70.21997,1,1,4,1,42,11.8984375,108,9,32.29688,54,2.199707,4.39941406,2.79980469,136,7.449219,135,23,1968,0,1
65.92999,0,2,1561,2,57,10.5,170,28,38.69531,138,2.8999023,0.89990234,1,142,7.429688,135,23,1968,0,0
50.97598,0,2,1560,2,82,10.0996094,106,26,36,225,2.5,0.29998779,0.89990234,134,7.449219,135,23,1968,0,1
43.047,0,1,1560,1,107,9.79882812,70,25,35.59375,214.28125,2.8999023,0.89990234,1,143,7.429688,135,23,1968,1,1
54.793,1,1,27,2,123,0.09999084,170,38,39.59375,224,2.5,0.69995117,1.09985352,144,7.419922,135,23,1968,0,1
59.64398,1,1,8,1,45,6.29980469,112,38,37.89844,118.32812,3.0996094,0.89990234,0.59997559,138,7.30957,135,23,1968,0,0
75.45795,0,1,1556,0,123,7.39941406,101,8,38.59375,79,3,0.89990234,2.19970703,154,7.459961,135,23,1968,0,0
75.65198,1,2,4,3,68,9.69921875,125,20,39.39844,132,2.8999023,0.89990234,0.69995117,139,7.419922,135,23,1968,0,1
79.27698,0,1,1556,2,60,16.296875,100,20,37.79688,311.625,3.2998047,0.69995117,1.69995117,135,7.399414,135,23,1968,0,5
73.51996,1,1,32,3,100,21.8984375,80,20,36.69531,224,2.8999023,0.69995117,0.59997559,136,7.439453,135,23,1968,1,0
41.52197,1,2,97,2,101,6.5,72,14,35.89844,224,4,0.89990234,1,141,7.419922,135,23,1968,1,0
81.25098,1,1,78,2,67,4.39941406,63,38,36.69531,257.125,3.2998047,0.39996338,3.39990234,144,7.259766,135,23,1968,0,1
46.59497,0,2,1551,2,57,12.0996094,118,24,36.09375,328.5625,2.8999023,36.5,5.39941406,136,7.40918,135,23,1968,1,1
77.52496,1,2,246,1,110,0.89990234,110,28,36.09375,270,2.8999023,3.79980469,1.69995117,136,7.479492,135,23,1968,0,0
56.71997,0,2,1550,0,135,11.0996094,142,68,37.79688,205,3.3999023,1.59985352,1.09985352,142,7.449219,135,23,1968,1,0
70.73499,1,2,1236,3,61,7.09960938,52,28,37.89844,151,2.8999023,0.89990234,1.59985352,134,7.369141,135,23,1968,0,2
77.53296,0,1,1550,1,67,26.0976562,132,42,36.19531,223.78125,3.8999023,0.89990234,1,138,7.329102,135,23,1968,1,0
85.20496,1,2,299,3,56,5.19921875,70,25,36.09375,175.5,2.8999023,0.89990234,1,140,7.359375,135,23,1968,0,0
47.61398,0,1,1547,1,63,6.69921875,72,24,37.79688,137.5,2.8999023,0.5,0.89990234,143,7.569336,135,23,1968,0,1
75.78094,1,1,49,2,51,58.1953125,59,26,35.29688,197.5,3.0996094,2.19970703,2,132,7.40918,135,23,1968,0,1
74.95697,1,2,48,1,123,10.1992188,80,6,36.29688,121.65625,2.8999023,0.89990234,1.5,138,7.479492,135,23,1968,0,1
74.32196,1,2,234,4,97,11.5,70,32,37.09375,400,4,0.69995117,2,142,7.489258,135,23,1968,2,1
64.19696,1,1,34,1,46,19.1992188,123,12,39.09375,175,3.5996094,0.89990234,0.29998779,137,7.379883,135,23,1968,0,7
58.65799,1,2,153,1,73,11.0996094,80,20,35.59375,196.65625,4.3994141,0.89990234,1.09985352,141,7.359375,135,23,1968,1,0
93.34998,1,2,462,3,70,7.5,58,8,36.09375,325,2.8999023,1.69995117,1.69995117,143,7.369141,135,23,1968,0,1
67.10199,1,2,22,3,117,11.7988281,100,20,36.09375,368,4,0.79992676,2.79980469,135,7.519531,135,23,1968,0,2
51.45499,0,1,1543,2,67,6.79980469,62,8,36.09375,141.40625,2.5996094,1.39990234,0.59997559,134,7.389648,135,23,1968,0,3
65.08698,0,2,1543,3,83,7.79980469,100,20,37.79688,648.125,2.8999023,0.89990234,1.19995117,136,7.40918,135,23,1968,0,1
84.48199,1,2,106,1,107,16.3984375,120,32,37.79688,223,2.8999023,0.89990234,1.29980469,146,7.389648,135,23,1968,1,0
42.82797,1,2,4,1,40,32.1953125,135,37,35.69531,125,2.199707,5.69921875,8.29882812,143,7.269531,135,23,1968,0,1
80.45697,1,1,10,1,46,0.09999084,128,35,36.29688,190,3.3999023,2.09960938,0.89990234,127,7.469727,135,23,1968,0,5
58.28598,1,2,3,3,43,35.5,120,14,40.39844,106.65625,2.0996094,0.89990234,2.39990234,131,7.399414,135,23,1968,0,1
67.01196,1,2,19,2,55,21.3984375,120,12,38.59375,186,2.8999023,0.89990234,4.19921875,140,7.359375,135,23,1968,0,0
70.03998,1,1,151,2,77,5.79980469,70,25,36.09375,224,3.7998047,1.39990234,0.69995117,143,7.419922,135,23,1968,0,1
99.28497,1,2,53,3,45,13.1992188,70,10,36.39844,212.5,2.8999023,1.69995117,2.29980469,132,7.489258,135,23,1968,0,7
52.504,1,1,927,3,71,19.3984375,140,24,36.09375,288,2.8999023,0.89990234,0.89990234,143,7.329102,135,23,1968,2,1
68.99097,1,1,8,1,53,7.69921875,72,10,35.79688,224,2.5,0.59997559,1.09985352,137,7.419922,135,23,1968,0,5
59.49298,1,1,668,1,137,18.0976562,119,32,35.79688,273.4375,5,0.59997559,1.5,138,7.359375,135,23,1968,0,0
86.61694,1,2,1494,2,53,12.6992188,66,32,36.09375,280,4.5,1.79980469,1.29980469,143,7.40918,135,23,1968,0,0
26.56,1,1,15,2,49,5.5,118,10,36.39844,137.5,2.199707,1.29980469,0.69995117,144,7.399414,135,23,1968,0,1
51.39999,0,2,1531,1,47,4.19921875,126,10,38.29688,88,2.8999023,2,0.59997559,133,7.449219,135,23,1968,0,1
70.62598,1,1,1114,6,71,7.09960938,62,24,36.69531,266.625,2.8999023,0.39996338,3.89990234,141,7.489258,135,23,1968,0,1
44.17499,1,2,51,2,66,9.3984375,116,24,38.89844,504.75,2.0996094,1,0.59997559,134,7.439453,135,23,1968,0,1
75.01996,1,2,33,3,57,5.09960938,51,10,38,150,4.0996094,0.89990234,1.69995117,144,7.149414,135,23,1968,0,3
69.09796,0,2,1528,1,63,7.39941406,100,9,36.29688,113,2.8999023,1,1.29980469,135,7.489258,135,23,1968,0,1
79.66095,0,1,1527,0,54,10,67,16,38,236.71875,2.5,0.89990234,0.89990234,142,7.449219,135,23,1968,0,0
81.23798,1,2,204,3,83,11,60,20,35.59375,336,2.8999023,0.89990234,1.89990234,142,7.5,135,23,1968,0,0
71.30695,1,1,207,4,64,15.8984375,72,30,39.19531,68,2.8999023,0.89990234,1.19995117,133,7.469727,135,23,1968,0,1
82.39294,0,2,1524,3,73,8.8984375,70,25,37.79688,188,3.199707,0.89990234,1.09985352,142,7.399414,135,23,1968,0,0
71.00098,1,1,16,3,103,6.69921875,70,30,37.79688,100,3.0996094,0.29998779,1.59985352,132,7.459961,135,23,1968,6,6
91.03894,1,2,87,1,97,9.59960938,120,50,37.19531,175.5,3.2998047,0.89990234,1.29980469,144,7.379883,135,23,1968,0,3
48.78,1,1,84,1,61,5,120,24,36.89844,224,3.199707,0.29998779,0.69995117,145,7.469727,135,23,1968,0,0
76.18597,1,2,37,3,54,10.3984375,71,24,35,432,2.8999023,0.5,2.39990234,125,7.509766,135,23,1968,7,2
84.62994,1,1,24,3,80,9.8984375,60,30,36.09375,190.46875,3.5996094,0.89990234,1.19995117,138,7.449219,135,23,1968,0,5
93.62897,1,1,624,3,67,5.79980469,70,20,36.09375,224,2.8999023,0.89990234,0.89990234,132,7.389648,135,23,1968,0,1
86.18799,1,1,23,1,100,8.69921875,100,25,36.09375,224,3,0.39996338,0.69995117,131,7.419922,135,23,1968,0,3
76.53894,1,1,16,1,50,9.79882812,48,42,38,170,3.199707,0.89990234,0.69995117,134,7.419922,135,23,1968,0,2
80.79095,0,1,1521,2,83,12.8984375,80,20,38,390,2.8999023,0.89990234,0.89990234,144,7.389648,135,23,1968,0,1
49.85397,1,2,54,2,43,11.3984375,114,10,39.29688,154,2.2998047,0.59997559,0.29998779,147,7.389648,135,23,1968,0,1
94.10797,1,1,27,0,70,9.29882812,80,20,36.69531,295,2.8999023,0.39996338,1.09985352,140,7.299805,135,23,1968,4,1
97.83997,1,2,8,1,103,8.19921875,105,48,37.59375,124,2,1,1.29980469,142,7.469727,135,23,1968,0,1
66.51294,1,2,803,2,72,8.8984375,60,16,36.19531,140,5.1992188,1.79980469,1.09985352,137,7.359375,135,23,1968,0,0
29.618,0,1,1512,0,58,6.5,124,8,38.09375,353.3125,3.5996094,0.89990234,0.59997559,136,7.449219,135,23,1968,0,0
72.10095,1,2,833,5,120,11.3984375,80,25,35.59375,224,4.1992188,0.59997559,2.79980469,139,7.419922,135,23,1968,2,1
43.16998,0,2,1514,1,60,12.3984375,58,12,39.59375,97.14062,2.8999023,0.59997559,1.5,146,7.429688,135,23,1968,0,0
80.01599,1,1,31,1,62,13,62,8,37.79688,153.3125,2.8999023,0.89990234,4.5,128,7.389648,135,23,1968,0,0
54.26099,1,1,5,1,53,19.5976562,74,22,37.69531,386.625,2.5996094,8.59960938,2.89990234,149,7.359375,135,23,1968,0,2
54.33499,1,1,1021,2,45,10.7988281,118,28,39.09375,490.4375,2.699707,0.89990234,1.89990234,153,7.40918,135,23,1968,0,2
85.16095,1,1,25,4,57,7,56,20,34.79688,396,3.3999023,1.5,2.89990234,142,7.419922,135,23,1968,5,1
52.19199,1,1,1059,0,103,9.59960938,66,22,36,403.6875,3.2998047,0.5,12.3984375,143,7.379883,135,23,1968,0,0
74.72095,0,2,1507,3,120,8.19921875,80,20,37.5,309,4.3994141,0.29998779,1.5,142,7.279297,135,23,1968,0,0
88.32898,1,2,8,0,40,13.3984375,55,10,37.19531,192.5,2.5,0.89990234,1.39990234,133,7.489258,135,23,1968,0,0
77.82599,0,1,1503,1,60,5.79980469,49,24,36.19531,300,2.7998047,0.89990234,1.89990234,137,7.449219,135,23,1968,0,1
82.35498,1,1,252,2,113,6.29980469,60,20,36.39844,224,2.8999023,0.89990234,1,139,7.419922,135,23,1968,0,7
87.61096,1,2,129,5,107,9.3984375,60,20,36.59375,218.5,2.8999023,0.89990234,2.09960938,145,7.479492,135,23,1968,0,1
50.81497,0,1,1501,3,73,4.5,70,20,36.69531,224,2.7998047,0.29998779,5.69921875,139,7.389648,135,23,1968,0,0
34.54099,0,1,1500,0,63,7.79980469,142,14,38.39844,202,3.0996094,0.79992676,1.29980469,139,7.429688,135,23,1968,0,0
83.08795,1,1,34,0,43,26.0976562,120,24,34.69531,504,2.2998047,0.29998779,6.29980469,149,7.359375,135,23,1968,0,7
67.53198,1,1,283,1,52,5.29980469,64,8,37.79688,195,3,0.89990234,0.69995117,134,7.179688,135,23,1968,0,1
64.13696,1,2,1106,2,70,13,125,33,38.19531,296,2.8999023,0.89990234,1.09985352,135,7.429688,135,23,1968,0,0
89.83698,1,1,63,0,123,5.59960938,80,30,36.19531,118.32812,3,0.39996338,3.89990234,144,7.449219,135,23,1968,1,1
57.20697,0,2,1497,2,77,5.69921875,70,15,36.09375,224,4.6992188,0.5,1.09985352,136,7.419922,135,23,1968,0,0
84.50897,1,2,13,2,69,7.39941406,158,30,38.19531,420,2.3999023,0.5,1.29980469,149,7.439453,135,23,1968,0,0
80.91998,1,1,13,1,67,8.69921875,128,8,37.79688,206.65625,2.8999023,0.89990234,0.5,135,7.40918,135,23,1968,0,1
70.23999,0,1,1490,1,64,8.19921875,64,20,38.09375,130.59375,2.8999023,0.89990234,1.19995117,135,7.469727,135,23,1968,2,1
44.04898,1,1,39,1,103,17.6992188,120,24,39.39844,224,2.2998047,1.19995117,0.69995117,134,7.419922,135,23,1968,0,0
84.70898,1,2,498,0,117,10.6992188,70,26,36.19531,471.625,3.8999023,0.5,2.79980469,145,7.419922,135,23,1968,0,7
22.61699,0,1,1487,0,63,5.79980469,126,8,38.19531,503.3125,2.8999023,0.89990234,0.5,135,7.419922,135,23,1968,0,0
61.07898,1,2,34,3,47,6.39941406,66,6,36.09375,253.3125,2.699707,0.39996338,0.39996338,136,7.349609,135,23,1968,0,1
70.36597,1,1,1339,1,83,5.09960938,84,20,36.69531,224,2.8999023,0.89990234,0.89990234,144,7.419922,135,23,1968,0,1
38.448,1,1,34,0,119,4.59960938,64,20,37.79688,204.75,3.199707,0.09999084,3.59960938,142,7.359375,135,23,1968,0,1
43.23898,0,2,1482,1,70,16.5976562,70,38,39.29688,190,2.8999023,1.39990234,0.89990234,134,7.339844,135,23,1968,0,1
69.45898,1,2,7,2,45,19.296875,120,46,39.09375,248,2.2998047,0.89990234,1.19995117,149,7.519531,135,23,1968,0,1
80.37195,1,1,7,0,61,13.0996094,133,12,38.69531,215,1.7998047,0.5,0.79992676,142,7.389648,135,23,1968,0,0
55.93198,1,1,792,2,61,10,110,6,36.59375,216,2.5,0.29998779,2.79980469,134,7.469727,135,23,1968,0,0
46.10797,0,2,1480,1,51,15.6992188,140,43,38.89844,202.5,2.199707,1.59985352,0.89990234,153,7.439453,135,23,1968,0,1
50.64499,1,2,706,3,97,5.29980469,80,20,37,224,2.8999023,1.89990234,1.5,134,7.419922,135,23,1968,6,1
62.48599,1,1,9,1,70,22,110,22,35.59375,224,2.199707,14,0.69995117,134,7.419922,135,23,1968,5,1
54.32999,0,2,1477,2,75,13.3984375,110,30,38.29688,178,2.8999023,0.89990234,0.69995117,134,7.349609,135,23,1968,2,1
65.65594,1,1,108,1,58,5.19921875,137,30,38.39844,230,3.3999023,0.89990234,0.5,134,7.399414,135,23,1968,0,1
84.16998,1,1,6,2,69,13.3984375,112,24,38.89844,120,4,1.09985352,1.69995117,144,7.429688,135,23,1968,0,1
64.47595,1,2,68,2,109,7.19921875,96,16,35.89844,224,3.2998047,1.39990234,1.09985352,136,7.419922,135,23,1968,0,0
64.211,1,2,137,0,118,9.5,68,12,38,67.5,2.8999023,0.29998779,6.79980469,136,7.419922,135,23,1968,0,3
65.59094,0,1,1475,0,53,7.79980469,80,38,39.69531,126.65625,3.2998047,0.29998779,0.59997559,138,7.509766,135,23,1968,0,2
52.62097,1,2,17,1,46,80.59375,72,28,37.89844,87.14062,2.8999023,1.79980469,3.69970703,125,7.349609,135,23,1968,0,0
55.32898,1,1,32,2,103,8.5,70,20,35.69531,224,4.0996094,0.59997559,0.59997559,137,7.419922,135,23,1968,0,1
68.81,1,1,3,2,60,12.3984375,120,20,35.59375,219.03125,2.8999023,0.89990234,0.59997559,131,7.30957,135,23,1968,0,4
61.62097,1,1,314,1,97,4.39941406,100,20,36.09375,224,4.5996094,0.89990234,0.69995117,142,7.419922,135,23,1968,0,0
76.56897,0,2,1460,0,53,5.39941406,63,30,38.59375,220,2.8999023,0.5,0.79992676,136,7.419922,135,23,1968,0,0
73.85596,1,2,10,1,71,11,114,8,38.5,232.5,3.699707,0.69995117,0.79992676,135,7.449219,135,23,1968,0,0
84.27698,1,2,495,3,63,29.796875,60,6,35.59375,166,2.8999023,0.89990234,1.79980469,138,7.439453,135,23,1968,5,0
51.92297,0,1,1458,1,100,6.89941406,65,16,38.19531,198,2.8999023,0.79992676,0.69995117,139,7.279297,135,23,1968,0,0
72.90594,1,2,1068,1,129,12,100,12,36.19531,270,2.8999023,0.89990234,2.19970703,139,7.429688,135,23,1968,0,2
59.09097,1,2,18,1,87,10,100,25,36.69531,224,2.8999023,0.5,0.69995117,134,7.419922,135,23,1968,0,6
83.35095,1,1,65,4,110,7.69921875,70,25,36.59375,224,2.8999023,0.89990234,2.09960938,140,7.419922,135,23,1968,3,5
63.59198,1,2,91,1,117,18.5,80,20,35.19531,224,2.7998047,4.39941406,0.69995117,131,7.419922,135,23,1968,5,5
21.28099,0,1,1459,0,68,17.0976562,136,30,40.29688,359.25,2.8999023,0.89990234,0.69995117,141,7.399414,135,23,1968,0,1
89.10095,1,2,90,0,53,21.5976562,110,24,38.09375,156,3.2998047,0.69995117,1.29980469,128,7.369141,135,23,1968,0,1
74.65796,0,1,1454,3,53,31.3984375,120,36,36.09375,392.5625,2.8999023,0.39996338,2.29980469,128,7.399414,135,23,1968,0,0
70.935,1,2,81,0,73,18.1992188,98,22,36.29688,294.25,2.199707,0.59997559,0.89990234,139,7.399414,135,23,1968,4,4
40.099,1,2,11,0,55,23.296875,106,42,38.09375,160,2,25.6992188,1.89990234,143,7.379883,135,23,1968,0,0
75.09698,1,2,7,0,52,26.796875,113,8,40.09375,317,2.8999023,0.89990234,2,145,7.549805,135,23,1968,0,1
65.62396,1,2,377,1,73,0.89990234,140,24,38.29688,224,2.8999023,0.89990234,1.39990234,134,7.489258,135,23,1968,0,1
39.61899,1,1,111,4,43,4.59960938,74,20,38.39844,466.625,2.0996094,0.39996338,0.39996338,132,7.469727,135,23,1968,0,1
96.70599,1,2,93,3,103,3.29980469,70,25,37,417.125,3.0996094,0.29998779,1.19995117,138,7.379883,135,23,1968,0,6
88.159,1,2,43,2,60,7.89941406,69,10,38.79688,232.5,2.5,1.09985352,0.89990234,140,7.399414,135,23,1968,0,1
73.08698,1,2,48,4,83,11.8984375,80,25,36.69531,305,3.0996094,1.09985352,2.29980469,134,7.40918,135,23,1968,4,3
74.55695,0,2,1449,0,52,11.5,64,10,38.19531,191.40625,2.8999023,1.09985352,1.89990234,138,7.40918,135,23,1968,0,1
76.271,0,1,1449,3,62,7.39941406,113,26,38.5,59,2.199707,0.89990234,1.19995117,130,7.459961,135,23,1968,0,1
85.39398,1,1,194,1,100,10.5996094,65,24,38.69531,288,2.8999023,0.89990234,0.59997559,132,7.469727,135,23,1968,0,5
65.77698,1,2,31,1,73,9.8984375,110,15,35.59375,224,1.8999023,0.89990234,0.89990234,137,7.419922,135,23,1968,0,1
95.00098,1,2,855,1,109,5,68,24,36.29688,230,3.0996094,0.39996338,10.2988281,144,7.15918,135,23,1968,5,2
95.65796,1,2,287,2,97,7.39941406,100,25,36.69531,386.625,2.699707,0.89990234,1,141,7.469727,135,23,1968,6,2
81.93597,1,2,188,1,69,14.2988281,70,28,38,450,3.5996094,1,1.69995117,136,7.419922,135,23,1968,0,6
31.034,1,2,24,2,50,13,122,8,33.39844,240,2.699707,0.39996338,0.59997559,138,7.419922,135,23,1968,0,1
85.52997,1,1,31,2,121,17.3984375,118,30,37.79688,276,3.5996094,0.39996338,0.5,135,7.269531,135,23,1968,0,1
84.42395,1,1,837,2,68,8.59960938,58,28,37.79688,402,2.8999023,0.69995117,1,136,7.459961,135,23,1968,0,1
43.62997,0,1,1442,0,53,11.1992188,110,26,38.89844,557.125,2.0996094,0.69995117,0.79992676,132,7.399414,135,23,1968,7,1
59.48798,0,2,1444,0,60,30,135,44,38.69531,97.5,2.2998047,0.79992676,0.79992676,132,7.40918,135,23,1968,0,1
36.22699,1,2,314,1,111,11.3984375,120,22,38.69531,201,4,1,1.19995117,136,7.539062,135,23,1968,0,1
86.68896,1,2,1298,1,113,25.0976562,70,40,38.5,224,2.5,1.09985352,2,142,7.419922,135,23,1968,0,1
84.15594,1,2,1408,0,67,6.5,60,24,38.69531,108.32812,4.5996094,0.69995117,1.29980469,123,7.40918,135,23,1968,0,0
78.54895,1,2,479,2,83,3.69970703,80,20,36.69531,224,2.8999023,0.89990234,0.79992676,131,7.419922,135,23,1968,0,1
86.80597,1,2,14,1,43,9.5,66,12,38.09375,150,2.7998047,0.59997559,5.69921875,136,7.30957,135,23,1968,0,1
73.82599,1,2,26,2,70,10.5996094,108,25,36.69531,323.75,2.8999023,0.89990234,1.59985352,138,7.469727,135,23,1968,0,0
62.92999,1,2,19,4,111,14.6992188,115,28,37.89844,150,2.3999023,0.89990234,1,149,7.369141,135,23,1968,0,1
55.06897,1,2,614,2,63,12.1992188,103,12,38.29688,187.75,3.0996094,0.89990234,1.39990234,142,7.439453,135,23,1968,0,1
72.91199,1,2,18,4,73,10,80,20,36.69531,102.5,2.8999023,0.59997559,1.09985352,135,7.439453,135,23,1968,0,1
84.72595,1,1,79,1,50,10,48,8,36.29688,248.5625,2.8999023,0.89990234,1.5,146,7.489258,135,23,1968,0,1
41.43698,1,1,61,1,76,0.29998779,80,24,36.09375,224,2.5,1.09985352,1.19995117,139,7.419922,135,23,1968,0,1
55.97299,0,2,1433,2,63,9.3984375,115,40,36.09375,128.3125,3,1,0.89990234,135,7.359375,135,23,1968,0,0
85.01294,1,1,5,0,49,0.79992676,75,8,36,366.625,2,0.29998779,1.29980469,129,7.299805,135,23,1968,0,1
76.09296,1,2,499,2,97,7.5,70,20,36.09375,223.78125,2.8999023,0.79992676,1.29980469,136,7.399414,135,23,1968,0,0
76.70898,1,1,375,3,83,7.59960938,80,20,38.89844,224,4,0.39996338,0.69995117,136,7.419922,135,23,1968,1,1
79.96399,1,2,24,1,83,9.09960938,80,20,35.59375,180,2.199707,0.89990234,0.59997559,135,7.469727,135,23,1968,0,0
78.60394,0,1,1426,1,120,10.7988281,68,8,38.09375,232.5,2.8999023,0.69995117,3.29980469,145,7.339844,135,23,1968,0,0
67.73395,1,1,73,3,113,6.69921875,54,12,35.89844,642.75,2.699707,3.5,0.79992676,142,7.469727,135,23,1968,0,1
84.68396,1,1,741,2,77,10.8984375,132,26,36.09375,120,2.8999023,0.79992676,2.5,141,7.30957,135,23,1968,0,0
63.59799,0,2,1424,2,63,10.1992188,70,28,36.59375,224,3.5996094,0.79992676,1,139,7.479492,135,23,1968,0,0
86.75397,1,1,35,1,51,17,65,38,36.19531,146.40625,2.8999023,0.19998169,2.79980469,142,7.30957,135,23,1968,2,2
77.65094,1,2,26,2,71,9.3984375,63,8,37.79688,108.23438,2.5996094,0.79992676,2.79980469,139,7.439453,135,23,1968,0,1
78.87195,0,2,1421,0,117,7.5,50,8,38.39844,128,2.8999023,0.89990234,1.09985352,144,7.419922,135,23,1968,0,0
83.20294,0,1,1421,4,77,8.29882812,70,20,36.09375,304.75,3.3999023,0.89990234,1,141,7.469727,135,23,1968,0,1
85.30597,1,1,294,1,60,41,80,31,36.79688,114,2.8999023,0.89990234,1,134,7.5,135,23,1968,1,0
77.23999,0,2,1420,4,73,6.09960938,80,20,36.09375,224,2.8999023,0.89990234,1.59985352,140,7.419922,135,23,1968,0,1
86.13599,1,1,1027,2,103,10.5996094,80,20,36.09375,544,3.699707,0.89990234,1.69995117,139,7.489258,135,23,1968,0,1
85.51398,1,1,625,3,83,4.79980469,70,20,36.69531,408.3125,3.8999023,0.89990234,1.69995117,138,7.389648,135,23,1968,2,2
35.96997,0,1,1418,2,73,15.0996094,80,20,37.79688,125,2.699707,0.29998779,0.89990234,143,7.429688,135,23,1968,0,1
79.86896,0,1,1418,2,49,5.79980469,74,28,36.59375,230.59375,2.7998047,0.89990234,1.09985352,128,7.479492,135,23,1968,1,0
65.91595,0,2,1415,4,123,7.89941406,102,10,36.79688,224,3.2998047,0.29998779,1,137,7.419922,135,23,1968,0,0
83.37,1,2,150,2,55,18.796875,63,28,36,428,2.0996094,0.5,1.39990234,135,7.5,135,23,1968,0,0
63.91498,1,2,141,4,73,7.89941406,70,20,36.69531,224,3.3999023,0.79992676,2.19970703,129,7.419922,135,23,1968,6,1
61.25897,1,1,128,1,87,10.5996094,110,10,36.69531,404.75,3,0.89990234,0.59997559,131,7.449219,135,23,1968,1,1
68.52295,1,2,17,1,97,5.39941406,100,20,36.09375,224,3.5996094,0.89990234,1,144,7.419922,135,23,1968,0,7
86.64795,1,2,17,3,90,13.3984375,80,30,36.09375,204,3.699707,0.59997559,1.69995117,146,7.449219,135,23,1968,1,5
67.43298,1,2,414,4,53,7.89941406,60,22,35.89844,532,2.8999023,0.89990234,1.59985352,136,7.449219,135,23,1968,0,1
85.06195,1,1,14,3,68,12.5996094,120,8,38.69531,163.3125,2.5,0.5,0.59997559,142,7.479492,135,23,1968,6,1
55.42499,1,2,105,1,100,4.09960938,100,20,36.09375,224,3.2998047,0.89990234,1,144,7.419922,135,23,1968,0,0
68.63794,1,2,196,4,53,15.8984375,70,20,35.59375,224,3.699707,0.89990234,1.39990234,140,7.419922,135,23,1968,0,1
68.03595,1,2,118,2,57,5.09960938,82,28,38.29688,98.32812,2.8999023,0.89990234,0.79992676,139,7.469727,135,23,1968,7,5
62.198,1,1,1258,2,45,20.8984375,132,8,41.29688,162.5,2.699707,0.89990234,1,139,7.509766,135,23,1968,0,1
87.72296,1,1,390,2,61,10.2988281,58,16,37.79688,224,2.8999023,0.89990234,0.69995117,137,7.419922,135,23,1968,0,0
62.24197,1,2,42,3,83,5.5,80,20,36.09375,316,3.199707,0.69995117,1,139,7.429688,135,23,1968,0,1
66.80396,1,1,385,2,66,6.09960938,104,24,37.39844,224,3.7998047,0.89990234,1,142,7.429688,135,23,1968,0,1
56.71198,0,2,1409,4,97,14.0996094,70,30,36.09375,232,2.8999023,0.89990234,1,141,7.359375,135,23,1968,0,1
32.58899,1,2,1001,0,113,12.5996094,110,32,38.69531,130,2.8999023,1,0.89990234,139,7.379883,135,23,1968,0,1
72.83496,1,1,81,5,64,11.7988281,110,8,37.89844,248.3125,3.2998047,0.39996338,2,134,7.439453,135,23,1968,4,4
93.02399,1,2,7,1,47,10.8984375,68,10,37.89844,210.1875,3,1,2.39990234,132,7.369141,135,23,1968,0,1
52.27698,1,1,6,2,43,14.1992188,140,36,36.29688,145,1.5,0.39996338,0.39996338,141,7.259766,135,23,1968,0,5
66.50195,1,2,165,4,93,8.59960938,120,20,36.09375,142.5,3.8999023,0.59997559,0.89990234,139,7.429688,135,23,1968,0,1
47.258,1,2,27,1,93,10.5996094,110,20,37,224,2.8999023,0.89990234,1.19995117,140,7.419922,135,23,1968,0,0
75.20294,1,2,109,2,70,7.79980469,70,20,35,224,3.0996094,0.89990234,1.5,140,7.419922,135,23,1968,0,0
47.81699,1,1,734,1,74,7.5,80,16,36.89844,224,4,0.39996338,1,141,7.419922,135,23,1968,0,1
64.29596,0,1,1396,0,55,7.89941406,70,28,38.29688,197.5,3.2998047,0.39996338,0.59997559,141,7.359375,135,23,1968,4,6
62.987,1,1,19,3,40,3,66,10,36.29688,219,2.7998047,6.89941406,0.69995117,135,7.319336,135,23,1968,0,1
44.42697,1,1,132,1,130,15.0996094,111,10,39.19531,142.5,2.5996094,0.19998169,6,142,7.479492,135,23,1968,0,1
60.715,1,2,892,2,103,5.39941406,80,20,36.09375,224,2.8999023,0.89990234,0.89990234,134,7.419922,135,23,1968,3,2
20.04399,1,1,8,0,160,30.6992188,173,12,40.39844,217.5,2.8999023,0.5,3,134,7.469727,135,23,1968,0,1
76.38098,0,2,1390,3,80,8,110,36,39.39844,161,2.8999023,0.89990234,1.29980469,145,7.489258,135,23,1968,0,3
83.05298,0,2,1387,3,51,6.19921875,53,16,36.89844,237.03125,4.0996094,0.39996338,2,142,7.5,135,23,1968,0,0
44.42999,0,2,1388,2,103,8.29882812,68,24,38.59375,148,3.199707,1.79980469,1.09985352,145,7.379883,135,23,1968,3,1
74.86896,1,1,4,2,123,12.3984375,80,40,35.39844,385,2.8999023,0.89990234,1,132,7.449219,135,23,1968,0,0
63.77298,0,2,1384,6,83,7.69921875,104,30,36.69531,271.375,4,0.69995117,1.5,141,7.399414,135,23,1968,0,1
86.51099,1,1,15,1,97,19.296875,70,20,38.19531,224,2.8999023,0.89990234,0.89990234,138,7.419922,135,23,1968,0,2
76.88397,1,2,1024,1,83,7.89941406,100,25,36.09375,150,2.8999023,0.89990234,1.09985352,138,7.30957,135,23,1968,1,1
73.89996,1,1,174,3,103,2.39990234,60,20,36.09375,224,2.8999023,0.89990234,0.79992676,141,7.419922,135,23,1968,5,4
41.57999,1,1,681,1,53,0.09999084,124,35,38.5,228,2.199707,2.89990234,0.89990234,145,7.389648,135,23,1968,0,0
87.79498,1,1,716,2,117,4.5,70,40,36.09375,233.3125,2.8999023,0.89990234,1.59985352,142,7.419922,135,23,1968,0,3
23.379,0,1,1378,0,77,14.2988281,110,30,38.89844,120,2.7998047,0.89990234,0.79992676,138,7.40918,135,23,1968,0,0
84.12897,1,1,8,1,53,9.29882812,110,35,35,140,3,0.89990234,1.19995117,148,7.319336,135,23,1968,0,1
94.26996,1,1,5,2,43,32.8984375,70,30,35.59375,552,3.0996094,0.69995117,1.79980469,151,7.609375,135,23,1968,0,7
60.71698,0,2,1377,2,63,14.1992188,67,28,38.89844,96.65625,3.699707,0.89990234,1.5,144,7.419922,135,23,1968,0,0
83.97797,1,2,5,2,33,15.5996094,140,18,39.19531,186.65625,1.8999023,1.09985352,6.79980469,129,7.389648,135,23,1968,0,1
94.06195,1,2,44,0,47,10.7988281,59,28,36.59375,519,2.3999023,0.69995117,3.29980469,145,7.349609,135,23,1968,0,7
74.42798,1,1,719,3,73,5.5,60,15,35.59375,257.125,3.0996094,0.59997559,1.29980469,143,7.479492,135,23,1968,0,1
72.70898,1,2,1020,4,105,11.3984375,81,10,38.19531,150,3.7998047,0.59997559,2,133,7.449219,135,23,1968,0,2
76.849,1,1,7,2,57,12.6992188,80,28,38.69531,157.125,2.8999023,0.89990234,0.69995117,138,7.479492,135,23,1968,0,3
76.435,1,2,472,6,53,10.1992188,70,25,36.09375,113.32812,2.8999023,0.89990234,2.29980469,137,7.369141,135,23,1968,0,1
77.74896,1,2,328,3,60,21.296875,140,12,36.39844,143.75,2.8999023,0.89990234,3.39990234,147,7.459961,135,23,1968,0,1
24.36699,1,2,9,0,125,5.09960938,150,14,39.39844,196,2.5,0.59997559,0.69995117,145,7.419922,135,23,1968,0,0
33.33899,0,1,1371,1,83,7,70,20,36.09375,300,3.2998047,1,0.89990234,135,7.469727,135,23,1968,0,1
67.948,0,1,1369,3,80,6.69921875,70,20,37.39844,240,4.2998047,0.89990234,1.09985352,144,7.40918,135,23,1968,0,1
78.38495,0,1,1369,0,61,11.5,55,12,36.09375,486.1875,2.8999023,0.5,1.89990234,148,7.369141,135,23,1968,0,1
70.00696,0,1,1368,1,44,37.8984375,78,40,38.59375,228.5625,1.8999023,1.29980469,1.39990234,139,7.339844,135,23,1968,2,1
85.85394,1,1,48,2,53,4.19921875,70,30,36.69531,105,2.8999023,0.89990234,0.89990234,142,7.349609,135,23,1968,2,5
95.50995,1,2,8,1,83,34.796875,100,30,38.59375,224,4.1992188,1.09985352,1.39990234,136,7.419922,135,23,1968,0,3
61.57199,0,1,1367,2,53,8,69,30,38.79688,264,3.199707,0.39996338,0.89990234,139,7.469727,135,23,1968,1,1
76.67096,1,2,26,2,73,8.3984375,76,24,36.59375,224,3.2998047,1.5,1.29980469,136,7.419922,135,23,1968,1,0
65.88599,1,2,25,2,45,11,72,38,38.5,244.4375,2.699707,1.09985352,2.5,141,7.40918,135,23,1968,3,3
80.27698,0,1,1362,3,107,11.3984375,60,20,35.59375,332,2.8999023,0.89990234,1,140,7.359375,135,23,1968,1,1
80.47095,0,2,1361,3,83,7,60,15,36.69531,410,4,0.5,1.69995117,138,7.459961,135,23,1968,6,1
85.06494,0,2,1359,1,113,5.89941406,110,30,38.09375,306.625,2.199707,1.89990234,0.89990234,144,7.419922,135,23,1968,0,3
78.32196,1,2,1201,2,128,12.5,59,36,37.09375,172.5,3.3999023,0.29998779,3.39990234,138,7.419922,135,23,1968,0,0
52.26797,1,1,11,1,83,11.3984375,100,20,36.09375,224,3.2998047,0.5,0.79992676,138,7.419922,135,23,1968,0,1
50.20898,1,1,108,1,80,9.5,72,20,36.79688,224,4.6992188,0.39996338,0.5,135,7.419922,135,23,1968,0,0
63.228,1,2,11,1,53,2.89990234,56,12,38.39844,63,3,2.19970703,3.39990234,138,7.339844,135,23,1968,0,0
68.58899,1,2,692,2,70,15.1992188,70,22,38.5,484,3.3999023,0.89990234,1.5,136,7.439453,135,23,1968,1,0
79.06897,1,1,114,4,87,11.3984375,80,20,36.69531,271.375,2.8999023,0.89990234,1.19995117,141,7.419922,135,23,1968,3,0
83.39996,1,2,90,3,73,4.89941406,137,40,36.09375,224,3.2998047,1.39990234,2.29980469,150,7.449219,135,23,1968,0,2
33.922,1,2,299,1,65,16.5,130,24,38.09375,284,2.2998047,8.29882812,0.79992676,141,7.549805,135,23,1968,0,1
63.29398,1,2,498,5,63,5.59960938,80,14,36.79688,207.5,2.7998047,0.5,5.89941406,135,7.359375,135,23,1968,0,1
96.42694,1,1,1050,1,103,14.1992188,80,20,36.69531,251.65625,2.8999023,1.29980469,1.39990234,144,7.329102,135,23,1968,0,1
69.43994,1,2,5,2,50,26,105,24,38,118.875,2.8999023,0.89990234,1.59985352,136,7.259766,135,23,1968,0,1
63.625,0,1,1349,2,93,8.59960938,100,20,36.69531,344.4375,2.8999023,0.89990234,0.79992676,142,7.319336,135,23,1968,0,1
69.30597,0,2,1349,1,74,10.5,74,42,36.39844,124,3.3999023,2.19970703,1.5,138,7.459961,135,23,1968,0,1
85.51996,1,2,349,5,61,14.7988281,58,30,36.09375,314.25,3.0996094,0.89990234,1.09985352,140,7.489258,135,23,1968,1,0
81.44299,0,1,1347,2,61,15,69,24,38.29688,106.65625,2.699707,0.69995117,1.39990234,135,7.509766,135,23,1968,0,0
75.44098,0,1,1344,4,69,10.8984375,70,14,36.19531,128,3.2998047,1.29980469,3.69970703,141,7.449219,135,23,1968,0,0
63.978,1,1,269,1,77,16.5,80,4,36.39844,268,2.8999023,0.89990234,0.69995117,139,7.389648,135,23,1968,2,1
38.80399,1,2,115,1,99,10.5996094,120,26,37.89844,224,3.5996094,0.89990234,0.69995117,136,7.419922,135,23,1968,0,1
72.40497,1,1,761,5,113,93.890625,85,34,38.09375,232.25,4.1992188,0.19998169,0.89990234,140,7.359375,135,23,1968,1,0
72.10095,1,2,9,1,100,63,80,32,35.69531,161.21875,2.8999023,0.89990234,1.5,146,7.429688,135,23,1968,0,0
80.27399,1,2,303,2,97,4.59960938,80,20,36.69531,224,2.8999023,0.89990234,1.19995117,140,7.419922,135,23,1968,3,1
67.03595,1,2,8,1,117,19.5976562,110,30,35.69531,316.3125,2.699707,9.5,1.29980469,136,7.40918,135,23,1968,3,1
43.66098,1,2,282,2,133,5.29980469,80,20,36.69531,224,2.199707,0.89990234,5.29980469,136,7.419922,135,23,1968,0,1
66.04498,1,2,5,2,33,23.796875,40,44,36.39844,105,2.199707,2.19970703,4.19921875,127,7.389648,135,23,1968,0,1
83.06396,1,2,65,3,68,13.2988281,60,20,35.59375,224,2.8999023,2,2.29980469,131,7.419922,135,23,1968,1,0
89.67297,1,1,10,3,120,19.3984375,78,28,37.89844,170,2.8999023,0.89990234,4.19921875,136,7.389648,135,23,1968,1,1
84.51996,1,1,1244,4,117,9.29882812,45,28,36.69531,223.3125,3.199707,0.39996338,1.19995117,143,7.369141,135,23,1968,1,0
71.88794,1,2,243,2,83,5.39941406,70,20,35.59375,224,2.8999023,0.89990234,2.19970703,133,7.419922,135,23,1968,5,1
75.67395,1,1,54,3,45,25.1992188,160,48,39.29688,342.8125,2.5,0.79992676,1.89990234,142,7.269531,135,23,1968,1,1
100.13098,1,1,1082,3,77,6,60,15,36.09375,224,3.699707,0.89990234,1.09985352,141,7.419922,135,23,1968,0,1
41.771,1,2,21,3,70,11.1992188,70,10,38.09375,162,1.6999512,5.5,0.79992676,132,7.449219,135,23,1968,0,1
54.36798,0,2,1324,0,61,7.59960938,150,52,39.29688,102.5,2.5,0.39996338,1.19995117,134,7.229492,135,23,1968,0,0
71.43896,1,1,34,5,100,12.2988281,100,15,36.09375,355,3.7998047,0.29998779,2.59960938,141,7.419922,135,23,1968,0,0
66.10297,0,2,1321,2,63,10.7988281,54,14,36.29688,219.03125,2.8999023,1.39990234,1.09985352,142,7.379883,135,23,1968,1,0
72.30096,1,2,12,4,63,30.0976562,119,38,35.19531,151.65625,2.199707,1,7.79980469,132,7.319336,135,23,1968,0,1
72.81,1,1,10,4,43,22.3984375,120,28,38.69531,324.4375,2.199707,0.89990234,3.69970703,142,7.379883,135,23,1968,0,7
75.258,1,2,9,2,44,21.3984375,108,16,38.19531,135,2.8999023,0.89990234,1.19995117,145,7.399414,135,23,1968,0,0
74.72699,1,1,10,2,49,14.2988281,120,34,38.29688,148.3125,2.8999023,0.19998169,3.39990234,136,7.359375,135,23,1968,0,1
66.97095,0,1,1315,1,62,8.3984375,110,8,37.89844,162.5,3.7998047,0.89990234,0.89990234,143,7.349609,135,23,1968,3,4
87.86298,0,1,1314,1,53,5.19921875,66,36,35.59375,188,3.5996094,0.79992676,7.19921875,137,7.329102,135,23,1968,4,1
87.06097,1,1,1109,3,83,6.79980469,60,20,36.09375,185.6875,2.8999023,0.19998169,1.29980469,142,7.269531,135,23,1968,0,0
60.745,0,1,1313,1,42,11.1992188,112,16,38.09375,524,2.7998047,1.19995117,1,144,7.399414,135,23,1968,0,6
52.86499,1,1,23,1,80,15.7988281,70,30,37.69531,224,2.8999023,0.19998169,0.79992676,141,7.419922,135,23,1968,3,5
69.04895,1,2,12,4,63,8.69921875,110,8,36.19531,130,2.8999023,0.89990234,8.09960938,134,7.399414,135,23,1968,0,0
66.31097,1,1,92,2,62,7.5,69,24,36.79688,163.25,3.7998047,0.89990234,3.09960938,134,7.429688,135,23,1968,4,1
71.86896,0,2,1307,3,59,4,62,5,39.09375,195,2.199707,0.5,0.5,131,7.469727,135,23,1968,0,5
67.92096,1,2,210,1,77,22.1992188,80,25,36.09375,367.5,2.8999023,1.19995117,0.89990234,141,7.479492,135,23,1968,0,0
77.24298,1,2,583,3,87,12.3984375,80,20,36.09375,395,2.8999023,0.89990234,1.69995117,139,7.329102,135,23,1968,0,1
66.97095,0,1,1305,4,47,9.79882812,98,11,36.29688,486.625,4.5,0.5,0.5,168,7.319336,135,23,1968,0,1
31.05299,0,1,1305,2,51,0.89990234,134,12,38.29688,132,1.7998047,1.79980469,2,145,7.339844,135,23,1968,0,3
63.452,1,2,8,0,76,12.0996094,104,32,39.29688,116.65625,2.7998047,0.89990234,0.79992676,132,7.459961,135,23,1968,0,0
61.29999,1,2,21,3,50,39.296875,110,8,33.69531,61,2.8999023,3.29980469,1.29980469,132,7.349609,135,23,1968,0,1
55.78897,1,2,82,2,113,7.29980469,96,32,38.69531,171.65625,3.0996094,0.39996338,1.09985352,139,7.5,135,23,1968,0,1
87.25494,1,1,348,1,67,8.59960938,100,16,36.89844,224,2.8999023,0.89990234,1.19995117,138,7.419922,135,19,750,0,2
46.30298,1,1,333,1,73,13.5,105,23,38.19531,100,2.8999023,0.89990234,3.69970703,127,7.389648,135,78,3100,0,1
83.67096,1,1,4,2,50,12.0996094,105,16,36.09375,224,3.5996094,1.19995117,1.29980469,125,7.419922,135,39,5180,1,1
49.69498,0,2,1090,4,102,14.7988281,130,30,39,155,2.8999023,0.89990234,0.5,130,7.5,147,13,1530,0,0
82.237,1,1,245,1,68,0.79992676,120,18,38.09375,152,2.0996094,6.29980469,2.5,127,7.289062,215,77,2010,2,1
74.40399,1,1,805,2,63,21,124,36,36,319,2.699707,0.59997559,1.19995117,147,7.359375,226,44,1027,3,1
85.224,1,2,14,6,81,9.59960938,100,20,38.39844,224,2.8999023,0.89990234,0.79992676,132,7.419922,108,12,2650,0,7
87.60797,1,1,25,1,112,6.29980469,115,10,35,230,2.3999023,16.0976562,1.79980469,145,7.449219,296,34,1494,0,1
68.18896,0,1,1088,3,55,6.5,45,10,36.29688,224,2.8999023,0.89990234,0.39996338,141,7.419922,135,16,1775,0,3
58.46698,0,2,1088,4,79,11.6992188,72,16,38,224,2.8999023,0.69995117,0.89990234,138,7.419922,135,23,3900,0,1
72.62396,1,1,37,3,127,7.79980469,130,52,38.5,224,2,0.89990234,0.5,131,7.419922,191,16,4185,0,0
85.05096,0,2,1086,1,58,6,125,28,38.09375,150,2.8999023,0.89990234,1.39990234,133,7.489258,135,28,3400,2,0
88.86798,1,1,8,0,53,42.09375,75,12,38.89844,67,2.8999023,8.09960938,5.5,155,7.419922,391,98,1968,0,1
73.39899,1,2,135,5,68,0.79992676,120,24,38,297.125,2.3999023,0.79992676,2.09960938,141,7.429688,74,21,4070,3,1
90.28296,1,2,5,1,67,6.39941406,46,22,36.89844,251,2.8999023,0.89990234,1.89990234,137,7.439453,126,28,1370,0,1
69.125,0,1,1080,4,93,6.5,80,20,36.09375,224,2.8999023,0.89990234,1,139,7.419922,107,17,6050,0,1
58.987,1,1,11,1,50,8.09960938,50,28,38.09375,171.40625,4.3994141,0.79992676,1.39990234,139,7.449219,109,27,440,0,3
73.15796,1,1,679,2,107,11.0996094,80,25,36.09375,375,2.5,0.89990234,8.09960938,130,7.359375,191,69,110,2,1
93.04895,0,2,1078,3,73,14.6992188,72,20,35.79688,422.1875,3.2998047,0.89990234,2.29980469,142,7.429688,126,44,2140,1,1
62.31097,1,1,19,3,107,4.59960938,80,20,36.79688,224,2.3999023,1.5,0.79992676,141,7.419922,70,7,650,0,7
78.87195,1,1,55,2,67,9.8984375,70,8,35.89844,267.5,2.0996094,0.89990234,5.29980469,133,7.359375,163,97,39,0,6
48.77798,1,1,150,2,63,12.3984375,70,34,35.59375,315,2.8999023,0.89990234,1.89990234,135,7.379883,258,90,775,3,1
75.15399,1,1,300,1,53,11.0996094,62,10,38.19531,410,2.7998047,0.19998169,0.69995117,128,7.40918,96,14,2820,0,0
95.33496,1,1,1053,1,60,4.29980469,80,15,36.69531,224,2.2998047,7.69921875,1,133,7.419922,76,23,1150,0,4
43.44998,1,2,251,3,103,10.5996094,96,12,36.59375,224,3.2998047,0.39996338,0.59997559,132,7.419922,168,8,1968,0,0
77.81494,1,2,3,4,100,14.5996094,100,25,36.69531,323.75,3.8999023,0.89990234,1.09985352,140,7.329102,181,18,1700,0,1
64.85394,1,2,14,4,70,12.2988281,100,30,39.39844,224,2.8999023,0.89990234,0.79992676,139,7.419922,143,11,1968,0,1
73.17999,0,2,1072,0,67,11.5,100,20,36.09375,292,2.699707,0.79992676,1.5,130,7.479492,305,49,935,0,0
77.24298,0,2,1071,2,63,2.19970703,60,15,40.29688,317.5,3.0996094,0.89990234,2.5,145,7.479492,215,64,1205,0,0
91.16797,1,1,11,2,67,6.59960938,80,20,36.09375,173.3125,2.8999023,0.89990234,0.79992676,136,7.259766,106,6,1968,0,6
45.10599,0,2,1071,1,77,2.19970703,130,20,36.09375,224,2.8999023,0.89990234,0.89990234,135,7.419922,99,4,1968,0,0
73.61798,1,1,67,4,57,10,67,5,36.29688,210,2.7998047,0.19998169,0.69995117,149,7.459961,162,14,501,0,4
87.45197,0,1,1068,2,53,5.79980469,56,16,36.79688,362.9375,2.7998047,0.29998779,3.19970703,137,7.379883,339,64,1705,0,1
72.10999,1,2,18,6,50,13.5,68,30,36.09375,396.625,2.8999023,0.29998779,1.5,150,7.389648,306,22,855,0,1
67.01196,1,2,27,1,57,78.796875,67,11,35.69531,509.5,1.8999023,0.39996338,4.79980469,138,7.329102,150,111,353,0,0
67.258,1,1,99,3,77,6.69921875,80,20,39.39844,224,2.699707,0.5,0.59997559,135,7.419922,118,3,1968,2,2
63.59198,1,1,12,2,63,11.1992188,60,8,36.19531,116,2.8999023,0.89990234,1.39990234,150,7.439453,158,43,3081,0,1
38.81198,1,2,10,0,111,7.5,50,8,35.79688,362.5,2.8999023,0.89990234,0.79992676,146,7.379883,83,10,3226,0,0
72.03595,1,1,816,4,40,0.5,135,30,36.69531,110,1.5,3.69970703,1,142,7.429688,156,30,2810,5,1
94.04199,1,1,74,3,43,6.59960938,71,38,35.59375,309.5,3.699707,0.89990234,2.5,137,7.419922,39,139,364,2,6
58.29398,1,1,143,1,52,3.39990234,72,14,39.89844,95.70312,1.5,0.5,1.29980469,142,7.469727,288,39,1095,0,1
79.76996,1,2,224,3,63,3,50,25,37.5,352.375,4.3994141,0.39996338,1.39990234,139,7.439453,86,11,1025,0,1
93.5,0,1,1059,0,100,8.69921875,100,20,36.09375,246,3.3999023,0.39996338,1.89990234,137,7.269531,211,34,1175,0,1
64.98596,0,2,1058,3,63,10.8984375,49,36,35.79688,215,2.5,0.5,1.09985352,138,7.399414,122,24,2900,0,1
79.21997,1,2,13,2,60,12.5,130,8,38.5,276,2.2998047,0.69995117,1,144,7.439453,148,11,3310,0,0
73.16095,1,1,71,1,69,10.3984375,97,22,36.69531,148.5625,2.7998047,0.29998779,6.5,136,7.319336,82,37,1968,2,6
64.53094,1,1,31,1,127,15.3984375,70,30,37.89844,280,2.2998047,0.89990234,0.69995117,153,7.379883,299,31,2035,0,0
96.02496,1,2,153,2,52,11.7988281,63,10,38.59375,70,2.5996094,0.5,1.59985352,136,7.469727,270,35,2215,0,1
79.61395,1,1,8,3,97,7.79980469,80,20,36.69531,224,3.0996094,1.69995117,1.09985352,138,7.419922,88,23,300,0,1
80.383,1,2,71,3,67,12,70,20,36.09375,280.9375,2.699707,0.89990234,1,139,7.519531,103,13,1475,0,1
72.82098,1,2,4,2,115,30.5976562,130,38,36.69531,142.84375,3.199707,0.5,0.69995117,145,7.479492,259,25,1485,0,1
62.17899,1,2,840,4,69,14.0996094,82,32,38.09375,71,2.2998047,0.89990234,2.29980469,136,7.389648,151,31,1975,0,1
91.59998,0,1,1051,4,110,6.79980469,80,24,38.09375,220,3,0.79992676,6,140,7.329102,106,75,855,0,1
63.70398,0,1,1052,1,70,11.7988281,80,25,37,344,4,1.09985352,1.5,134,7.549805,127,61,700,1,1
49.94098,0,2,1052,2,73,6.5,70,20,36.69531,224,2.8999023,0.5,0.5,139,7.419922,101,12,1968,0,1
80.65698,1,1,16,1,107,6.59960938,50,25,36.09375,186.1875,2.8999023,0.89990234,4.5,138,7.5,179,70,1900,0,0
73.185,1,2,23,2,58,14.0996094,107,28,39.09375,330,2.8999023,0.89990234,0.79992676,134,7.40918,252,16,1500,0,0
92.35297,1,1,1037,4,77,15.2988281,80,20,36.69531,200,2.8999023,0.89990234,1.09985352,137,7.40918,169,26,1250,4,3
71.06897,0,1,1048,3,107,14.1992188,110,26,36.5,313,2.8999023,0.89990234,1,137,7.429688,246,28,607,0,1
70.69098,1,1,17,1,58,11.6992188,74,8,37.89844,180,3.3999023,0.89990234,1.19995117,142,7.389648,151,24,2885,0,7
81.45898,1,1,541,5,78,12.1992188,76,16,37.79688,224,3.199707,0.39996338,1.09985352,138,7.419922,83,19,1968,2,2
56.85999,0,1,1047,3,60,5.59960938,80,20,36.09375,224,2.8999023,0.89990234,1.19995117,129,7.419922,109,18,1968,4,1
53.43698,1,1,4,1,65,16.5976562,126,20,36.89844,140,2.199707,0.29998779,0.89990234,149,7.40918,265,35,2447,0,1
34.72098,0,2,1042,1,133,26.296875,134,22,36.09375,236.71875,3.3999023,1.39990234,4.5,147,7.389648,111,125,1355,0,1
49.65399,0,1,1041,3,43,5.89941406,111,15,38.59375,336,2.3999023,1.19995117,5.39941406,151,7.389648,99,70,285,0,6
46.78198,1,2,993,3,109,6.89941406,65,20,36.59375,524,2.8999023,0.89990234,1.69995117,139,7.509766,224,30,2100,2,0
63.836,0,2,1039,1,77,3.79980469,80,25,35.59375,224,3.2998047,1.59985352,2.09960938,138,7.419922,92,53,825,0,1
76.47894,1,2,8,2,110,16.3984375,70,25,36.69531,180,3.2998047,0.89990234,0.5,136,7.399414,167,17,1590,0,0
66.04498,0,1,1038,0,70,6.5,80,25,36.69531,319,4.1992188,1.19995117,1.59985352,134,7.529297,106,24,1500,0,1
65.487,1,2,231,4,47,16,70,10,40.19531,382,3.699707,2.5,2.19970703,145,7.459961,219,60,1072,0,1
74.98999,0,1,1034,0,100,9.3984375,100,30,36.09375,385.125,3.199707,0.89990234,0.69995117,141,7.239258,155,19,775,0,0
71.00897,1,1,20,3,57,27.796875,80,20,36.09375,252.375,2.8999023,0.89990234,1.09985352,132,7.459961,90,30,1100,0,6
82.26099,1,2,397,3,107,4.79980469,100,20,36.09375,498.3125,3.8999023,0.29998779,0.89990234,135,7.359375,90,18,1968,0,3
77.06494,1,1,381,2,67,20.1992188,90,20,36.5,404.75,3.7998047,4.09960938,1.79980469,143,7.549805,89,44,1968,7,3
79.91498,1,2,12,3,41,15.3984375,109,28,37.69531,436.625,3,0.59997559,1.69995117,138,7.369141,82,36,2340,0,1
80.05499,0,1,1033,2,51,17.5,84,29,36.29688,122.4375,3.699707,0.89990234,1.29980469,136,7.359375,200,21,3070,0,0
72.25494,1,2,9,2,40,15.6992188,144,4,37.19531,105,2.8999023,0.89990234,0.89990234,141,7.289062,209,13,1968,0,1
41.172,1,1,26,1,63,7.59960938,72,16,38.29688,305,3.3999023,0.89990234,0.69995117,141,7.419922,107,15,4640,0,2
64.04395,1,2,129,2,109,7.09960938,129,22,39.39844,246.65625,2.8999023,0.59997559,1.19995117,146,7.289062,418,23,3230,0,1
30.29999,0,1,1031,2,107,8.29882812,110,20,37.79688,247.59375,2.8999023,0.89990234,1.19995117,141,7.399414,106,13,1968,0,0
79.49896,1,1,83,2,77,6.89941406,80,20,37,224,4,0.29998779,0.89990234,135,7.419922,98,8,4300,0,1
83.00598,1,1,48,1,67,26.296875,72,23,39.09375,123.32812,2.199707,0.89990234,2.89990234,135,7.359375,147,63,2535,0,1
75.21399,1,2,4,6,40,15.5,110,50,38.19531,144,2.8999023,5.09960938,0.69995117,139,7.509766,113,16,778,0,1
62.09198,1,2,5,0,107,7.89941406,100,20,35.59375,261.875,3.8999023,1.39990234,3.09960938,132,7.5,89,45,1650,0,1
80.24896,1,2,6,1,127,14.1992188,180,36,38.09375,138,2.8999023,0.89990234,0.59997559,134,7.5,173,9,2540,0,1
86.38995,1,2,9,2,123,16.8984375,120,24,38.5,240,2.8999023,0.89990234,0.69995117,148,7.429688,121,13,810,0,1
91.25299,1,1,4,3,55,9.79882812,120,6,38,218,2.199707,0.89990234,1.89990234,148,7.40918,79,41,632,0,1
70.78198,1,1,31,4,73,11.2988281,80,20,37.79688,224,2.8999023,0.39996338,1,138,7.419922,130,19,1968,1,0
82.034,1,1,10,1,66,6.39941406,70,40,36.09375,80,2.699707,0.5,3.39990234,138,7.439453,247,85,860,0,5
82.55396,1,1,18,1,107,7.69921875,80,24,38,224,2.8999023,0.89990234,1,135,7.419922,275,16,975,0,1
84.01898,1,2,887,4,100,11.0996094,100,20,37,224,2.8999023,0.89990234,0.59997559,136,7.419922,172,11,1968,0,1
80.02698,1,1,792,3,103,33,60,15,37,224,3.0996094,1.5,0.79992676,152,7.539062,176,13,54.5,0,0
75.31598,1,1,68,0,57,11.5996094,80,20,37.29688,224,2.8999023,1.19995117,1.19995117,133,7.419922,328,23,1968,0,1
76.487,1,2,78,5,57,2.59960938,114,32,37.79688,224,3.2998047,4.59960938,2.19970703,135,7.419922,98,31,350,0,0
68.97998,1,2,387,6,83,14.5,100,25,36.09375,224,2.699707,0.89990234,0.89990234,135,7.419922,157,24,1968,1,2
67.45795,1,1,121,1,99,26.8984375,68,20,37.69531,281.625,3,0.5,0.89990234,141,7.269531,171,20,1968,0,0
64.30096,0,1,1020,2,49,13.5996094,121,36,37.69531,316.625,3.199707,3.29980469,5.09960938,145,7.379883,155,8.798828,860,0,0
87.25299,1,1,1006,1,60,13.6992188,120,44,38.19531,231.65625,2.8999023,0.59997559,1.09985352,150,7.329102,233,23,1166,0,0
73.92694,1,2,93,6,73,9.69921875,65,8,38.59375,122.5,2.8999023,0.89990234,1.39990234,143,7.179688,265,36,1005,2,0
81.85095,1,2,726,1,47,9.59960938,70,24,37.89844,162.84375,1.8999023,0.89990234,0.69995117,139,7.319336,178,19,1255,0,0
72.52594,0,1,1018,1,55,9.8984375,112,40,38.19531,165.28125,4.1992188,0.59997559,1.09985352,136,7.30957,282,24,1930,0,0
72.35895,1,2,446,2,109,10.5996094,82,20,37.79688,373.3125,2.3999023,0.89990234,1.19995117,141,7.399414,101,28,2350,0,0
83.49896,1,2,8,1,111,7,58,28,33.79688,388,2.3999023,4.5,5.5,135,7.25,80,56,48,0,2
77.35797,0,2,1015,2,57,6.09960938,120,40,37.69531,94,2.8999023,0.89990234,1.39990234,148,7.379883,140,66,758,0,2
61.81198,0,1,1015,4,107,3.89990234,60,20,36.69531,447.5625,4.0996094,0.89990234,5.09960938,138,7.379883,79,42,1850,0,2
85.172,1,2,4,2,66,17.3984375,120,33,37.69531,135,3.199707,0.89990234,1.29980469,140,7.449219,118,43,1340,0,1
77.63995,1,2,7,2,100,10.5996094,80,30,39.39844,224,2.8999023,0.89990234,1.19995117,140,7.419922,135,23,600,0,1
69.33899,1,2,23,1,103,5.59960938,80,20,37.79688,423.75,2.199707,1.79980469,1.29980469,145,7.469727,109,26,500,0,1
35.116,1,2,13,3,76,6.89941406,72,26,36.5,304,3.699707,0.89990234,1.09985352,143,7.469727,96,10,1490,0,6
91.93396,1,1,15,0,65,6.29980469,108,26,37.09375,146.9375,2.8999023,0.89990234,1.19995117,140,7.329102,96,17,1800,0,2
81.29999,0,1,1011,2,83,2.39990234,60,20,36.29688,224,2.5,1.09985352,0.89990234,141,7.419922,89,4,950,0,1
57.61298,1,1,772,1,101,18.296875,69,20,36.29688,249,3.8999023,0.89990234,1.5,140,7.179688,203,47,2650,0,1
83.74799,1,1,951,4,67,17,100,25,36.39844,264,3.3999023,1.09985352,2.59960938,136,7.429688,145,77,1968,0,1
81.50897,0,2,1007,2,37,8.3984375,56,8,38.59375,63,3.0996094,1.29980469,2.19970703,136,7.339844,109,37,1530,0,6
74.26697,1,2,199,4,43,6.09960938,105,8,38.39844,317.5,2.8999023,0.39996338,0.5,147,7.399414,276,10,2975,0,1
75.98596,1,2,122,2,110,8.5,60,36,38.89844,254,2.7998047,0.89990234,0.79992676,134,7.419922,120,16,2400,0,1
87.59497,1,1,23,3,56,0.69995117,102,30,39.19531,251.65625,2.8999023,1,2.39990234,135,7.5,93,44,780,0,7
80.77197,1,1,248,3,55,4.69921875,55,38,35.19531,280,3.3999023,0.79992676,0.89990234,139,7.539062,196,10,2050,1,0
79.36499,1,1,39,1,63,15.2988281,60,8,37.79688,68.75,2.8999023,2,1.19995117,135,7.439453,213,47,2500,0,1
42.98199,1,2,50,3,58,2.29980469,134,40,39.09375,484,2.8999023,0.89990234,3.69970703,136,7.439453,80,108,1935,1,2
51.64999,0,1,1004,0,52,10.5996094,70,8,38.09375,196,2.2998047,0.89990234,1.89990234,145,7.429688,315,37,1610,0,0
78.64496,0,1,1003,2,65,12.5,150,14,35.39844,224,2.8999023,0.79992676,1.69995117,144,7.419922,145,21,4345,0,1
55.48297,1,2,692,1,142,15.0996094,50,24,36.19531,224,2.199707,1.89990234,3.09960938,141,7.419922,167,46,1990,0,1
39.784,1,1,5,2,73,22.5976562,110,14,36.69531,190,1.3999023,0.89990234,4,129,7.369141,77,62,1460,0,0
68.31195,1,1,10,3,107,11.3984375,70,20,37.79688,171.40625,2.8999023,0.89990234,1.69995117,143,7.389648,107,31,1968,0,6
42.74597,0,2,998,3,85,3.59960938,72,16,37.39844,224,3.5996094,0.89990234,0.89990234,137,7.419922,114,9,3200,0,0
82.70496,1,1,473,4,103,6.79980469,100,25,36.69531,229.625,2.8999023,0.89990234,1.19995117,137,7.379883,92,24,1575,1,1
65.10095,1,1,518,0,120,10.0996094,51,26,37.89844,242.84375,3.199707,0.29998779,1.59985352,149,7.459961,86,44,1968,0,1
77.68097,1,1,26,2,67,10.5,80,20,36.09375,256,3.2998047,0.89990234,1.59985352,140,7.459961,95,23,5000,0,2
47.12097,1,2,212,2,107,7.29980469,100,25,38.89844,224,4.3994141,0.89990234,0.79992676,136,7.419922,197,13,1950,0,2
50.60098,0,2,996,2,65,9.3984375,72,8,36.59375,197.5,2.7998047,0.39996338,1,137,7.369141,132,49,1020,0,1
89.70795,1,1,4,3,93,10.1992188,80,20,36.09375,285.6875,2.8999023,0.89990234,1.29980469,143,7.40918,109,31,575,0,1
44.58899,1,2,67,3,102,5.29980469,73,30,37.59375,176.65625,2.8999023,0.29998779,1,134,7.369141,508,26,1760,0,0
23.33499,1,1,22,3,47,6.59960938,120,35,36.69531,224,2.8999023,0.89990234,1.29980469,138,7.419922,99,21,1968,0,0
57.629,0,1,994,2,58,21.1992188,99,24,37,132.5,2.8999023,0.5,0.79992676,137,7.329102,230,10,1990,0,0
83.75397,1,1,128,2,113,10.5996094,68,20,36.19531,224,2.8999023,0.89990234,1.19995117,140,7.419922,135,23,1100,0,1
44.64297,1,2,39,2,97,6.09960938,64,16,36.69531,224,2.8999023,0.89990234,1.29980469,141,7.419922,189,16,1968,7,4
89.23999,1,1,666,3,55,25.796875,139,26,39.29688,67,1.8999023,0.79992676,0.89990234,144,7.319336,72,42,1193,0,0
40.73599,0,2,991,2,43,80,50,20,37.79688,224,3,0.59997559,2.5,139,7.419922,100,115,625,0,1
89.5,0,1,990,1,71,5.29980469,110,21,37.5,224,3.3999023,3.79980469,1,138,7.419922,92,20,1850,2,2
83.98395,0,1,989,5,59,10.3984375,68,26,36.39844,320,3.699707,0.79992676,1.09985352,134,7.30957,103,19,2030,0,1
77.92694,1,1,684,0,122,6.69921875,76,16,36.89844,151.65625,4.0996094,0.89990234,1.09985352,140,7.459961,96,18,3570,1,0
64.28198,0,1,986,2,109,13,100,34,37.69531,251.84375,3.7998047,0.89990234,1.09985352,137,7.329102,250,34,1100,1,1
61.823,1,1,315,0,52,1.09985352,64,30,36.29688,224,2.5,7.89941406,0.59997559,139,7.419922,110,15,1040,0,0
28.25999,0,1,984,1,83,5.69921875,60,20,35.59375,239.125,4,0.5,0.89990234,138,7.369141,171,11,1968,5,0
83.11798,1,1,97,3,77,26.0976562,60,32,36.09375,361.875,3.2998047,1.29980469,2.39990234,145,7.489258,330,37,1968,0,0
59.41998,1,1,785,1,57,13.1992188,120,12,39.19531,266,4.6992188,0.39996338,0.79992676,138,7.399414,129,8,1180,0,0
67.06396,0,1,982,2,126,8.19921875,134,25,38.09375,152,3.3999023,2,3.39990234,130,7.389648,167,58,1971,0,1
78.94598,1,2,552,2,48,15.2988281,106,8,36.19531,113.75,2.5,6.29980469,1.39990234,149,7.469727,165,18,2235,0,1
43.42499,0,2,980,4,51,14.7988281,68,8,38.59375,262.5,2.699707,0.29998779,0.89990234,140,7.40918,321,26,1080,3,1
46.80099,1,2,55,2,66,7.89941406,108,26,35.89844,286.625,2.3999023,0.89990234,1.79980469,126,7.5,184,45,2500,3,1
71.31799,1,2,135,3,93,5.59960938,60,15,36.09375,318.3125,4.3994141,0.89990234,2,139,7.359375,108,34,370,0,0
62.29398,1,1,78,4,67,16.796875,80,20,38.39844,224,2,15.5996094,1.5,142,7.419922,65,33,1370,0,1
41.008,0,2,974,4,110,5.89941406,60,16,36.19531,297.125,4.6992188,0.59997559,2.29980469,144,7.419922,107,45,1795,0,1
53.03198,0,2,973,0,62,7.19921875,42,16,36.09375,319,2.8999023,0.89990234,1.5,139,7.379883,125,35,1170,0,0
95.60596,0,1,972,1,74,10.3984375,62,10,38.09375,373.3125,2.7998047,0.5,5.69921875,132,7.229492,104,78,1510,0,1
62.88599,1,1,332,1,127,10.2988281,120,35,40,204.75,3.3999023,0.59997559,1.09985352,139,7.429688,151,12,2300,0,4
62.12698,0,1,971,1,153,14.5996094,125,36,39.59375,438.0625,2.8999023,0.89990234,1.19995117,134,7.5,220,16,1055,0,0
50.82498,1,1,49,2,111,14,110,44,37.89844,136.65625,2.8999023,0.89990234,0.59997559,141,7.399414,93,18,3400,2,6
77.26495,1,2,11,2,55,12.3984375,114,30,38.69531,136.71875,3.7998047,0.69995117,2.69970703,136,7.459961,262,61,1156,0,4
44.92297,1,1,9,1,103,16.296875,120,25,38.89844,224,2.8999023,0.89990234,0.79992676,135,7.419922,154,11,1795,0,1
49.85397,1,2,7,1,57,11.7988281,120,26,39.19531,128,2.7998047,0.59997559,0.79992676,133,7.419922,128,9,2279,0,0
88.81598,0,1,965,4,43,17.296875,130,14,38.69531,140,2.8999023,0.89990234,1.79980469,136,7.30957,189,27,1300,0,1
90.76794,1,1,742,1,80,6.39941406,80,20,35.59375,347.5625,2.2998047,0.79992676,1.19995117,139,7.369141,113,14,3400,0,2
94.07495,1,1,726,2,50,13.5996094,110,20,36.09375,224,2.199707,11.2988281,0.69995117,130,7.419922,157,13,850,0,1
61.91397,1,1,22,2,73,2.79980469,80,20,36.09375,224,2,3.5,0.69995117,131,7.419922,294,13,1968,0,7
68.60797,0,1,961,0,100,12.3984375,108,32,36.59375,225.6875,2.8999023,0.89990234,0.69995117,141,7.379883,202,10,2280,0,0
62.327,1,2,4,2,57,8.19921875,74,24,37.79688,224,2.8999023,0.89990234,1.29980469,130,7.419922,169,39,900,0,1
77.86694,1,1,4,4,60,8.79882812,52,50,38.79688,171,2.5996094,0.69995117,0.89990234,141,7.369141,96,14,3450,0,1
32.84598,0,1,956,1,100,12.8984375,70,20,35.89844,357.125,3.7998047,1.09985352,0.69995117,125,7.509766,237,14,1968,0,0
70.70795,0,2,956,2,105,10.7988281,180,20,37.89844,640,3.0996094,1.39990234,0.79992676,143,7.269531,102,6,2750,0,0
58.81198,1,1,152,2,117,11.5,80,9,39.29688,185,2.8999023,0.89990234,1.29980469,144,7.489258,110,15,1273,0,0
74.11096,0,1,954,1,83,3,100,20,36.69531,224,2.8999023,0.89990234,3.5,142,7.419922,70,66,1100,0,7
65.89197,1,1,39,3,109,24.1992188,113,24,36.39844,356,1.5998535,26.796875,3.89990234,150,7.419922,153,147,1600,0,1
83.40295,1,2,140,2,54,9.5,145,12,38.79688,161.65625,2.5996094,0.29998779,0.69995117,153,7.349609,144,26,3155,0,1
72.099,1,1,98,1,54,4.69921875,76,28,38.19531,107.5,2.5996094,1,0.69995117,141,7.439453,221,26,4745,2,1
72.81,1,1,858,3,110,7.69921875,70,20,35.89844,114,3.5996094,0.89990234,1.19995117,146,7.259766,90,23,2631,0,1
68.99896,1,1,32,3,137,7,56,50,37.89844,293.3125,2.8999023,0.89990234,0.79992676,141,7.399414,166,20,1610,2,2
89.46997,1,2,611,1,97,10.3984375,60,20,36.09375,131.65625,2.8999023,0.89990234,1.59985352,143,7.30957,94,40,1600,0,1
45.741,1,2,121,3,139,10.5996094,104,60,38.29688,297.5,2,0.29998779,7.29980469,140,7.359375,121,69,1150,0,7
62.11899,0,2,947,3,55,12.3984375,72,24,36.69531,240,3.3999023,0.89990234,2.19970703,145,7.529297,105,43,3990,1,1
86.75995,1,1,238,1,73,4.39941406,130,30,36.09375,224,2,0.89990234,1.09985352,145,7.419922,281,25,1968,0,2
82.12994,1,1,52,4,39,13.5996094,125,34,38.39844,148.96875,3.0996094,1.39990234,2.59960938,136,7.359375,110,94,107,2,1
64.01398,0,1,944,2,121,10.8984375,106,12,38.29688,157,2.8999023,0.29998779,0.79992676,143,7.399414,145,12,1625,2,1
41.66498,0,2,943,4,107,6.59960938,110,10,39.19531,190,2.8999023,0.89990234,1.19995117,149,7.439453,136,18,4890,0,0
73.599,1,2,52,1,81,6.79980469,76,20,37.39844,224,2.8999023,0.89990234,0.59997559,137,7.419922,115,10,4202,0,0
76.08795,1,2,34,1,47,5.79980469,60,42,36.09375,80,2.8999023,0.39996338,0.29998779,141,7.399414,102,3,3195,0,0
84.13995,1,1,6,1,70,2.5,108,15,36.69531,224,2,0.89990234,0.39996338,137,7.419922,155,11,3000,0,0
41.314,1,1,397,3,77,5.69921875,60,20,36.09375,224,3.8999023,0.59997559,2.79980469,139,7.419922,115,70,1200,2,1
68.81598,1,2,16,5,72,18.3984375,68,16,35.89844,224,1.6999512,0.89990234,0.69995117,137,7.419922,68,15,310,2,3
53.46997,0,1,941,5,77,5.69921875,60,20,35.59375,548,3.3999023,0.29998779,2.89990234,136,7.299805,54,63,780,1,0
57.35498,1,2,44,2,77,8.19921875,70,25,36.09375,224,2.8999023,0.39996338,0.69995117,132,7.419922,94,10,1550,3,1
79.15094,1,1,102,4,123,12.5,67,25,36.09375,170,2.8999023,0.89990234,1.89990234,138,7.449219,92,27,2170,0,5
77.133,0,1,939,3,103,10.5,44,6,37.89844,214,2.8999023,0.5,2.69970703,145,7.399414,440,81,615,1,0
63.72299,1,2,52,2,107,12,80,25,35.59375,224,2.8999023,0.89990234,1.09985352,136,7.419922,181,18,5800,0,0
72.30896,0,2,939,1,77,11.1992188,80,20,36.09375,476.1875,2.5,0.59997559,4.19921875,147,7.40918,77,107,400,0,0
56.20798,0,1,939,2,49,18.796875,120,44,36.39844,173.46875,3.5996094,0.89990234,1.89990234,135,7.429688,92,46,1520,0,1
90.448,1,1,872,2,77,12.3984375,120,25,38.59375,368,2.8999023,0.69995117,1,136,7.419922,103,11,850,0,1
68.08795,0,2,938,2,55,12,98,10,36.09375,78.75,2.8999023,1.29980469,7.69921875,135,7.349609,163,50,3800,0,1
79.51495,1,1,5,3,77,5.59960938,70,35,38,204,2.8999023,0.89990234,0.69995117,131,7.399414,168,19,948,0,1
42.62299,0,1,937,1,57,19.796875,70,20,36.09375,433.3125,2.199707,0.5,1.39990234,142,7.479492,93,41,1968,2,3
83.99695,0,2,937,5,47,21,134,10,34.79688,62,2,0.19998169,2.29980469,136,7.399414,165,34,2948,1,0
33.89697,0,2,936,1,47,8.59960938,100,20,36.09375,224,4,1.59985352,0.79992676,135,7.439453,107,15,1100,0,1
71.51495,1,2,7,2,77,9.29882812,80,25,36.69531,224,2.7998047,3.69970703,1.19995117,127,7.419922,197,28,800,0,2
82.87994,1,2,225,2,103,6.19921875,49,24,38.39844,152.5,3.0996094,9.19921875,0.5,149,7.399414,331,15,1260,0,1
31.806,0,1,929,0,71,11.5,84,16,38.39844,224,2.3999023,0.29998779,0.69995117,131,7.419922,134,9,1800,1,0
83.995,0,2,929,2,60,23,60,30,38.19531,178.3125,2.0996094,0.89990234,1,129,7.449219,276,17,2495,0,1
43.64398,1,2,15,4,100,6.79980469,80,20,37.19531,478.3125,3.2998047,0.19998169,1.09985352,137,7.419922,189,19,1150,0,0
54.103,0,2,928,1,63,13.5,70,20,36.59375,224,1.7998047,6.5,2.79980469,137,7.419922,132,82,980,2,1
60.40799,1,2,342,6,62,9.79882812,55,28,36.39844,121.65625,2.8999023,0.89990234,1.19995117,137,7.469727,123,25,1905,0,1
83.56195,0,1,926,2,63,10.2988281,97,28,38.29688,136.71875,2.8999023,0.89990234,0.39996338,136,7.469727,88,12,920,2,2
82.35999,0,2,925,1,110,14.7988281,67,24,36.09375,173.3125,4.0996094,0.59997559,1.89990234,135,7.369141,88,35,2380,0,0
61.90598,1,2,28,3,81,7.09960938,116,24,38,144.875,2.8999023,0.89990234,0.79992676,134,7.479492,185,7,1850,1,1
54.784,0,1,922,1,113,15.5,126,38,36.29688,230,2,0.89990234,0.59997559,142,7.429688,231,7,1421,0,0
74.85297,1,2,3,4,77,8.09960938,76,18,36.79688,224,3.3999023,0.39996338,1,142,7.419922,100,7,3250,0,1
73.18799,1,1,753,4,77,7.09960938,50,25,36.09375,261.875,2.8999023,0.89990234,1.59985352,145,7.439453,114,25,1968,1,5
54.16599,0,1,919,1,77,14.0996094,108,22,38.69531,212.5,2.8999023,1.89990234,0.89990234,142,7.419922,100,27,1875,0,0
81.97095,0,2,919,1,131,18,66,4,38.39844,379,3.0996094,1.09985352,11.2988281,137,7.229492,135,72,375,0,1
95.05298,1,2,873,0,67,6.09960938,80,25,36.09375,188,2.8999023,0.89990234,1.29980469,142,7.349609,103,24,2250,6,0
89.84796,0,2,918,3,59,22.0976562,132,34,37.59375,142.84375,4.1992188,0.39996338,0.89990234,137,7.399414,153,10,1450,0,1
20.821,0,2,917,0,73,4.89941406,70,25,36.09375,390.4375,2.8999023,0.89990234,1.5,141,7.5,103,35,800,0,6
76.91699,1,2,8,4,113,6.29980469,43,12,36.19531,105,2.8999023,3.29980469,0.69995117,144,7.5,145,14,3660,0,6
85.336,1,2,110,2,73,15.5996094,135,28,40.19531,230,2.0996094,0.39996338,0.5,158,7.379883,148,3.299805,1870,0,3
87.75397,1,2,9,3,76,20.796875,70,28,36.09375,224,3,0.89990234,1.09985352,141,7.419922,116,21,1968,0,0
70.28894,1,2,3,4,122,13.5996094,71,24,38.19531,144.875,2.8999023,0.89990234,0.69995117,141,7.509766,116,32,3066,0,1
60.40198,0,1,912,1,50,12.1992188,61,28,38.09375,143.3125,2.5996094,1.89990234,1,138,7.439453,112,9,5625,0,1
74.11597,1,2,11,2,62,8.69921875,64,12,37.79688,376.1875,1.7998047,11.6992188,1.59985352,138,7.399414,98,37,1968,0,1
87.633,1,2,181,2,83,3.5,80,30,37,224,4.5996094,0.39996338,0.89990234,138,7.419922,91,9,4900,0,2
83.08295,1,1,4,2,34,18.3984375,41,8,35.39844,238,2.8999023,0.89990234,2.39990234,137,7.399414,292,27,340,0,1
78.63898,1,1,140,2,70,5.39941406,80,25,36.09375,233.3125,3.699707,0.59997559,6.69921875,139,7.319336,201,83,3105,0,0
91.92297,1,2,11,1,141,22.0976562,123,34,38,155,3.2998047,0.59997559,0.79992676,141,7.5,172,13,1730,0,2
79.01196,1,2,337,1,63,8.29882812,80,30,37.79688,257.125,2.199707,0.89990234,3.89990234,142,7.339844,207,116,1720,0,0
31.82999,1,2,394,3,115,14,120,28,38.29688,224,2.8999023,0.89990234,6.29980469,138,7.419922,102,83,3330,0,1
66.06995,1,2,62,1,76,5.89941406,80,24,36.69531,224,3.3999023,2,1,143,7.419922,110,15,410,2,0
68.75299,1,1,8,0,110,7.69921875,120,34,37.79688,224,1.8999023,0.69995117,0.5,135,7.449219,137,5,3565,0,1
91.81696,1,1,315,2,68,11.5996094,70,28,37.69531,342.8125,3.5996094,1.09985352,13.0996094,152,7.439453,151,178,241,0,7
71.59796,1,1,532,3,67,20.1992188,100,40,38.29688,224,2.8999023,0.5,1,139,7.419922,161,14,1968,1,3
40.60199,0,2,904,6,60,8.69921875,120,14,34.29688,158,1.7998047,0.89990234,1.69995117,132,7.40918,215,50,2535,0,1
55.85199,0,1,903,1,33,0.5,150,12,38.69531,60,4.1992188,1.19995117,1.69995117,140,7.319336,159,22,450,0,1
64.51495,0,2,901,3,113,7.5,70,25,36.69531,280.9375,2.8999023,0.89990234,1,141,7.369141,153,19,1968,0,1
67.409,0,2,900,2,68,9.3984375,74,8,38.09375,145,2.0996094,0.89990234,1.29980469,144,7.5,123,30,3263,0,0
77.74695,0,1,898,2,80,16.6992188,80,20,36.09375,261.875,3.8999023,0.79992676,1.5,140,7.339844,80,35,1968,0,1
85.91895,1,1,133,4,103,9.59960938,80,20,38.89844,402,2.8999023,0.89990234,1.5,137,7.439453,170,25,1885,0,3
40.17499,0,1,898,1,76,5.09960938,64,12,36.39844,224,4.2998047,0.29998779,1.09985352,137,7.419922,93,23,1968,0,1
78.448,1,1,315,1,49,13.0996094,117,8,38.29688,198,2.5,0.79992676,0.79992676,134,7.429688,93,11,2277,0,1
85.55798,1,1,5,3,113,15.6992188,70,14,39.09375,409.5,2.8999023,0.89990234,2.09960938,136,7.399414,281,38,1270,0,6
86.89398,1,1,404,2,80,10.2988281,110,30,36.09375,237.5,3.7998047,1.09985352,1.39990234,135,7.449219,87,24,1879,0,1
67.26099,1,2,7,2,100,24.6992188,80,25,36.09375,436,3.199707,0.89990234,1,129,7.429688,124,14,1968,0,1
68.94696,1,2,133,2,70,12.1992188,120,10,36.29688,96.25,2.2998047,0.79992676,4.89941406,132,7.219727,103,50,0,7,4
74.92999,1,2,48,1,65,10.5996094,56,30,38.69531,183.65625,2.3999023,0.89990234,1.09985352,135,7.389648,306,28,1350,0,3
85.99298,1,1,8,2,67,13.5,60,6,38.79688,136.65625,4.0996094,0.79992676,2,142,7.419922,157,24,645,0,0
87.82196,1,1,7,3,83,3.89990234,80,20,36.09375,224,1.5,1.69995117,0.89990234,129,7.419922,125,11,1968,0,6
88.53699,1,1,82,2,110,8.5,110,14,38.39844,314,2.7998047,0.39996338,0.5,150,7.339844,300,25,1335,1,4
63.064,1,1,865,2,80,6.09960938,100,20,37.39844,224,2.8999023,0.39996338,1,136,7.419922,111,10,600,2,1
71.15094,1,1,833,3,105,9.8984375,102,24,38.5,171.40625,2.5996094,1.19995117,1.19995117,137,7.5,200,24,3400,0,1
41.16098,1,1,214,2,73,9.59960938,60,20,36.09375,358.3125,2.8999023,0.89990234,1.79980469,137,7.349609,222,30,1850,0,1
45.43198,0,1,886,1,100,15.0996094,80,20,38.29688,626.625,2.8999023,0.59997559,3.89990234,132,7.359375,277,86,950,0,1
91.13794,1,1,407,4,117,5.59960938,72,20,38.19531,218.3125,3.699707,0.39996338,0.89990234,133,7.349609,85,10,2100,0,1
81.13599,0,1,885,3,60,9.79882812,62,24,38.39844,480,2.699707,1.79980469,1.19995117,149,7.449219,719,63,700,1,0
58.349,1,1,158,1,53,8.8984375,96,33,35.79688,136.71875,2.5996094,1.59985352,1.89990234,138,7.419922,187,41,1855,0,0
90.48596,1,1,9,3,133,9.29882812,82,24,36.79688,432,2.8999023,0.5,1.79980469,147,7.379883,247,29,1435,0,3
45.95798,0,2,882,1,111,0.09999084,140,28,36.29688,380,2,0.79992676,3.5,142,7.359375,235,69,2250,0,0
78.58698,0,2,879,2,80,2.29980469,68,16,36.09375,556,2.2998047,2.39990234,2,154,7.459961,90,33,1920,0,7
53.12799,0,1,879,0,76,11.7988281,72,16,36.5,224,3.0996094,0.39996338,1.09985352,138,7.419922,127,22,1968,0,0
82.04797,0,1,879,6,107,18.1992188,68,30,36.69531,224,3.0996094,1.09985352,3.69970703,150,7.419922,179,99,2003,0,1
47.95297,1,1,7,1,51,7.09960938,50,6,35.59375,74,2.8999023,0.89990234,3,135,7.339844,72,105,1024,0,0
73.758,0,1,877,3,61,11.1992188,62,24,38.29688,120,3.7998047,0.89990234,2.29980469,138,7.419922,142,43,1072,0,1
88.23297,0,1,877,0,83,11.3984375,100,25,36.09375,224,2.8999023,0.89990234,1.59985352,135,7.419922,97,47,2100,0,1
61.74899,1,2,3,1,73,12.8984375,100,24,37.39844,363.25,2.3999023,0.89990234,2.09960938,135,7.389648,234,37,1145,0,1
88.00299,1,1,89,1,57,0.79992676,128,36,39.39844,328,2.5996094,0.59997559,0.79992676,136,7.489258,112,10,2100,0,1
76.92798,1,1,135,1,50,21,110,8,38.19531,195,2.8999023,0.89990234,2.89990234,141,7.40918,68,17,2100,0,1
67.31299,1,1,590,3,67,8.09960938,60,15,36.09375,403.3125,2.8999023,0.89990234,1.29980469,139,7.359375,119,21,1968,0,0
76.14197,0,1,875,2,70,16.3984375,80,30,37,224,4,0.89990234,0.89990234,134,7.419922,111,8,1050,1,1
66.63898,1,1,163,2,71,3.69970703,74,20,38.09375,419,2.8999023,0.89990234,0.59997559,139,7.449219,101,3,3900,0,0
79.50696,1,1,207,4,52,13.5996094,107,24,37.79688,230.59375,3.3999023,0.89990234,2,141,7.40918,388,52,1780,0,1
44.06299,1,2,193,1,56,7.39941406,117,8,38.09375,442.5,2.8999023,0.89990234,1,138,7.439453,97,12,2111,1,1
54.56497,1,1,27,3,49,15.5996094,70,24,40.09375,120,3.0996094,0.5,2.79980469,156,7.199219,355,85,1980,0,0
70.49097,0,2,873,4,113,21.796875,120,34,38.79688,293.875,2.8999023,0.89990234,0.79992676,148,7.519531,150,10,1265,0,0
50.12997,1,2,272,2,45,10.6992188,75,14,38,363.3125,2.8999023,1.29980469,2.69970703,141,7.619141,173,47,3105,0,1
76.85699,1,1,456,3,69,11.7988281,100,24,36.59375,224,3.5996094,0.69995117,0.69995117,137,7.419922,129,7,1800,1,0
67.42499,1,1,252,1,53,10.2988281,113,14,38.29688,166.65625,2.0996094,0.89990234,0.89990234,138,7.379883,140,18,2130,1,0
76.19696,1,2,95,3,127,15.2988281,49,29,36.09375,286.625,3.5996094,1.39990234,0.79992676,137,7.40918,136,15,2210,5,1
63.81699,0,1,869,3,50,29.1992188,110,32,36.59375,270,2.2998047,0.89990234,1,145,7.289062,122,30,995,0,3
76.01398,1,1,123,5,67,7.5,70,20,38.39844,663.25,2.8999023,0.89990234,0.69995117,141,7.469727,89,16,750,4,5
67.63898,0,1,868,2,70,12,80,25,36.69531,224,2.8999023,0.89990234,2.79980469,137,7.419922,104,66,1968,1,1
44.58298,1,1,122,3,71,16.6992188,80,30,38.09375,260,3.7998047,1.09985352,1.29980469,137,7.289062,166,26,3500,0,1
73.42896,1,1,11,2,87,18.5,80,20,36.69531,488.3125,2.8999023,0.89990234,1.09985352,138,7.359375,137,26,600,0,1
61.366,1,1,527,4,83,15.7988281,80,20,36.39844,248,4.0996094,0.39996338,0.89990234,137,7.389648,170,20,2400,0,0
82.92999,1,1,167,2,73,7.19921875,60,15,35.79688,224,2.8999023,0.89990234,2,142,7.419922,105,41,1275,3,0
83.88196,0,1,864,2,111,2.79980469,105,38,36.69531,151.65625,2.5996094,1.69995117,3.79980469,145,7.40918,340,73,3525,0,0
68.50397,1,2,9,0,67,22.5,120,40,35.69531,190,2.8999023,0.89990234,0.89990234,145,7.469727,140,8,596,0,0
74.91595,0,2,862,4,64,22.1992188,72,8,36.39844,122,2.8999023,0.89990234,1.09985352,132,7.429688,263,18,1655,0,1
41.26797,1,2,35,3,51,0.89990234,108,31,35.59375,245.6875,2.5,1,1,141,7.40918,133,17,2000,0,0
90.18799,0,1,862,0,110,15,80,20,37.19531,169.375,3,0.89990234,1.69995117,139,7.299805,103,30,3175,1,0
62.80899,1,2,53,2,83,2.79980469,72,18,36.29688,224,2.8999023,0.59997559,1,133,7.419922,94,9,2500,0,0
81.862,0,2,859,4,53,10.8984375,80,15,38.89844,224,1.8999023,0.89990234,13.1992188,141,7.419922,96,52,0,1,1
92.59998,1,2,424,3,63,14.5996094,120,30,36.69531,216.65625,3.699707,0.5,0.79992676,145,7.359375,100,9,1968,0,1
63.23297,1,2,200,2,103,14.8984375,80,20,36.09375,142.84375,2.8999023,0.89990234,1,136,7.339844,115,39,2300,1,0
37.16599,0,2,857,2,97,14,80,25,36.69531,204.75,2.8999023,0.89990234,1.09985352,143,7.369141,131,16,1968,1,3
75.409,0,2,856,4,66,6.39941406,116,8,36.09375,222,3,1.19995117,3.79980469,142,7.209961,112,58,4150,0,1
72.534,1,2,29,3,61,23.1992188,130,10,38.69531,270,2.8999023,0.89990234,1.19995117,147,7.389648,155,46,2159,0,4
80.66296,1,1,17,0,69,12.0996094,125,28,35.59375,149,3.699707,0.89990234,6.19921875,123,7.179688,159,89,1395,0,1
75.90698,0,2,855,1,63,7.59960938,64,26,36.59375,285,2.8999023,0.89990234,1,141,7.399414,130,23,1350,0,0
88.99396,1,2,293,3,55,33,76,11,36.19531,88,2,0.89990234,0.69995117,147,7.379883,116,11,3531,0,1
52.73398,0,2,853,1,45,2.09960938,118,20,38.69531,98.75,3.5996094,4,2.5,138,7.279297,121,54,1300,0,1
80.37195,1,1,120,1,107,7,70,20,36.09375,206.65625,3.7998047,0.89990234,1.29980469,144,7.469727,95,16,2200,0,1
80.24097,1,1,419,2,43,5.89941406,117,42,39.19531,108,2.5996094,0.5,1.29980469,136,7.439453,215,19,3770,1,0
50.46698,0,2,851,4,60,15.8984375,60,24,36.29688,91.65625,2.2998047,0.89990234,1.69995117,139,7.429688,113,34,3075,0,0
70.20898,1,2,279,1,103,5.19921875,68,22,37.69531,263.3125,2.8999023,0.89990234,3.5,131,7.40918,245,65,2395,1,2
79.71497,1,1,26,7,59,10.5996094,69,20,36.69531,178.3125,3.5996094,1.79980469,2.39990234,138,7.15918,85,33,850,0,7
38.39798,0,2,850,2,103,5.59960938,70,20,36.69531,224,2.8999023,0.89990234,1.69995117,143,7.419922,103,32,1310,0,3
72.487,1,2,15,2,63,6.09960938,80,20,36.09375,224,2.8999023,1.59985352,1.89990234,135,7.419922,98,27,2000,0,1
71.17896,1,1,408,2,56,26.0976562,72,28,36.09375,224,1.2998047,24.3984375,2.39990234,112,7.419922,477,28,1040,0,0
63.767,0,1,848,2,80,6.19921875,80,20,36.09375,266.625,2.5,0.89990234,0.89990234,134,7.5,124,11,1100,1,0
91.98395,1,1,658,2,107,8.29882812,80,15,36.09375,484,2.5,0.89990234,2.39990234,138,7.339844,192,36,1300,0,1
70.87994,1,2,42,3,119,9.59960938,140,12,34.59375,150,2.199707,0.89990234,0.79992676,144,7.429688,90,54,2955,4,5
77.65399,0,1,844,2,53,13.1992188,72,10,38.29688,80,2.5996094,0.89990234,2.59960938,130,7.319336,121,62,2362,0,1
59.58398,1,2,258,1,61,7.5,112,40,37.59375,122.4375,3.199707,0.89990234,0.89990234,141,7.399414,139,39,1130,0,0
42.69998,0,2,845,3,107,12.3984375,111,36,38.79688,156,3.699707,0.89990234,0.89990234,145,7.459961,105,31,1640,0,1
40.745,0,2,843,0,60,20.796875,114,32,37.89844,220,2.8999023,0.89990234,1.19995117,134,7.479492,116,23,2878,0,1
84.58899,1,2,273,2,53,22.5976562,69,28,38,234.28125,3.0996094,0.5,6.69921875,127,7.369141,162,84,2260,0,0
38.21997,1,1,781,3,113,6.89941406,65,13,36.29688,224,3.699707,0.5,0.89990234,139,7.419922,176,11,2400,0,1
66.57098,1,1,251,2,83,6.09960938,80,20,36.09375,224,3.2998047,1.69995117,1.59985352,138,7.419922,65,30,300,2,0
72.09296,1,1,66,2,93,8.69921875,70,20,36.09375,224,2.8999023,0.39996338,6.5,133,7.419922,111,97,1200,0,2
42.99799,0,2,839,2,55,16.8984375,78,10,35,65,2,0.59997559,0.59997559,137,7.389648,144,4,1906,0,0
68.88196,1,2,177,4,60,11.5996094,80,36,33.79688,96.65625,2.5,2.09960938,2.39990234,149,7.529297,85,54,1735,1,0
70.20398,0,1,837,4,107,4.59960938,69,28,38.19531,224,2.8999023,0.89990234,1.5,134,7.419922,333,17,3480,2,1
92.33899,1,1,147,3,52,8.5,81,8,38.89844,295,2.8999023,0.89990234,1.09985352,139,7.419922,101,18,2212,0,1
85.34399,0,1,836,2,93,6.79980469,60,20,37.59375,318,2.8999023,0.89990234,1,141,7.5,95,26,1968,0,3
87.71497,1,2,3,0,80,20.5976562,110,25,37.79688,224,2.5996094,0.89990234,1.19995117,133,7.419922,93,21,1475,0,1
49.155,1,2,32,7,60,22.1992188,108,30,38.59375,135,2.8999023,1.39990234,1,136,7.319336,164,26,2140,3,3
87.44397,1,2,4,1,45,7.69921875,54,26,38.79688,170,2,7.39941406,0.89990234,139,7.379883,88,40,2450,0,1
71.74799,0,1,829,1,74,6,72,24,36.79688,176.1875,2.8999023,0.89990234,0.79992676,137,7.289062,98,8,1650,0,0
32.75598,0,1,828,2,147,11.2988281,78,6,38.39844,89,3.199707,0.69995117,1.19995117,147,7.339844,149,31,2090,1,1
80.22498,1,1,23,1,77,6.79980469,80,25,36.39844,136.65625,4.0996094,0.79992676,1.39990234,141,7.319336,104,23,2720,1,6
79.65796,1,2,7,2,127,15,110,8,36.39844,194,2,0.89990234,6.19921875,137,7.419922,73,44,95,0,3
74.72095,0,2,824,3,61,9.69921875,108,32,36.69531,266.625,2.2998047,1.09985352,1.29980469,143,7.55957,145,21,1160,0,1
68.50696,1,1,41,1,67,8.8984375,76,24,36.59375,306.0625,2.8999023,0.89990234,2.29980469,139,7.419922,298,33,928,0,1
59.79498,1,1,5,6,48,55.59375,70,0,38.19531,128,2.8999023,0.89990234,0.79992676,131,7.419922,144,9,4675,0,1
92.32599,1,1,6,2,101,7.59960938,60,28,36.09375,163.3125,3.699707,0.59997559,0.89990234,139,7.469727,227,12,1850,0,1
73.63696,0,1,821,3,83,6.09960938,100,25,35.59375,271.375,2.8999023,0.89990234,1.19995117,142,7.419922,103,28,800,1,2
82.57397,0,2,821,1,115,12.5996094,156,14,36.29688,252.375,2.699707,0.89990234,2.39990234,139,7.469727,146,55,1913,0,1
61.728,0,2,821,4,135,13.8984375,60,25,37.79688,238.09375,2.8999023,0.59997559,1.29980469,136,7.319336,108,25,2170,0,0
81.021,1,2,7,4,33,19.3984375,68,44,40,347,2.8999023,0.89990234,2.19970703,136,7.419922,547,39,64,0,0
79.68195,1,1,8,2,100,12.5,70,25,36.69531,428.5625,2.3999023,7.29980469,1.39990234,126,7.549805,335,43,2020,0,1
75.18695,0,1,819,0,46,15.8984375,109,8,35.89844,238.09375,3.0996094,0.89990234,1.59985352,135,7.419922,204,26,253,0,0
62.26099,1,2,120,1,111,7.19921875,69,36,38.29688,196.65625,3.199707,0.89990234,2.79980469,136,7.15918,272,36,2115,2,0
66.51294,0,1,818,5,63,14,130,35,36.59375,150,2.2998047,0.19998169,0.79992676,145,7.519531,111,12,1180,0,1
70.20099,0,1,817,0,100,8.5,110,25,36.69531,224,3.3999023,0.89990234,1.09985352,137,7.419922,209,28,800,0,0
75.66296,1,1,74,2,73,6.59960938,120,35,35,457.125,2.8999023,1,2.5,142,7.529297,227,61,550,1,3
73.06,0,1,816,1,80,6.09960938,80,25,36.69531,276.1875,2.8999023,0.89990234,1.79980469,139,7.449219,116,41,1968,0,1
81.73297,1,1,47,3,87,13.5996094,68,20,36.5,224,4.2998047,0.69995117,0.89990234,139,7.419922,124,20,1750,0,1
84.82098,1,1,13,2,53,14.7988281,106,10,39.29688,108.32812,2.2998047,0.59997559,8.19921875,147,7.429688,109,40,0,0,6
49.82898,1,2,12,3,163,5.39941406,150,37,38,72,2.5,0.59997559,0.79992676,142,7.369141,163,31,1625,0,1
68.31995,0,2,813,1,103,9.3984375,60,20,36.09375,224,2.8999023,0.89990234,1.39990234,140,7.419922,129,44,2275,0,1
47.87399,0,2,813,2,56,4.39941406,48,22,36.09375,224,3.0996094,0.59997559,1.09985352,143,7.419922,106,14,1370,0,1
70.35199,1,1,118,1,83,7,80,35,35.59375,366.625,2.8999023,0.39996338,1.19995117,136,7.429688,107,14,2980,1,1
85.63196,0,2,811,1,69,15.0996094,66,20,36.09375,111.65625,2.0996094,0.89990234,3.29980469,139,7.439453,432,129,2400,3,1
64.08197,1,2,221,4,63,7.09960938,120,42,36.89844,135,3.199707,1.19995117,0.79992676,146,7.429688,131,17,1010,0,0
77.59296,1,2,17,4,101,4.89941406,55,25,36.19531,266.625,4.3994141,0.5,0.69995117,144,7.439453,117,15,3200,3,1
76.78595,0,1,808,1,105,16,80,28,36.29688,138.3125,2.5996094,0.79992676,0.69995117,142,7.40918,136,20,1550,0,1
74.32996,1,2,14,6,100,10.5996094,90,25,36.09375,242.84375,2.8999023,0.29998779,1.09985352,133,7.359375,163,22,1968,0,1
58.34598,1,2,690,2,82,27.3984375,70,24,36.09375,197.125,2.699707,0.5,1.09985352,138,7.369141,86,22,1600,1,0
52.98599,1,1,33,3,93,6.09960938,60,15,37,224,2.7998047,0.89990234,0.69995117,134,7.419922,249,25,1968,0,4
42.17899,0,2,802,3,110,4.89941406,110,32,38.29688,183.3125,2.8999023,0.89990234,0.89990234,143,7.489258,121,9,4685,0,0
70.11896,0,1,799,2,79,10.8984375,140,38,38.09375,269.375,2.7998047,0.59997559,1.19995117,138,7.379883,167,33,600,0,0
72.46497,1,2,31,5,48,10.3984375,134,10,38.29688,170,2.8999023,0.89990234,1.29980469,143,7.359375,121,32,505,0,0
66.00397,1,1,30,5,97,24.5,100,5,37.79688,111.65625,2.8999023,0.89990234,1.09985352,137,7.449219,136,29,1968,2,3
72.38098,1,2,89,1,129,5,106,34,38.19531,360,3.199707,1.39990234,1.19995117,142,7.449219,95,24,3710,5,0
74.875,1,1,190,3,47,18.5976562,113,34,38.79688,53,2.2998047,0.89990234,0.89990234,143,7.369141,154,17,1968,1,1
75.03094,0,1,794,2,99,24.1992188,70,16,36.39844,334.25,2.8999023,0.79992676,7.79980469,137,7.359375,160,47,5,0,1
30.752,0,1,793,3,57,6,144,36,40.19531,111.65625,2.8999023,0.89990234,1.29980469,134,7.40918,169,21,3775,0,1
93.008,1,1,10,1,56,10.2988281,68,30,36.09375,450,3.0996094,0.89990234,1.59985352,143,7.339844,112,58,950,0,7
43.92297,0,1,793,1,120,14.2988281,74,38,38.09375,224,2.699707,0.29998779,3.79980469,142,7.419922,207,58,3100,0,1
64.52795,0,1,792,2,97,6.89941406,80,20,37.79688,261.875,2.8999023,0.89990234,0.89990234,143,7.399414,87,21,250,0,0
73.89496,1,1,4,1,76,5.39941406,58,28,36.59375,361.875,2.8999023,0.89990234,1.09985352,135,7.439453,133,39,492,0,1
47.16498,0,2,791,3,103,4.69921875,60,15,36.69531,224,2.8999023,0.59997559,1.19995117,138,7.419922,114,20,1968,0,0
82.409,1,2,118,1,150,31,102,38,36.29688,184,2,1.39990234,1.5,127,7.40918,323,37,1810,0,0
65.58197,1,1,624,1,119,8,119,28,39.59375,224,3.199707,1.59985352,7.09960938,140,7.419922,151,22,0,0,2
52.89499,1,1,112,2,47,3.79980469,108,26,36.39844,120,2,0.89990234,3.89990234,136,7.419922,179,50,2030,4,5
79.85199,1,1,525,2,52,10.0996094,138,24,35,95,3.199707,0.89990234,1.39990234,139,7.439453,132,38,1550,0,1
83.20898,1,1,6,1,113,12,114,28,37.59375,75,2.8999023,0.89990234,0.69995117,134,7.199219,256,7,2275,5,0
74.45898,1,1,65,2,55,6.09960938,49,16,36.79688,146.9375,3.0996094,0.89990234,2.69970703,139,7.419922,103,29,1365,0,1
53.75497,1,1,82,4,93,4.39941406,80,20,36.69531,246.65625,2.8999023,0.89990234,1.19995117,140,7.439453,87,30,1800,5,6
89.60699,1,1,211,3,53,8.19921875,68,8,36.69531,200,3,1.29980469,0.69995117,142,7.389648,111,32,1050,2,1
76.35297,1,2,622,2,103,4.69921875,120,28,38.79688,343.3125,2.8999023,1.09985352,0.69995117,132,7.399414,117,6,3525,0,0
68.42999,1,2,52,4,63,8.09960938,75,10,36.19531,230,2.7998047,0.69995117,1.09985352,143,7.269531,196,53,850,0,2
78.44995,1,2,107,5,97,6.59960938,60,20,36.09375,224,2.8999023,0.89990234,0.69995117,141,7.299805,183,7,1968,0,0
73.37994,0,1,782,3,80,13.5,180,20,36.09375,260,2.8999023,0.89990234,0.69995117,138,7.419922,82,8,850,0,1
73.89697,1,2,29,2,39,31.3984375,118,28,37.29688,70,1.5,0.59997559,2.5,136,7.109375,230,51,50,0,1
41.91898,0,2,780,0,65,17.5976562,116,16,37.89844,224,2.0996094,2.09960938,1.09985352,132,7.419922,109,29,450,0,0
81.16595,1,2,32,2,107,7.29980469,72,24,36.89844,262.9375,2.8999023,0.89990234,2.19970703,139,7.40918,129,54,1450,0,4
22.63399,0,2,779,3,127,20.296875,130,40,38.19531,132,2.0996094,0.89990234,0.59997559,146,7.439453,111,9,1016,0,0
84.49298,1,1,206,4,111,17.6992188,105,16,35.59375,195.21875,3.7998047,0.59997559,4.69921875,132,7.489258,119,23,0,0,1
18.754,0,1,777,0,124,16.0976562,50,24,38.5,105,2.8999023,0.89990234,1.5,142,7.399414,172,35,1664,0,1
77.05695,1,2,70,3,52,7,120,29,36.79688,95.90625,2.8999023,0.89990234,0.89990234,131,7.489258,95,17,4300,1,0
82.86395,1,2,6,1,63,16.3984375,60,4,36.59375,65,2.8999023,0.29998779,0.79992676,145,7.329102,253,15,2275,0,1
64.81598,0,1,776,1,67,7.29980469,80,20,37,271.375,2.8999023,6.5,1.5,140,7.469727,183,21,1200,0,5
91.25,1,1,10,3,59,5,120,24,35.79688,261.875,2.8999023,0.89990234,3.79980469,139,7.279297,88,86,490,2,3
73.54999,1,2,43,3,77,8.69921875,70,25,36.69531,305,2.2998047,1.09985352,1.09985352,140,7.479492,106,14,4745,1,1
84.64899,1,1,3,1,60,14.6992188,1,40,36.89844,100,2,1.89990234,2.09960938,136,7.449219,172,26,972,0,1
34.45898,0,2,773,3,51,4.5,79,25,36.09375,224,2.8999023,0.5,1.19995117,138,7.419922,101,16,750,0,1
94.28894,0,1,772,2,120,7.69921875,70,20,35.59375,224,2.8999023,0.89990234,1.09985352,137,7.419922,250,21,1000,0,1
65.65594,0,1,771,1,105,12,60,24,36.59375,224,3.7998047,1.79980469,1.89990234,139,7.419922,124,44,1175,0,1
77.14697,0,2,769,1,79,12.5996094,106,30,38.09375,106.65625,2.699707,0.19998169,0.69995117,133,7.389648,101,13,7130,1,0
63.17899,1,2,426,4,73,8,80,16,36.09375,224,3.199707,0.89990234,1.29980469,142,7.419922,61,27,1770,0,1
69.42395,1,2,256,2,56,12,130,14,40.09375,58,2.2998047,0.69995117,0.79992676,136,7.369141,119,8,2320,2,1
83.23596,0,1,768,1,53,8.09960938,60,8,38,278,2.5996094,0.89990234,0.69995117,149,7.459961,169,19,349,0,7
24.474,0,1,767,1,67,12.7988281,112,58,38.89844,169.375,2.8999023,0.89990234,0.59997559,141,7.439453,121,2,1375,0,1
34.47198,0,1,767,4,80,21.0976562,70,20,36.09375,321,3.2998047,0.89990234,6.5,134,7.289062,599,91,1315,0,0
37.02698,0,2,766,1,65,12,131,52,38.59375,368,2.7998047,0.59997559,1.89990234,150,7.419922,168,78,1445,0,1
85.06494,1,2,94,2,96,9.19921875,68,10,36.79688,93.75,2.3999023,0.39996338,0.59997559,130,7.399414,82,17,2030,0,0
89.74097,0,1,765,0,60,14.7988281,110,30,36.59375,195.625,2.8999023,0.89990234,0.69995117,144,7.449219,83,22,1968,1,0
54.09399,1,1,62,4,110,15.5,146,11,36.19531,268,4.7998047,0.39996338,2.19970703,142,7.329102,111,47,1275,0,7
51.38898,1,2,183,4,51,4.89941406,60,6,35.19531,130.59375,2.8999023,0.5,2.29980469,141,7.099609,204,80,1090,0,0
67.49597,1,1,123,2,113,4.09960938,60,25,36.69531,224,4.5,0.89990234,1.29980469,143,7.419922,60,13,1968,2,0
34.793,0,1,761,1,122,12.2988281,102,8,37.79688,250,3.2998047,0.89990234,0.79992676,134,7.449219,155,23,1035,0,0
78.086,1,2,11,5,73,19,68,26,36.09375,134.6875,2.8999023,0.89990234,0.79992676,135,7.40918,106,14,1970,0,6
54.79797,1,2,30,1,159,9.09960938,128,42,36.59375,224,4.5996094,0.79992676,2,141,7.419922,91,33,3748,0,1
75.12897,1,2,51,2,93,8,110,20,35.59375,218.3125,4.2998047,0.89990234,1.29980469,142,7.459961,76,23,3800,1,4
71.51794,0,1,759,2,73,6.09960938,80,20,37.79688,224,2.8999023,0.89990234,0.79992676,138,7.419922,71,6,3000,0,1
77.88098,1,1,38,1,63,14.5996094,98,30,38.19531,242.5,3.199707,0.89990234,1.39990234,144,7.419922,174,41,2280,0,1
76.96594,1,2,23,0,131,25.1992188,103,14,38.09375,76.25,2.699707,0.5,0.69995117,144,7.469727,144,11,4815,0,1
56.06299,1,2,343,4,121,25.1992188,71,12,35,111.42188,2.699707,2.69970703,4.29980469,146,7.489258,98,76,2922,0,1
43.87698,0,1,753,1,108,11.5996094,84,20,36.39844,400,4.3994141,0.89990234,0.39996338,138,7.539062,122,2,3900,1,1
73.80396,1,1,60,1,49,7,63,28,38.39844,224,2.8999023,0.89990234,1.59985352,142,7.419922,84,21,1935,0,1
76.20294,1,2,24,5,70,6,62,14,36.69531,203.3125,4,1,1.39990234,142,7.189453,106,42,1710,5,1
71.63599,1,2,366,1,113,7.19921875,100,20,36.09375,224,2.8999023,0.39996338,0.89990234,136,7.419922,286,14,1968,0,6
73.18298,0,1,750,3,69,11.8984375,108,20,38.59375,224,2.8999023,0.69995117,0.89990234,137,7.419922,81,7,2850,0,0
70.90997,0,1,749,0,77,15.3984375,120,25,36.09375,224,2.8999023,0.89990234,1,138,7.419922,123,20,700,0,0
73.125,1,1,82,2,53,10.5996094,59,36,36.69531,100,2.7998047,0.59997559,0.79992676,133,7.5,84,14,500,2,3
68.78296,1,1,604,3,61,15.7988281,135,8,37.69531,175,2.5,0.39996338,1,142,7.359375,301,19,5240,0,1
71.625,0,2,746,5,97,6.39941406,120,20,39.39844,276.1875,2.8999023,0.89990234,0.89990234,139,7.479492,124,13,1968,0,0
76.96399,1,2,23,2,78,29.296875,68,10,35.69531,528.5,2.8999023,1.29980469,1.09985352,139,7.339844,289,33,2260,0,0
45.40698,1,1,182,1,57,7.5,100,28,36.89844,369,3.0996094,0.89990234,0.69995117,139,7.5,97,5,370,0,0
89.64496,1,1,12,0,77,9.09960938,128,36,36.69531,224,2.8999023,0.39996338,0.69995117,143,7.419922,104,13,1050,0,0
86.26697,1,2,25,4,79,15.3984375,63,32,38.69531,316,3.3999023,1.59985352,0.79992676,136,7.509766,203,46,1910,2,3
80.30695,1,1,299,1,71,9.79882812,88,26,37.69531,224,2.8999023,0.5,1.19995117,134,7.419922,169,13,7650,0,3
59.06598,0,1,741,0,57,3.89990234,115,25,38,338.0625,3,1.09985352,0.5,134,7.549805,126,3,3550,1,0
78.05597,1,1,122,2,63,18.8984375,76,26,36.19531,224,2,0.89990234,0.79992676,143,7.419922,159,15,750,1,1
76.04095,0,2,726,3,77,6.19921875,80,20,36.09375,224,3.2998047,0.59997559,1,138,7.419922,73,23,1968,0,1
78.06696,1,1,17,2,73,5.09960938,100,24,36.79688,224,2.8999023,0.89990234,1.09985352,143,7.419922,92,19,3500,0,1
67.17297,1,2,56,2,58,6.29980469,73,40,38.29688,175,2.8999023,0.89990234,1.19995117,134,7.429688,171,19,2094,0,0
61.88599,1,1,3,1,68,12.5996094,66,10,38.5,158,2.7998047,0.59997559,0.5,138,7.449219,118,21,2184,0,1
76.07397,1,2,32,2,58,3.69970703,67,28,38.5,211.65625,1.7998047,0.89990234,5,139,7.299805,94,109,215,6,7
69.81195,0,1,724,2,62,8.3984375,64,31,37.89844,277.5,2.8999023,1,3.19970703,140,7.339844,247,58,1194,0,0
90.073,1,2,7,1,73,11.1992188,70,15,37.79688,290.4375,2.8999023,0.89990234,1.69995117,132,7.459961,66,15,2000,0,7
74.68298,1,2,10,3,63,22.6992188,117,10,39.39844,91,3,1.79980469,1.69995117,147,7.419922,181,52,1535,0,0
66.23096,0,2,722,2,67,11.1992188,140,16,36.5,93.32812,2.7998047,5.09960938,0.69995117,141,7.439453,55,11,1516,0,1
72.31995,1,1,23,2,65,11.3984375,70,8,36.19531,178,2.3999023,0.59997559,2,135,7.479492,69,43,1745,0,6
49.59299,0,1,717,1,110,9.79882812,100,25,36.09375,326.625,4,0.89990234,7,144,7.199219,128,127,650,0,0
72.49298,1,1,24,1,63,13.3984375,72,22,36.69531,446.625,2.3999023,1.39990234,3,130,7.389648,107,138,2230,0,6
75.35095,1,1,12,5,143,8.8984375,80,20,36.09375,304.75,2.8999023,1.19995117,1.59985352,142,7.459961,76,19,3500,0,1
65.69495,1,1,45,1,59,29.1992188,60,22,35.89844,233.3125,3.199707,0.29998779,2.09960938,128,7.379883,154,65,3000,2,0
53.89499,1,1,8,1,77,8.69921875,62,24,36.09375,217.375,3.3999023,0.5,1.39990234,131,7.359375,176,39,3175,2,6
71.59998,1,1,358,2,73,5.5,60,20,36.69531,224,2.8999023,0.59997559,1.19995117,137,7.419922,102,13,2600,0,0
49.495,0,1,710,2,47,13.7988281,176,8,38.39844,190,2.5996094,0.89990234,0.79992676,146,7.379883,251,16,4505,1,1
90.27795,1,1,42,2,68,7,80,20,35.89844,180,2,6.09960938,0.89990234,132,7.299805,117,24,1425,3,6
77.14697,1,2,606,1,48,17,142,26,39,196.65625,3,0.89990234,1.5,136,7.429688,370,35,2221,0,1
71.64996,1,2,196,5,97,11.8984375,80,20,35,233.3125,2.8999023,0.89990234,1.09985352,139,7.399414,139,39,550,0,3
70.17395,0,2,709,4,93,10.5996094,97,24,36.79688,304.3125,2.8999023,0.89990234,0.89990234,141,7.399414,112,29,1968,0,7
44.32898,1,1,116,2,53,20.5,80,30,37.79688,224,2.8999023,0.89990234,2.5,151,7.419922,135,64,550,0,1
89.99896,1,1,39,0,42,14.5996094,76,8,36.59375,230,2.8999023,0.59997559,1.5,138,7.429688,154,14,3885,0,5
62.42798,1,2,7,0,70,11.1992188,70,26,37,486.625,3.699707,0.39996338,1,141,7.339844,95,11,1800,0,6
64.71198,1,2,84,4,67,1,100,12,35.29688,351,1.8999023,4,1.79980469,144,7.379883,107,29,845,0,0
78.75995,0,1,706,2,111,12.6992188,128,50,38.29688,261.875,3,0.89990234,7.79980469,140,7.369141,126,82,1600,0,0
86.70197,0,2,705,2,63,0.09999084,109,28,36,144,2.199707,0.69995117,0.69995117,146,7.439453,118,16,3950,0,2
67.33496,1,1,94,1,50,7.79980469,60,25,39.29688,472.5,2.699707,0.89990234,8.5,144,7.349609,76,63,40,0,0
85.97095,1,1,5,2,105,10.5996094,70,20,36.19531,264,2.8999023,0.89990234,1.19995117,140,7.369141,135,23,3300,0,2
79.01398,1,2,58,4,93,3.79980469,100,20,36.59375,224,2.8999023,0.89990234,1.39990234,140,7.419922,118,35,1968,0,2
50.155,0,2,702,2,53,6.79980469,126,38,37.59375,93.32812,3.699707,0.89990234,1.39990234,147,7.429688,84,28,2480,0,3
77.06,0,2,699,2,100,5.5,80,20,37.79688,224,2.8999023,0.89990234,3.5,138,7.419922,179,90,1968,0,1
81.25897,1,2,5,3,125,5.69921875,62,30,36.5,205,2.8999023,0.89990234,1.39990234,142,7.489258,98,21,1350,0,1
75.58099,1,1,186,4,65,5.39941406,64,16,38.09375,285.6875,2.8999023,0.89990234,2,140,7.379883,103,26,690,0,7
48.97998,0,1,695,0,119,14.8984375,62,24,38.79688,167.34375,2.8999023,0.89990234,2.29980469,140,7.369141,125,31,1965,0,0
53.75497,0,2,695,2,110,6.09960938,80,20,36.09375,200,2.8999023,0.89990234,1.39990234,141,7.429688,104,25,1968,1,0
85.46497,1,2,472,2,50,6.79980469,98,26,39.29688,235,2.8999023,1.19995117,1.09985352,141,7.419922,283,38,2155,0,1
88.20294,1,1,279,0,35,11.8984375,182,40,38.89844,154.28125,2.8999023,0.89990234,4.79980469,135,7.289062,319,82,625,0,6
84.09296,0,2,693,3,66,4.5,62,16,36.59375,356,3.199707,5,0.59997559,141,7.369141,130,8,4530,5,6
83.29895,1,1,594,3,68,27.0976562,83,24,38,348,2.8999023,0.89990234,0.89990234,141,7.40918,132,24,3100,0,1
73.04596,0,1,692,1,106,14.5996094,62,10,37.89844,168.3125,2,0.29998779,2.29980469,138,7.209961,198,42,1350,0,7
64.77795,0,1,691,9,47,16.796875,144,28,39.19531,168.3125,1.5,0.59997559,2,132,7.289062,102,61,4030,2,3
85.75995,1,1,19,1,72,13.7988281,114,28,35.89844,258.3125,3.0996094,0.89990234,1.5,145,7.469727,221,29,2275,0,2
78.05597,1,2,9,3,81,18.5,82,28,38.19531,218.34375,3,0.59997559,1,133,7.459961,201,41,2855,0,1
75.63599,1,2,185,4,111,7.29980469,80,25,38.79688,316,2.8999023,1.5,1.29980469,145,7.429688,121,42,3815,0,0
71.78094,1,2,129,3,101,0.19998169,118,22,34.79688,224,2.199707,2.69970703,0.79992676,141,7.419922,87,31,1550,0,0
21.20699,0,1,685,0,124,10,160,37,39.09375,356,2.699707,4.09960938,1,149,7.459961,89,28,1596,0,0
31.45499,1,1,198,2,131,11,103,10,37.69531,96,3,1.29980469,2.69970703,144,7.429688,392,53,924,0,1
35.60797,0,1,685,0,139,10.5996094,106,28,35.59375,219.03125,3.2998047,0.5,8.3984375,137,7.449219,92,53,325,0,0
76.18896,0,1,685,4,65,12.5,60,30,37.69531,126.51562,3.0996094,0.89990234,1.5,140,7.429688,210,52,800,0,1
83.07495,1,1,29,1,38,39.3984375,52,14,38.69531,354,2.7998047,0.39996338,7.79980469,130,7.329102,63,63,0,0,2
81.00995,1,2,16,1,72,10.5996094,103,12,36.39844,241.65625,2.699707,0.39996338,0.69995117,143,7.40918,292,26,1375,0,3
52.11798,0,2,682,1,53,6.5,60,24,36.59375,161.21875,2.7998047,0.89990234,0.69995117,135,7.469727,99,7,1275,0,1
89.547,1,1,141,2,75,14,74,24,35.89844,276.1875,2.8999023,0.89990234,1.5,136,7.449219,106,22,3750,1,3
90.03094,1,2,32,3,83,11.2988281,100,20,35.39844,224,2.0996094,3.69970703,0.89990234,131,7.419922,96,11,750,0,0
78.00696,1,1,212,2,57,11.6992188,70,10,38.19531,176,2.2998047,0.5,2.69970703,132,7.359375,141,63,2170,1,1
74.771,1,1,29,4,54,117,118,30,38.19531,224,2.8999023,0.89990234,0.5,137,7.429688,105,23,930,0,0
79.82794,0,1,680,3,57,8.79882812,60,20,38.29688,141.65625,3,1,1.19995117,137,7.379883,129,17,4600,0,1
48.55899,0,2,680,4,100,3.69970703,60,25,36.09375,224,2.8999023,0.89990234,2.79980469,143,7.419922,89,70,1600,0,1
68.65399,1,2,158,2,60,10,110,12,38.5,180,2.2998047,0.59997559,2.19970703,148,7.359375,106,46,2044,0,0
20.05199,0,1,678,1,82,17,120,30,38.09375,135,2.8999023,0.89990234,1,137,7.449219,373,30,1500,0,0
51.86298,0,2,677,1,63,4.79980469,38,26,36.19531,224,2.8999023,0.69995117,1.89990234,140,7.419922,98,78,1890,0,0
85.85895,0,2,677,2,73,2.59960938,180,4,36.59375,140,2.2998047,4.39941406,2.69970703,136,7.359375,97,49,750,0,7
72.24597,1,1,27,4,77,8.19921875,73,8,37.69531,165,2.8999023,0.89990234,1,140,7.429688,102,22,4000,0,0
70.26996,1,1,259,4,131,13.0996094,120,7,38,240.8125,2.8999023,0.59997559,2.5,143,7.269531,114,52,399,2,0
74.87195,1,1,5,1,112,10.6992188,118,40,39.19531,266.625,2.3999023,1.79980469,1.69995117,141,7.459961,144,14,3100,0,1
59.65198,0,2,675,4,123,9.09960938,80,20,37.59375,433.3125,3.2998047,0.89990234,5.19921875,122,7.289062,943,64,1968,0,1
66.34595,0,1,675,3,108,7.5,114,8,38.39844,185,3,0.89990234,0.59997559,139,7.40918,75,9,4895,1,2
58.60898,1,1,674,4,83,14.5996094,80,20,36.69531,412,3.8999023,0.29998779,0.89990234,146,7.329102,124,31,1968,0,4
83.13794,1,1,326,2,75,10.5996094,67,20,36.19531,224,2.8999023,0.89990234,1.39990234,136,7.419922,108,17,1475,0,1
93.89496,1,2,114,5,117,7.19921875,100,20,38.69531,420,4.1992188,0.5,0.79992676,132,7.539062,133,11,1200,0,1
63.55899,0,2,670,2,113,12.0996094,80,20,36.69531,224,3.5996094,1.19995117,1.59985352,140,7.419922,110,51,1968,3,1
88.10699,0,2,670,2,123,17.8984375,70,12,36.79688,160,2.199707,0.89990234,1.89990234,148,7.389648,362,52,2360,1,1
88.65198,1,2,12,3,107,12.3984375,80,25,36.09375,272,2.8999023,0.59997559,2.09960938,144,7.319336,103,50,1400,0,1
78.18195,1,1,27,2,97,7.79980469,80,25,36.09375,460,2.8999023,0.89990234,1.39990234,136,7.469727,184,39,1250,0,6
76.01398,0,2,669,2,83,24.6992188,80,15,36.09375,224,2.5996094,0.69995117,0.79992676,134,7.419922,148,11,982,1,1
91.71796,0,1,668,4,43,15.5,113,16,37.79688,154,1.8999023,0.09999084,0.89990234,146,7.299805,186,14,1338,0,2
60.78,0,2,668,3,59,10.0996094,78,28,37.89844,150,3.699707,0.69995117,1,142,7.459961,114,26,2064,0,0
48.87299,1,1,392,1,104,9.3984375,108,22,36.59375,224,2.8999023,0.89990234,1.29980469,140,7.419922,133,23,2990,0,0
49.45398,0,1,664,2,49,5.69921875,107,28,38.89844,287.5,2.8999023,0.59997559,1.39990234,142,7.429688,110,35,2710,0,1
75.33698,1,2,7,3,72,15.0996094,128,14,36.29688,224,2,4.09960938,0.59997559,131,7.419922,164,10,1200,0,6
36.44897,0,1,661,2,60,29.796875,150,12,36.09375,66,1.6999512,1.09985352,0.79992676,145,7.329102,309,11,965,0,1
74.48297,1,2,31,2,57,5,80,20,36.29688,261.875,2.7998047,0.89990234,1,144,7.389648,105,9,1968,0,0
90.84998,1,1,369,5,80,16.8984375,80,20,36.09375,300,3.2998047,1.09985352,1.09985352,133,7.459961,158,47,500,1,0
58.70999,1,2,231,2,103,6.69921875,70,20,35.59375,224,2.8999023,0.89990234,2.29980469,138,7.419922,151,79,3050,6,1
79.76495,0,1,660,3,77,3.5,90,20,37.79688,290.4375,2.8999023,0.89990234,0.59997559,143,7.509766,107,11,1968,0,1
61.133,0,2,658,3,60,16.8984375,120,12,38.39844,186,2.8999023,0.89990234,1.19995117,138,7.429688,196,12,1138,0,1
92.28497,1,2,43,2,109,9.79882812,104,12,37.59375,168,1.8999023,3.79980469,1.09985352,143,7.379883,137,25,3430,0,1
74.32996,0,2,657,2,103,7.5,100,25,36.09375,304.75,4.2998047,0.89990234,1,142,7.429688,118,21,2575,0,0
89.00195,0,2,657,0,75,14.2988281,120,22,36.59375,295.1875,2.8999023,0.59997559,2.39990234,133,7.5,114,38,2200,0,0
74.71295,0,1,657,1,46,13.3984375,128,32,36.09375,216,2.8999023,0.89990234,0.69995117,127,7.289062,268,19,1610,0,1
83.68195,1,1,5,0,53,31.5,65,22,36.09375,98.32812,3,0.5,0.89990234,140,7.469727,80,36,725,0,1
84.71698,1,1,10,2,59,9.8984375,68,25,36.09375,262.9375,2.8999023,0.89990234,1.69995117,150,7.389648,131,69,1070,0,0
75.05499,1,1,56,3,97,3.59960938,56,20,36.29688,320,3.199707,0.89990234,0.89990234,141,7.399414,89,26,725,2,1
75.51294,1,2,9,4,93,9.79882812,80,20,37,340,2.8999023,0.89990234,0.89990234,146,7.389648,110,37,58.695312,2,1
69.95197,0,1,651,6,70,6.19921875,80,20,36.09375,383.3125,2.5996094,0.69995117,1.29980469,148,7.439453,120,36,1650,1,1
42.198,1,2,24,5,53,21.3984375,125,34,38.29688,125,3,1,2.39990234,152,7.439453,420,55,2661,0,1
52.099,1,2,634,3,100,13.5996094,100,20,36.09375,268,2.2998047,0.89990234,0.89990234,141,7.459961,137,15,1968,1,5
96.55298,1,1,448,4,103,18.796875,90,25,36.09375,224,2.8999023,0.89990234,1.39990234,138,7.419922,188,29,1968,1,1
60.57999,0,2,650,3,123,5.79980469,69,42,39.39844,166,2.3999023,0.89990234,1.69995117,149,7.459961,245,50,1415,0,0
77.54999,1,1,22,0,121,12.7988281,107,24,38.59375,224,3.3999023,0.89990234,8.8984375,133,7.419922,116,106,200,0,0
87.93994,1,1,108,3,123,10.5996094,121,24,35.69531,224,2.8999023,0.89990234,0.89990234,141,7.419922,161,18,2425,0,6
80.82098,1,2,160,4,55,7.69921875,72,35,36.89844,171.65625,2.8999023,0.89990234,0.69995117,140,7.419922,112,16,1470,0,0
52.405,1,2,244,2,63,6.69921875,64,20,36.59375,224,4,0.89990234,1,142,7.419922,106,9,3625,0,0
41.202,0,1,646,2,44,21.8984375,105,10,38.5,92,2.699707,0.89990234,2.59960938,137,7.419922,173,55,953,0,1
66.28595,1,1,43,4,47,6.5,80,20,36.09375,504.75,3,0.29998779,0.79992676,131,7.479492,72,3,1200,2,1
87.06396,1,1,70,3,100,6.79980469,61,24,36.09375,159.0625,4.2998047,0.29998779,1.09985352,133,7.299805,229,15,1500,0,1
29.23999,0,2,643,1,120,10.5,78,4,38.69531,151,2.8999023,0.89990234,0.89990234,143,7.439453,130,21,1730,0,1
62.25299,0,2,642,4,72,6.59960938,80,20,36.59375,385.6875,2.8999023,0.89990234,1.59985352,131,7.429688,118,40,1730,0,3
68.75598,0,2,642,2,78,5,92,12,35.39844,224,3.2998047,0.19998169,0.59997559,140,7.419922,131,5,1968,1,1
47.379,1,2,216,1,107,12.3984375,60,20,35.39844,290.4375,2.8999023,0.89990234,1.69995117,142,7.369141,53,43,1300,0,1
51.64398,0,2,640,2,83,11.2988281,120,20,38.19531,224,3.699707,2.29980469,1.39990234,133,7.419922,97,20,2400,0,1
53.02899,1,2,36,2,49,10.6992188,60,10,39,220,2.0996094,0.69995117,4.69921875,160,7.349609,150,82,2000,0,1
90.42798,0,1,637,4,111,11.0996094,117,26,36.19531,127,2.8999023,0.89990234,1.89990234,142,7.449219,103,58,1480,0,1
76.54797,0,2,637,3,97,6.29980469,76,24,36.59375,115,4.1992188,0.89990234,1.5,137,7.199219,106,26,900,1,0
80.75,1,1,5,2,73,7.5,100,25,36.09375,217.375,2.8999023,0.89990234,0.89990234,141,7.369141,139,16,1968,0,0
49.68698,0,2,633,3,125,13.3984375,61,8,38.19531,242.5,3.5996094,0.89990234,0.79992676,140,7.589844,112,14,1560,0,1
79.78894,0,1,632,2,100,9.09960938,60,20,37,224,2.3999023,0.89990234,1.29980469,143,7.419922,114,16,280,0,1
53.58499,0,2,632,1,80,4.29980469,70,30,36.09375,228.5625,3.8999023,1.09985352,1.19995117,140,7.379883,152,35,1075,0,0
91.01996,1,1,96,3,73,7.29980469,80,20,35.59375,224,2.3999023,0.89990234,1.69995117,132,7.419922,351,61,1125,0,1
74.70996,1,1,5,1,80,11.3984375,80,25,36.69531,276,2.8999023,0.89990234,1,136,7.479492,227,20,2525,0,1
59.82498,1,1,18,4,53,11.8984375,100,15,38.29688,224,1.7998047,0.59997559,7.29980469,138,7.419922,69,68,0,0,1
79.49597,0,1,629,2,57,11.6992188,80,20,36.09375,224,2.3999023,7.39941406,1.5,137,7.419922,227,51,1968,0,1
35.17599,1,2,196,1,107,3,70,30,36.09375,224,2.8999023,0.89990234,0.89990234,140,7.419922,98,16,1800,0,4
66.58496,1,2,196,3,49,9.8984375,70,16,36.09375,371.375,2.8999023,0.59997559,14.5,135,7.339844,88,83,0,0,1
86.10797,0,2,625,1,111,27.1992188,119,10,36,66,2.2998047,0.59997559,7.19921875,135,7.489258,184,79,345,0,1
75.44696,0,1,622,1,50,6.09960938,60,20,35.59375,224,2.8999023,0.89990234,1.39990234,136,7.419922,145,42,1968,0,1
89.09198,0,2,623,2,109,12.3984375,72,4,38.79688,295,2.199707,0.89990234,1.29980469,139,7.429688,274,19,2160,0,1
85.70795,0,2,623,1,113,13.1992188,110,10,36.09375,91.42188,2.0996094,0.89990234,0.59997559,137,7.429688,180,20,8550,0,5
77.23798,1,2,29,3,51,2.59960938,155,10,38.19531,125,1.5998535,1,0.79992676,143,7.259766,73,21,2640,2,1
49.875,1,2,235,2,73,9.29882812,70,25,36.69531,260,2.8999023,0.89990234,0.79992676,141,7.359375,213,27,600,0,0
88.487,1,1,498,2,73,11.0996094,70,20,36.09375,678.25,2.8999023,0.89990234,1.19995117,142,7.279297,155,38,1968,2,1
63.064,0,2,618,2,57,14.5996094,124,10,39.09375,368.3125,4.3994141,0.5,1,136,7.5,137,11,1968,0,0
77.84296,0,2,618,1,67,7.5,73,12,36.29688,152,3.0996094,0.39996338,5.59960938,131,7.389648,317,146,2745,0,0
35.13998,1,1,8,1,118,8.8984375,68,24,39,366.625,2.8999023,0.89990234,1.39990234,140,7.459961,96,26,2100,0,1
77.862,1,1,448,3,69,6.29980469,72,20,35.79688,224,2.8999023,0.5,1.19995117,142,7.419922,106,14,2875,0,0
79.59198,0,1,615,2,111,0.39996338,170,28,36.19531,135,2.2998047,2.09960938,7.79980469,135,7.349609,90,103,1660,0,3
66.10297,1,1,204,4,87,7.09960938,80,20,36.69531,224,2.8999023,0.39996338,3.5,142,7.419922,88,70,1375,0,1
53.55499,0,1,614,1,97,7.79980469,70,25,36.09375,224,2.8999023,0.89990234,0.79992676,139,7.419922,162,13,1600,0,1
61.952,1,1,14,0,70,3.79980469,80,20,35.59375,224,3.8999023,0.89990234,1.79980469,137,7.419922,112,33,1968,0,1
84.57794,0,2,613,2,63,30.0976562,75,24,36.19531,224,2.5,0.89990234,5.09960938,134,7.419922,303,300,2155,1,4
81.06494,1,2,36,4,111,13,110,34,39.59375,162,2.8999023,0.89990234,1.5,135,7.439453,158,37,3650,0,1
58.168,1,1,347,5,110,5.69921875,44,34,36.19531,79,2.5996094,0.69995117,1.89990234,138,7.359375,132,27,1675,1,1
71.64398,1,2,48,2,56,10.5,70,6,37.79688,232.5,2,0.19998169,1.19995117,143,7.479492,152,21,3200,0,1
63.76999,1,2,548,0,83,6,80,20,38.29688,224,3,4.5,1.69995117,133,7.419922,95,39,800,0,0
58.60397,1,2,563,5,112,8.3984375,76,22,36,224,2.8999023,0.89990234,1.19995117,137,7.419922,93,25,1325,0,1
44.49597,1,1,16,2,116,16.796875,118,32,39.09375,250,4,0.89990234,0.79992676,145,7.40918,315,18,887,0,1
48.37799,1,2,74,1,45,13.5,100,20,38.29688,224,2.3999023,0.19998169,1,134,7.419922,77,17,800,0,0
74.73199,1,2,501,5,119,14,118,11,36.79688,238.09375,1.8999023,0.59997559,1.19995117,113,7.349609,1092,35,2370,0,3
77.82599,0,1,600,0,121,26.0976562,156,40,40.19531,224,3.2998047,0.39996338,0.79992676,132,7.419922,130,10,4750,0,6
78.70795,1,1,189,2,59,11.7988281,62,28,38.5,302,3.5996094,0.89990234,2,136,7.40918,95,60,2713,2,1
82.80096,1,2,165,4,59,6.69921875,66,28,37.29688,224,2.199707,0.59997559,1.79980469,134,7.419922,196,88,2350,0,5
83.23297,1,1,400,1,113,14.3984375,152,36,36.39844,96.65625,3.199707,1.09985352,0.89990234,142,7.5,108,19,5065,0,6
71.81696,0,2,598,4,47,14.0996094,58,10,37.79688,87.5,2.7998047,0.79992676,1,139,7.389648,228,21,848,0,0
74.13794,0,1,593,1,107,15.2988281,112,27,36.69531,242.84375,2.8999023,0.89990234,1.19995117,140,7.439453,150,20,1670,0,6
93.21295,0,1,592,2,113,5.79980469,50,24,37.79688,371.375,2.0996094,4.29980469,1,142,7.479492,85,27,1968,1,1
71.34296,0,1,591,5,60,10.8984375,71,7,37.79688,164,3.199707,0.5,1.19995117,145,7.489258,103,28,880,0,6
62.76797,0,1,587,0,112,3.79980469,80,16,38.09375,314.25,3,0.89990234,1.59985352,142,7.229492,145,27,3050,0,0
77.38794,1,2,65,2,63,8,109,24,37.59375,225,2.7998047,0.89990234,1.39990234,133,7.279297,171,27,3893,4,2
44.65698,1,1,431,0,83,7.79980469,62,22,35.79688,224,2.8999023,0.89990234,1.89990234,140,7.419922,97,51,2000,0,0
50.73798,1,2,350,1,68,12.2988281,70,8,36,154,2.8999023,0.89990234,0.69995117,147,7.349609,149,18,846,0,0
73.40497,0,1,583,3,113,13.1992188,110,28,36.09375,266.625,3.199707,8.19921875,0.89990234,140,7.469727,131,13,1760,0,0
79.66296,1,2,24,2,53,0.09999084,145,22,38.39844,152.84375,2,0.69995117,0.79992676,150,7.329102,245,35,4700,0,0
69.08099,1,2,14,0,49,11.7988281,67,12,36.69531,167.5,2.699707,1.19995117,1.5,136,7.359375,184,31,2311,0,1
27.584,1,2,4,1,51,14,120,46,38.5,235,2.3999023,0.69995117,1.79980469,143,7.349609,152,38,2304,0,1
86.26996,1,1,565,3,113,7.59960938,70,16,36.69531,603.25,2.8999023,0.89990234,7.79980469,142,7.109375,225,33,0,6,1
61.35199,0,1,575,0,70,17.5,144,11,39.79688,200,2.199707,0.19998169,0.69995117,141,7.319336,164,12,3780,0,0
77.758,1,1,30,2,77,15.1992188,124,36,38.09375,253.03125,2.8999023,1.09985352,1.89990234,134,7.319336,224,81,1225,0,1
80.35297,1,2,176,2,77,5.59960938,60,20,36.09375,224,2.8999023,0.89990234,2.39990234,133,7.419922,82,61,1968,0,7
84.22699,1,2,7,1,102,12.5996094,80,20,36.09375,224,2.8999023,0.89990234,1.79980469,136,7.419922,163,36,1968,0,1
82.63397,1,1,30,3,68,11.5996094,150,24,40,136.65625,4.5,0.5,3.29980469,138,7.519531,146,55,1040,0,2
59.03098,0,1,570,4,110,4.5,80,20,36.09375,338.0625,2.8999023,0.89990234,9.09960938,141,7.289062,78,119,1950,0,1
49.95499,1,1,148,1,107,24.5,80,26,37.09375,77,2.8999023,0.89990234,0.5,134,7.439453,144,11,690,0,1
70.02594,0,2,569,3,67,8.29882812,57,8,38.19531,156,4.5996094,0.59997559,1,140,7.329102,107,10,1410,0,1
50.87198,1,1,14,2,47,15.1992188,77,9,36,154.53125,2.7998047,0.29998779,2.79980469,134,7.349609,113,48,2015,0,1
73.03198,0,2,564,2,73,12.5996094,72,4,36.29688,224,2.5996094,0.29998779,0.89990234,138,7.419922,143,31,260,0,1
75.96997,1,1,140,3,133,11.7988281,140,40,37.89844,235,2.8999023,0.89990234,0.89990234,141,7.279297,138,16,3239,1,1
100.849,1,1,26,2,57,20.296875,70,25,36.69531,277.75,2.8999023,0.89990234,2.09960938,132,7.399414,407,65,1350,0,1
89.56097,1,2,32,7,67,15.0996094,70,20,39.39844,233.3125,4.2998047,0.5,2.39990234,144,7.219727,176,36,3600,1,5
76.45197,0,2,563,5,60,6.59960938,60,25,37.79688,232,2.8999023,0.89990234,1.19995117,142,7.359375,98,21,1968,0,1
86.71295,1,1,417,0,100,9.79882812,100,20,35.89844,113.32812,2.8999023,0.89990234,1.59985352,143,7.259766,208,41,900,0,1
88.099,1,1,4,3,67,24.8984375,160,30,40,157.5,2.8999023,0.89990234,1.89990234,140,7.489258,166,78,2510,0,1
73.08997,0,2,560,1,51,16.3984375,65,24,35.59375,224,2.699707,0.39996338,0.69995117,147,7.419922,88,22,3020,0,1
41.06,1,2,11,4,66,10.8984375,66,22,36.59375,73,3.8999023,0.89990234,1.69995117,139,7.459961,132,31,3420,0,1
79.38696,0,1,559,3,60,16.296875,106,24,36.89844,250,2.699707,0.5,0.69995117,151,7.349609,222,35,1060,0,1
88.04095,1,1,129,2,105,10,85,20,36,224,4.0996094,0.29998779,1.29980469,133,7.419922,164,9,1968,0,1
72.02496,0,2,557,5,73,9.59960938,70,20,36.69531,224,2.8999023,0.89990234,2.59960938,140,7.419922,168,53,275,1,1
63.95599,1,1,78,1,111,11.1992188,70,12,36.09375,312,2.5,0.89990234,0.59997559,137,7.5,147,23,980,0,0
59.129,1,2,94,2,51,12.6992188,76,24,36.09375,612,2.8999023,0.29998779,2.59960938,146,7.119141,86,41,2000,0,0
44.78,0,2,552,1,107,10.2988281,80,26,36.29688,176.65625,3.0996094,0.39996338,3.89990234,143,7.419922,193,90,521,0,0
33.73898,1,1,37,3,49,5.19921875,138,52,38.09375,131,1.8999023,0.89990234,2.39990234,138,7.259766,160,52,1937,0,0
63.39798,0,1,551,5,48,18.0976562,131,14,39.19531,140,2.699707,0.89990234,1.39990234,148,7.349609,164,19,2095,1,1
74.58997,0,1,551,3,60,14.7988281,80,13,36.69531,405,3.2998047,0.89990234,1.39990234,151,7.469727,92,67,3775,0,1
43.93399,0,1,551,2,46,8.5,71,24,36.09375,217.5,3.699707,0.89990234,1.69995117,143,7.419922,119,19,3835,0,0
74.54095,1,2,17,2,64,6.5,55,15,36.39844,376.625,2.8999023,0.5,0.89990234,136,7.449219,314,15,380,1,1
61.76297,1,1,7,3,51,9.8984375,126,20,39.09375,85.70312,2.5,1.59985352,0.69995117,149,7.369141,404,11,6020,0,1
31.75899,0,1,550,2,103,6.79980469,80,20,36.09375,185,2.8999023,0.89990234,1.79980469,136,7.329102,124,42,785,0,0
80.73395,1,1,485,5,70,10.5,100,12,38.5,150,2.199707,0.5,1,137,7.389648,110,13,2660,2,5
57.44299,0,2,544,5,63,24.296875,80,8,36.89844,191.65625,1.6999512,0.89990234,1.39990234,132,7.489258,279,30,4375,0,1
90.409,1,1,47,5,105,7.39941406,71,20,36.29688,224,3.199707,0.69995117,1.69995117,142,7.419922,116,29,1968,0,1
64.47595,1,2,215,3,46,14.5,59,12,38.59375,423.3125,2.2998047,0.89990234,0.69995117,142,7.329102,174,19,2250,0,1
91.55896,1,1,11,1,115,12.2988281,69,28,35.79688,148.3125,2.8999023,0.89990234,0.89990234,134,7.429688,107,10,1300,0,7
73.69995,1,2,212,2,73,26,110,12,36,70,2.2998047,0.5,1.59985352,143,7.469727,149,20,949,0,1
72.41095,1,2,16,1,103,6.29980469,80,20,36.09375,224,4.3994141,0.59997559,5.89941406,135,7.419922,91,82,975,1,1
46.06699,0,2,538,1,93,6.59960938,96,28,36.5,224,2.8999023,0.89990234,0.59997559,137,7.419922,96,11,2220,0,0
87.63599,1,1,150,1,117,13.2988281,80,25,37.79688,224,2.0996094,0.39996338,4.29980469,145,7.419922,118,116,2050,2,1
72.46295,1,1,291,3,79,6.59960938,117,25,38.09375,224,2.8999023,0.29998779,0.5,130,7.419922,307,2,2675,1,2
76.71497,1,2,517,5,52,7.89941406,106,10,38.5,224,2.8999023,21,1.09985352,138,7.419922,330,23,735,0,6
69.75995,0,2,534,4,87,15.8984375,80,20,37,224,3.3999023,0.5,1.09985352,139,7.419922,196,17,1500,1,0
90.84198,1,1,171,6,72,10.8984375,72,24,36.19531,225.6875,2.8999023,0.89990234,1.89990234,141,7.399414,133,58,2300,0,4
57.133,0,1,532,1,83,7.89941406,70,30,36.09375,190.46875,3.5996094,0.79992676,1,142,7.459961,117,27,500,0,0
79.64697,1,2,270,5,65,7.09960938,60,18,36.19531,224,2.8999023,0.89990234,2.29980469,134,7.419922,283,51,1700,2,1
84.15594,0,1,526,3,109,23.5,50,10,36.39844,224.4375,2.8999023,1.39990234,1.09985352,140,7.529297,167,18,2675,1,5
74.74896,1,2,7,2,69,5.29980469,65,24,36.59375,161.65625,2.8999023,0.89990234,3,139,7.189453,99,42,1500,0,1
89.71399,0,2,524,1,113,14,70,20,38.29688,247.59375,2.8999023,0.59997559,1,130,7.519531,171,17,6625,0,0
63.51297,0,1,523,2,53,8.8984375,120,20,37,196.28125,2.8999023,0.89990234,1.09985352,148,7.269531,136,43,1968,0,1
75.92096,0,2,522,2,100,14,70,30,36.09375,428.5625,4.1992188,0.69995117,1.19995117,139,7.539062,118,12,1968,0,0
67.38696,0,1,521,2,87,9.5,80,20,36.09375,224,2.5996094,0.89990234,1.09985352,132,7.419922,81,23,1968,6,6
92.57196,1,2,24,1,72,13.1992188,66,22,36.69531,224,2.8999023,1,0.69995117,134,7.419922,132,8,1968,0,1
78.97296,0,2,520,3,77,5,110,20,36.09375,392.5625,2.8999023,0.89990234,1.19995117,135,7.449219,112,21,1100,0,0
65.711,0,2,517,2,87,5.19921875,80,25,36.09375,224,2.8999023,1.5,1.69995117,143,7.419922,111,46,1968,0,1
71.11597,1,2,12,5,63,13.3984375,114,20,36.09375,177.53125,2.5996094,0.39996338,3.59960938,142,7.379883,157,79,3550,0,6
79.67694,1,2,96,3,46,15.1992188,71,16,35.39844,168.5625,2.5,2,5.59960938,128,7.289062,83,56,0,0,0
78.34399,0,2,515,1,43,10.3984375,107,14,38.29688,130,2,0.89990234,1.69995117,136,7.40918,284,16,8404,0,1
77.85895,0,2,514,4,77,13.8984375,70,20,37.89844,224,3.2998047,1.29980469,1.29980469,135,7.419922,130,12,1300,0,1
75.88196,1,2,268,3,55,2.59960938,105,20,36.79688,420,1.5,0.79992676,0.59997559,141,7.429688,86,13,1900,0,0
79.63599,0,2,513,3,57,23.3984375,70,25,36.69531,195.21875,2.8999023,0.89990234,2,145,7.359375,224,50,1780,1,0
53.952,1,2,464,4,117,17.8984375,100,20,38.29688,130,2.8999023,0.89990234,0.89990234,151,7.149414,121,26,30,0,1
83.81396,1,2,7,3,137,16.5,66,10,36.89844,120,3.5996094,0.79992676,0.69995117,136,7.379883,315,15,2680,0,6
56.63498,0,1,506,1,62,10.1992188,72,12,35.69531,224,2.8999023,0.89990234,1.19995117,130,7.419922,105,20,850,0,0
72.94196,1,1,5,3,97,12.1992188,110,25,35.79688,420,3.199707,0.39996338,0.69995117,144,7.449219,158,11,1968,0,1
70.07495,1,2,152,3,79,6,70,24,36.29688,136.71875,3,0.39996338,1,138,7.479492,146,17,1850,0,0
70.21497,1,1,13,0,107,3.79980469,80,20,36.69531,224,2.8999023,0.89990234,4.59960938,135,7.419922,105,53,825,0,1
44.65997,0,1,499,1,117,6.5,82,20,35.89844,309.5,2.8999023,0.89990234,3.5,142,7.389648,226,55,5860,0,0
70.44995,0,1,499,3,67,6.79980469,64,12,36.39844,155.09375,2.8999023,0.39996338,2.39990234,141,7.329102,90,64,2360,0,1
64.89294,1,2,3,1,64,6.5,63,30,38.19531,126.65625,3.5996094,1.09985352,1.39990234,143,7.399414,86,30,1885,0,1
66.37598,1,1,33,5,60,17.5,40,20,35.79688,224,2.8999023,0.89990234,2.29980469,150,7.419922,98,93,925,0,6
71.80798,1,2,7,3,107,11.5996094,116,28,35.29688,286.625,2.3999023,0.89990234,0.69995117,130,7.419922,260,21,1968,0,5
77.32794,1,2,14,2,75,19.6992188,108,32,35,240,1.7998047,2.39990234,4.39941406,131,7.30957,214,67,285,0,0
64.63196,0,1,495,1,60,6.19921875,75,22,36.59375,714.25,3.199707,0.5,0.59997559,137,7.069336,400,10,9000,1,1
29.29799,0,2,492,1,116,10.6992188,74,20,38.19531,272,3.699707,1.09985352,0.89990234,150,7.449219,209,30,690,0,0
74.06195,1,2,25,2,64,19.6992188,60,24,37.39844,76.65625,2.8999023,0.89990234,1.89990234,135,7.269531,331,40,3310,0,1
63.22198,1,2,225,4,43,11.6992188,70,20,35.59375,135,2.8999023,0.89990234,2,139,7.439453,93,54,1075,3,3
83.65198,0,1,492,0,76,17.5,114,28,36.39844,322.1875,2,2.39990234,0.79992676,141,7.439453,101,21,910,0,1
70.08899,0,1,491,4,107,10.3984375,90,20,37,220,2.8999023,0.89990234,1.5,140,7.449219,179,23,800,0,0
82.57098,0,1,490,3,117,18.0976562,140,30,40.19531,162.5,4,0.59997559,1.09985352,141,7.459961,151,19,1625,2,2
74.21796,1,2,207,4,55,14.5996094,80,8,37.69531,374.25,2.199707,0.69995117,1.59985352,136,7.319336,261,44,1970,1,1
56.698,0,1,484,2,100,8.5,70,20,36.09375,224,3.0996094,0.59997559,1.79980469,135,7.419922,276,30,1350,0,0
55.34,1,2,49,4,62,6.79980469,119,30,36.69531,240,2.8999023,0.89990234,0.79992676,138,7.429688,312,25,1775,0,0
63.71799,0,1,482,1,111,12,73,30,39.89844,166,3.5996094,0.79992676,2.09960938,148,7.439453,141,56,1660,0,1
70.54895,0,1,481,3,48,16.8984375,105,12,38.09375,59,3.7998047,1.29980469,2.19970703,138,7.359375,183,71,5380,0,1
64.82996,0,2,477,3,63,3.5,110,16,38.59375,238,2,0.89990234,3.59960938,133,7.389648,115,61,0,0,1
67.797,1,2,10,3,76,14.7988281,72,25,36.19531,356,3.7998047,0.69995117,2,137,7.089844,123,25,1320,0,0
78.836,1,1,17,1,61,15.6992188,79,30,38.19531,224,2.8999023,0.89990234,0.59997559,136,7.419922,132,6,1550,0,0
76.49597,0,2,473,2,72,11.6992188,64,20,36.29688,224,3.5996094,1.09985352,0.89990234,136,7.419922,96,21,600,0,1
61.40198,1,2,3,1,104,10,60,12,36.29688,108.32812,2.8999023,0.89990234,1.29980469,137,7.399414,97,40,1400,0,1
64.51996,0,2,472,2,55,11,71,14,36.09375,600,3.699707,0.69995117,6.79980469,138,7.389648,197,55,390,0,0
62.155,1,2,5,1,77,12.0996094,130,30,39,357.125,2.7998047,0.59997559,0.89990234,136,7.469727,140,9,1750,0,1
65.98499,1,2,43,1,70,10.5996094,80,20,34.39844,224,2.8999023,0.89990234,1.39990234,126,7.419922,115,38,350,0,3
64.95599,1,2,77,2,54,18.296875,121,10,38.79688,165,2.699707,0.89990234,1.39990234,146,7.489258,264,23,3751,0,2
73.77997,1,1,166,1,57,16,138,40,38.09375,182,2.5996094,1.29980469,0.89990234,139,7.449219,250,24,1515,0,1
48.83197,1,1,59,2,55,10.0996094,49,10,38.79688,84.4375,2.8999023,1,6.69921875,139,7.359375,114,112,2395,0,1
99.198,0,1,469,3,75,37.6953125,66,22,36.39844,187.5,3.199707,0.39996338,1.59985352,140,7.369141,181,29,4525,1,2
41.46198,1,2,3,2,72,10.0996094,65,20,35.79688,148.3125,3.3999023,0.39996338,1.89990234,135,7.239258,191,49,1560,0,1
68.90594,1,1,94,3,140,7.59960938,114,24,36.59375,355,2.8999023,0.69995117,21.5,136,7.219727,187,174,625,0,0
68.06799,0,1,466,6,42,15.8984375,70,37,39.39844,102.84375,2.2998047,1.09985352,1.39990234,148,7.449219,78,51,4460,0,1
72.00494,0,1,465,2,107,14.1992188,100,12,38.29688,241,3,5.79980469,4.5,144,7.429688,163,39,859,2,2
69.21796,0,2,463,2,51,5.89941406,116,10,38.79688,55,2.8999023,0.89990234,2.29980469,131,7.25,253,29,765,0,0
59.63599,1,2,52,2,60,7.89941406,80,20,36.09375,224,4,0.59997559,0.79992676,130,7.419922,412,15,1968,0,1
86.13794,1,1,20,2,195,18.296875,180,33,38.09375,102.84375,2.8999023,0.89990234,1.39990234,137,7.30957,150,16,3275,0,1
85.00195,0,2,460,1,55,14.3984375,80,42,38.39844,153.3125,2.8999023,0.89990234,0.79992676,141,7.399414,115,14,1081,0,1
52.25198,1,1,173,2,127,6.69921875,114,16,38.59375,91.25,2.0996094,0.19998169,0.79992676,141,7.439453,112,11,2780,0,1
74.81494,1,1,8,3,117,7.69921875,80,20,36.09375,366.625,3.2998047,0.89990234,0.79992676,139,7.40918,92,14,750,0,1
80.99896,1,2,7,1,60,13.6992188,130,12,39.39844,58,2.8999023,0.69995117,2.89990234,141,7.25,128,30,2226,0,1
69.19397,1,1,200,2,57,6.59960938,100,25,36.19531,304,3.2998047,1.79980469,1.09985352,142,7.479492,109,14,1968,3,1
73.69495,1,1,8,2,70,11.3984375,90,20,36.09375,224,2.199707,1.89990234,0.89990234,132,7.419922,158,25,1968,0,0
75.27399,1,2,10,3,63,1.59985352,45,32,36.09375,412,2.3999023,1.29980469,1.79980469,135,7.40918,216,41,685,0,0
42.60898,1,1,98,2,97,11.6992188,80,25,36.69531,224,2.3999023,0.29998779,0.79992676,132,7.419922,528,13,2900,0,1
67.37897,0,2,453,6,77,14.2988281,130,12,38.89844,354,2,0.89990234,0.79992676,140,7.479492,154,22,3680,1,0
82.034,1,1,28,1,110,8.79882812,110,14,37.89844,192.5,1.8999023,0.59997559,6.89941406,136,7.429688,164,87,1490,0,1
75.87396,1,2,218,2,81,6.69921875,80,20,36.89844,224,3.3999023,4.69921875,0.79992676,136,7.419922,93,17,1968,0,1
75.69598,0,2,450,1,103,17.0976562,64,22,38,434.5625,3.3999023,3.5,4.09960938,153,7.469727,75,137,3040,1,0
89.72998,1,1,100,6,70,12.0996094,60,20,36.5,224,3.199707,0.89990234,2.19970703,131,7.419922,99,54,1675,1,1
70.073,1,1,154,2,73,3.69970703,60,20,35.59375,224,3.2998047,0.89990234,1.5,140,7.419922,203,32,1350,1,0
66.32196,1,1,21,6,73,6.5,80,25,36.09375,242.84375,3.5996094,0.5,2.39990234,143,7.539062,50,68,2100,0,1
90.75995,1,2,22,3,123,10.5996094,104,28,36.19531,200,2.3999023,0.59997559,4.09960938,137,7.449219,166,76,1800,0,1
71.13495,0,1,446,4,77,13.5,60,24,36.09375,145,2.8999023,0.59997559,0.69995117,141,7.359375,144,14,1700,0,6
57.92499,0,1,446,3,65,11.5,106,28,37.79688,224,2.8999023,0.89990234,1,136,7.419922,130,14,1150,2,3
89.47296,1,2,43,2,83,16,80,20,36.09375,214.8125,3.8999023,0.89990234,0.69995117,142,7.389648,102,20,1968,0,7
68.17499,1,2,11,2,77,6.5,80,25,36.29688,288,2.8999023,0.89990234,1,136,7.469727,208,23,1968,0,1
79.80597,0,1,443,1,107,6.89941406,100,26,35.39844,224,4,0.89990234,1.09985352,139,7.419922,106,19,3250,0,1
63.198,1,2,7,4,119,0.19998169,124,38,38.59375,121.65625,2.2998047,1.19995117,1.39990234,151,7.419922,145,27,3455,2,2
81.21796,0,1,440,2,62,14.3984375,180,12,38,197.5,2.8999023,0.89990234,4.79980469,140,7.449219,179,45,540,0,4
56.556,0,1,437,2,53,20.8984375,120,8,32.59375,48,1,0.89990234,1.19995117,130,7.379883,147,13,419,0,0
91.01996,0,1,438,0,127,11.1992188,80,20,36.09375,224,3.5996094,0.89990234,3.89990234,142,7.419922,124,56,1968,0,2
40.67599,0,1,437,0,38,1,140,32,36.29688,193.3125,2.8999023,0.89990234,2.59960938,146,7.389648,146,82,0,0,0
81.00195,0,2,436,0,71,11.2988281,110,22,35.59375,200,3,0.79992676,1.79980469,136,7.469727,102,45,3925,0,1
85.80194,1,2,31,1,47,12.0996094,144,16,38.09375,100,1.7998047,0.39996338,1.09985352,137,7.359375,91,20,2760,0,6
73.24298,1,1,153,2,57,10.5996094,120,20,36.19531,224,2.8999023,0.89990234,1.19995117,140,7.419922,135,23,1968,3,2
83.20099,1,2,35,3,67,9.29882812,87,16,36.09375,224,2.8999023,0.89990234,0.69995117,132,7.419922,147,14,1968,0,7
65.34399,1,2,25,2,90,12.8984375,100,20,37.19531,290.4375,2.8999023,0.89990234,0.79992676,139,7.449219,126,17,1968,0,0
70.47998,1,2,190,2,107,4.39941406,70,20,36.69531,304.75,2.5996094,0.29998779,1,143,7.449219,122,14,445,0,1
31.17899,1,2,17,2,85,9.59960938,60,18,36.5,224,2.3999023,0.59997559,0.69995117,141,7.419922,208,14,3600,0,0
46.55399,0,2,429,1,73,6.69921875,80,20,36.69531,483.3125,2.8999023,0.89990234,1.19995117,139,7.349609,97,30,625,0,0
78.45898,1,2,347,2,111,0.09999084,130,16,35.59375,145,2,2.69970703,3,130,7.259766,116,67,243,0,0
83.59198,0,1,428,2,71,15.5996094,64,8,36.69531,160,2.699707,0.39996338,1.19995117,141,7.459961,156,22,1020,1,1
79.75598,0,2,428,2,38,6.5,120,15,36.69531,419,3.0996094,0.89990234,1,132,7.449219,92,9,1968,0,1
78.76794,0,2,428,4,97,10.6992188,70,25,36.79688,224,2.8999023,0.89990234,2.79980469,141,7.419922,154,46,1750,0,2
28.44099,0,2,426,1,49,8.3984375,53,36,35.79688,169.375,2.8999023,0.89990234,1.69995117,134,7.439453,57,26,3025,0,1
41.69199,1,2,295,2,102,10.5996094,70,30,36.89844,121.65625,2.8999023,7.29980469,1,142,7.459961,91,16,3955,0,1
69.76294,0,1,425,2,80,4.19921875,70,20,36.09375,224,1.6999512,3.29980469,1.19995117,132,7.419922,88,32,1968,1,1
82.14099,1,1,10,3,100,13.3984375,112,20,36.09375,224,2.199707,0.89990234,0.69995117,141,7.419922,78,8,1968,0,1
73.28998,1,1,163,3,80,12.7988281,60,28,36.69531,78.32812,2,0.89990234,0.79992676,148,7.439453,120,30,2125,0,0
70.70197,1,1,123,1,103,15.3984375,121,6,37.79688,520,2.5,0.79992676,10.0996094,147,7.339844,185,67,2870,0,0
50.52399,0,1,421,1,130,19.8984375,79,44,37.69531,97.95312,2.5,0.5,3.29980469,148,7.449219,185,56,1160,0,1
91.68799,1,2,18,6,77,61.296875,80,30,37,224,2.8999023,0.89990234,1,143,7.419922,435,18,1968,0,1
54.95398,1,1,58,2,67,4.29980469,112,10,36.19531,330,2.5996094,2.79980469,1.59985352,148,7.339844,100,22,1155,0,2
80.41095,1,1,182,6,121,11.1992188,81,22,36.5,244,3.2998047,0.29998779,3.5,135,7.449219,125,37,2775,0,1
82.90198,1,1,3,3,123,10.5996094,104,24,38.59375,357.125,2.8999023,0.89990234,1.09985352,134,7.459961,79,16,1121,0,1
78.80096,1,1,180,3,60,23.8984375,100,16,37.89844,160,4.0996094,2.5,4.59960938,137,7.389648,227,62,202,0,7
94.60095,1,1,13,4,66,8.69921875,116,16,37.89844,224,4.0996094,1,2.79980469,133,7.419922,291,39,4525,0,1
47.56998,1,1,28,4,60,21.6992188,130,14,38.69531,97,1.5,1.19995117,0.59997559,137,7.379883,313,10,1764,0,7
55.68799,0,1,415,3,70,6.29980469,73,30,35.89844,228,2.8999023,0.59997559,2.29980469,136,7.299805,265,116,1968,0,0
76.66296,0,1,413,2,117,8.3984375,90,20,36.09375,224,3.7998047,11,0.79992676,136,7.419922,89,8,1968,0,0
77.87799,1,2,44,1,57,7.89941406,100,30,39.29688,121.65625,1.8999023,0.89990234,1.79980469,140,7.449219,295,43,5690,0,0
68.98297,0,1,410,1,123,10.5996094,102,28,36.19531,224,3.0996094,0.89990234,5.19921875,148,7.419922,155,40,1255,0,0
59.66098,0,2,410,4,123,9.8984375,70,20,36.09375,368.3125,2.8999023,0.89990234,0.79992676,135,7.209961,181,30,1550,0,0
93.09796,1,1,15,2,48,10.0996094,105,24,37.79688,80,3.0996094,0.79992676,1.19995117,132,7.469727,153,20,1850,0,7
84.79395,0,1,408,2,75,5.69921875,96,24,36.29688,244,3.5996094,0.69995117,0.79992676,129,7.389648,139,31,3125,0,1
49.10599,1,2,8,1,97,7,78,24,36.09375,224,2.2998047,2.39990234,0.69995117,135,7.419922,82,15,960,0,1
50.92099,0,1,405,5,73,12.2988281,143,30,38.29688,528.25,2.5996094,1.19995117,0.79992676,132,7.349609,211,24,627,0,2
88.82996,1,1,60,4,107,8.29882812,124,24,36.29688,330,1.5,0.89990234,0.79992676,147,7.429688,104,12,4650,0,4
63.37598,0,1,400,5,55,19.1992188,70,28,35.59375,370.3125,3.0996094,1.19995117,2.5,146,7.519531,251,67,1560,0,1
47.20099,0,2,399,2,57,6.09960938,70,25,36.09375,533.25,2.8999023,0.89990234,0.69995117,141,7.40918,108,5,2780,0,0
31.72899,0,1,397,0,130,6.89941406,80,20,37,224,2.8999023,0.89990234,2.69970703,144,7.419922,79,36,1400,0,1
51.31299,0,1,397,3,77,11.7988281,80,20,35.89844,224,2.8999023,0.89990234,1.69995117,145,7.419922,94,16,800,0,1
77.69995,0,2,396,5,53,4.79980469,77,40,35.79688,120,1.7998047,0.5,1,135,7.279297,115,24,1968,0,0
86.07794,0,1,395,2,79,13,58,44,38.09375,285.6875,2.2998047,0.5,1.19995117,145,7.399414,176,48,1540,0,0
82.96198,0,1,393,2,74,8.29882812,72,40,34.79688,224,1.8999023,3.5,0.89990234,138,7.419922,299,35,1505,0,1
85.90295,0,1,392,2,103,15.6992188,58,16,38.19531,436,2.699707,0.5,0.89990234,144,7.459961,185,20,1510,0,7
60.85999,0,2,393,5,120,5.19921875,90,25,36.09375,208,2.8999023,0.89990234,1.09985352,132,7.339844,537,31,1968,1,1
46.71899,0,2,391,1,67,15.1992188,61,12,38,543.25,3.0996094,0.69995117,1.09985352,138,7.259766,111,13,750,0,0
68.01398,1,2,68,2,49,12.5,110,14,39.29688,85,2.8999023,4.29980469,0.79992676,142,7.349609,86,12,4865,2,1
80.05499,1,2,10,1,101,14.5996094,110,23,38.89844,230,2.5,1.89990234,1.09985352,131,7.519531,123,29,1450,0,0
75.33496,1,2,101,1,63,7.89941406,100,25,38.69531,143.3125,2.8999023,0.79992676,1.39990234,143,7.419922,161,33,920,0,1
74.15698,1,2,101,4,100,13.2988281,120,25,36.5,400,3.7998047,0.89990234,1.29980469,142,7.419922,184,20,800,0,0
65.52795,0,2,388,2,83,10.5996094,80,20,37.09375,253.3125,2.8999023,0.89990234,1,147,7.379883,99,25,1968,2,1
76.67096,0,2,386,3,62,11.0996094,110,42,39.29688,187.5,3,0.39996338,2.89990234,130,7.379883,234,64,1190,0,0
77.31396,1,2,119,1,131,11.8984375,160,27,39,222,2.8999023,0.5,1.19995117,147,7.469727,127,26,1239,5,6
47.41098,1,2,183,1,55,3.5,150,22,39.39844,135.6875,2.3999023,2.79980469,1.19995117,139,7.389648,106,17,4420,0,1
44.25998,0,2,387,0,73,14.3984375,70,6,38.59375,334,2.8999023,0.89990234,1,144,7.459961,126,16,1715,0,1
29.517,1,2,9,3,97,5.69921875,100,20,38.89844,195.21875,2.8999023,0.89990234,1.59985352,138,7.5,137,22,1968,0,0
41.90799,1,2,5,5,80,10.2988281,70,25,36.69531,96.65625,4.6992188,0.39996338,1.79980469,139,7.399414,145,31,2620,0,0
72.56897,0,1,384,3,72,7.29980469,50,28,35.29688,508,3.3999023,1.59985352,0.89990234,141,7.459961,160,28,1420,0,1
48.01898,1,2,116,3,69,12.7988281,80,24,39.09375,506.625,3.199707,0.79992676,2,144,7.509766,245,47,3110,0,0
55.633,0,2,384,2,116,6.19921875,69,22,38.19531,376.625,5.5,0.89990234,1.09985352,141,6.90918,106,6,8175,0,1
43.20297,0,2,383,0,73,5,80,16,36.79688,224,4.5996094,0.89990234,0.89990234,140,7.419922,111,14,1100,0,1
78.00098,1,1,14,0,103,7,80,30,38.89844,128.3125,3.699707,0.89990234,0.79992676,137,7.319336,98,9,2400,0,0
77.61298,0,2,379,4,51,39.3984375,80,20,37,121.65625,2.8999023,0.89990234,1.69995117,144,7.479492,96,50,700,0,0
69.24799,1,1,5,2,70,12.8984375,114,28,38.09375,304.75,3.0996094,0.89990234,0.69995117,131,7.349609,189,13,1968,0,1
59.44699,1,2,334,3,100,10.5996094,70,20,36.69531,224,2.8999023,0.89990234,0.69995117,139,7.419922,144,7,1968,0,0
86.13599,1,2,40,1,60,7.89941406,130,26,38,353.3125,2.8999023,0.89990234,6.19921875,134,7.389648,80,43,0,0,0
71.56195,1,1,11,3,107,9.69921875,70,20,36.09375,238.09375,2.8999023,0.89990234,6.09960938,142,7.349609,124,68,1968,0,6
81.91895,1,2,6,4,70,10.8984375,92,50,37.09375,224,2.8999023,0.89990234,0.59997559,136,7.419922,81,6,700,0,1
86.80896,1,1,50,0,80,4.59960938,80,20,36.09375,224,3.7998047,0.59997559,1.5,138,7.419922,83,20,1,0,0
52.76398,1,2,9,1,106,10.0996094,62,54,38.19531,217.5,1,0.89990234,1.69995117,139,7.389648,95,38,500,0,0
77.42896,1,2,179,5,67,21.3984375,60,20,36.09375,319,2.8999023,0.19998169,0.69995117,142,7.479492,498,32,2100,1,0
74.72998,1,1,9,4,53,5.69921875,60,20,35.59375,266.625,3.699707,1.69995117,1.79980469,144,7.449219,166,92,1968,0,1
84.745,1,2,107,1,122,13.2988281,157,38,36.09375,285,2.8999023,0.69995117,0.79992676,137,7.299805,209,23,750,0,1
88.19397,0,1,356,3,107,8.5,68,24,38.5,275,3.5996094,0.69995117,1,137,7.359375,284,16,1285,0,3
67.02295,1,1,104,0,60,14.5996094,61,8,38.29688,80,2.8999023,0.89990234,1.79980469,146,7.349609,121,26,3765,2,1
47.45798,1,2,238,6,79,24.5976562,71,18,35.59375,362,2.0996094,6.59960938,1.5,152,7.419922,561,45,3585,0,0
76.87097,0,2,352,3,113,30.6992188,80,16,36.19531,170,2.8999023,29.0976562,7.19921875,136,7.339844,85,118,185,1,1
73.92694,0,1,351,1,103,9.29882812,60,20,37.79688,224,2.8999023,0.89990234,1.69995117,141,7.419922,104,23,5200,0,3
62.89099,0,1,348,6,43,4.89941406,64,26,37.69531,176.65625,2.8999023,0.89990234,1.79980469,135,7.439453,76,33,525,6,1
83.72296,0,2,347,5,80,9.3984375,50,20,36.09375,224,2.8999023,0.89990234,1.5,142,7.419922,76,31,1450,0,0
73.15796,1,2,17,1,100,17.1992188,130,40,35.89844,131.65625,2.0996094,0.89990234,0.79992676,137,7.5,178,22,700,2,1
97.59595,1,2,247,2,130,4.39941406,80,20,37.79688,224,2.8999023,0.89990234,5.19921875,143,7.419922,118,50,950,0,1
84.67596,0,1,344,0,113,14.8984375,80,25,36.09375,138.3125,2.8999023,0.89990234,3.79980469,145,7.439453,117,72,950,2,0
81.06995,1,1,5,2,115,24,142,36,37.69531,143.3125,2.5,0.79992676,1.5,155,7.389648,135,23,1968,0,2
78.10797,1,2,15,1,107,6.39941406,118,26,38.5,260,1.8999023,4.69921875,2,139,7.429688,135,23,1968,0,0
66.16595,1,1,35,2,117,10,110,8,39,290,2.8999023,0.89990234,3.5,134,7.429688,135,23,1968,0,2
27.76199,1,1,17,3,60,13.6992188,152,12,35.69531,76.65625,1.5998535,13.0996094,3.59960938,132,7.40918,135,23,1968,0,0
71.29095,1,2,744,2,80,8.19921875,80,22,36.5,226.65625,2.8999023,0.89990234,1.59985352,137,7.459961,135,23,1968,0,0
63.67099,1,2,70,1,87,26,108,36,37.69531,314.25,2.3999023,0.39996338,0.79992676,139,7.479492,135,23,1968,2,4
42.09698,1,2,9,1,63,0.19998169,145,28,37.89844,242.84375,2,5.19921875,4.09960938,161,7.519531,135,23,1968,0,1
66.30499,1,1,43,0,93,18.796875,100,10,38.5,203.3125,2,1,3.09960938,138,7.369141,135,23,1968,0,1
29.33299,0,1,2026,0,62,27.796875,62,16,38.79688,118.45312,1.8999023,3,0.89990234,140,7.449219,135,23,1968,0,0
48.87097,1,2,207,1,101,5.19921875,95,18,38.5,224,2.3999023,0.19998169,0.89990234,137,7.419922,135,23,1968,1,0
71.81696,1,1,24,4,130,5.79980469,60,26,35.5,509.5,2.7998047,0.5,1.5,139,7.379883,135,23,1968,0,7
63.48297,1,2,1162,0,83,4.69921875,72,24,36.69531,224,3,0.5,0.89990234,139,7.419922,135,23,1968,1,1
60.939,1,2,455,0,97,5.59960938,80,20,36.59375,224,2.8999023,0.89990234,1,139,7.419922,135,23,1968,1,3
74.52399,1,1,891,2,87,3.89990234,65,20,35.89844,224,4.0996094,0.89990234,1.19995117,144,7.419922,135,23,1968,0,0
50.42599,1,2,1753,2,96,5.29980469,82,20,37.09375,224,2.5996094,5.39941406,0.89990234,133,7.419922,135,23,1968,1,0
45.91098,1,1,85,2,69,4.09960938,60,16,37.39844,224,2.2998047,2.09960938,1.39990234,135,7.419922,135,23,1968,0,5
33.73297,0,1,2021,0,77,20.3984375,110,16,37.09375,328,2.8999023,0.39996338,0.69995117,138,7.429688,135,23,1968,0,3
46.77899,1,1,6,2,85,22.3984375,130,14,39.09375,432.5,3.7998047,0.69995117,0.89990234,137,7.449219,135,23,1968,0,1
49.85098,1,2,23,1,67,1.39990234,112,25,37.39844,300,2.0996094,1.39990234,0.69995117,142,7.469727,135,23,1968,0,6
50.82797,0,1,2020,1,91,10.0996094,125,22,36.89844,224,2.8999023,2.89990234,1.89990234,136,7.419922,135,23,1968,0,0
68.01398,1,1,17,2,90,18.296875,100,10,37.29688,147.5,2.699707,0.5,3.19970703,137,7.429688,135,23,1968,0,1
62.67999,1,2,248,2,63,7,100,24,36.19531,319,3.7998047,0.69995117,1.59985352,137,7.479492,135,23,1968,0,0
54.543,1,2,472,0,109,16.5,118,40,38.79688,176.34375,1.3999023,0.19998169,0.79992676,136,7.389648,135,23,1968,0,2
82.62,1,1,7,1,73,30,110,11,35.89844,116.65625,2.7998047,0.79992676,3.39990234,151,7.319336,135,23,1968,0,1
54.55399,0,2,2015,2,90,7.79980469,104,32,36.59375,224,2.8999023,0.89990234,1.09985352,137,7.419922,135,23,1968,0,0
48.827,0,1,2015,0,60,16.3984375,108,24,37.5,368,1.6999512,1.79980469,2.79980469,140,7.389648,135,23,1968,1,1
42.41498,1,2,5,1,47,16.5,200,34,39,74,2.5996094,30.5,6.19921875,141,7.229492,135,23,1968,0,1
70.01196,1,2,1781,3,113,13.0996094,70,20,36.19531,252.375,2.8999023,0.89990234,1.09985352,138,7.479492,135,23,1968,0,1
60.34497,1,1,1761,2,99,7.39941406,90,28,37.09375,194.375,4.0996094,0.5,0.79992676,144,7.369141,135,23,1968,2,3
55.98898,0,1,2015,2,108,10.6992188,126,18,37.29688,224,2.8999023,0.89990234,1,144,7.419922,135,23,1968,0,0
42.89099,1,2,1380,2,77,8.59960938,94,16,36.5,224,2.8999023,0.89990234,1.69995117,139,7.419922,135,23,1968,0,0
26.407,1,1,15,4,52,52,82,25,36.89844,285.6875,2.2998047,44.09375,5,139,7.389648,135,23,1968,6,1
55.13797,1,2,65,1,73,9.79882812,84,12,38.5,224,2.699707,0.19998169,0.59997559,139,7.419922,135,23,1968,0,4
37.65399,1,1,21,1,91,4.39941406,86,20,37.59375,224,2.8999023,0.29998779,0.69995117,144,7.419922,135,23,1968,0,0
64.323,0,1,2013,4,110,23.1992188,100,16,36.59375,270,2.8999023,0.19998169,5.19921875,144,7.339844,135,23,1968,1,1
58.21198,1,1,3,3,37,34.296875,35,12,35.79688,261,2.3999023,8.79882812,3,122,7.269531,135,23,1968,0,1
71.31799,1,2,14,2,102,11.2988281,88,28,36.5,229.15625,2.8999023,0.89990234,0.79992676,146,7.339844,135,23,1968,0,1
69.79095,1,2,296,5,63,10.5996094,70,20,35.09375,566.625,2.8999023,0.89990234,1.29980469,137,7.399414,135,23,1968,0,1
69.92694,1,1,21,2,113,19.5976562,65,27,35,147.5,1.6999512,0.19998169,2.89990234,135,7.40918,135,23,1968,0,1
44.35599,0,1,2009,3,130,20.3984375,100,10,36.89844,170,3.8999023,12.5996094,1.29980469,138,7.479492,135,23,1968,2,0
46.83899,0,2,2009,2,71,6,68,24,36.59375,357.125,2.8999023,1.09985352,1.79980469,141,7.419922,135,23,1968,0,0
65.28998,0,1,2008,1,83,22.6992188,110,26,38,463.3125,3.3999023,0.89990234,0.59997559,152,7.479492,135,23,1968,0,1
69.05396,1,2,132,1,73,7,68,20,35.39844,224,2.8999023,0.89990234,1.5,143,7.419922,135,23,1968,0,1
18.946,1,2,12,2,110,0.09999084,110,29,37.79688,137.125,1.5998535,1.39990234,0.5,146,7.40918,135,23,1968,0,3
23.573,1,1,7,1,110,0.19998169,184,26,39.29688,128.875,2.8999023,0.19998169,0.79992676,134,7.389648,135,23,1968,0,0
71.07996,1,2,487,6,63,5.09960938,89,16,37.29688,223.78125,2.8999023,1.19995117,1.09985352,128,7.509766,135,23,1968,6,4
73.40198,1,2,11,2,137,1.79980469,140,30,39.19531,146.65625,1.2998047,13.1992188,2.29980469,139,7.399414,135,23,1968,0,1
61.599,1,1,4,0,48,11.0996094,118,12,36.69531,227.5,2.2998047,5.79980469,4.09960938,138,7.359375,135,23,1968,0,1
39.31,1,2,11,3,94,21.6992188,120,24,37.29688,363.3125,2.8999023,8.79882812,1.89990234,132,7.359375,135,23,1968,2,3
62.26398,1,2,63,2,127,5.39941406,115,20,36,224,2.8999023,0.89990234,0.79992676,135,7.419922,135,23,1968,0,0
78.93799,1,1,435,2,87,7.19921875,68,32,39,224,2.8999023,0.89990234,1.09985352,133,7.419922,135,23,1968,0,1
67.745,1,1,23,3,110,6.5,72,16,36.79688,224,1.8999023,0.89990234,1.69995117,137,7.419922,135,23,1968,0,2
59.45499,1,2,25,4,58,12.6992188,120,28,37.29688,224,2.8999023,0.89990234,2.19970703,124,7.419922,135,23,1968,1,2
72.91998,1,2,7,2,132,16.5976562,116,25,38.5,98.875,2.8999023,0.5,1.79980469,150,7.509766,135,23,1968,0,0
78.35699,1,2,4,0,63,32.59375,110,14,39.09375,110,2,10,5.19921875,127,7.349609,135,23,1968,0,0
59.13797,1,1,5,1,110,18.6992188,72,32,38.19531,225,2.8999023,0.89990234,1.5,163,7.469727,135,23,1968,0,2
64.98596,1,2,1118,2,53,6.59960938,50,22,36.39844,224,2.8999023,0.89990234,1.39990234,135,7.419922,135,23,1968,0,0
90.75397,1,1,211,2,115,1.69995117,76,18,34.89844,224,2.699707,0.29998779,0.79992676,146,7.419922,135,23,1968,4,2
69.48895,0,1,1999,1,117,10.2988281,135,40,38.59375,118.32812,2.8999023,0.89990234,0.59997559,132,7.459961,135,23,1968,0,4
71.29095,1,1,105,2,55,42.8984375,59,8,36,276.625,2.2998047,6.5,5.69921875,134,7.379883,135,23,1968,0,1
69.30597,1,1,58,1,84,7.19921875,96,30,37,385.6875,2.8999023,0.89990234,1.5,139,7.479492,135,23,1968,0,0
44.31998,0,1,1997,1,87,12.1992188,120,25,38.59375,125.45312,2.3999023,1.69995117,0.79992676,140,7.489258,135,23,1968,0,1
33.85098,1,2,152,1,79,7.69921875,60,10,36.29688,284.4375,2.8999023,0.59997559,1,151,7.459961,135,23,1968,0,1
51.67697,0,2,1995,1,63,4,68,18,37.39844,224,3,0.89990234,0.59997559,144,7.419922,135,23,1968,0,0
82.086,1,1,21,1,103,7.09960938,80,16,36.79688,263.25,2.8999023,0.89990234,1.29980469,144,7.379883,135,23,1968,0,5
40.05197,1,1,116,4,80,11.5996094,88,16,37,224,2.8999023,0.89990234,1.79980469,130,7.419922,135,23,1968,0,1
43.129,0,1,1994,0,80,12.8984375,110,8,36.89844,340,2.8999023,0.69995117,1.19995117,142,7.479492,135,23,1968,0,3
69.35498,0,1,1994,3,97,6.5,60,28,36.79688,224,3.7998047,0.59997559,1.09985352,136,7.419922,135,23,1968,0,0
66.53796,1,2,43,3,59,8.5,54,20,35.29688,224,2.8999023,0.89990234,2.89990234,131,7.419922,135,23,1968,0,1
52.392,1,2,1638,3,110,6.29980469,70,18,36,404.75,2.8999023,1.09985352,4.69921875,140,7.479492,135,23,1968,0,1
70.14899,1,2,88,1,94,6.29980469,112,16,37.09375,226.90625,2.5,1.5,0.89990234,139,7.40918,135,23,1968,0,4
61.64297,1,2,78,2,111,1.19995117,82,11,37.69531,226.65625,2.8999023,1.29980469,0.79992676,131,7.429688,135,23,1968,0,1
65.396,1,2,15,1,80,30.296875,130,32,37.89844,240,2.7998047,0.89990234,2.19970703,133,7.419922,135,23,1968,0,1
64.17499,1,1,71,1,79,10.1992188,100,20,36.79688,224,2.8999023,0.19998169,0.79992676,137,7.419922,135,23,1968,1,3
77.77399,0,2,1988,0,106,11.2988281,68,11,38.59375,350,2.8999023,1.39990234,1,138,7.5,135,23,1968,0,1
64.70398,1,1,35,1,87,15.8984375,94,14,37.5,165,2.8999023,0.89990234,0.59997559,129,7.459961,135,23,1968,0,5
51.362,1,2,5,0,117,8.59960938,110,11,38.69531,400,2.8999023,0.89990234,0.69995117,140,7.509766,135,23,1968,0,1
78.66699,1,1,334,4,93,4.69921875,112,20,37,233.3125,2.8999023,0.89990234,0.59997559,141,7.429688,135,23,1968,3,7
65.53595,1,2,88,1,93,9.79882812,86,20,38.69531,342.8125,2.7998047,0.29998779,0.79992676,138,7.489258,135,23,1968,0,1
62.37399,1,1,211,1,70,8,68,20,37.19531,224,3.199707,1,0.79992676,140,7.419922,135,23,1968,0,1
54.168,1,2,174,4,87,15.5996094,90,26,35,336.625,2.8999023,0.89990234,9.09960938,135,7.419922,135,23,1968,0,0
74.84198,1,1,18,2,85,14.1992188,60,26,36.59375,157.5,1.6999512,0.89990234,2.89990234,138,7.439453,135,23,1968,0,7
52.047,1,2,6,3,88,10.5996094,100,32,35.29688,197.5,3.699707,1.69995117,1,133,7.449219,135,23,1968,0,1
57.34198,1,2,1116,2,129,2.89990234,95,20,36.5,224,3.699707,0.39996338,1.09985352,139,7.419922,135,23,1968,1,0
67.92096,1,2,113,3,83,10.5996094,72,22,37,224,2.8999023,0.89990234,1.29980469,139,7.419922,135,23,1968,2,7
60.17499,0,1,1985,0,100,7.29980469,82,24,37.09375,190,2.8999023,0.89990234,1.09985352,133,7.479492,135,23,1968,0,0
75.06097,1,2,651,4,84,8.69921875,100,32,36.5,264,2.8999023,0.89990234,1.19995117,140,7.469727,135,23,1968,0,0
66.04797,1,2,63,1,107,7,100,0,37,276.1875,2.8999023,0.89990234,0.89990234,138,7.569336,135,23,1968,1,2
29.37399,0,2,1984,2,127,26.6992188,115,30,37.5,122,1.7998047,0.5,7.39941406,139,7.449219,135,23,1968,0,0
76.31195,1,2,51,1,65,23,80,8,35.69531,192.5,2.8999023,0.19998169,11,135,7.339844,135,23,1968,0,1
64.92798,1,1,46,2,85,7.69921875,192,20,36.69531,247.8125,2.8999023,0.89990234,0.5,137,7.329102,135,23,1968,0,1
40.24597,0,2,1982,0,117,11.6992188,92,26,37.79688,352,2.8999023,0.89990234,0.59997559,135,7.459961,135,23,1968,0,0
37.21597,1,1,10,1,79,9.3984375,68,28,36.29688,552.375,3.199707,1.09985352,1.79980469,137,7.419922,135,23,1968,2,1
36.91199,0,2,1980,2,84,5.29980469,54,22,35.79688,224,2.8999023,0.89990234,1,138,7.419922,135,23,1968,0,0
64.87598,1,1,993,1,131,16,68,26,35,155,2.8999023,0.89990234,1.19995117,136,7.229492,135,23,1968,0,0
61.68698,1,1,6,3,67,11.2988281,110,40,36.69531,160,2.8999023,19.0976562,1.5,148,7.509766,135,23,1968,0,7
60.91397,1,2,4,1,73,21.6992188,98,18,38.89844,383,2.8999023,0.69995117,2.19970703,136,7.269531,135,23,1968,0,1
72.09296,1,2,53,1,93,11.2988281,96,20,37.09375,224,2.8999023,0.29998779,1,136,7.419922,135,23,1968,0,1
51.28,1,2,8,3,67,6.79980469,118,36,36.59375,309.5,2.5,0.89990234,5.59960938,127,7.449219,135,23,1968,0,1
49.87799,0,1,1977,0,90,6.69921875,68,10,36.19531,271.375,2.8999023,1.09985352,1,142,7.269531,135,23,1968,7,7
76.71198,1,2,1895,1,109,5,115,29,35.59375,228,2.699707,0.79992676,1,142,7.479492,135,23,1968,0,7
63.392,1,2,10,2,67,14.1992188,130,20,37.09375,180,2.2998047,0.29998779,5.29980469,130,7.369141,135,23,1968,0,0
68.99396,1,1,5,4,53,12.7988281,114,10,39.29688,323.3125,2.8999023,0.09999084,4.09960938,151,7.55957,135,23,1968,0,1
61.84497,1,1,50,3,83,9.5,88,20,36,224,2.8999023,0.5,1,126,7.419922,135,23,1968,3,6
76.90094,1,1,11,0,130,11.0996094,85,26,37.89844,130,1.6999512,2.19970703,0.79992676,129,7.419922,135,23,1968,0,7
51.63898,0,2,1975,2,132,10.8984375,138,11,37.79688,202.5,2.8999023,0.89990234,2.19970703,151,7.40918,135,23,1968,0,0
53.85898,0,2,1973,4,90,12.0996094,76,20,36,224,2.8999023,0.79992676,1.29980469,138,7.419922,135,23,1968,0,0
48.08798,0,1,1973,1,83,11.1992188,110,26,39.09375,328.5625,2.8999023,0.89990234,0.79992676,145,7.389648,135,23,1968,0,1
63.07498,1,2,148,1,73,8,112,20,36.79688,224,2.8999023,0.89990234,1.59985352,135,7.419922,135,23,1968,0,1
31.16499,1,1,26,2,95,4.89941406,84,14,36.69531,164,2.8999023,0.89990234,1.59985352,141,7.529297,135,23,1968,0,7
46.22598,0,2,1971,0,73,22.796875,70,18,38.89844,134,2.8999023,0.89990234,0.79992676,147,7.419922,135,23,1968,0,1
50.754,1,2,63,1,107,9.69921875,95,12,38.89844,200,1.1999512,4.19921875,1.09985352,140,7.479492,135,23,1968,0,0
68,1,1,1382,2,93,3.69970703,105,24,37.19531,280,2.8999023,0.59997559,4.69921875,130,7.439453,135,23,1968,2,5
75.40594,0,2,1971,1,110,25,114,35,37.29688,202.5,2,5.39941406,1.59985352,150,7.429688,135,23,1968,0,1
54.15997,1,1,524,1,87,4.59960938,64,24,37,224,2.8999023,0.19998169,0.69995117,139,7.419922,135,23,1968,0,0
55.36499,1,2,831,1,73,7.89941406,86,20,37.09375,476.1875,2.8999023,0.89990234,1.19995117,141,7.459961,135,23,1968,0,2
43.20599,1,2,16,4,60,9.5,130,34,37.29688,120,2,16.796875,1.79980469,143,7.419922,135,23,1968,0,2
31.088,0,2,1969,0,89,12.6992188,84,15,35.19531,383.3125,2.8999023,0.89990234,0.79992676,139,7.369141,135,23,1968,0,1
59.28,1,1,6,2,79,21.5,130,22,37.19531,100,2.8999023,0.59997559,1.5,130,7.389648,135,23,1968,0,6
60.67398,1,2,15,1,96,5.59960938,125,24,35.09375,89.40625,2.8999023,0.29998779,1,138,7.509766,135,23,1968,0,1
39.633,0,1,1967,0,105,27.6992188,114,37,38.5,296.625,1.7998047,2.59960938,0.59997559,132,7.449219,135,23,1968,0,0
59.87399,1,1,298,0,67,9.69921875,118,36,39.5,106.65625,2.5,0.89990234,0.59997559,135,7.479492,135,23,1968,0,0
47.97498,1,2,423,3,89,6.39941406,62,16,36.39844,224,2.8999023,0.29998779,1.5,135,7.419922,135,23,1968,1,0
60.03598,1,2,6,0,67,3.09960938,75,26,38,353.3125,2.8999023,1.19995117,2,136,7.449219,135,23,1968,0,1
73.57697,1,1,34,2,111,15.8984375,116,41,38.5,350,2.7998047,1.09985352,1.59985352,141,7.459961,135,23,1968,0,2
86.41199,1,2,4,2,43,12.5,40,40,37.09375,104.07812,2.8999023,0.89990234,3.29980469,143,7.40918,135,23,1968,0,1
32.97498,1,2,20,0,120,25,95,37,38.69531,192.5,2.8999023,0.89990234,1,141,7.429688,135,23,1968,0,0
68.50696,1,1,40,0,107,28.296875,100,36,36.09375,250,3.199707,1.29980469,0.69995117,131,7.439453,135,23,1968,0,1
36.16199,0,1,1963,0,77,18.796875,110,25,36.19531,277.125,3.5996094,1.29980469,0.89990234,137,7.489258,135,23,1968,0,0
49.12299,1,2,141,3,63,6.69921875,74,24,36.79688,224,2.8999023,2.5,1.29980469,118,7.419922,135,23,1968,1,0
24.049,1,2,29,4,88,30,112,36,38,322.8125,2.8999023,9.79882812,1.19995117,136,7.449219,135,23,1968,0,6
30.76799,1,2,71,1,67,12.1992188,80,30,39.29688,276.1875,2.3999023,7.09960938,0.59997559,131,7.489258,135,23,1968,1,0
76.40497,1,1,19,2,58,13.2988281,68,25,39.29688,316.625,2.0996094,0.89990234,0.89990234,135,7.449219,135,23,1968,0,0
46.53,1,2,6,3,61,15,122,8,37.29688,196,3,3.89990234,2.39990234,135,7.269531,135,23,1968,0,1
44.60498,0,2,1957,4,133,9.59960938,90,22,37.5,440,2.5996094,23.6992188,2.79980469,136,7.329102,135,23,1968,0,7
71.69098,1,2,4,2,55,10.5,152,50,38,282.8125,2.8999023,0.5,7.5,138,7.219727,135,23,1968,0,1
64.94995,1,1,48,2,52,24.6992188,180,7,38,260,2.5,2.39990234,1.69995117,141,7.529297,135,23,1968,0,1
46.85797,1,2,11,0,68,28.6992188,100,29,38.09375,186,2.8999023,24.5,6.29980469,144,7.399414,135,23,1968,0,0
67.70197,1,2,39,1,83,12.5996094,100,36,36.19531,308,2.8999023,0.29998779,1.09985352,143,7.459961,135,23,1968,0,1
38.883,1,2,12,3,70,11,98,9,34.59375,384,2.8999023,3.59960938,0.39996338,142,7.489258,135,23,1968,0,3
76.06799,1,2,70,1,74,7.59960938,88,24,36.59375,480.9375,2.8999023,0.89990234,1.09985352,142,7.5,135,23,1968,0,1
65.52197,1,2,80,2,87,3.09960938,84,20,36.5,224,2.3999023,2.59960938,0.79992676,137,7.419922,135,23,1968,0,1
62.366,1,1,14,1,78,13,110,36,36,224,2.2998047,4,1,131,7.419922,135,23,1968,0,0
57.64798,1,1,322,3,78,11,112,40,38.5,290,2.8999023,0.89990234,1.09985352,138,7.519531,135,23,1968,3,0
56.60498,0,1,1952,3,67,6.89941406,68,20,36,224,2.8999023,0.59997559,1.19995117,139,7.419922,135,23,1968,0,1
63.04199,1,2,1441,1,72,18.1992188,120,10,37.79688,267.5,1.7998047,0.39996338,1.39990234,137,7.389648,135,23,1968,0,0
21.13599,1,2,275,0,143,16.296875,68,8,35.09375,260,2.5,9.79882812,0.89990234,147,7.509766,135,23,1968,0,0
58.32199,1,1,877,2,90,13.5996094,110,20,37.19531,148,2.8999023,0.89990234,0.59997559,138,7.459961,135,23,1968,4,0
44.97998,1,1,674,1,97,7.19921875,72,16,36.79688,224,4.0996094,5.29980469,0.69995117,139,7.419922,135,23,1968,0,1
53.43997,0,2,1950,0,65,16.6992188,125,31,38.19531,152,3.3999023,2.69970703,7.39941406,133,7.369141,135,23,1968,0,6
65.17999,1,2,103,0,112,15.3984375,85,15,37.19531,266.625,1.6999512,0.59997559,0.89990234,131,7.469727,135,23,1968,4,1
70.69397,1,2,865,1,74,12,90,19,35.5,316,2.5996094,5.79980469,0.89990234,133,7.349609,135,23,1968,1,0
62.806,1,2,362,2,135,15.0996094,92,20,36.79688,224,4.0996094,0.5,1.5,135,7.419922,135,23,1968,0,0
45.38498,1,1,10,2,80,5.89941406,115,26,36.09375,282.8125,2.8999023,0.89990234,0.69995117,130,7.339844,135,23,1968,0,1
44.13998,0,2,1947,0,123,11.2988281,115,38,37.59375,175.5,2.7998047,0.89990234,1,142,7.399414,135,23,1968,0,0
76.33099,1,1,24,0,125,15,85,22,37.29688,243.3125,2.8999023,0.89990234,1.09985352,141,7.439453,135,23,1968,0,2
77.11694,1,2,21,1,55,17.8984375,110,14,36,140,1.5998535,0.39996338,1.09985352,151,7.389648,135,23,1968,0,7
53.11697,1,2,17,1,72,24.296875,98,24,35.39844,344.4375,2.5,50.1953125,2.09960938,134,7.40918,135,23,1968,0,4
50.64999,0,2,1945,0,82,8.3984375,70,16,37.29688,466.625,2.8999023,0.39996338,1.09985352,141,7.379883,135,23,1968,1,0
72.47894,1,2,4,1,43,12.2988281,0,0,36.59375,108.32812,2.8999023,0.79992676,0.89990234,133,7.179688,135,23,1968,0,1
66.90997,1,1,19,1,72,11.5,120,40,38.09375,271.375,2.8999023,0.89990234,1.09985352,138,7.449219,135,23,1968,0,0
58.42798,1,1,6,1,67,18,135,10,38,276.625,2.699707,1,2.89990234,145,7.40918,135,23,1968,0,1
53.09497,0,2,1946,0,100,15.1992188,70,28,37.59375,212,2.8999023,0.69995117,0.69995117,136,7.40918,135,23,1968,0,0
42.95697,0,2,1945,0,67,28.5,125,24,38.69531,59,1.2998047,1.59985352,4.5,149,7.429688,135,23,1968,0,2
61.38797,1,1,81,1,94,7,86,18,36.19531,224,2.8999023,0.89990234,0.89990234,135,7.419922,135,23,1968,1,6
30.63699,1,1,5,0,131,16.0976562,220,36,35.5,465,2.8999023,32.59375,1.69995117,151,7.509766,135,23,1968,0,1
51.77298,1,2,236,1,54,0.09999084,90,36,39.09375,115,2.8999023,1.09985352,2.5,136,7.389648,135,23,1968,0,0
80.41595,0,1,1940,2,112,18.296875,140,37,35.19531,142.84375,2.199707,0.39996338,1.29980469,136,7.489258,135,23,1968,0,1
67.01398,0,1,1940,1,96,9.29882812,52,20,37,224,2.8999023,0.39996338,0.79992676,138,7.419922,135,23,1968,0,0
80.44098,1,2,70,1,58,14.5996094,154,10,38.59375,135,2,3.29980469,1,132,7.399414,135,23,1968,0,1
46.45898,0,2,1939,1,45,25.1992188,124,28,39,206.65625,3.7998047,2.19970703,1.39990234,140,7.5,135,23,1968,0,0
64.04095,1,1,75,1,107,0.69995117,100,29,37.09375,371.375,2.8999023,0.5,0.59997559,132,7.469727,135,23,1968,5,5
63.211,1,2,1132,2,70,8,80,20,36.39844,428.5625,2.8999023,1.5,1.09985352,142,7.459961,135,23,1968,0,1
44.909,1,1,5,2,112,21.796875,146,55,39,94,2.0996094,0.19998169,0.79992676,142,7.349609,135,23,1968,0,0
38.784,1,2,38,1,103,23.0976562,90,20,36.5,224,3,0.29998779,0.89990234,139,7.419922,135,23,1968,0,1
45.00497,1,2,142,0,130,19.5976562,130,10,38.69531,246.65625,2.8999023,0.89990234,1,140,7.539062,135,23,1968,0,0
65.91595,1,2,41,1,73,6.19921875,90,18,36.5,224,2.8999023,0.89990234,0.79992676,135,7.419922,135,23,1968,0,2
49.89697,1,2,7,0,73,0.29998779,116,33,37.79688,225,2.8999023,0.39996338,1.19995117,135,7.40918,135,23,1968,0,0
55.28799,1,1,25,2,84,6.09960938,110,24,36.89844,224,3.199707,6.69921875,1.39990234,140,7.469727,135,23,1968,0,5
33.254,1,2,61,2,69,0.39996338,145,52,39.39844,373.3125,2,16.296875,1.69995117,148,7.509766,135,23,1968,0,0
45.97098,0,2,1934,1,80,14.3984375,114,26,36.79688,283.3125,2.7998047,1.39990234,1,125,7.369141,135,23,1968,0,0
79.81897,1,2,17,2,63,0.39996338,112,10,37.19531,131.65625,2.8999023,0.59997559,9.19921875,134,7.469727,135,23,1968,0,1
75.30194,1,2,3,1,0,58.59375,0,0,39.59375,137.75,2.5,0.89990234,1.69995117,149,7.439453,135,23,1968,0,1
60.30399,1,2,40,1,93,4.89941406,112,28,39.79688,224,2.8999023,0.69995117,0.69995117,133,7.419922,135,23,1968,2,0
59.62198,0,2,1933,0,97,10.2988281,110,24,36.39844,210,2.8999023,0.89990234,1,137,7.449219,135,23,1968,0,1
43.159,1,2,701,5,77,4.29980469,90,18,36.89844,224,2.8999023,0.79992676,0.79992676,138,7.419922,135,23,1968,0,1
68.19196,1,2,20,1,83,13.3984375,98,8,35.89844,156,2.8999023,0.89990234,1.29980469,152,7.469727,135,23,1968,0,1
77.98798,1,1,180,2,113,15.1992188,82,25,37.59375,303.3125,3.5996094,0.29998779,0.39996338,137,7.419922,135,23,1968,0,0
68.99396,1,1,1659,0,118,7.19921875,150,20,38.59375,206.65625,2.8999023,0.89990234,0.79992676,138,7.519531,135,23,1968,0,1
50.40097,0,2,1931,1,83,2.69970703,52,24,37.5,224,2.8999023,0.69995117,1.5,133,7.419922,135,23,1968,0,5
77.10596,1,2,11,1,103,10.7988281,112,9,37.59375,213.3125,2.3999023,0.39996338,0.79992676,143,7.449219,135,23,1968,0,1
80.13397,1,2,17,1,59,10.5,94,12,38,85,2.8999023,1,2.39990234,130,7.359375,135,23,1968,0,0
71.05298,1,1,183,2,103,26,98,18,36.09375,385.6875,4,0.59997559,0.89990234,142,7.489258,135,23,1968,1,1
65.073,1,2,1910,2,90,20.1992188,75,26,35.79688,214.28125,2.8999023,0.69995117,1,137,7.399414,135,23,1968,0,0
39.43597,1,2,25,0,59,16.8984375,115,60,38.29688,226.65625,2.8999023,0.59997559,1.09985352,133,7.379883,135,23,1968,0,1
77.02698,1,2,85,1,67,20.6992188,135,31,38.39844,211.40625,2.8999023,0.29998779,1.5,140,7.40918,135,23,1968,0,0
37.41498,0,1,1927,2,111,19.0976562,98,16,35.5,268,2.7998047,0.29998779,5,138,7.40918,135,23,1968,0,1
48.84299,0,1,1927,0,77,20.296875,142,10,39.09375,168,2.699707,0.89990234,0.79992676,135,7.379883,135,23,1968,0,0
65.04596,1,1,30,0,93,11.3984375,106,11,38.5,406.625,2.5996094,0.5,1,133,7.459961,135,23,1968,0,2
72.29297,1,2,4,5,70,5.5,64,36,36.39844,335,2.8999023,0.89990234,3.09960938,142,7.369141,135,23,1968,0,1
50.30298,1,1,373,2,108,9.5,115,24,35.39844,285.6875,2.8999023,0.29998779,0.79992676,142,7.339844,135,23,1968,5,5
27.55899,0,2,1922,1,70,9.5,110,23,36.5,280,2.0996094,0.59997559,7.69921875,146,7.419922,135,23,1968,0,0
66.31598,1,2,397,4,80,12.1992188,100,24,37.29688,224,3.3999023,0.89990234,1.59985352,136,7.419922,135,23,1968,0,1
38.74298,1,1,7,1,93,12.2988281,112,12,35.59375,144.875,4.0996094,29.1992188,3.69970703,142,7.399414,135,23,1968,0,0
82.89697,1,2,13,1,63,18,150,26,37.5,135,1.5998535,0.19998169,1.09985352,136,7.319336,135,23,1968,0,7
60.84299,0,2,1920,0,108,20.0976562,110,34,38.39844,168.5625,2.8999023,0.59997559,1,146,7.429688,135,23,1968,0,1
59.48297,1,2,137,2,80,11.8984375,100,20,38.59375,304.75,2.8999023,0.89990234,0.69995117,135,7.5,135,23,1968,0,0
66.00397,1,2,57,1,93,6.89941406,70,16,36.19531,224,2.7998047,0.39996338,1.5,135,7.419922,135,23,1968,4,4
55.90698,1,2,134,2,113,7.19921875,80,22,35.89844,224,2.8999023,0.89990234,1.59985352,137,7.419922,135,23,1968,0,1
83.92596,1,2,1868,3,99,11,68,20,36.79688,342.8125,2.8999023,0.89990234,2.29980469,139,7.449219,135,23,1968,0,0
78.11395,1,2,10,3,43,8.8984375,124,25,39,122.84375,2,0.89990234,1.09985352,147,7.489258,135,23,1968,0,1
58.09698,1,2,10,1,90,7.89941406,120,24,36.79688,224,2.5996094,1.29980469,0.79992676,139,7.419922,135,23,1968,0,1
73.04596,1,1,18,3,67,6.39941406,68,10,38.29688,533.25,1.1999512,0.29998779,2.09960938,141,7.419922,135,23,1968,0,6
69.15295,1,1,28,1,87,9.29882812,100,50,38.5,165,4.6992188,3.09960938,2,140,7.5,135,23,1968,0,1
65.52496,1,1,18,0,62,14.5996094,64,28,35.29688,476.625,2.8999023,1,1.5,136,7.429688,135,23,1968,0,1
76.77997,1,2,110,1,59,7,142,8,35.69531,226.65625,2.7998047,0.89990234,1.89990234,134,7.379883,135,23,1968,0,0
37.74698,1,1,56,1,63,4.29980469,130,10,39.29688,544,2.699707,0.09999084,0.69995117,135,7.389648,135,23,1968,0,1
57.57397,1,2,5,3,74,6.19921875,108,14,35,264,2.8999023,0.69995117,1.59985352,135,7.469727,135,23,1968,2,0
53.07898,0,1,1915,1,83,9.19921875,135,8,37.29688,323.3125,2.3999023,0.89990234,1,132,7.40918,135,23,1968,0,4
62.03998,1,2,17,2,112,29.5976562,130,36,35.79688,152.5,2.3999023,0.29998779,0.59997559,140,7.389648,135,23,1968,0,1
66.46698,1,1,4,1,45,10.5996094,140,36,38.59375,172.5,2.8999023,0.89990234,1.5,143,7.319336,135,23,1968,0,0
55.85498,1,2,24,2,90,11.1992188,94,18,34.39844,224,2.7998047,33,1.39990234,126,7.419922,135,23,1968,0,1
65.81195,1,2,51,5,75,8.5,110,26,37.19531,312,2.8999023,0.79992676,1.69995117,135,7.429688,135,23,1968,0,7
26.834,0,1,1911,1,136,16.8984375,0,0,35.89844,336,2.8999023,1.29980469,5.89941406,139,7.329102,135,23,1968,0,2
69.11395,1,2,15,2,123,12.0996094,94,35,38.09375,456.625,2.8999023,0.89990234,1.69995117,139,7.649414,135,23,1968,0,0
49.71698,1,2,103,0,83,11.5996094,140,36,39,73.32812,2,0.19998169,0.59997559,147,7.479492,135,23,1968,0,0
43.03897,1,2,128,1,100,9.59960938,140,18,37.29688,224,3.5996094,0.29998779,1.09985352,142,7.419922,135,23,1968,1,1
67.85498,1,2,4,3,46,14.0996094,62,24,36.69531,160,2.8999023,0.89990234,4,124,7.419922,135,23,1968,0,0
76.59698,1,2,9,1,65,8,58,9,37.29688,242.84375,2.8999023,0.89990234,2,142,7.439453,135,23,1968,0,0
54.409,1,1,5,1,103,29.0976562,140,24,37.59375,160,2.8999023,1.39990234,2.79980469,133,7.489258,135,23,1968,0,1
71.82996,1,2,1106,2,86,15.2988281,72,18,37,224,2.8999023,0.89990234,1.79980469,132,7.419922,135,23,1968,0,1
71.91797,1,2,1127,1,57,5.69921875,110,8,38.59375,500,2.8999023,0.89990234,0.89990234,134,7.389648,135,23,1968,0,0
85.57996,1,2,11,0,60,23.5,62,18,37.09375,149,2.2998047,0.69995117,1.19995117,135,7.389648,135,23,1968,0,0
61.92697,1,2,432,4,83,2,80,33,36.69531,216.65625,2.8999023,0.5,1.69995117,141,7.449219,135,23,1968,1,1
21.405,0,1,1906,0,65,10.8984375,118,20,36.5,224,2.8999023,0.89990234,1.09985352,138,7.419922,135,23,1968,0,0
62.83899,1,1,167,5,100,10.5996094,92,16,36.59375,252,3.2998047,0.09999084,7.09960938,136,7.219727,135,23,1968,0,0
62.004,1,1,1123,0,77,14.8984375,90,24,36.29688,321.6875,2.8999023,0.29998779,0.89990234,140,7.359375,135,23,1968,0,5
59.29599,1,1,65,1,100,7.59960938,96,20,36.79688,224,3.5996094,0.69995117,0.59997559,137,7.419922,135,23,1968,0,1
78.84698,1,2,5,2,62,4.5,78,20,35.59375,338.0625,2.8999023,0.89990234,1.79980469,141,7.479492,135,23,1968,0,1
65.83997,1,1,16,1,48,6.79980469,110,29,38.5,138,2.5996094,5.09960938,2.69970703,137,7.359375,135,23,1968,0,1
66.38995,1,1,1091,1,99,8.79882812,62,15,36.89844,319,2.8999023,0.89990234,0.59997559,140,7.419922,135,23,1968,0,1
79.34296,0,2,1895,2,66,6.39941406,120,8,35.79688,392.5,2.8999023,0.89990234,2.09960938,134,7.419922,135,23,1968,0,0
67.95898,1,2,1186,3,82,7.59960938,80,16,36.29688,290.4375,2.8999023,0.89990234,1.19995117,139,7.5,135,23,1968,0,2
66.20697,1,1,4,1,93,35,96,28,35.79688,224,2.8999023,6.59960938,2.19970703,128,7.419922,135,23,1968,0,3
63.168,0,2,1895,4,97,11.5996094,106,26,37.69531,240,3.199707,0.79992676,0.89990234,133,7.399414,135,23,1968,3,5
71.48798,1,1,1202,4,83,7.09960938,54,16,36.59375,224,4,0.69995117,1,139,7.419922,135,23,1968,2,5
59.58398,1,1,493,1,87,8.59960938,80,20,37.69531,224,2.8999023,0.89990234,0.69995117,142,7.419922,135,23,1968,0,1
68.39197,0,2,1892,0,112,12.3984375,98,16,37.39844,334.75,2.8999023,1.29980469,1.09985352,138,7.429688,135,23,1968,0,0
31.83299,0,2,1892,2,75,10.5,78,25,38.59375,272,2.5,5.69921875,0.89990234,140,7.389648,135,23,1968,1,0
50.23398,0,1,1891,0,68,9.79882812,120,12,39.09375,254.28125,2.8999023,0.89990234,1.79980469,134,7.419922,135,23,1968,0,0
70.29199,1,2,23,1,69,5.59960938,114,16,38.5,148,2.8999023,0.89990234,13.7988281,139,7.389648,135,23,1968,0,1
55.62799,1,2,60,0,63,11.5996094,110,12,38.5,145,2.699707,0.89990234,1.19995117,128,7.439453,135,23,1968,0,0
52.293,0,2,1887,3,90,6.59960938,88,20,35.79688,224,3.5996094,1.29980469,1,142,7.419922,135,23,1968,0,0
54.78998,0,1,1887,3,90,3.79980469,94,20,36.29688,320,2.8999023,0.79992676,1,136,7.449219,135,23,1968,0,0
60.69498,1,1,470,5,91,15.1992188,114,8,36.39844,305.6875,2.8999023,1.69995117,2.09960938,136,7.529297,135,23,1968,0,0
80.52594,0,1,1887,3,79,7.89941406,76,25,36.29688,85,2.8999023,0.5,1.89990234,135,7.319336,135,23,1968,0,1
71.15094,1,2,49,1,93,7.19921875,78,8,35.69531,265.6875,2.7998047,0.29998779,9.69921875,146,7.419922,135,23,1968,0,1
39.84097,1,2,8,5,92,4.29980469,110,14,36.69531,207.5,1.7998047,4.79980469,1.79980469,134,7.399414,135,23,1968,0,1
51.61099,1,1,44,1,86,22.8984375,112,30,36.59375,160,2.8999023,1.29980469,6.09960938,141,7.299805,135,23,1968,0,5
63.431,0,1,1883,2,67,13.5,188,25,39.09375,76,2.8999023,0.79992676,1.29980469,143,7.449219,135,23,1968,0,1
68.64899,1,1,82,3,70,8.69921875,110,10,35.5,430,2.8999023,0.89990234,1.29980469,131,7.5,135,23,1968,0,5
38.18198,1,1,100,1,91,9.59960938,126,16,38.59375,224,2.8999023,0.69995117,0.5,137,7.419922,135,23,1968,0,0
73.41296,1,1,10,0,111,9.5,102,13,35.79688,153.3125,2.699707,12.5996094,4.19921875,126,7.40918,135,23,1968,0,1
56.45999,0,2,1882,1,67,16.0976562,110,36,38.59375,230,2.5996094,2.59960938,8.5,134,7.319336,135,23,1968,0,1
62.75998,1,1,127,1,90,11.5996094,78,18,35.59375,224,2.8999023,0.89990234,0.79992676,140,7.419922,135,23,1968,0,0
71.62195,1,2,78,3,110,3.79980469,76,20,35.5,224,2.8999023,0.79992676,3.39990234,139,7.419922,135,23,1968,0,1
83.61096,1,2,1230,4,67,7.5,64,28,37.29688,224,2.8999023,1.09985352,2.89990234,132,7.419922,135,23,1968,0,1
83.32397,1,2,480,4,90,15.5,118,24,35.59375,282.5625,2.5,3.59960938,0.69995117,131,7.449219,135,23,1968,2,1
57.65399,1,2,1142,3,63,6.69921875,60,22,37.19531,224,2.8999023,1,1.39990234,140,7.419922,135,23,1968,0,1
45.18799,1,2,20,1,74,14,142,36,39.59375,87.14062,2.8999023,2,2,134,7.40918,135,23,1968,0,1
53.25098,1,2,10,2,87,10.8984375,92,8,37.19531,116.35938,2.8999023,0.89990234,1.5,145,7.419922,135,23,1968,0,2
47.86298,1,1,8,2,89,11.5996094,110,11,35.89844,157.5,2.8999023,39,3,152,7.419922,135,23,1968,0,4
64.61896,0,2,1876,1,102,7.69921875,78,32,38.59375,390,2.8999023,0.5,0.79992676,134,7.419922,135,23,1968,0,1
25.47299,1,2,28,0,113,22.796875,134,52,39,423.3125,2.8999023,0.89990234,3.59960938,137,7.329102,135,23,1968,0,3
68.84595,1,2,764,1,117,9.59960938,112,18,36,266.625,2.8999023,0.39996338,1,142,7.419922,135,23,1968,0,0
66.86694,1,2,18,1,58,24.296875,114,27,37,166,2.8999023,30,5.69921875,155,7.40918,135,23,1968,0,1
39.93198,1,2,33,1,90,1,114,16,38,148.875,2.5,3.79980469,1.5,142,7.479492,135,23,1968,0,0
66.97894,0,2,1873,0,117,17.8984375,80,28,38,233.3125,2.8999023,0.89990234,1.59985352,133,7.449219,135,23,1968,0,1
75.59497,1,1,16,1,91,7.5,96,20,35,371.375,2.3999023,0.39996338,0.79992676,140,7.339844,135,23,1968,3,3
61.00497,1,2,550,3,128,6.69921875,100,20,36.5,257.125,2.8999023,0.19998169,1.09985352,132,7.40918,135,23,1968,0,1
75.65796,1,2,226,1,107,5.5,48,10,37.39844,323.3125,2.5996094,0.89990234,0.89990234,136,7.5,135,23,1968,0,0
61.86697,1,2,8,2,63,0.29998779,146,17,36.69531,89.32812,2.8999023,0.89990234,2.79980469,127,7.389648,135,23,1968,0,0
80.80194,1,2,44,1,99,21.3984375,110,10,36.59375,122.4375,2.3999023,1.29980469,5.89941406,151,7.449219,135,23,1968,0,0
72.65198,1,2,3,1,0,6.19921875,0,0,38,312.5,2.8999023,0.89990234,2.59960938,142,7.469727,135,23,1968,0,1
47.39999,1,1,461,1,93,5.19921875,68,24,37.39844,224,2.8999023,0.39996338,0.5,140,7.419922,135,23,1968,0,0
76.11499,1,1,804,3,102,6.69921875,68,20,36.59375,508,2.8999023,0.89990234,3.19970703,137,7.379883,135,23,1968,0,1
43.67999,1,2,849,1,95,7.09960938,74,19,37.19531,224,2.8999023,0.89990234,1,138,7.419922,135,23,1968,0,1
50.15997,1,1,89,2,79,10.0996094,118,36,37.5,428.5625,3.199707,3.19970703,1.19995117,138,7.5,135,23,1968,0,1
63.80798,1,2,384,4,84,6.19921875,90,20,36.79688,224,2.8999023,0.89990234,0.89990234,141,7.419922,135,23,1968,0,1
41.79599,1,1,3,4,0,20.6992188,0,0,39.69531,531,2.8999023,0.39996338,7.09960938,168,7.469727,135,23,1968,0,1
49.94098,1,1,797,1,103,7.39941406,118,8,36.5,370,3.5996094,0.19998169,0.89990234,142,7.349609,135,23,1968,0,0
66.05096,1,1,284,1,87,7.89941406,60,20,36.39844,224,2.8999023,0.19998169,0.79992676,143,7.419922,135,23,1968,0,0
63.82199,1,2,15,3,109,44.09375,110,34,35.89844,255.8125,3.199707,0.19998169,0.79992676,143,7.439453,135,23,1968,0,1
60.01599,1,2,4,2,44,0.09999084,180,12,37.29688,252.5,1.8999023,4.69921875,3.79980469,153,7.289062,135,23,1968,0,1
71.75598,1,2,270,1,63,24.796875,110,18,36.39844,170,2.5996094,0.89990234,2.09960938,140,7.5,135,23,1968,0,0
39.34598,0,1,1856,1,114,20,118,40,37,442.8125,2.8999023,2.29980469,1.19995117,146,7.429688,135,23,1968,0,0
66.22595,1,2,708,0,108,8.79882812,70,26,35.59375,142.84375,2.8999023,0.89990234,0.5,138,7.30957,135,23,1968,0,6
29.55499,1,1,6,1,47,18.3984375,112,30,35.89844,90,2.8999023,3.59960938,5.79980469,142,7.529297,135,23,1968,0,2
69.90594,1,2,929,2,81,9.19921875,80,18,37.29688,224,3.199707,6.09960938,1,140,7.419922,135,23,1968,0,0
56.97998,1,2,127,2,89,100,90,36,38.79688,133.3125,2.8999023,0.89990234,1.59985352,137,7.459961,135,23,1968,0,0
57.81497,1,2,22,1,88,19.0976562,100,18,36,224,2.8999023,0.19998169,0.89990234,136,7.419922,135,23,1968,1,0
61.32498,1,2,25,1,131,15.5996094,48,8,37.29688,302.8125,2.699707,0.29998779,1.29980469,146,7.5,135,23,1968,0,1
76.11798,1,2,510,3,97,4.19921875,74,20,35.79688,224,4,2.09960938,1.79980469,140,7.419922,135,23,1968,0,0
72.94995,1,1,14,4,65,7.89941406,110,8,37.89844,356.625,2.5,0.39996338,1.79980469,132,7.40918,135,23,1968,0,0
26.92699,1,2,35,2,67,16.796875,140,36,37.5,130,2.7998047,5.5,5.39941406,134,7.289062,135,23,1968,0,0
77.05396,1,1,5,2,131,12.7988281,112,10,39.09375,366.625,2.8999023,0.29998779,0.79992676,142,7.459961,135,23,1968,0,1
71.52594,1,2,53,4,80,6.29980469,110,39,36.09375,287.5,2.5,0.39996338,2,152,7.399414,135,23,1968,0,0
43.31799,1,2,19,0,103,8.5,76,20,36.69531,438.0625,3,6.09960938,1.69995117,126,7.40918,135,23,1968,1,1
63.12399,1,1,14,0,87,0.79992676,76,10,36.59375,293.3125,2.5,0.89990234,7.39941406,136,7.439453,135,23,1968,0,0
72.03595,1,1,923,1,123,11.6992188,78,25,35.89844,310,2.8999023,0.89990234,2.09960938,136,7.399414,135,23,1968,0,0
71.79199,1,1,7,1,63,7.09960938,110,25,36,220,2.7998047,15.2988281,3.59960938,130,7.449219,135,23,1968,0,1
65.97894,1,2,421,2,105,7.79980469,74,18,36.59375,224,2.8999023,0.29998779,0.69995117,141,7.419922,135,23,1968,0,0
66.15698,1,2,78,1,99,3.89990234,88,20,36,224,2.8999023,0.19998169,0.79992676,135,7.419922,135,23,1968,0,1
67.74298,1,2,1530,2,93,6.39941406,54,20,36.09375,224,2.8999023,0.79992676,1.29980469,140,7.419922,135,23,1968,0,0
58.48599,1,1,60,1,81,7.79980469,100,16,38.09375,238.09375,2.8999023,0.5,0.59997559,135,7.299805,135,23,1968,0,1
59.75098,0,2,1846,0,98,9.29882812,104,8,40,292.5,3.2998047,0.89990234,1.39990234,142,7.5,135,23,1968,0,1
87.52899,1,2,3,0,0,9.29882812,0,0,36.59375,260,4.1992188,0.39996338,2.29980469,141,7.379883,135,23,1968,0,1
43.09097,1,2,1358,1,101,9.19921875,86,20,35.79688,819,2.8999023,1.39990234,1.09985352,135,7.489258,135,23,1968,0,0
76.06598,1,2,486,2,79,8.8984375,64,16,35.59375,285.6875,2.8999023,0.89990234,2.59960938,138,7.419922,135,23,1968,0,1
67.64398,1,2,172,1,93,9.69921875,68,18,36.79688,224,2.8999023,0.29998779,1,139,7.419922,135,23,1968,1,1
56.06299,1,1,25,1,81,7,84,20,36.5,224,2.5996094,21.5,1.29980469,135,7.419922,135,23,1968,0,6
77.01599,0,1,1844,2,113,34.796875,110,10,36.79688,400,1.3999023,0.89990234,1,131,7.429688,135,23,1968,0,1
45.67297,1,2,346,3,85,4.39941406,86,24,36.69531,374.9375,2.7998047,0.79992676,0.69995117,141,7.389648,135,23,1968,0,1
74.29395,1,1,453,4,67,25.0976562,66,16,36.69531,194.28125,2.8999023,0.59997559,1.59985352,141,7.449219,135,23,1968,0,5
59.91498,1,2,301,1,60,0.89990234,200,35,39,277,2.2998047,1.79980469,3.69970703,140,7.179688,135,23,1968,0,0
73.57697,0,2,1840,1,97,13.1992188,66,12,36.69531,436,2.8999023,0.69995117,0.79992676,133,7.399414,135,23,1968,0,1
56.09598,0,1,1826,3,67,8,120,16,37.09375,356.625,2.8999023,1.5,0.89990234,127,7.5,135,23,1968,5,5
49.43997,1,1,128,1,83,8.29882812,72,18,36.39844,224,2.8999023,1,0.89990234,135,7.419922,135,23,1968,0,0
40.81598,0,2,1825,3,63,7.89941406,114,16,36.79688,224,2.8999023,1.19995117,1,135,7.419922,135,23,1968,0,0
38.19299,1,2,290,1,89,4.89941406,80,12,36.5,240,2.7998047,5.59960938,1.89990234,123,7.5,135,23,1968,2,0
62.46997,1,2,13,2,69,11.6992188,80,20,36.79688,180,2.8999023,1.89990234,1.09985352,133,7.489258,135,23,1968,0,3
41.09799,1,2,91,1,86,8.19921875,116,24,38.09375,366.625,2.7998047,0.59997559,0.69995117,138,7.459961,135,23,1968,0,1
73.81,0,2,1824,3,113,6.69921875,114,12,36.29688,228.5625,2.8999023,0.89990234,0.89990234,139,7.349609,135,23,1968,0,1
38.36298,0,2,1823,1,116,15.7988281,82,26,36.5,176.65625,1.7998047,0.29998779,2.69970703,137,7.5,135,23,1968,0,0
59.20099,1,2,7,0,63,12.0996094,122,36,35.79688,195.90625,2.8999023,0.89990234,2.5,124,7.489258,135,23,1968,0,1
62.64999,1,2,18,0,121,13.0996094,110,20,38.59375,215.53125,2.8999023,0.39996338,1.5,141,7.439453,135,23,1968,0,0
70.46997,1,1,439,3,83,11.3984375,80,18,37,273.3125,2.8999023,0.89990234,1,141,7.139648,135,23,1968,0,1
64.01099,0,1,1821,1,63,4.5,80,22,36.19531,328.5625,3.3999023,0.79992676,0.89990234,145,7.359375,135,23,1968,4,6
23.07999,0,2,1820,1,106,7,72,32,39,205.6875,2.8999023,0.29998779,1,134,7.399414,135,23,1968,0,1
75.58398,1,2,19,1,123,0.09999084,124,37,38.5,410,2.8999023,5,4.79980469,145,7.479492,135,23,1968,0,0
63.28,1,2,194,1,103,4.79980469,100,20,36.29688,224,2.8999023,0.29998779,1,139,7.419922,135,23,1968,0,0
50.47198,0,1,1818,0,120,14.7988281,124,32,39.09375,226.65625,2.8999023,0.89990234,0.69995117,142,7.479492,135,23,1968,0,1
26.53499,1,1,3,1,0,50.09375,0,0,38.89844,252.5,2.0996094,1.79980469,0.89990234,146,7.449219,135,23,1968,0,0
67.88794,1,2,28,2,121,14.7988281,146,9,39.39844,150,2.5996094,0.39996338,0.59997559,134,7.299805,135,23,1968,0,0
76.24896,1,2,29,3,143,6.19921875,180,12,36.59375,285.6875,2.2998047,0.19998169,1,138,7.389648,135,23,1968,0,2
60.28699,1,2,99,3,104,9.8984375,72,26,38.29688,224,3,0.29998779,1.39990234,135,7.419922,135,23,1968,0,0
49.26199,1,1,26,2,131,1.09985352,138,29,39.89844,230,2.5996094,6.79980469,0.69995117,134,7.429688,135,23,1968,0,0
62.26999,1,1,30,0,59,11.2988281,124,45,39.09375,128.3125,2.699707,0.89990234,2.09960938,158,7.459961,135,23,1968,0,5
62.004,0,1,1814,2,47,12.7988281,64,16,34.69531,110.20312,2.0996094,0.39996338,0.69995117,141,7.439453,135,23,1968,0,1
48.32898,1,2,638,3,81,4.69921875,80,28,36.79688,190.46875,3.199707,0.5,0.89990234,142,7.279297,135,23,1968,0,1
70.23096,1,1,51,1,63,14.1992188,72,24,36.69531,211.40625,2.8999023,0.89990234,1.5,136,7.419922,135,23,1968,1,1
66.297,1,1,317,1,97,7.29980469,100,16,37.59375,224,4,0.29998779,0.69995117,141,7.419922,135,23,1968,0,1
69.62396,1,2,143,0,67,12.5,110,14,38.59375,120.40625,2.8999023,0.89990234,2.19970703,144,7.509766,135,23,1968,0,0
54.409,0,2,1812,3,78,6.5,84,18,36.79688,224,4.2998047,4,0.69995117,146,7.419922,135,23,1968,0,0
52.03598,1,1,387,1,105,5.09960938,120,20,39,224,2.8999023,0.5,0.59997559,142,7.419922,135,23,1968,0,0
63.33499,1,2,396,1,47,5.09960938,60,12,35.09375,224,2.8999023,0.5,0.89990234,140,7.419922,135,23,1968,0,0
20.605,1,1,92,0,77,6.19921875,40,8,36.19531,187.5,2.8999023,3.09960938,2.09960938,147,7.509766,135,23,1968,0,0
62.52698,1,2,1302,3,79,4.69921875,70,18,36,224,2.8999023,0.89990234,1.29980469,141,7.419922,135,23,1968,0,0
53.81,1,2,589,4,85,6,78,22,36.09375,368,2.8999023,1.5,1,133,7.459961,135,23,1968,4,1
42.24799,1,2,201,3,47,4.59960938,112,28,35.39844,224,2.8999023,1.5,1,134,7.489258,135,23,1968,5,0
52.13998,0,1,1811,6,163,5.5,118,38,37.79688,245.6875,2.8999023,0.19998169,5.29980469,140,7.479492,135,23,1968,0,6
69.08398,1,2,7,1,76,27.1992188,118,10,36.09375,363.3125,2.8999023,2.19970703,2.39990234,152,7.419922,135,23,1968,0,1
63.35699,1,2,89,1,57,4,148,24,35.89844,352.375,2.8999023,1.89990234,2.69970703,132,7.439453,135,23,1968,0,1
83.24194,1,1,85,2,83,5.79980469,60,16,36,163.25,2.8999023,2.69970703,1.5,140,7.359375,135,23,1968,0,0
57.28699,1,1,322,1,76,9.19921875,108,28,36.29688,319,2.8999023,0.69995117,0.69995117,143,7.399414,135,23,1968,6,1
46.65799,0,1,1806,0,145,17.6992188,110,32,38.59375,376.1875,2.8999023,1.09985352,8.19921875,132,7.419922,135,23,1968,0,0
42.935,1,2,7,0,78,17,54,12,38,323.3125,2.8999023,0.89990234,0.79992676,142,7.5,135,23,1968,0,1
65.24597,1,2,15,2,103,14.8984375,64,12,36.5,116,2.8999023,0.59997559,0.69995117,136,7.489258,135,23,1968,0,1
79.07495,1,1,989,1,97,21.6992188,75,28,37.19531,240.8125,3.2998047,0.59997559,9,140,7.399414,135,23,1968,0,1
72.70398,1,2,833,2,81,14.7988281,110,32,38,140,1.8999023,0.29998779,2.89990234,128,7.25,135,23,1968,0,0
44.90598,1,2,338,2,121,14.7988281,116,35,36.79688,155,2.8999023,1,2.79980469,139,7.489258,135,23,1968,0,0
50.75198,1,2,86,3,55,8.3984375,138,40,39,330,2.7998047,1.5,1.5,129,7.489258,135,23,1968,0,0
83.33997,1,2,1443,4,93,5.79980469,80,20,36.39844,224,2.8999023,0.89990234,1.19995117,141,7.419922,135,23,1968,0,1
56.27399,1,1,21,3,110,10,148,8,36.29688,300,2.8999023,3.79980469,1.79980469,130,7.379883,135,23,1968,0,6
72.56097,0,2,1804,2,103,4.69921875,82,24,37,223.3125,3.199707,0.89990234,2,136,7.389648,135,23,1968,0,0
45.14398,0,2,1803,0,135,24.6992188,114,30,38.09375,188.5625,2.8999023,0.89990234,0.89990234,147,7.479492,135,23,1968,0,0
65.65399,1,1,225,3,69,5.29980469,72,20,36.29688,328.5625,3.5996094,0.59997559,1.09985352,141,7.369141,135,23,1968,0,1
28.66299,1,1,7,1,67,0.39996338,144,32,38.89844,226,2.199707,2.39990234,1.69995117,143,7.399414,135,23,1968,0,1
69.85596,0,1,1801,0,61,1.39990234,130,26,37.79688,144.28125,2.8999023,0.39996338,1.59985352,129,7.449219,135,23,1968,0,0
64.56897,1,1,12,1,129,11.2988281,118,37,37.79688,380,2.8999023,0.79992676,3.79980469,153,7.329102,135,23,1968,0,0
69.39398,1,1,4,0,125,17.1992188,180,36,38.89844,420,2.8999023,0.89990234,0.5,133,7.519531,135,23,1968,0,2
51.61398,0,1,1799,2,80,5.09960938,100,24,36.79688,523.75,2.8999023,20.0976562,0.79992676,133,7.619141,135,23,1968,5,5
69.02899,1,2,210,1,70,0.19998169,104,42,36.09375,142.5,1.8999023,0.89990234,1.19995117,132,7.55957,135,23,1968,0,0
77.99298,1,1,25,0,59,24.0976562,130,12,38.09375,70,2.5,0.89990234,3.29980469,132,7.419922,135,23,1968,0,0
28.465,0,1,1800,1,111,30.1992188,150,24,37.79688,112.71875,2.8999023,0.29998779,5.89941406,142,7.40918,135,23,1968,0,0
54.409,1,1,1017,1,117,8.09960938,62,18,36.89844,224,2.8999023,0.5,1.5,136,7.419922,135,23,1968,0,1
72.85095,0,1,1798,2,100,6.69921875,100,22,36.59375,285.6875,3.3999023,0.39996338,0.69995117,144,7.449219,135,23,1968,0,1
62.439,1,1,411,1,76,8,100,24,36.29688,271.375,2.8999023,0.79992676,1.09985352,140,7.459961,135,23,1968,0,1
50.41498,1,2,11,1,77,6.5,120,24,36,224,3.0996094,0.59997559,1,138,7.419922,135,23,1968,0,0
42.56497,1,1,7,2,120,29.0976562,160,31,38.69531,113.32812,3.699707,0.89990234,1.09985352,137,7.399414,135,23,1968,0,5
69.93799,1,2,10,1,69,19.5976562,130,22,40,147.5,2.8999023,0.5,3.69970703,146,7.449219,135,23,1968,0,0
56.452,1,2,402,3,75,9.3984375,72,20,36.29688,271.375,3.7998047,0.59997559,5.39941406,133,7.379883,135,23,1968,0,1
65.08997,1,2,585,1,120,29.1992188,118,36,35.79688,156.65625,2.8999023,4.5,5.39941406,134,7.359375,135,23,1968,0,6
42.02899,1,2,186,3,80,6.69921875,78,16,36,224,2.8999023,0.19998169,0.79992676,139,7.419922,135,23,1968,0,1
21.13599,0,2,1796,1,135,2.89990234,62,32,37.79688,384,2.8999023,2.59960938,0.59997559,136,7.479492,135,23,1968,0,0
70.88599,0,2,1796,0,55,11.3984375,56,10,35.5,134,1.1999512,0.5,1.29980469,142,7.449219,135,23,1968,0,5
63.28799,1,1,22,0,57,19,134,30,38.19531,88,2.8999023,0.89990234,4.5,133,7.389648,135,23,1968,0,0
70.81494,1,1,17,1,55,19.0976562,64,8,36.59375,383.3125,2.8999023,0.89990234,2.39990234,150,7.429688,135,23,1968,0,1
67.66895,1,2,10,0,40,27.5976562,150,30,40.19531,228,2.8999023,3.09960938,9.79882812,131,7.30957,135,23,1968,0,0
47.03897,0,2,1794,2,92,8,100,24,36.5,224,1.7998047,2.59960938,0.69995117,130,7.419922,135,23,1968,1,1
77.18799,0,2,1794,3,70,7.69921875,142,8,38.09375,194.28125,3.2998047,1.09985352,1.19995117,144,7.399414,135,23,1968,0,1
49.23798,0,1,1785,1,60,4,72,20,35.5,500,2.7998047,8,0.89990234,133,7.449219,135,23,1968,4,0
62.68597,1,2,1178,1,107,5.59960938,120,24,35.59375,224,2.8999023,0.59997559,1.09985352,141,7.419922,135,23,1968,0,0
68.03296,0,2,1785,2,127,16.8984375,68,26,35.79688,284,2.8999023,0.39996338,1.19995117,141,7.419922,135,23,1968,0,1
89.76294,1,2,22,0,62,7.69921875,58,4,35.29688,438.0625,2.3999023,0.89990234,4.09960938,136,7.369141,135,23,1968,0,0
54.30798,1,1,4,2,68,18.5,122,8,38.09375,188,2.0996094,2.19970703,0.79992676,160,7.509766,135,23,1968,0,0
48.586,0,2,1784,0,103,23.0976562,132,28,39.39844,192.5,2.8999023,2.69970703,1.19995117,149,7.439453,135,23,1968,0,0
64.28198,1,2,809,5,97,6,76,28,36.29688,495.1875,4.3994141,0.69995117,2,139,7.429688,135,23,1968,0,0
65.40997,1,2,67,1,119,5.09960938,72,20,36.89844,224,3.3999023,0.59997559,0.89990234,141,7.419922,135,23,1968,0,1
68.159,1,2,8,3,72,7.09960938,84,24,35.89844,224,2.8999023,0.89990234,1.79980469,133,7.419922,135,23,1968,2,1
76.28198,1,2,24,1,107,7.59960938,68,16,35.19531,224,2.8999023,0.89990234,1,137,7.419922,135,23,1968,0,1
24.54999,1,2,6,1,130,0.09999084,150,55,37.89844,381,2.699707,0.5,1.09985352,137,7.369141,135,23,1968,0,1
68.40198,0,1,1778,0,93,6.59960938,80,20,36.39844,224,2.8999023,0.59997559,1.09985352,134,7.419922,135,23,1968,0,0
65.45898,1,2,33,2,73,8.09960938,100,24,38.5,224,2.199707,10.2988281,3.19970703,126,7.419922,135,23,1968,4,1
67.10699,1,1,87,1,103,6.5,92,24,38.09375,137.5,2.8999023,0.89990234,0.59997559,129,7.539062,135,23,1968,5,1
56.08798,0,2,1777,1,83,3.19970703,80,20,36.5,224,3,3.5,0.89990234,134,7.419922,135,23,1968,1,0
32.73898,0,2,1777,0,49,15.7988281,148,15,39.29688,113.32812,2.8999023,3.79980469,1.19995117,132,7.459961,135,23,1968,0,1
69.09796,1,2,16,3,43,25.5,175,23,38.39844,160.84375,2.8999023,0.89990234,1.19995117,141,7.399414,135,23,1968,0,6
65.27594,1,1,852,1,100,6.09960938,76,16,36,224,3.2998047,0.39996338,0.69995117,142,7.419922,135,23,1968,1,1
67.77295,1,2,541,2,73,18.5,100,16,35.69531,340,2.8999023,0.89990234,1.09985352,139,7.329102,135,23,1968,3,0
77.80194,1,2,16,1,110,10.5996094,84,20,36.09375,224,1,0.89990234,1.19995117,140,7.419922,135,23,1968,0,0
35.84399,0,1,1775,0,75,18.3984375,130,7,38,396,2.8999023,0.5,0.89990234,137,7.479492,135,23,1968,0,0
77.93799,1,2,9,5,73,4.79980469,156,28,35.89844,224,3.2998047,1.59985352,1.79980469,145,7.419922,135,23,1968,0,7
56.51199,1,2,19,1,89,8.79882812,98,20,35.19531,224,3.199707,0.59997559,3.19970703,138,7.419922,135,23,1968,0,0
66.91595,1,2,388,1,80,7.79980469,76,20,36.69531,224,3.7998047,0.29998779,1.19995117,143,7.419922,135,23,1968,0,0
58.94299,1,1,215,0,65,9.8984375,80,20,36.29688,323.75,2.8999023,0.89990234,1.19995117,140,7.439453,135,23,1968,0,0
68.16394,1,2,3,1,157,4.29980469,20,48,35.79688,308.5625,2.8999023,0.29998779,0.79992676,137,7.469727,135,23,1968,0,1
63.41998,1,1,266,3,70,4.09960938,44,22,36.09375,264,2.8999023,0.5,1.89990234,137,7.549805,135,23,1968,3,4
81.31696,1,2,49,4,63,3.39990234,66,16,36.09375,224,3.2998047,0.19998169,4.79980469,147,7.419922,135,23,1968,0,0
69.17694,1,2,129,1,63,13.6992188,110,32,36.59375,97,2.8999023,0.69995117,1.29980469,129,7.25,135,23,1968,0,0
64.99695,0,2,1770,2,100,6.09960938,78,20,36.39844,224,2.8999023,0.89990234,1.5,144,7.419922,135,23,1968,0,0
25.62099,1,1,45,2,139,16,138,28,36.29688,91.65625,2.699707,7.79980469,1,150,7.419922,135,23,1968,0,0
42.20398,0,2,1768,1,97,5.39941406,72,28,38.59375,224,2.2998047,5.89941406,0.79992676,120,7.419922,135,23,1968,0,0
52.375,1,1,185,0,101,16.796875,80,24,38.09375,270,1.8999023,2.69970703,0.69995117,138,7.40918,135,23,1968,4,4
57.86398,0,2,1767,1,75,14.1992188,62,42,36.39844,96.65625,1.1999512,0.19998169,0.79992676,146,7.459961,135,23,1968,0,1
55.086,1,2,231,1,80,2.29980469,78,20,37.69531,224,3.199707,1,0.89990234,140,7.419922,135,23,1968,0,0
68.22699,1,1,661,0,134,10.1992188,110,40,38.09375,183.3125,4.0996094,0.79992676,0.69995117,145,7.479492,135,23,1968,0,0
71.61694,1,2,440,4,110,35.3984375,130,7,36.39844,306.625,2.8999023,0.89990234,1.89990234,139,7.349609,135,23,1968,0,1
54.44199,1,2,4,1,126,26.6992188,176,44,38.09375,124,2.8999023,5.39941406,0.69995117,126,7.519531,135,23,1968,0,1
68.59399,1,1,18,5,61,19.796875,108,27,35.59375,404,2.8999023,0.89990234,1.89990234,124,7.5,135,23,1968,1,0
69.72998,1,1,1034,3,69,5.69921875,66,16,36.89844,224,2.699707,3.39990234,0.79992676,127,7.419922,135,23,1968,1,0
41.40698,1,2,209,0,65,15.8984375,180,20,38.29688,133.3125,2.5996094,5.59960938,4.5,151,7.439453,135,23,1968,0,0
63.87097,1,1,229,1,107,9.09960938,162,28,35,309.5,2.8999023,13.1992188,5.19921875,138,7.40918,135,23,1968,0,4
46.72998,1,2,134,1,107,7.5,96,20,37.29688,224,2.8999023,0.89990234,1.09985352,134,7.419922,135,23,1968,0,0
45.36899,1,1,60,1,70,10.5996094,110,24,38.09375,224,2.199707,0.39996338,1,136,7.419922,135,23,1968,3,1
61.42398,1,2,19,1,61,10,126,32,38.79688,127.14062,2.8999023,1.59985352,1.19995117,131,7.359375,135,23,1968,0,0
51.56699,1,2,4,1,119,18.1992188,132,12,39.29688,228,3,0.5,0.89990234,138,7.40918,135,23,1968,0,1
43.625,0,1,1759,0,135,21.3984375,130,26,37.59375,250,2.8999023,0.79992676,9,143,7.449219,135,23,1968,7,6
38.67999,1,2,8,2,136,25,108,8,36,330,1.8999023,0.89990234,8,145,7.449219,135,23,1968,0,1
66.84497,1,2,6,4,105,24.6992188,118,25,36.5,370,3,8.19921875,2.79980469,129,7.479492,135,23,1968,0,1
58.56497,1,2,437,3,78,24.8984375,62,10,35.09375,217.125,2.8999023,1.39990234,2.29980469,134,7.389648,135,23,1968,2,1
59.42798,0,1,1757,1,59,24.1992188,122,40,38.59375,263.3125,2.8999023,1.39990234,1.19995117,145,7.349609,135,23,1968,0,1
35.62198,0,1,1757,1,131,14.5996094,108,12,39.19531,240,2.8999023,12.0996094,0.89990234,156,7.5,135,23,1968,0,4
66.94299,1,2,59,1,85,6.19921875,116,24,35.69531,224,2.8999023,0.59997559,1.19995117,141,7.419922,135,23,1968,0,0
54.995,1,2,29,3,57,8.3984375,65,16,35.29688,224,2.8999023,0.89990234,2,136,7.419922,135,23,1968,1,1
60.51199,1,1,369,1,73,6.69921875,110,16,36.89844,224,2.8999023,0.39996338,0.59997559,137,7.419922,135,23,1968,1,4
57.84299,1,1,69,1,77,12.5,80,18,36.19531,442.8125,2.5996094,4.79980469,4.09960938,138,7.379883,135,23,1968,2,0
41.42899,0,2,1754,1,107,5.69921875,108,22,37.69531,390.4375,3.3999023,0.89990234,12.3984375,144,7.319336,135,23,1968,2,0
60.06,1,2,5,0,61,31.5,126,30,38,137.75,2.8999023,19.5,4.59960938,145,7.539062,135,23,1968,0,0
73.19397,0,2,1754,0,80,13.6992188,114,24,36,200,2.8999023,0.89990234,1.29980469,136,7.459961,135,23,1968,0,0
53.63998,1,2,8,1,83,10.7988281,120,28,36.29688,280.9375,2.7998047,0.69995117,1,132,7.389648,135,23,1968,3,1
74.68298,1,1,4,1,131,18.1992188,116,36,36,304,2.8999023,23.5976562,2.09960938,125,7.40918,135,23,1968,0,1
73.862,0,1,1750,0,123,9.79882812,82,20,36.09375,176.65625,2.8999023,0.89990234,1,136,7.479492,135,23,1968,0,0
72.12299,1,2,19,2,109,15.3984375,82,75,39.09375,185,2.199707,0.69995117,1.79980469,145,7.449219,135,23,1968,0,0
58.52197,1,2,570,4,67,8.29882812,118,26,36.19531,224,2.8999023,0.69995117,1.39990234,135,7.419922,135,23,1968,0,0
60.84598,1,2,644,4,80,6.89941406,106,24,39.09375,347.5625,1.8999023,3.89990234,0.79992676,127,7.479492,135,23,1968,0,0
59.85498,0,2,1747,1,101,20.296875,110,12,36.19531,322.1875,2.5,0.89990234,1.69995117,146,7.429688,135,23,1968,0,1
67.047,0,1,1746,0,118,11.6992188,84,24,36.19531,215,2.8999023,0.89990234,0.5,127,7.459961,135,23,1968,0,0
45.21799,0,2,1747,0,65,12.7988281,108,10,39.19531,224,2.8999023,0.89990234,0.89990234,133,7.369141,135,23,1968,0,0
69.75494,1,2,9,2,103,20.6992188,156,26,35,128.5625,2.8999023,0.89990234,1.29980469,137,7.539062,135,23,1968,0,3
58.08398,1,1,5,2,99,8.19921875,130,40,37.59375,142.84375,2.8999023,26.8984375,1.59985352,134,7.299805,135,23,1968,0,1
68.30896,1,2,266,1,81,4.39941406,80,24,36.5,224,3.2998047,0.5,1.09985352,140,7.419922,135,23,1968,0,0
49.56299,1,2,91,1,75,10.1992188,100,24,35.29688,224,2.8999023,0.89990234,0.89990234,129,7.419922,135,23,1968,2,0
45.89499,1,1,14,0,153,6.59960938,102,14,40,297.125,2.8999023,0.89990234,0.69995117,142,7.399414,135,23,1968,0,0
57.51099,1,1,24,2,63,21.1992188,80,11,36.69531,216,2.8999023,15.8984375,2.19970703,122,7.40918,135,23,1968,0,0
76.03595,1,2,1485,1,55,10.3984375,126,28,38.5,272,3,1.19995117,3,149,7.469727,135,23,1968,0,6
72.86798,1,1,1007,2,131,14.7988281,144,28,38.5,270,2.5,0.89990234,0.69995117,132,7.439453,135,23,1968,0,0
46.15198,1,1,30,2,117,15.5996094,74,22,36.09375,386.625,2.8999023,0.89990234,7.89941406,132,7.369141,135,23,1968,0,6
72.94196,1,2,77,2,127,19.5976562,130,34,37.69531,260,2.5,0.89990234,0.79992676,148,7.429688,135,23,1968,0,0
56.01398,1,2,906,3,60,5.69921875,124,24,36.09375,224,2.8999023,0.5,1.19995117,142,7.419922,135,23,1968,0,1
47.36798,1,2,12,1,109,10.7988281,114,12,37.79688,433.3125,2,31.0976562,1.59985352,131,7.5,135,23,1968,0,1
60.39697,1,2,31,1,61,5,118,25,35.59375,224,2.8999023,0.89990234,4.09960938,130,7.419922,135,23,1968,0,1
66.35199,1,1,310,4,115,27.3984375,114,26,38,210,2.8999023,0.39996338,0.79992676,140,7.399414,135,23,1968,0,0
46.133,0,2,1740,0,63,10.2988281,106,24,36.59375,252,2.8999023,0.69995117,1.29980469,149,7.449219,135,23,1968,0,0
61.33298,0,2,1740,2,53,6.59960938,112,36,35.29688,210,2.8999023,0.89990234,2.09960938,125,7.489258,135,23,1968,0,0
67.50195,1,2,95,0,44,14.2988281,168,27,39,116.25,2.8999023,0.89990234,2.09960938,142,7.319336,135,23,1968,0,1
60.03799,1,2,1214,0,50,5.89941406,140,31,40.29688,116.3125,2.8999023,0.89990234,1.39990234,128,7.419922,135,23,1968,0,0
30.92999,0,1,1735,1,117,17.5,100,20,37.39844,495.1875,2.8999023,0.89990234,7.19921875,136,7.419922,135,23,1968,4,0
68.53699,1,2,31,4,65,10.2988281,70,28,38.39844,224,2.8999023,0.89990234,1.19995117,135,7.419922,135,23,1968,1,0
62.853,1,2,211,0,130,14.5,116,8,37.79688,356.625,2.5,0.5,4.29980469,137,7.369141,135,23,1968,0,1
84.79895,1,2,6,2,140,13.2988281,124,9,36,280.9375,2.699707,1,1.19995117,141,7.359375,135,23,1968,0,7
75.71295,1,2,477,2,127,7.59960938,116,8,34,393.3125,2.2998047,3.39990234,2.59960938,136,7.319336,135,23,1968,1,2
60.55298,1,2,1529,3,56,21.8984375,150,38,40.19531,240,2,0.89990234,2.69970703,151,7.40918,135,23,1968,0,1
62.87198,1,1,60,1,100,13.0996094,84,20,36.89844,224,2.7998047,0.39996338,0.89990234,135,7.419922,135,23,1968,0,1
43.73199,1,1,811,2,121,5.69921875,76,26,36.39844,376.625,2,2.39990234,0.79992676,140,7.439453,135,23,1968,0,1
72.64899,1,1,6,1,80,22.1992188,126,32,38.09375,285,2.3999023,0.39996338,1.59985352,134,7.40918,135,23,1968,0,6
44.50897,1,2,563,1,103,6.29980469,64,16,37.29688,224,2.8999023,0.39996338,1.09985352,135,7.419922,135,23,1968,0,0
49.11398,1,1,4,0,193,16.6992188,68,16,38.5,296.625,2.8999023,0.39996338,3.39990234,148,7.639648,135,23,1968,0,0
61.33099,1,2,213,2,93,9.5,124,28,36.79688,224,3.3999023,0.29998779,0.69995117,140,7.419922,135,23,1968,2,2
75.33698,1,2,9,2,57,10,118,14,35.79688,140,2.8999023,0.19998169,2.29980469,139,7.469727,135,23,1968,0,7
63.87097,1,2,61,1,82,15.6992188,60,20,35.79688,224,2.8999023,0.39996338,1,143,7.419922,135,23,1968,0,1
46.146,0,1,1728,0,114,22.6992188,130,33,37.79688,226.65625,2.699707,1.59985352,1.29980469,143,7.479492,135,23,1968,0,0
62.642,1,2,21,3,73,7,72,32,35.69531,266.625,2.8999023,0.89990234,2.19970703,126,7.539062,135,23,1968,0,1
60.71198,1,2,610,1,59,17.0976562,128,29,35.59375,186.65625,2.8999023,0.89990234,0.79992676,136,7.379883,135,23,1968,0,0
48.41599,1,2,256,1,113,14.2988281,116,24,36.59375,224,3.8999023,0.29998779,0.89990234,141,7.419922,135,23,1968,1,1
79.33997,1,1,8,0,110,15.6992188,122,8,38.09375,340,2.8999023,0.89990234,1.19995117,140,7.479492,135,23,1968,0,0
80.10095,1,2,11,2,103,16.796875,60,32,36.39844,283.3125,2.8999023,0.89990234,2.19970703,138,7.429688,135,23,1968,0,7
83.02496,1,1,26,1,83,13.6992188,76,22,36.29688,300,2.8999023,1.09985352,1.69995117,148,7.369141,135,23,1968,0,0
51.89899,0,2,1718,0,99,15.6992188,112,28,38.19531,180,2.8999023,0.89990234,1.39990234,130,7.489258,135,23,1968,0,0
33.54999,1,1,191,1,73,15.1992188,140,22,39.59375,224,2.8999023,0.89990234,0.59997559,135,7.419922,135,23,1968,0,1
21.043,1,1,4,0,46,12.2988281,134,10,32.5,112.5,3.5996094,0.79992676,0.79992676,175,7.599609,135,23,1968,0,0
46.09998,0,2,1714,1,97,6.39941406,72,24,36.5,224,2.8999023,1.39990234,1.09985352,141,7.419922,135,23,1968,0,0
50.09998,0,2,1714,2,81,5,86,18,36.59375,224,3.5996094,3.19970703,1.29980469,130,7.419922,135,23,1968,0,0
66.87695,1,2,189,0,70,13.0996094,120,22,36.5,224,2.8999023,0.89990234,1.59985352,135,7.419922,135,23,1968,0,0
58.55399,1,2,4,1,73,0.39996338,114,40,38.39844,252.375,2.199707,2.19970703,0.89990234,160,7.489258,135,23,1968,0,7
32.77499,1,1,989,1,147,22.3984375,108,8,38.5,388,2.8999023,2.09960938,1.69995117,148,7.369141,135,23,1968,0,5
79.82196,1,2,1255,2,71,18,108,24,36.39844,280.9375,2.8999023,1.09985352,1.39990234,129,7.529297,135,23,1968,3,1
66.97595,0,2,1708,0,129,11.0996094,100,20,37.69531,120.40625,2.8999023,0.89990234,5.19921875,128,7.459961,135,23,1968,0,0
78.69397,1,2,3,1,27,9.69921875,26,24,35.5,41,1.5998535,1.09985352,4.79980469,164,7.149414,135,23,1968,0,1
61.58499,0,1,1708,2,109,9.3984375,68,25,38.29688,336.625,3.3999023,13.7988281,0.79992676,142,7.429688,135,23,1968,1,0
41.336,0,1,1707,0,77,11.5,110,31,36.19531,216.65625,2,0.5,0.69995117,139,7.439453,135,23,1968,0,0
80.69299,1,1,23,0,117,16,120,30,38.79688,342.8125,2.8999023,0.89990234,0.59997559,131,7.509766,135,23,1968,0,1
55.66299,0,2,1706,3,90,10.5996094,68,22,36.89844,224,3.3999023,0.79992676,1.5,139,7.419922,135,23,1968,0,1
34.53,0,1,1705,5,71,12.5,96,20,36.29688,224,2.8999023,1.39990234,0.79992676,141,7.419922,135,23,1968,0,0
62.30499,1,2,12,1,113,12.2988281,106,28,38.5,117.5,2.8999023,1.39990234,0.89990234,130,7.449219,135,23,1968,0,0
78.58496,1,2,3,1,0,80.09375,0,0,38.19531,53.32812,1.6999512,2.5,7.39941406,142,7.15918,135,23,1968,0,1
73.56299,1,2,139,2,47,0.09999084,190,32,36.09375,304,2.2998047,0.29998779,3.09960938,143,7.40918,135,23,1968,0,1
57.793,1,1,3,0,23,6.69921875,0,24,36,65,2.7998047,5.5,6,164,7.129883,135,23,1968,0,0
41.16098,1,1,253,1,85,7.5,78,16,36.39844,224,2.8999023,0.29998779,0.79992676,140,7.419922,135,23,1968,0,1
62.81198,1,1,1013,1,61,14.7988281,118,30,36.29688,190,2.5,0.89990234,0.5,134,7.439453,135,23,1968,0,0
62.70798,1,2,7,1,80,9.8984375,70,22,36,224,2.8999023,0.89990234,1,135,7.419922,135,23,1968,0,7
50.29199,0,2,1699,1,59,31,102,22,36.79688,396,1.5998535,0.89990234,7.19921875,131,7.389648,135,23,1968,0,0
79.81696,0,2,1697,1,97,11.5996094,102,24,37.29688,247.59375,2.8999023,0.89990234,1.39990234,138,7.329102,135,23,1968,0,0
63.64398,1,2,19,1,113,11.0996094,94,16,36.29688,224,2.5996094,2,1.59985352,131,7.419922,135,23,1968,0,4
57.67297,0,2,1697,4,111,7.39941406,110,21,36.69531,268,2.5996094,0.89990234,2.79980469,155,7.30957,135,23,1968,0,4
58.97598,1,2,329,1,73,18.296875,74,8,35.5,250,2.7998047,0.89990234,8.09960938,128,7.419922,135,23,1968,0,0
63.89899,1,1,17,2,71,18.3984375,110,40,35.79688,109.07812,2.8999023,0.89990234,2.29980469,129,7.469727,135,23,1968,0,0
49.37198,1,2,324,1,87,12.1992188,56,16,36.59375,224,2.8999023,0.89990234,0.79992676,142,7.419922,135,23,1968,0,0
68.20496,1,1,653,5,77,9.8984375,102,20,36.19531,328.5625,3.5996094,0.39996338,2.39990234,137,7.439453,135,23,1968,1,2
57.91397,1,1,837,1,119,14.1992188,116,40,38.29688,213.3125,2.8999023,0.29998779,0.79992676,134,7.40918,135,23,1968,0,2
68.37195,1,1,9,0,110,9.69921875,42,11,36.89844,250,2.8999023,0.89990234,0.59997559,148,7.479492,135,23,1968,0,0
69.19897,0,2,1682,3,101,14.1992188,108,22,36.79688,285.6875,2.3999023,4.39941406,1,148,7.55957,135,23,1968,0,0
33.07898,1,2,34,2,73,16.0976562,72,10,36,228.5625,2.8999023,1,11.3984375,133,7.319336,135,23,1968,0,2
72.64899,1,2,4,0,120,13.1992188,58,8,38.19531,197.125,2.8999023,0.89990234,1.29980469,139,7.40918,135,23,1968,0,1
69.01794,1,1,18,2,80,10,90,12,38.5,242.84375,2.8999023,0.89990234,2.09960938,131,7.479492,135,23,1968,0,1
46.13797,0,2,1681,1,151,22.5976562,136,25,38.89844,116,3.2998047,1.79980469,0.89990234,132,7.449219,135,23,1968,0,1
63.422,1,2,72,2,126,8.79882812,104,8,35.29688,142.84375,2.699707,4.39941406,7,128,7.459961,135,23,1968,0,1
65.89496,0,1,1679,0,125,10.5996094,70,9,37.69531,331.375,2.8999023,0.89990234,0.69995117,134,7.469727,135,23,1968,0,0
64.10394,1,1,15,1,65,15.2988281,118,10,36.59375,167.5,3.199707,1,1,136,7.509766,135,23,1968,0,0
68.20496,1,1,1495,1,136,10.0996094,54,26,36.19531,145.6875,3.199707,0.89990234,1.39990234,133,7.359375,135,23,1968,0,1
42.88797,1,2,1364,1,127,28.0976562,154,36,36.09375,226.65625,4.2998047,4.69921875,0.69995117,138,7.439453,135,23,1968,0,1
70.51599,1,1,60,1,97,8.29882812,68,16,35.29688,224,2.8999023,0.29998779,0.5,136,7.419922,135,23,1968,4,5
74.09998,1,1,78,1,137,13.6992188,112,24,36.39844,224,2.8999023,0.29998779,1,137,7.419922,135,23,1968,0,3
69.10895,1,2,37,1,119,6.59960938,110,50,38,296,2.8999023,0.89990234,0.59997559,134,7.489258,135,23,1968,0,0
72.73895,0,2,1673,2,72,12.0996094,64,30,36.79688,196.65625,3,0.89990234,1.39990234,136,7.479492,135,23,1968,1,0
68.62994,1,2,33,0,68,29.5976562,144,40,40.59375,71,2.8999023,0.39996338,1.59985352,136,7.40918,135,23,1968,0,0
56.30899,1,1,86,2,81,11.2988281,118,32,37.09375,144.875,2.8999023,0.69995117,1.09985352,136,7.449219,135,23,1968,1,2
75.12695,0,2,1673,3,100,15,76,40,36,252.375,2.8999023,0.19998169,0.79992676,138,7.419922,135,23,1968,0,6
65.80194,1,2,5,2,120,11.7988281,124,24,35.09375,364,2.8999023,0.89990234,0.89990234,135,7.25,135,23,1968,0,0
42.67798,1,2,869,4,97,7.59960938,70,21,36.39844,357.125,2.8999023,1.19995117,3.09960938,134,7.389648,135,23,1968,0,5
47.51797,1,1,226,2,99,20.1992188,74,10,36.69531,366.625,3.199707,0.5,0.69995117,143,7.459961,135,23,1968,0,0
28.211,1,2,14,1,133,30.0976562,126,12,38.69531,172.5,2.8999023,0.79992676,1.89990234,143,7.5,135,23,1968,0,0
77.89496,1,2,1394,1,60,27.5976562,104,10,36.39844,263.3125,2.8999023,0.29998779,5.79980469,131,7.379883,135,23,1968,0,1
56.12299,1,1,1213,4,61,10.1992188,74,12,35.09375,83.0625,2.8999023,0.09999084,4.89941406,138,7.519531,135,23,1968,0,1
72.81897,1,2,194,2,59,15.7988281,48,22,37.5,176.65625,2.8999023,0.89990234,2.89990234,128,7.5,135,23,1968,0,1
74.80396,0,2,1666,1,64,7.59960938,104,26,38.29688,220,2.8999023,0.5,1.39990234,135,7.459961,135,23,1968,0,0
65.39099,1,2,7,1,45,0.09999084,140,30,38.69531,230,1.1999512,4.89941406,2.59960938,149,7.449219,135,23,1968,0,6
65.01794,1,2,3,1,73,14.3984375,0,0,35.89844,270,3.699707,2.19970703,1.59985352,149,7.459961,135,23,1968,0,0
37.70798,1,2,95,4,123,2.39990234,120,22,39.19531,485.6875,1.3999023,3.79980469,0.89990234,145,7.489258,135,23,1968,0,1
51.80798,1,2,224,1,69,18.8984375,110,10,36.29688,90,2.2998047,7.29980469,1.29980469,150,7.5,135,23,1968,0,3
34.905,1,1,426,1,83,1.09985352,80,16,36.79688,224,2.8999023,0.39996338,1.09985352,142,7.419922,135,23,1968,0,1
67.16797,1,2,239,1,105,5.39941406,72,20,36.59375,224,2.8999023,0.29998779,1,142,7.419922,135,23,1968,0,0
75.53198,1,1,26,3,43,9.59960938,0,25,35.59375,294,2.8999023,1.29980469,3.39990234,149,7.359375,135,23,1968,0,7
59.53699,1,1,3,2,0,26.296875,0,25,36.79688,151,3.199707,0.39996338,10.0996094,131,7.239258,135,23,1968,0,1
52.49799,1,1,3,2,32,60.09375,0,12,38.09375,58,2.8999023,17.1992188,4.69921875,128,7.179688,135,23,1968,0,1
33.49799,0,2,1650,0,46,10.1992188,114,34,34.89844,138.3125,3.2998047,0.79992676,0.5,138,7.339844,135,23,1968,0,5
63.31299,1,2,1023,1,125,7.69921875,100,20,36.19531,224,2.8999023,0.29998779,0.79992676,139,7.419922,135,23,1968,0,1
71.09698,1,2,67,1,90,13.2988281,100,20,38,224,1.7998047,2.39990234,1,135,7.419922,135,23,1968,0,1
33.336,0,1,1648,2,145,21.1992188,124,25,35.89844,300,1,0.19998169,0.89990234,135,7.509766,135,23,1968,1,0
68.323,1,2,9,1,115,3.89990234,110,40,38.29688,276.625,2.5,2,1.39990234,139,7.519531,135,23,1968,0,0
70.06195,1,1,10,2,105,7.29980469,126,32,36.09375,223.3125,2.8999023,1.09985352,1.19995117,142,7.399414,135,23,1968,0,1
30.56499,1,2,17,1,101,17.1992188,114,9,35.29688,253.3125,1.0998535,5.29980469,4.19921875,137,7.439453,135,23,1968,0,0
55.047,0,2,1648,1,62,10.5,136,22,37.89844,140.8125,2.8999023,0.89990234,2,142,7.479492,135,23,1968,0,0
64.51495,0,2,1647,0,62,11.1992188,108,30,38.89844,196.65625,2.8999023,0.89990234,1,137,7.479492,135,23,1968,0,0
72.55896,1,2,26,1,43,1.39990234,46,30,38.5,132.625,2.7998047,1.59985352,3.39990234,145,7.399414,135,23,1968,0,0
53.771,1,2,28,1,65,21.5976562,136,40,39.69531,127.5,1.0998535,0.89990234,0.5,135,7.489258,135,23,1968,0,0
36.78,0,2,1645,2,110,27.0976562,64,29,36.79688,196.65625,2.5,2.19970703,1.59985352,143,7.449219,135,23,1968,6,6
57.37198,0,1,1644,2,57,11.2988281,74,12,36,224,2.8999023,0.89990234,1.79980469,131,7.419922,135,23,1968,0,1
66.06696,1,2,108,2,101,12.5,120,24,36.19531,314.8125,2.8999023,0.89990234,1.39990234,138,7.379883,135,23,1968,5,6
44.71198,1,1,8,2,82,30.3984375,136,37,38.09375,193.3125,1.7998047,0.39996338,0.89990234,148,7.509766,135,23,1968,0,1
66.53296,1,2,941,1,113,7.39941406,64,22,35.29688,390.4375,2.8999023,0.89990234,1,139,7.389648,135,23,1968,0,0
64.47095,1,1,27,2,79,25.6992188,150,14,38.5,274.25,3.699707,46,2.29980469,156,7.509766,135,23,1968,0,1
86.771,1,2,92,1,77,5.39941406,96,24,36.29688,254.15625,2.8999023,0.69995117,0.89990234,144,7.319336,135,23,1968,1,1
65.84497,1,2,21,2,56,7.5,96,26,34.89844,173.3125,2.8999023,0.89990234,0.69995117,130,7.509766,135,23,1968,0,0
36.46298,1,1,7,0,49,6.69921875,130,10,36.89844,380,2.8999023,3.79980469,3.29980469,143,7.419922,135,23,1968,0,1
66.01196,1,1,809,5,73,7.59960938,80,20,36,232,2.8999023,0.89990234,1.59985352,142,7.40918,135,23,1968,1,0
57.34399,1,2,120,3,73,8,114,16,35.29688,361.875,4,0.5,1.29980469,142,7.469727,135,23,1968,0,0
64.30096,1,2,107,1,103,10,100,20,36.59375,224,2.8999023,1.09985352,0.59997559,135,7.419922,135,23,1968,0,0
74.836,1,2,20,3,114,11.5996094,154,51,38,176.65625,3,0.09999084,5.09960938,148,7.429688,135,23,1968,0,3
44.45697,1,1,1124,1,71,13.1992188,120,40,39,169.375,2.8999023,0.5,1.19995117,152,7.369141,135,23,1968,0,0
65.17694,1,2,5,2,52,0.09999084,146,23,39,126.65625,2.3999023,1.09985352,0.79992676,139,7.389648,135,23,1968,0,1
40.961,1,1,6,1,60,6.5,134,42,38.5,200,2.8999023,0.29998779,1.79980469,143,7.389648,135,23,1968,0,7
46.20099,1,2,494,1,47,7.69921875,114,8,38.09375,205,2.699707,1.59985352,0.79992676,142,7.339844,135,23,1968,0,5
46.80099,1,1,81,1,70,0.29998779,80,24,36.09375,215,2.2998047,1.39990234,0.79992676,138,7.429688,135,23,1968,0,0
71.78894,1,2,540,4,82,5.79980469,76,20,35.79688,304.75,2.8999023,0.39996338,1.79980469,144,7.389648,135,23,1968,0,0
33.98798,0,2,1627,0,107,8.79882812,78,24,36.69531,348.9375,2.8999023,0.89990234,1.19995117,137,7.40918,135,23,1968,0,0
34.44498,0,2,1627,0,59,28.5,70,19,35.29688,323.75,1.7998047,8.59960938,2.39990234,153,7.469727,135,23,1968,0,0
62.37598,1,2,7,2,42,13.5,116,14,35.5,173.46875,2.2998047,0.89990234,2.59960938,129,7.329102,135,23,1968,0,1
72.73895,1,2,103,3,57,7.39941406,116,24,36.19531,259.25,2.8999023,0.89990234,0.89990234,135,7.349609,135,23,1968,0,0
62.60397,1,2,785,1,113,4.29980469,66,16,37.69531,224,3.5996094,0.59997559,1.09985352,139,7.419922,135,23,1968,0,0
73.05695,1,2,127,1,69,20.296875,134,36,38,128.5625,2.8999023,0.89990234,1.29980469,142,7.5,135,23,1968,0,3
33.30899,0,2,1625,3,93,14.2988281,102,18,36.5,319,2.8999023,0.89990234,5.5,135,7.359375,135,23,1968,0,1
39.392,1,1,13,1,59,35.296875,100,32,36.39844,428,2,2,1.09985352,133,7.439453,135,23,1968,0,1
50.297,1,2,55,3,79,6,76,28,36.29688,342.8125,2.8999023,1.19995117,1.09985352,138,7.459961,135,23,1968,0,2
62.64798,1,1,19,1,113,13.7988281,136,33,36.19531,55,2.8999023,0.89990234,0.69995117,130,7.419922,135,23,1968,0,1
46.431,0,2,1625,3,109,7.59960938,92,20,38.19531,154,2.199707,5.19921875,0.79992676,141,7.469727,135,23,1968,0,1
44.48199,1,2,9,1,46,1.09985352,130,12,36.29688,165.28125,1.6999512,0.89990234,1.5,125,7.369141,135,23,1968,0,4
38.22598,1,1,17,0,53,9.5,166,20,38.59375,222.84375,2.8999023,0.79992676,1.19995117,147,7.399414,135,23,1968,0,1
43.46899,0,2,1623,2,79,7,60,16,36,224,2.8999023,1.59985352,1.19995117,142,7.419922,135,23,1968,0,0
53.448,0,2,1623,1,81,10.5,76,20,36.19531,224,2.8999023,0.59997559,1.79980469,140,7.419922,135,23,1968,0,1
53.86697,1,2,71,1,70,42.3984375,106,20,36.29688,224,3.7998047,0.69995117,1.39990234,141,7.419922,135,23,1968,0,7
63.51797,0,1,1621,2,122,11.2988281,70,15,36.59375,156.65625,2.8999023,0.89990234,3.09960938,136,7.369141,135,23,1968,1,0
43.50699,1,2,530,2,71,13.2988281,66,14,35.39844,160,2.8999023,0.89990234,0.89990234,134,7.439453,135,23,1968,0,0
49.79898,1,2,7,1,66,0.09999084,120,12,36,177.5,1.3999023,1.19995117,0.79992676,136,7.319336,135,23,1968,0,6
64.12897,1,1,344,1,80,8.59960938,60,16,37.5,224,2.8999023,0.89990234,1.09985352,141,7.419922,135,23,1968,0,0
40.88397,0,1,1619,3,59,12,118,41,38.69531,165,0.3999634,14.3984375,1,147,7.519531,135,23,1968,0,0
65.92999,1,1,867,2,105,9.09960938,60,8,37.59375,216.65625,2.8999023,2.69970703,0.69995117,141,7.429688,135,23,1968,0,0
63.88498,1,2,6,1,42,0.29998779,210,40,40.09375,57,3.199707,3.59960938,1.69995117,154,7.389648,135,23,1968,0,3
70.51599,1,2,8,1,61,18.3984375,166,16,39,70,2.8999023,5.69921875,1.39990234,136,7.339844,135,23,1968,0,1
59.69299,1,2,55,4,65,12.5996094,94,20,35.09375,348,2.8999023,1.69995117,1.69995117,141,7.449219,135,23,1968,3,3
51.01398,1,1,1124,3,64,9.8984375,110,16,35.89844,236,2.8999023,0.89990234,1,126,7.55957,135,23,1968,2,0
39.98898,0,2,1616,0,150,21.5,54,16,36.5,314.25,2.8999023,0.79992676,2,142,7.549805,135,23,1968,0,0
77.36896,1,2,6,3,56,27.796875,144,15,36.39844,95,3,0.59997559,1.89990234,137,7.329102,135,23,1968,0,0
49.28699,1,1,93,1,93,50,92,18,36.89844,224,2.5996094,0.29998779,0.89990234,137,7.419922,135,23,1968,0,0
42.38199,1,2,161,1,100,10.3984375,104,22,39.09375,165.28125,2.8999023,0.89990234,0.59997559,145,7.40918,135,23,1968,0,7
72.82996,1,2,28,1,123,25.5976562,100,26,38.09375,220,2.8999023,0.89990234,0.79992676,136,7.479492,135,23,1968,0,0
38.63397,1,2,280,1,148,10.2988281,64,35,36,280.9375,2.699707,0.19998169,8.19921875,129,7.379883,135,23,1968,5,6
57.33099,1,1,24,2,77,5.5,80,22,36.5,224,3.2998047,4,1.19995117,128,7.419922,135,23,1968,0,0
71.51495,1,2,7,1,60,12.6992188,114,12,39.5,208.5625,2.8999023,0.89990234,9.79882812,140,7.449219,135,23,1968,0,0
70.30798,1,2,16,1,56,9.69921875,130,29,37.89844,226.65625,2.5996094,1.29980469,3.69970703,137,7.489258,135,23,1968,0,3
51.258,1,1,659,1,150,6.39941406,68,20,36.5,224,2.8999023,0.59997559,0.69995117,137,7.419922,135,23,1968,0,1
40.75,0,2,1610,1,77,13.7988281,124,38,38.19531,233.3125,2.0996094,0.5,0.59997559,137,7.479492,135,23,1968,0,1
71.03595,1,1,50,2,73,9.09960938,70,28,36.19531,736.625,2.8999023,0.89990234,0.69995117,137,7.40918,135,23,1968,2,0
68.01898,1,2,165,1,107,7,76,24,36.19531,224,2.8999023,0.39996338,1.69995117,137,7.419922,135,23,1968,0,0
67.11298,1,2,1564,2,67,19.6992188,114,8,39.09375,195,2.8999023,1.5,2.09960938,132,7.509766,135,23,1968,0,1
53.04898,1,1,6,0,62,2.29980469,136,27,37.89844,273.3125,2.8999023,0.89990234,1.39990234,150,7.5,135,23,1968,0,7
61.06198,0,2,1600,1,105,18.8984375,74,8,36.5,310,2.8999023,0.89990234,1.09985352,135,7.479492,135,23,1968,0,0
24.01399,1,1,22,1,112,16.8984375,144,30,40,110,2.8999023,0.89990234,0.69995117,147,7.489258,135,23,1968,0,5
54.02899,0,2,1599,2,53,6.89941406,54,11,36.09375,316,2.8999023,0.89990234,1.19995117,138,7.389648,135,23,1968,0,1
45.81497,1,2,3,2,0,7.19921875,0,22,36.39844,155.6875,1.8999023,0.89990234,4.19921875,152,7.25,135,23,1968,0,1
62.65298,1,1,604,2,87,10.7988281,74,26,36.19531,436,2.8999023,0.89990234,1.09985352,147,7.419922,135,23,1968,2,3
48.95599,1,2,69,1,111,6.69921875,114,11,36.29688,202.84375,2.8999023,0.89990234,6.89941406,141,7.40918,135,23,1968,0,0
68.60199,1,1,244,1,63,25.1992188,126,42,38.29688,194.28125,2.5996094,0.89990234,1.09985352,145,7.549805,135,23,1968,0,0
80.93097,1,2,17,2,134,1,126,36,36,160,2.3999023,1.89990234,3.5,142,7.489258,135,23,1968,0,0
50.95999,0,1,1595,0,59,10.1992188,120,6,38.09375,347.5625,2.5996094,0.19998169,0.69995117,143,7.449219,135,23,1968,0,4
50.64999,1,2,388,1,117,12.6992188,50,20,36.39844,224,4.1992188,0.59997559,1.09985352,141,7.419922,135,23,1968,0,0
37.396,0,2,1593,0,61,6.89941406,126,10,38.39844,223.3125,2.7998047,0.59997559,1.09985352,153,7.479492,135,23,1968,0,0
68.02496,1,2,619,3,110,18.8984375,104,40,36.59375,146.40625,2.8999023,0.89990234,0.89990234,139,7.369141,135,23,1968,0,0
59.86899,0,2,1593,0,117,14.8984375,116,27,39.09375,216.65625,2.7998047,6.39941406,1.29980469,131,7.479492,135,23,1968,0,0
74.59796,0,2,1593,3,101,8,100,24,35.5,356,2.8999023,6.79980469,1.69995117,146,7.459961,135,23,1968,0,1
69.00494,1,1,1133,4,124,6.69921875,176,8,36.19531,233.3125,2.8999023,0.89990234,1.39990234,137,7.389648,135,23,1968,1,0
70.89398,1,1,6,3,119,11.8984375,100,8,36.79688,386.625,2.8999023,0.89990234,9.8984375,133,7.399414,135,23,1968,0,5
64.91998,1,2,156,1,55,49.3984375,210,5,39.29688,253.3125,3,0.89990234,2,131,7.319336,135,23,1968,0,0
67.88495,1,1,16,2,77,4.29980469,98,20,37.19531,224,2.8999023,19.0976562,1.09985352,135,7.419922,135,23,1968,0,0
52.99899,1,2,17,1,126,4.59960938,64,28,38.09375,224,2.8999023,13,1.09985352,139,7.419922,135,23,1968,3,1
64.909,1,2,22,2,67,5.39941406,52,16,37.69531,224,2.8999023,0.19998169,1.39990234,135,7.419922,135,23,1968,0,0
30.795,1,1,13,2,55,13.3984375,116,11,38.69531,148,2.5,0.5,0.89990234,140,7.419922,135,23,1968,0,1
38.133,0,1,1587,0,113,27.796875,140,33,38.59375,368,2.5,4.89941406,1.69995117,148,7.469727,135,23,1968,0,2
69.00195,1,1,20,1,96,19.6992188,110,10,36.59375,290,2.699707,7.69921875,2,151,7.459961,135,23,1968,0,2
74.31299,1,1,40,2,72,5.79980469,124,31,35.5,176,2.8999023,0.89990234,0.39996338,138,7.459961,135,23,1968,0,7
66.18994,1,2,89,2,101,11.7988281,64,16,37.39844,224,2.5,0.89990234,0.89990234,136,7.419922,135,23,1968,1,1
58.89697,0,1,1583,0,72,11.1992188,74,8,39,266.625,2.8999023,0.89990234,0.5,135,7.459961,135,23,1968,0,0
65.83398,1,2,7,1,75,6.79980469,11,10,39.29688,386.625,3.0996094,0.59997559,1.5,142,7.429688,135,23,1968,0,0
57.487,1,2,37,1,70,10,100,9,36.19531,226.65625,2.8999023,0.89990234,0.89990234,139,7.419922,135,23,1968,0,7
70.65295,0,2,1574,3,77,9.79882812,72,26,36.79688,225,2.3999023,0.89990234,1,134,7.429688,135,23,1968,0,1
53.185,1,2,17,2,48,13,52,30,35.19531,104,2.0996094,0.69995117,2.39990234,136,7.339844,135,23,1968,0,1
77.63696,1,1,10,1,37,26,96,38,35.79688,108.32812,2.8999023,0.89990234,1.69995117,141,7.129883,135,23,1968,0,1
31.59799,1,2,747,3,145,4.69921875,64,28,36.39844,132.5,2.0996094,0.39996338,5.19921875,142,7.439453,135,23,1968,0,0
59.13998,1,2,164,1,87,11,120,24,36.29688,224,2.8999023,0.19998169,0.59997559,135,7.419922,135,23,1968,0,5
47.99698,0,2,1572,1,62,14.1992188,126,27,38.29688,384,3,1.09985352,0.79992676,128,7.449219,135,23,1968,0,1
61.15298,1,2,1321,2,60,7.19921875,62,36,35.89844,224,2.8999023,0.89990234,1.09985352,139,7.399414,135,23,1968,2,1
64.07397,1,2,14,1,73,28.6992188,114,27,36,123.32812,3.0996094,2.5,6.19921875,135,7.379883,135,23,1968,0,0
60.73398,0,2,1572,0,71,19.1992188,114,8,38.09375,155,2.8999023,3,1.09985352,132,7.369141,135,23,1968,0,0
38.27499,0,1,1572,0,147,17.5976562,134,12,38.5,160,2.2998047,1.29980469,0.59997559,130,7.359375,135,23,1968,0,1
43.53998,1,2,38,2,77,6.39941406,124,38,39.89844,376.1875,2.8999023,2.39990234,0.5,141,7.459961,135,23,1968,0,0
35.66898,0,1,1568,0,49,19.6992188,144,48,39.59375,55,2.7998047,0.5,0.79992676,135,7.40918,135,23,1968,0,0
56.81598,1,1,5,4,115,7.79980469,72,24,36.19531,300,2.8999023,0.89990234,1.59985352,133,7.449219,135,23,1968,0,0
42.14099,0,2,1567,2,59,7.39941406,74,24,37.79688,376.625,2.8999023,1,1.09985352,132,7.469727,135,23,1968,0,0
47.62198,1,2,288,1,78,3.59960938,64,16,36.19531,224,3.699707,1.69995117,0.79992676,136,7.419922,135,23,1968,0,1
65.20697,0,1,1566,3,100,5.19921875,80,32,36.39844,161.875,3.3999023,2.19970703,1.09985352,136,7.399414,135,23,1968,4,4
75.07495,1,2,18,0,71,15.5996094,74,11,37.79688,146.65625,2.3999023,3.19970703,4.09960938,138,7.469727,135,23,1968,0,1
58.29199,1,2,4,3,70,15.5996094,0,0,35.5,228,2.8999023,0.39996338,3.5,124,7.15918,135,23,1968,0,3
65.86395,1,2,99,1,75,11,88,28,37.19531,228.5625,4,0.5,0.79992676,130,7.489258,135,23,1968,0,2
59.064,1,2,418,1,109,5.89941406,80,24,38.19531,224,3.199707,0.89990234,0.89990234,139,7.419922,135,23,1968,0,0
35.57797,0,2,1557,3,70,9.79882812,120,30,36,295.625,2.699707,0.89990234,0.89990234,133,7.349609,135,23,1968,0,5
25.56899,0,2,1558,4,119,1.29980469,114,12,35.79688,456.625,2.199707,0.89990234,5.29980469,144,7.439453,135,23,1968,2,1
60.05197,1,2,287,1,71,6.29980469,72,16,36.69531,224,2.8999023,7.29980469,1,136,7.419922,135,23,1968,0,1
88.19196,1,2,711,2,52,7.29980469,144,11,36.69531,240,2.0996094,0.39996338,2.29980469,139,7.269531,135,23,1968,0,7
48.42999,1,2,6,1,75,12.8984375,138,10,34.79688,98.32812,2.199707,2.39990234,1.89990234,138,7.449219,135,23,1968,0,0
72.78894,1,2,179,2,120,11.3984375,120,28,36.09375,224,2.8999023,0.59997559,1.79980469,136,7.419922,135,23,1968,0,1
25.618,1,1,12,3,59,15.6992188,100,33,35.59375,213.3125,2.2998047,20.296875,3.29980469,130,7.439453,135,23,1968,0,3
50.11398,0,2,1551,2,115,5.79980469,100,28,36.69531,304.75,2.8999023,0.89990234,0.89990234,141,7.419922,135,23,1968,0,1
59.28497,1,2,17,1,103,20.1992188,100,20,37,290.4375,2.0996094,0.19998169,0.5,138,7.5,135,23,1968,4,6
50.396,1,1,14,1,109,39.1953125,106,28,36.59375,160,2.699707,0.89990234,1.09985352,137,7.479492,135,23,1968,0,5
69.72498,1,1,56,1,113,12.5996094,120,36,38,193.3125,2.5996094,1.5,0.79992676,148,7.349609,135,23,1968,0,0
47.10999,1,1,532,2,80,10.3984375,100,20,38,224,1.5998535,5.79980469,0.89990234,136,7.419922,135,23,1968,0,1
77.96899,1,1,19,1,103,12.1992188,96,36,36.09375,260,2.5,5.29980469,0.69995117,129,7.429688,135,23,1968,0,0
43.99698,1,2,19,2,97,8.19921875,130,12,38.79688,496.625,2.8999023,1.79980469,0.79992676,142,7.5,135,23,1968,0,0
19.85199,1,2,8,0,63,20.0976562,124,20,38.39844,98.32812,3.199707,21.1992188,3.69970703,137,7.429688,135,23,1968,0,1
79.69098,1,1,22,0,56,9.59960938,114,34,38.5,293.3125,4.0996094,9.5,0.79992676,136,7.449219,135,23,1968,0,0
40.34998,0,1,1546,5,87,13.6992188,80,20,35.59375,125,2.7998047,0.29998779,8.3984375,127,7.40918,135,23,1968,0,0
36.90298,1,2,53,1,73,12.2988281,130,9,34.89844,347.5625,2.3999023,5.5,2.59960938,131,7.40918,135,23,1968,5,6
76.51196,1,1,331,1,109,1.29980469,92,20,36.79688,224,2.8999023,0.89990234,1.09985352,139,7.419922,135,23,1968,1,1
41.629,1,2,1238,0,114,13.7988281,114,60,40,227.5,2.8999023,1.19995117,1.39990234,144,7.439453,135,23,1968,0,0
40.452,0,2,1545,1,117,16.0976562,98,26,36.09375,260,2.8999023,0.89990234,0.79992676,135,7.339844,135,23,1968,0,1
71.96698,1,1,19,0,137,15.5,116,35,38.5,372,2.7998047,0.89990234,2.09960938,134,7.389648,135,23,1968,0,0
43.37299,1,2,3,1,0,16.8984375,0,14,35.79688,273.3125,2.5996094,12.5996094,4.29980469,149,7.319336,135,23,1968,0,1
56.556,1,1,283,1,103,6,100,28,38.5,224,2.8999023,1.19995117,0.59997559,140,7.419922,135,23,1968,0,1
82.58197,1,1,12,0,47,17,106,10,36.09375,260,2.8999023,10,6.09960938,123,7.319336,135,23,1968,0,0
36.74197,1,2,8,0,63,14.5,140,32,35.69531,146.65625,2.8999023,0.89990234,1.09985352,143,7.469727,135,23,1968,0,0
48.30698,0,2,1540,1,110,28.1992188,50,16,37,443.4375,2.7998047,0.89990234,5,131,7.40918,135,23,1968,0,1
65.13599,1,2,1178,1,53,20,116,28,39,194,3.2998047,4.79980469,2.19970703,130,7.439453,135,23,1968,0,0
48.931,0,2,1538,1,111,13.7988281,74,8,38.89844,304,3.199707,0.29998779,1,138,7.369141,135,23,1968,0,2
73.54999,1,2,40,0,136,14.5996094,158,29,35.59375,200,1.5998535,3.29980469,5.5,138,7.519531,135,23,1968,0,7
77.86694,0,2,1537,2,75,21.5976562,140,9,38.29688,187.5,2.8999023,0.89990234,2.19970703,151,7.389648,135,23,1968,0,1
67.54297,1,1,11,3,80,3.69970703,106,24,37.39844,164,2.8999023,0.29998779,0.39996338,136,7.25,135,23,1968,5,5
76.61597,1,2,12,1,81,13.8984375,64,40,39.79688,410,3.0996094,0.89990234,0.79992676,146,7.469727,135,23,1968,0,5
56.91998,1,2,8,1,111,12.1992188,116,22,36.59375,316.625,1.7998047,0.69995117,0.5,135,7.429688,135,23,1968,0,5
42.46997,0,2,1534,0,101,5.79980469,70,12,38.09375,304.75,2.8999023,0.19998169,0.69995117,136,7.439453,135,23,1968,0,2
34.56299,1,2,427,1,87,11.8984375,84,20,36.09375,266.625,3.699707,0.5,0.69995117,140,7.469727,135,23,1968,0,1
79.19196,1,2,390,0,52,16.296875,74,26,37.59375,179.5625,2.5,0.89990234,4.29980469,130,7.359375,135,23,1968,0,0
80.60498,1,2,193,3,87,15.5996094,64,28,36.59375,145.6875,2.8999023,0.29998779,1,134,7.439453,135,23,1968,0,0
44.39398,1,2,3,0,0,20.796875,0,0,35,544,2.8999023,0.89990234,2.5,154,7.479492,135,23,1968,0,1
51.504,1,2,259,0,81,7.5,66,26,38.29688,303.3125,2.8999023,0.89990234,1.19995117,145,7.439453,135,23,1968,0,1
75.35699,1,2,62,1,65,0.19998169,110,8,36.79688,233.3125,2.3999023,0.89990234,0.59997559,134,7.5,135,23,1968,0,7
67.52399,0,2,1529,1,75,8.3984375,156,37,38.5,305.6875,2.3999023,0.39996338,1.5,138,7.40918,135,23,1968,0,0
48.728,1,2,849,3,106,5.69921875,84,20,35.79688,224,3.0996094,2.19970703,1.69995117,134,7.419922,135,23,1968,0,1
66.80597,1,2,320,1,100,14.7988281,100,24,36.59375,420,2.2998047,1.29980469,1,144,7.389648,135,23,1968,0,0
68.70898,1,2,23,0,115,12.7988281,124,33,37.19531,108.32812,2.8999023,0.79992676,0.89990234,140,7.439453,135,23,1968,0,0
40.99899,1,2,444,3,120,5.29980469,85,22,36,300,2.0996094,0.39996338,3.29980469,142,7.449219,135,23,1968,0,0
52.97198,1,2,8,0,96,17.1992188,52,12,36.69531,290,2.8999023,0.29998779,1.09985352,136,7.5,135,23,1968,0,1
66.64496,0,1,1527,1,51,20,104,38,38.79688,208,3.7998047,12.0996094,2.09960938,131,7.399414,135,23,1968,0,1
62.69998,0,2,1526,0,100,16.296875,124,14,36,255.53125,2.8999023,0.89990234,0.69995117,147,7.479492,135,23,1968,0,0
49.45099,1,1,297,0,133,8,64,12,37.39844,292,2.8999023,0.89990234,0.39996338,132,7.469727,135,23,1968,0,0
61.99298,1,1,13,2,50,25.296875,110,20,36.59375,54,2.3999023,0.09999084,1.09985352,139,7.349609,135,23,1968,0,5
39.82999,0,1,1525,0,142,6.39941406,114,28,38.29688,160,2.5996094,0.5,1.19995117,137,7.479492,135,23,1968,0,0
41.91898,0,2,1524,1,73,5.69921875,104,24,38.29688,224,2.8999023,0.19998169,1.19995117,139,7.419922,135,23,1968,0,1
70.52197,1,2,20,0,65,14.5996094,118,23,36.79688,157.5,2.8999023,2.59960938,1.09985352,152,7.509766,135,23,1968,0,1
59.95099,1,2,493,3,109,9.29882812,126,32,35.39844,168.5625,2.8999023,0.89990234,1.59985352,138,7.469727,135,23,1968,5,7
63.064,0,1,1522,1,67,11.3984375,120,17,37.79688,141.65625,2.5,0.59997559,1.19995117,156,7.419922,135,23,1968,0,1
52.70898,1,1,29,1,77,7.19921875,124,24,38.59375,292,2.3999023,0.39996338,0.69995117,140,7.389648,135,23,1968,0,0
31.28299,1,1,12,6,105,19.3984375,124,30,38.19531,303.3125,2.5996094,20,2.5,145,7.489258,135,23,1968,0,3
57.21597,0,1,1521,0,129,8.19921875,124,10,38.39844,146,2.5996094,0.79992676,5,131,7.359375,135,23,1968,0,1
53.33298,1,2,10,2,70,6,130,18,38.29688,93.32812,2.8999023,0.89990234,0.79992676,135,7.389648,135,23,1968,0,7
56.04898,1,2,742,1,95,0.79992676,136,9,38.29688,185,2.8999023,0.89990234,2.59960938,144,7.299805,135,23,1968,0,1
54.92099,0,2,1518,0,77,11,70,38,36.09375,312,1.7998047,9.59960938,9.19921875,132,7.399414,135,23,1968,0,0
59.29898,1,2,67,1,95,10.7988281,76,16,36.89844,224,2.8999023,0.5,0.79992676,138,7.419922,135,23,1968,0,3
53.03198,0,2,1517,2,67,7.89941406,112,15,35.59375,428.5625,2.8999023,0.79992676,1.09985352,134,7.509766,135,23,1968,3,3
61.55499,1,2,770,1,172,6.5,136,47,35.59375,233.3125,1.8999023,0.39996338,1.39990234,141,7.339844,135,23,1968,0,1
77.659,1,2,12,2,63,7.19921875,106,15,35.69531,167.5,2.8999023,0.89990234,2.69970703,128,7.439453,135,23,1968,0,0
68.18597,1,2,99,2,83,13.0996094,80,20,37.5,224,2.8999023,0.19998169,0.69995117,134,7.419922,135,23,1968,3,2
63.83298,1,2,930,1,99,4.5,76,22,36.69531,224,3.0996094,0.89990234,1,142,7.419922,135,23,1968,0,0
43.58698,1,1,362,1,114,15.8984375,134,10,38.5,140,2.7998047,5.5,0.79992676,142,7.459961,135,23,1968,0,0
89.23199,1,2,201,3,63,5.69921875,130,6,37,117.76562,2.8999023,0.89990234,1.79980469,146,7.489258,135,23,1968,0,0
69.98499,1,1,87,1,122,31.0976562,76,28,35.79688,224,2.699707,0.09999084,0.59997559,137,7.479492,135,23,1968,2,0
65.62396,1,2,64,1,75,10,130,24,36.5,224,2.8999023,0.89990234,0.79992676,139,7.419922,135,23,1968,0,3
23.19199,1,2,82,0,122,15.1992188,114,41,37.69531,220,2.8999023,0.89990234,0.19998169,136,7.589844,135,23,1968,0,5
60.646,1,2,5,2,61,16.5976562,124,8,36,160,2.5,3.09960938,5.39941406,131,7.369141,135,23,1968,0,1
44.05197,1,1,5,1,51,9.8984375,60,31,40.09375,283.3125,3.2998047,12,3,133,7.419922,135,23,1968,0,0
70.14899,1,1,4,1,70,16.5976562,64,28,38.5,220,2.5,1.09985352,2.69970703,135,7.579102,135,23,1968,0,1
69.66498,0,1,1510,3,107,9.59960938,84,22,36.39844,214.28125,3.3999023,0.29998779,1.59985352,136,7.419922,135,23,1968,0,1
65.47296,1,1,3,0,0,11.8984375,0,0,38.09375,248,4.0996094,4.5,2.59960938,135,7.459961,135,23,1968,0,1
68.18097,1,2,9,1,69,29.5976562,122,34,36.79688,72,1.3999023,0.89990234,0.69995117,139,7.539062,135,23,1968,0,1
75.15399,1,2,1421,1,107,5.5,108,24,36,364,4.2998047,0.39996338,0.89990234,144,7.359375,135,23,1968,1,0
65.42395,0,1,1500,1,77,3.59960938,80,20,37,224,2.8999023,3.5,0.69995117,124,7.419922,135,23,1968,1,0
72.79095,1,2,5,0,68,22.296875,112,8,38.79688,151.65625,2.8999023,0.09999084,7.29980469,128,7.40918,135,23,1968,0,1
66.146,1,2,12,2,53,1,160,40,36.5,313.3125,3,1.09985352,5.29980469,134,7.349609,135,23,1968,0,2
74.89697,0,2,1499,1,75,14.3984375,96,12,36.59375,288,2.8999023,1.19995117,1.59985352,131,7.429688,135,23,1968,0,0
60.241,0,1,1497,1,108,7,46,16,36.19531,396,1.2998047,0.29998779,0.59997559,129,7.449219,135,23,1968,0,1
51.85498,0,1,1497,0,76,8.5,114,24,36.19531,328,2.8999023,0.89990234,0.5,137,7.399414,135,23,1968,1,0
43.63898,0,2,1496,0,78,7,56,24,36,352.375,2.8999023,2.09960938,0.79992676,139,7.419922,135,23,1968,0,1
40.41898,1,1,99,0,69,14,114,26,37.79688,126.65625,2.8999023,1.19995117,3.39990234,149,7.469727,135,23,1968,0,0
33.66998,1,2,22,1,107,17.1992188,84,24,36.29688,224,2.699707,0.79992676,0.79992676,137,7.419922,135,23,1968,1,6
75.66595,1,1,13,0,71,8.5,64,40,38.59375,194.28125,2.199707,0.89990234,0.59997559,138,7.369141,135,23,1968,0,4
44.85999,1,2,26,0,141,11.5996094,116,60,35.39844,447.5625,2.8999023,0.89990234,0.39996338,130,7.429688,135,23,1968,0,0
51.90097,1,2,517,2,65,7.19921875,64,26,36.29688,385.6875,3.199707,1.69995117,1,126,7.5,135,23,1968,0,0
69.06799,1,2,36,0,120,19.296875,110,25,38.29688,303.3125,2.7998047,5.59960938,7,138,7.429688,135,23,1968,0,0
30.70499,1,1,16,2,70,13.6992188,156,36,41,125,2.8999023,1.29980469,1.59985352,145,7.429688,135,23,1968,0,0
52.57498,1,2,78,1,115,12.1992188,84,20,36.89844,224,2.8999023,0.79992676,1.09985352,139,7.419922,135,23,1968,0,1
59.69598,0,2,1488,2,87,5.5,110,20,35.69531,433.3125,2.8999023,4.19921875,1.39990234,129,7.519531,135,23,1968,0,1
65.62598,1,2,626,2,109,11.7988281,60,10,36.79688,142,2.8999023,0.89990234,1.29980469,128,7.469727,135,23,1968,0,2
62.30298,1,2,758,2,67,10.5996094,108,16,37,312,2.8999023,0.5,2.19970703,136,7.40918,135,23,1968,0,1
48.72299,0,1,1488,1,55,4.09960938,130,14,39.79688,288,2.7998047,0.19998169,10,145,7.439453,135,23,1968,0,0
79.80798,1,2,8,4,64,13.3984375,50,6,37.5,310,2.5,0.89990234,5.09960938,133,7.359375,135,23,1968,0,7
55.64999,1,1,777,1,63,17.296875,110,24,38,253.3125,2.8999023,0.39996338,4.59960938,143,7.429688,135,23,1968,0,0
45.57397,0,1,1487,0,80,12.6992188,104,40,38.59375,316.625,2.8999023,0.89990234,0.59997559,128,7.429688,135,23,1968,0,1
52.16199,1,2,284,1,107,10,75,16,35.79688,224,2.8999023,0.39996338,0.89990234,142,7.419922,135,23,1968,0,0
73.52795,1,2,7,1,51,9.5,114,30,39.09375,162.5,2.8999023,0.89990234,1.19995117,154,7.339844,135,23,1968,0,2
61.37399,1,2,40,1,83,14.0996094,75,16,35.69531,342.8125,2.8999023,1.69995117,0.59997559,140,7.489258,135,23,1968,0,1
66.52698,1,1,17,1,50,8.69921875,110,25,35.69531,111.65625,2.699707,0.29998779,1.09985352,141,7.339844,135,23,1968,0,1
59.60599,0,2,1483,1,110,13.7988281,96,8,38.19531,316.625,2.7998047,4.29980469,1.29980469,142,7.439453,135,23,1968,0,7
54.92999,1,1,472,1,87,5.79980469,80,20,36.5,224,3.2998047,0.09999084,0.5,143,7.419922,135,23,1968,0,0
30.07799,1,2,6,0,129,6.89941406,70,45,35.39844,283.3125,4.8994141,44.09375,4.79980469,151,7.469727,135,23,1968,0,1
71.83795,1,2,264,4,99,5.59960938,96,24,36.79688,224,3.3999023,8.79882812,0.79992676,139,7.419922,135,23,1968,0,0
83.21997,1,2,4,1,28,11.3984375,70,24,38.5,184,2.8999023,27,5.39941406,152,7.379883,135,23,1968,0,1
69.60999,1,2,174,2,80,6.89941406,60,24,36.59375,224,2.8999023,0.89990234,2,143,7.419922,135,23,1968,0,6
65.65399,0,1,1478,0,133,10.1992188,11.398438,36,38.79688,137.5,2.8999023,0.89990234,0.79992676,136,7.509766,135,23,1968,0,2
72.797,0,1,1478,0,66,4.69921875,130,10,35.89844,260,1.8999023,12.8984375,1.39990234,149,7.449219,135,23,1968,0,1
77.46198,1,2,107,1,117,22.1992188,118,10,35.39844,230,1.5998535,0.5,3.59960938,149,7.489258,135,23,1968,0,0
71.06097,0,1,1460,1,90,10.6992188,126,28,38,200,2.8999023,0.89990234,0.89990234,134,7.419922,135,23,1968,0,0
68.73395,0,1,1458,2,97,3.79980469,110,25,38.29688,126.51562,2.8999023,0.89990234,0.89990234,139,7.439453,135,23,1968,0,1
40.92499,1,1,113,1,63,11.6992188,120,14,36.09375,74.28125,2.8999023,0.69995117,0.59997559,143,7.509766,135,23,1968,0,1
61.74399,1,2,7,1,137,12.5996094,60,10,35,230,2.0996094,0.09999084,0.79992676,147,7.5,135,23,1968,0,0
61.405,1,1,784,1,120,20.5976562,86,20,36.19531,224,2.8999023,0.29998779,1.09985352,141,7.419922,135,23,1968,0,0
25.00999,0,2,1455,0,69,12.2988281,104,11,36.19531,352,2.3999023,4,1.19995117,137,7.359375,135,23,1968,0,0
46.702,0,1,1454,0,73,11.1992188,74,24,38.29688,177.5,2.3999023,0.89990234,1.29980469,136,7.449219,135,23,1968,0,0
78.98999,1,1,224,2,65,10.5996094,96,8,36.29688,326.625,2.8999023,0.89990234,1.59985352,139,7.369141,135,23,1968,0,0
80.45197,1,1,19,1,89,13.8984375,86,20,36.39844,224,2.5,11.1992188,1.19995117,140,7.419922,135,23,1968,0,1
50.88599,1,2,10,2,67,6.5,134,30,38.5,98.65625,2.199707,0.39996338,0.79992676,141,7.389648,135,23,1968,0,1
68.39996,1,2,1346,1,121,3.39990234,140,8,39.79688,167.5,1.5,0.5,2.19970703,148,7.529297,135,23,1968,0,5
59.35898,1,2,499,2,113,13.5,110,24,36.5,220,3.199707,0.09999084,0.69995117,147,7.399414,135,23,1968,0,4
30.33299,1,1,43,1,113,11.5996094,130,28,39,132.71875,2,0.19998169,0.59997559,143,7.429688,135,23,1968,0,0
64.82996,1,2,724,2,145,5.59960938,186,8,38,91,2.8999023,0.89990234,0.69995117,142,7.369141,135,23,1968,0,3
68.75,1,1,10,2,70,14.5,108,8,36.19531,423.3125,1.1999512,0.29998779,3,134,7.449219,135,23,1968,0,1
83.79999,1,2,598,2,99,5.89941406,80,16,36.19531,224,3.199707,0.5,1.19995117,145,7.439453,135,23,1968,0,0
64.698,1,2,247,1,119,8.8984375,60,24,36.29688,224,3.8999023,0.59997559,0.89990234,136,7.419922,135,23,1968,0,0
29.30299,1,1,336,2,56,1.09985352,134,38,39.29688,414.25,2.2998047,5.89941406,0.89990234,135,7.419922,135,23,1968,0,3
74.89697,1,2,100,3,103,14.5,55,32,38.5,108.15625,2.8999023,0.89990234,2.89990234,134,7.459961,135,23,1968,0,1
60.44098,1,2,95,1,63,7,74,22,36.19531,542.75,2.8999023,1.29980469,3.79980469,132,7.269531,135,23,1968,0,0
37.06198,1,1,436,0,73,0.29998779,144,32,39.29688,206.65625,1.6999512,0.39996338,1,154,7.379883,135,23,1968,0,1
85.40997,1,2,7,1,70,42.6953125,120,48,33.89844,112.23438,2.8999023,1.69995117,0.79992676,139,7.529297,135,23,1968,0,1
35.71799,1,1,22,2,59,14.2988281,144,9,36.79688,286.625,2.2998047,0.89990234,5.5,134,7.289062,135,23,1968,0,0
57.65097,1,2,274,1,83,15.5996094,108,16,36.19531,224,3,0.29998779,0.89990234,135,7.419922,135,23,1968,3,1
57.34399,0,1,1441,1,70,3.89990234,74,20,36.79688,224,2.5,2.5,0.89990234,138,7.419922,135,23,1968,1,0
79.05499,0,1,1441,0,87,9.5,114,28,37.79688,452.375,2.199707,1.09985352,2,141,7.439453,135,23,1968,0,3
52.38599,1,2,59,2,65,11.7988281,106,8,37.39844,110,2.8999023,0.89990234,2.89990234,136,7.389648,135,23,1968,0,1
19.92599,0,2,1438,0,125,9.19921875,136,44,38.69531,376.1875,2.8999023,0.89990234,0.69995117,144,7.469727,135,23,1968,0,7
57.72998,1,2,13,2,107,7.09960938,136,8,35.89844,266.625,3.0996094,7,4.69921875,135,7.469727,135,23,1968,0,1
73.13898,0,1,1439,1,107,12.5996094,116,10,38.69531,260,2.3999023,0.69995117,1.79980469,146,7.40918,135,23,1968,0,0
43.90399,0,2,1437,1,111,13.1992188,68,10,38.29688,172.5,2.8999023,4.39941406,1,134,7.399414,135,23,1968,0,1
25.67,1,2,229,1,81,3.69970703,20,20,36.5,224,2.2998047,0.29998779,0.89990234,139,7.419922,135,23,1968,1,1
80.13696,1,1,621,0,111,6.19921875,56,26,36,157.5,2.8999023,0.89990234,0.79992676,140,7.479492,135,23,1968,0,0
70.57898,1,2,617,0,129,4.79980469,68,9,36.69531,142,2,1.59985352,0.89990234,132,7.519531,135,23,1968,0,0
86.35999,1,1,741,3,61,6.39941406,56,16,35.69531,442.8125,2.8999023,0.89990234,1.09985352,134,7.469727,135,23,1968,0,1
40.74698,1,2,46,3,103,4.39941406,100,20,36.79688,224,2.5,1.5,1.5,127,7.419922,135,23,1968,0,1
54.86398,0,2,1434,3,83,8.19921875,106,24,36.19531,347.5625,2,11.1992188,0.89990234,130,7.529297,135,23,1968,1,2
60.46799,1,2,5,5,115,13,139,32,37.69531,256.625,1.2998047,0.29998779,1.39990234,138,7.349609,135,23,1968,0,1
57.49799,1,1,74,1,83,5.29980469,94,20,36.19531,224,2.0996094,0.19998169,0.39996338,136,7.419922,135,23,1968,3,3
68.45197,1,1,356,1,75,2.79980469,60,10,38.29688,358.3125,3.3999023,0.89990234,0.69995117,134,7.5,135,23,1968,1,0
39.67697,1,2,69,3,88,6.19921875,106,28,37.69531,285.6875,1.5998535,5.39941406,1,133,7.449219,135,23,1968,0,7
60.81897,1,2,194,2,113,9.3984375,64,22,36.79688,300,1.7998047,0.69995117,1.69995117,130,7.439453,135,23,1968,6,6
66.70795,1,2,23,1,56,15.1992188,124,46,38.29688,116,2.699707,0.29998779,9.59960938,138,7.5,135,23,1968,0,1
76.43298,1,1,197,0,115,10.2988281,66,6,38.39844,428.5625,2.8999023,0.89990234,6.89941406,136,7.379883,135,23,1968,0,1
47.21997,1,2,12,1,150,7.09960938,70,10,38.69531,388,1.7998047,0.79992676,5.29980469,145,7.459961,135,23,1968,0,2
43.05798,0,1,1430,3,118,20.796875,104,52,37.79688,200,2.2998047,7.45996094,1.19995117,137,7.419922,135,23,1968,0,1
88.94495,1,1,15,0,107,6.79980469,124,28,38.5,290,2.7998047,0.89990234,0.89990234,142,7.40918,135,23,1968,0,0
62.31598,1,1,147,0,117,24,104,32,36.39844,300,2.2998047,0.39996338,1.39990234,141,7.439453,135,23,1968,2,0
90.95996,1,1,5,0,107,8.3984375,154,54,36.19531,105.70312,2.8999023,0.89990234,0.69995117,151,7.419922,135,23,1968,0,6
84.17798,1,2,225,2,93,29,120,28,36.19531,204.75,2.8999023,0.39996338,1.79980469,143,7.339844,135,23,1968,0,1
66.00696,1,2,349,1,100,7.59960938,60,28,35.69531,224,2.199707,3.39990234,0.79992676,136,7.419922,135,23,1968,1,1
78.05896,1,1,25,2,50,23,100,32,38,131.09375,3.2998047,2.89990234,6.19921875,136,7.5,135,23,1968,0,1
85.06195,1,1,42,0,107,8,52,36,35.39844,224,3.0996094,0.79992676,1,139,7.419922,135,23,1968,1,0
45.89499,1,2,377,2,75,7.89941406,76,16,35.79688,272,2.8999023,0.89990234,0.69995117,134,7.479492,135,23,1968,0,1
36.64899,1,1,244,1,70,8,104,20,36.79688,224,2.8999023,0.09999084,0.69995117,136,7.419922,135,23,1968,0,1
57.81799,1,2,113,1,104,11.2988281,120,20,36.09375,224,2.8999023,0.19998169,0.79992676,141,7.419922,135,23,1968,2,4
53.66998,0,2,1422,1,77,16.3984375,72,24,35.5,240,2.8999023,0.89990234,1.19995117,141,7.399414,135,23,1968,0,0
75.76196,1,1,137,2,130,10.2988281,120,32,40.09375,423.75,3.2998047,0.29998779,0.79992676,143,7.489258,135,23,1968,1,1
60.38898,0,2,1422,0,125,18.5976562,124,9,39,348,2.699707,0.89990234,0.89990234,141,7.5,135,23,1968,0,0
73.01599,1,1,19,1,54,12,116,10,38.5,182.84375,2.199707,7.5,4.19921875,133,7.339844,135,23,1968,0,0
71.573,1,2,807,2,80,7.29980469,164,25,36.19531,352.8125,2.8999023,0.59997559,1,137,7.599609,135,23,1968,0,1
61.81799,1,2,762,1,123,16.796875,134,28,36.29688,195.90625,2.8999023,0.09999084,1.09985352,134,7.509766,135,23,1968,0,0
71.63898,0,1,1422,0,61,8.19921875,104,12,36.19531,236.65625,2.8999023,0.59997559,2.29980469,142,7.469727,135,23,1968,0,0
80.78296,1,1,8,0,119,21.5976562,104,30,37.89844,316.625,4.2998047,0.89990234,0.69995117,142,7.429688,135,23,1968,0,0
64.92499,1,1,4,2,60,16.0976562,114,27,38.5,292,2.8999023,2.89990234,8.59960938,128,7.399414,135,23,1968,0,1
65.19897,1,1,244,0,55,27.6992188,124,24,37.89844,140,1.8999023,1.09985352,0.69995117,146,7.419922,135,23,1968,4,0
69.99896,1,1,24,0,65,10.7988281,136,28,39.09375,60,1.5,1,0.5,133,7.459961,135,23,1968,0,1
72.849,1,2,105,3,79,9.5,156,40,37.59375,217.84375,2.5,0.29998779,1,139,7.439453,135,23,1968,0,5
60.41898,1,2,38,1,89,18,100,7,38.59375,276.625,2.8999023,0.09999084,1.59985352,129,7.449219,135,23,1968,0,0
43.93198,1,2,258,1,110,2.5,104,32,37.5,224,3.8999023,0.09999084,0.69995117,142,7.419922,135,23,1968,5,5
81.81799,1,1,17,1,115,9.59960938,74,22,35.79688,224,2.5996094,0.69995117,0.89990234,144,7.419922,135,23,1968,0,6
61.133,1,2,213,1,107,9.19921875,64,10,36.5,371.375,2.7998047,1.39990234,1,136,7.399414,135,23,1968,0,0
57.58197,1,1,84,1,78,8.29882812,116,20,36.59375,224,2.8999023,0.39996338,0.59997559,133,7.419922,135,23,1968,6,1
76.98798,1,2,92,2,110,18.6992188,140,40,38.39844,144.875,2.5,1,1.89990234,150,7.429688,135,23,1968,0,0
74.89697,1,1,167,4,105,13.7988281,120,28,36.29688,311.0625,2.8999023,0.89990234,1.09985352,138,7.40918,135,23,1968,1,1
73.20197,0,1,1415,2,141,7.69921875,50,8,36.5,248,1.3999023,1.09985352,2.79980469,158,7.429688,135,23,1968,0,0
28.09299,1,2,180,1,77,9.29882812,80,20,36.59375,224,3.199707,0.89990234,0.89990234,139,7.419922,135,23,1968,0,1
60.15298,1,2,205,1,83,6.59960938,86,20,38.39844,224.96875,3.699707,0.39996338,0.69995117,139,7.419922,135,23,1968,0,0
41.13898,1,2,89,1,87,10.5996094,80,24,36.69531,224,3.7998047,0.19998169,0.59997559,141,7.419922,135,23,1968,0,1
64.71497,1,2,1029,2,70,10.3984375,70,20,36.39844,224,2.5996094,2.19970703,0.89990234,135,7.419922,135,23,1968,4,3
30.33499,1,1,10,1,140,6.5,156,26,38.59375,82.21875,2.8999023,2.69970703,0.79992676,145,7.269531,135,23,1968,0,1
53.22098,1,1,109,1,75,27.6992188,96,12,37.89844,272,2.8999023,2.5,2.19970703,134,7.439453,135,23,1968,0,0
78.10498,1,1,30,1,63,18.5,120,28,37.39844,293.3125,2.8999023,0.89990234,2.5,135,7.379883,135,23,1968,0,7
69.04297,1,1,18,2,62,13.7988281,66,39,36.59375,147.5,2.5,2.5,2.09960938,145,7.169922,135,23,1968,0,6
26.519,0,1,1410,1,145,49.6953125,166,56,38.89844,132.625,1.5,2.79980469,1.09985352,132,7.429688,135,23,1968,1,1
64.52295,1,1,1409,2,73,3.89990234,105,20,36.89844,260.8125,4.3994141,0.29998779,0.69995117,141,7.389648,135,23,1968,0,0
71.79999,0,2,1409,1,100,9.3984375,110,22,36.29688,156,3.199707,0.09999084,0.69995117,141,7.359375,135,23,1968,1,0
64.10095,1,2,8,1,65,11.0996094,64,24,35.29688,352,2.8999023,0.89990234,5.29980469,128,7.339844,135,23,1968,0,0
74.36798,0,1,1409,1,57,11.0996094,70,28,36.69531,412,2.7998047,0.89990234,1.69995117,143,7.339844,135,23,1968,0,1
81.10297,1,2,615,1,100,3.79980469,72,18,36.59375,228.5625,2.8999023,2.09960938,1.39990234,148,7.449219,135,23,1968,0,1
56.64099,1,2,60,1,84,18,126,22,37,319,2.8999023,0.89990234,0.69995117,141,7.479492,135,23,1968,0,0
47.21997,1,2,400,1,80,4.29980469,100,22,38.59375,224,4,0.29998779,0.89990234,142,7.419922,135,23,1968,0,0
66.42297,1,1,109,1,87,6.29980469,100,28,37.79688,447.5625,2.8999023,0.89990234,0.59997559,139,7.569336,135,23,1968,1,1
61.07599,1,1,134,1,113,5.5,70,24,35.69531,224,3.8999023,0.19998169,0.69995117,141,7.419922,135,23,1968,0,0
47.35898,1,2,5,0,55,13.0996094,124,30,40.69531,300,1.2998047,0.09999084,0.79992676,136,7.439453,135,23,1968,0,1
61.65598,1,1,10,1,110,0.19998169,120,42,38.5,248,2.8999023,8.79882812,2.89990234,140,7.359375,135,23,1968,0,0
64.60797,1,1,93,1,81,10.5996094,64,28,36.39844,352.375,2.8999023,1.39990234,1.39990234,139,7.5,135,23,1968,0,1
80.37,1,2,87,0,49,29.6992188,80,36,34,146.65625,1.2998047,2.69970703,2.29980469,153,7.469727,135,23,1968,0,1
70.74298,0,1,1397,1,62,12.7988281,110,8,36.19531,383.3125,2.8999023,5.29980469,2.29980469,147,7.419922,135,23,1968,0,7
45.84497,0,2,1396,0,101,18.6992188,104,31,37.89844,246.65625,2.699707,0.19998169,1,139,7.399414,135,23,1968,0,0
52.22998,1,1,4,1,0,18.5,0,0,38.69531,223.78125,2.8999023,0.89990234,0.69995117,126,7.439453,135,23,1968,0,1
47.16998,0,2,1396,0,137,9.69921875,136,12,37.59375,360,2.8999023,0.89990234,1.19995117,134,7.439453,135,23,1968,0,1
53.18799,0,2,1396,3,82,5.79980469,80,20,36.19531,432,2.8999023,0.59997559,1.5,141,7.459961,135,23,1968,2,1
78.09198,1,1,303,2,73,11.2988281,130,25,36.89844,372,2.8999023,0.89990234,1.89990234,141,7.459961,135,23,1968,0,1
70.47797,1,2,51,1,113,10.6992188,80,28,36.39844,224,2.8999023,2.39990234,0.89990234,138,7.419922,135,23,1968,0,0
61.89999,1,2,106,1,81,14.1992188,124,33,35.09375,193.3125,3.3999023,1.5,4.39941406,130,7.479492,135,23,1968,0,1
57.47299,1,1,222,1,74,10.5,84,20,37.59375,224,2.8999023,0.29998779,0.89990234,140,7.419922,135,23,1968,0,3
39.93198,0,2,1393,1,72,16.296875,70,30,36.5,242.84375,2.8999023,0.19998169,0.79992676,144,7.459961,135,23,1968,0,0
48.077,0,1,1392,2,77,6,74,20,37.79688,224,2.2998047,4.5,0.79992676,136,7.419922,135,23,1968,7,7
60.59399,1,1,7,0,43,0.89990234,114,12,40,298,2.8999023,5,1.69995117,129,7.40918,135,23,1968,0,3
56.35898,0,1,1391,1,60,6.69921875,122,40,38.5,248,2.3999023,2.59960938,2.19970703,127,7.399414,135,23,1968,0,0
84.69299,1,2,44,1,111,12.3984375,60,3,36.5,217.125,2.8999023,0.79992676,3.09960938,142,7.40918,135,23,1968,0,5
67.07196,1,2,94,1,90,6.89941406,72,22,36.69531,224,2.8999023,1.29980469,1,141,7.419922,135,23,1968,0,0
55.75897,0,1,1390,0,63,11.5996094,114,6,38.09375,226.65625,2.8999023,1.69995117,0.69995117,144,7.359375,135,23,1968,0,0
67.77295,1,1,37,3,94,22,130,28,38.5,186.65625,2.8999023,0.79992676,1.59985352,135,7.329102,135,23,1968,5,6
69.95996,1,1,77,4,80,4.29980469,64,28,36.5,366.625,2.8999023,0.89990234,1.29980469,140,7.40918,135,23,1968,0,1
65.39398,1,2,3,1,0,9.3984375,0,14,35.09375,187.5,1.7998047,0.89990234,4.39941406,143,7.329102,135,23,1968,0,0
78.92694,0,2,1387,1,65,15,64,26,36.69531,137.5,2.199707,0.29998779,10.8984375,129,7.399414,135,23,1968,0,1
76.65399,1,1,33,2,71,11.6992188,56,16,35.09375,400,2.8999023,0.89990234,1.19995117,137,7.5,135,23,1968,0,0
57.05698,1,2,6,1,83,6.09960938,114,28,36.39844,356.625,2.7998047,0.29998779,0.79992676,139,7.299805,135,23,1968,0,1
48.51999,0,2,1385,1,54,15,124,28,39.39844,190,2.2998047,1,2.39990234,150,7.419922,135,23,1968,0,7
61.71899,1,1,577,1,101,11,124,23,36.29688,316.3125,2.8999023,0.5,0.5,141,7.389648,135,23,1968,0,0
55.36798,1,1,108,3,82,5.89941406,110,26,39,224,2.8999023,0.89990234,0.69995117,137,7.419922,135,23,1968,0,1
50.17697,0,1,1382,0,130,20.1992188,114,24,38.39844,250,3.8999023,0.89990234,0.79992676,137,7.419922,135,23,1968,0,0
34.15698,0,1,1382,0,112,8.29882812,110,26,36.79688,266.625,2.8999023,0.89990234,1,136,7.469727,135,23,1968,1,1
50.62299,0,1,1382,1,114,7.19921875,104,30,38.5,256.625,2,1.19995117,0.59997559,140,7.5,135,23,1968,0,0
69.81195,1,2,7,1,109,0.5,174,29,40.19531,166,2.8999023,0.59997559,0.79992676,138,7.469727,135,23,1968,0,0
85.53894,0,2,1379,1,93,11,80,26,36,146.9375,2.8999023,0.19998169,1.29980469,146,7.399414,135,23,1968,4,2
53.18799,1,2,285,2,39,16,124,10,36.5,165.6875,2.699707,0.89990234,1.39990234,148,7.449219,135,23,1968,0,2
43.39499,0,1,1379,1,107,3,130,46,36,304.75,2.0996094,0.89990234,1,140,7.449219,135,23,1968,0,1
65.90594,1,2,5,1,73,8.09960938,76,22,35.29688,457.125,1.7998047,26.296875,3.5,130,7.419922,135,23,1968,5,1
54.42798,0,2,1378,1,102,16.296875,104,28,38.09375,150,1.6999512,0.89990234,1.69995117,146,7.389648,135,23,1968,0,7
54.754,0,1,1378,3,83,4.59960938,74,36,36.09375,290,2.8999023,0.89990234,0.79992676,134,7.479492,135,23,1968,0,2
79.55396,1,1,12,0,115,10.8984375,180,36,36.79688,126.65625,2.8999023,0.89990234,1.69995117,138,7.439453,135,23,1968,0,0
52.586,1,2,39,1,60,28.5,156,32,36,476.1875,2.5,1.79980469,2.19970703,146,7.439453,135,23,1968,0,0
89.35199,0,1,1377,3,103,11.3984375,124,28,36.19531,157.125,2.8999023,0.79992676,1.29980469,140,7.439453,135,23,1968,0,4
62.37598,1,2,28,1,61,0.09999084,126,30,38.79688,256,2.8999023,0.79992676,0.89990234,138,7.479492,135,23,1968,0,0
72.45197,1,2,52,1,57,17.1992188,146,24,35.69531,224,2.0996094,0.19998169,0.89990234,137,7.419922,135,23,1968,0,2
44.70599,0,2,1375,0,67,12.5,74,5,36.59375,146.65625,2.8999023,0.89990234,1.39990234,136,7.429688,135,23,1968,0,0
84.95294,1,1,5,2,51,0.19998169,140,27,39.09375,128.3125,2.5996094,3.29980469,3.29980469,141,7.5,135,23,1968,0,0
40.82999,1,2,73,4,83,13,108,20,36.29688,323.75,1.0998535,13.5,1.19995117,146,7.469727,135,23,1968,0,1
72.97998,0,2,1365,1,87,10.6992188,146,33,37,205.6875,3.0996094,0.5,1.69995117,121,7.389648,135,23,1968,0,1
63.74799,1,1,32,1,130,10.8984375,136,32,39.19531,193.3125,2.199707,8.59960938,1.89990234,137,7.429688,135,23,1968,0,0
57.35498,0,2,1364,0,63,10.7988281,126,24,38.89844,224,1.6999512,16.0976562,1.89990234,149,7.389648,135,23,1968,0,1
56.40198,1,2,15,3,63,6.29980469,68,26,36.39844,210,2.199707,5.09960938,1,142,7.449219,135,23,1968,0,0
81.07599,1,2,30,1,47,12.5,42,25,36.29688,190,2.8999023,0.89990234,1.19995117,139,7.469727,135,23,1968,0,4
83.90997,1,1,307,1,108,7.69921875,120,20,36.89844,390,2.8999023,0.39996338,0.69995117,143,7.219727,135,23,1968,1,7
88.58899,0,1,1359,2,69,13,64,35,34.79688,110.20312,2.8999023,0.89990234,1.19995117,139,7.469727,135,23,1968,0,0
68.73395,1,2,6,1,46,10.0996094,160,40,39.09375,112,2.699707,0.09999084,1.79980469,143,7.589844,135,23,1968,0,1
39.01398,1,1,552,1,85,9.3984375,76,20,36.29688,224,3.7998047,0.59997559,0.59997559,142,7.419922,135,23,1968,1,1
72.62695,0,2,1358,0,109,17.1992188,56,28,37.5,316.625,2.8999023,0.89990234,0.79992676,131,7.429688,135,23,1968,0,1
65.32794,1,2,307,1,100,10,64,20,36.69531,224,2.8999023,0.5,1,139,7.419922,135,23,1968,0,0
33.16898,0,2,1355,2,44,5.39941406,120,27,36.5,480.9375,2.5,1.19995117,2.19970703,141,7.449219,135,23,1968,0,1
72.70398,1,2,207,2,132,21.796875,126,23,38.69531,110,2.2998047,0.29998779,0.69995117,133,7.429688,135,23,1968,0,0
63.27399,1,1,201,1,96,11.8984375,76,28,37.39844,224,2.8999023,0.29998779,0.69995117,141,7.419922,135,23,1968,1,1
23.85199,1,2,7,1,127,8.8984375,160,36,35.39844,404,2.8999023,13.5996094,1.39990234,161,7.509766,135,23,1968,0,1
65.79297,1,2,31,1,77,21.1992188,84,24,37.59375,224,2.8999023,0.69995117,1.19995117,132,7.419922,135,23,1968,0,1
76.18097,0,1,1350,1,100,3.09960938,68,20,36.79688,224,3.2998047,0.29998779,0.79992676,143,7.419922,135,23,1968,0,0
53.13898,1,2,376,1,110,9.8984375,100,20,36.79688,224,2.8999023,0.89990234,0.39996338,136,7.419922,135,23,1968,0,5
65.16095,1,2,214,3,63,7.29980469,100,11,36.39844,300,3,0.89990234,2.79980469,130,7.439453,135,23,1968,4,1
37.50598,1,2,9,1,113,4.5,44,6,36.89844,547.5,2.8999023,0.89990234,0.89990234,154,7.429688,135,23,1968,0,1
71.56195,1,1,43,1,123,6.79980469,120,7,38.69531,450,1.7998047,6.19921875,0.69995117,150,7.5,135,23,1968,0,1
71.95599,0,1,1348,0,75,10.3984375,106,26,36.79688,234.78125,2.3999023,0.79992676,0.69995117,141,7.389648,135,23,1968,0,1
63.52399,0,2,1348,3,67,17.5976562,126,20,35.79688,312,2.8999023,0.69995117,1,139,7.459961,135,23,1968,0,0
45.24597,1,2,3,0,0,15.0996094,0,0,39.19531,195,2.8999023,0.89990234,2,181,7.40918,135,23,1968,0,1
78.86896,1,2,7,0,105,16,110,32,38.5,197.125,2.8999023,0.89990234,2.69970703,136,7.429688,135,23,1968,0,0
42.215,0,1,1345,0,160,29.8984375,130,42,38.29688,170,2.5,4.39941406,0.69995117,133,7.399414,135,23,1968,0,1
33.66699,0,2,1345,3,108,5.29980469,74,26,38.5,300,2.2998047,7.39941406,0.69995117,136,7.419922,135,23,1968,2,1
81.53296,1,1,26,3,107,10.2988281,126,30,38.59375,240,2.7998047,0.19998169,0.79992676,143,7.389648,135,23,1968,0,1
43.88998,0,2,1345,0,100,16.6992188,114,25,36.59375,147.5,3,0.5,1.69995117,153,7.509766,135,23,1968,0,1
69.07599,1,1,269,3,49,8.8984375,66,24,35.59375,385.6875,2.8999023,0.5,0.69995117,138,7.40918,135,23,1968,0,0
54.56799,1,2,18,1,56,4.09960938,136,14,38.09375,128,2.5996094,4.29980469,4.5,141,7.489258,135,23,1968,0,0
31.034,1,1,47,1,110,11.5996094,124,32,39,300,1.8999023,0.39996338,1.5,146,7.399414,135,23,1968,0,5
78.78998,1,1,10,0,115,0.79992676,136,32,34.79688,480,2.0996094,0.69995117,3.59960938,138,7.479492,135,23,1968,0,5
68.20294,1,2,37,0,53,41.5,90,15,37.59375,260,2.7998047,1.09985352,3.29980469,127,7.509766,135,23,1968,0,0
21.506,0,1,1341,0,63,25.6992188,120,28,38.59375,147.5,2.7998047,0.79992676,0.69995117,137,7.419922,135,23,1968,0,0
52.05197,0,2,1339,2,150,9.29882812,136,24,36.09375,188,3,0.19998169,0.79992676,143,7.389648,135,23,1968,0,0
36.00497,1,1,109,2,63,9.3984375,72,10,36.39844,213.3125,2.3999023,5.09960938,0.79992676,133,7.439453,135,23,1968,0,6
71.10199,1,2,259,1,78,9.5,98,20,36.89844,347.5625,2.7998047,0.5,0.59997559,141,7.439453,135,23,1968,0,0
77.03198,1,1,4,0,108,11.5,106,32,36.09375,414.25,2.8999023,0.89990234,0.89990234,134,7.609375,135,23,1968,0,0
55.42499,1,2,39,1,61,10.6992188,120,8,35.69531,162.5,1.5,1.79980469,1.29980469,135,7.419922,135,23,1968,0,0
53.84299,1,2,244,1,60,9.8984375,126,24,38.5,273.3125,3.0996094,0.39996338,0.89990234,133,7.389648,135,23,1968,0,0
44.89499,0,2,1335,0,72,11.2988281,58,28,38.69531,102.5,3,0.19998169,3,141,7.399414,135,23,1968,0,0
72.34198,1,2,125,2,109,11.8984375,76,16,36.79688,224,3.0996094,0.29998779,0.89990234,140,7.419922,135,23,1968,0,1
58.491,1,2,6,2,61,14.1992188,134,44,37.69531,122,3,0.89990234,2.69970703,135,7.279297,135,23,1968,0,1
61.91898,1,2,7,1,59,3.5,106,10,36.29688,197.5,3.3999023,1.89990234,7,133,7.25,135,23,1968,0,0
91.20898,1,2,63,0,74,11.8984375,70,32,37.69531,222.84375,3.2998047,11,1.5,154,7.429688,135,23,1968,0,1
64.97998,1,1,24,1,115,19.6992188,134,26,37.89844,115.54688,1.3999023,1.69995117,2.89990234,129,7.399414,135,23,1968,0,1
72.24097,1,2,60,1,121,4.39941406,134,29,36.5,193.3125,2.8999023,0.89990234,2.69970703,137,7.399414,135,23,1968,0,1
75.67395,1,1,23,2,60,22.5,136,9,35.89844,202.5,2.3999023,3.09960938,2,152,7.40918,135,23,1968,0,0
25.56899,0,1,1331,0,73,6.89941406,40,8,35,519,3.7998047,1.5,0.59997559,142,7.519531,135,23,1968,0,0
58.81198,1,2,11,2,76,12.5996094,130,30,36.19531,187.5,2.2998047,0.89990234,3.19970703,134,7.449219,135,23,1968,0,0
66.92395,1,2,183,1,107,5.39941406,64,20,37.09375,224,2.8999023,0.79992676,1,141,7.419922,135,23,1968,0,0
78.78699,1,2,74,0,83,25.0976562,120,4,38.39844,157.5,2.3999023,1.19995117,1.69995117,137,7.30957,135,23,1968,0,0
27.661,0,2,1327,0,110,14.3984375,100,22,36.29688,260,2.5,0.89990234,0.89990234,138,7.449219,135,23,1968,0,1
58.823,1,2,23,2,117,12.7988281,110,13,36.39844,180,1.1999512,0.79992676,0.89990234,133,7.419922,135,23,1968,0,4
73.37994,1,1,676,0,124,6.29980469,116,28,37.79688,204,2.8999023,0.89990234,0.89990234,144,7.439453,135,23,1968,0,0
54.431,1,1,261,1,76,5,104,20,39,224,2.7998047,0.89990234,0.89990234,137,7.419922,135,23,1968,0,1
70.12195,1,1,24,1,56,14.1992188,124,10,35.69531,237.125,2.8999023,0.09999084,1.19995117,154,7.529297,135,23,1968,0,0
76.20496,1,2,11,2,59,0.09999084,136,28,36.39844,250,1.8999023,2.19970703,2.09960938,143,7.429688,135,23,1968,0,3
80.71198,0,1,1324,1,75,9.59960938,66,9,37.5,225.6875,2.5996094,0.89990234,0.69995117,141,7.479492,135,23,1968,0,3
47.918,1,2,37,2,118,15.5996094,91,44,37.89844,224,2.3999023,22,1.09985352,136,7.419922,135,23,1968,0,0
68.32599,1,2,57,3,46,12.1992188,60,32,36.39844,338.0625,2.8999023,0.89990234,1,128,7.519531,135,23,1968,1,0
58.03699,1,2,16,1,109,14.2988281,130,28,39,270,1.7998047,0.79992676,1.69995117,141,7.349609,135,23,1968,0,1
54.63098,0,1,1321,2,99,23.5,184,14,38.5,236.65625,2.8999023,0.79992676,0.39996338,135,7.449219,135,23,1968,0,7
54.40399,0,1,1320,3,69,5.79980469,106,23,38.59375,113.84375,1.5998535,0.89990234,1.69995117,142,7.55957,135,23,1968,0,1
70.43695,1,1,21,1,59,46.5,138,30,35.89844,272.5,2.8999023,5.19921875,4.39941406,127,7.359375,135,23,1968,0,1
68.85095,1,2,220,1,133,13.6992188,128,36,39.29688,276,2.8999023,6.09960938,0.89990234,134,7.489258,135,23,1968,0,1
54.08899,0,1,1319,1,113,7.5,110,30,38.19531,368,2.7998047,0.5,2.29980469,144,7.469727,135,23,1968,0,6
66.349,0,2,1320,3,127,14.6992188,126,6,36.29688,182.84375,2.3999023,0.5,1.39990234,139,7.379883,135,23,1968,1,1
60.89297,1,1,11,2,103,13.8984375,64,24,35.59375,252,2.8999023,0.89990234,1.19995117,137,7.449219,135,23,1968,2,1
44.89798,1,2,5,3,45,5.59960938,174,36,38.19531,206,2.199707,11.6992188,1.19995117,132,7.55957,135,23,1968,0,3
69.20197,1,1,41,1,93,9.29882812,100,16,35.39844,224,2.8999023,0.5,0.89990234,138,7.419922,135,23,1968,0,1
56.06299,0,1,1317,5,73,9.69921875,52,24,36.79688,376.1875,2.8999023,0.89990234,1.69995117,136,7.419922,135,23,1968,0,0
75.14294,1,2,595,1,133,0.29998779,134,24,39,231.40625,2.3999023,4.39941406,1,152,7.429688,135,23,1968,0,0
77.42596,1,2,697,4,63,15.7988281,60,0,34.89844,343.3125,2.5,0.89990234,5.5,131,7.5,135,23,1968,0,1
64.51196,1,1,1292,1,104,4.5,76,20,36.19531,224,3.3999023,0.39996338,0.79992676,142,7.419922,135,23,1968,0,0
57.57199,1,2,284,1,110,8.09960938,96,24,36.79688,224,2.8999023,0.89990234,3,144,7.419922,135,23,1968,1,1
82.52698,1,2,7,1,39,15.8984375,134,20,36.69531,108.75,2.7998047,0.39996338,3.79980469,132,7.319336,135,23,1968,0,6
64.961,1,1,564,0,137,10.5996094,106,30,38.5,350,2,0.89990234,2,132,7.469727,135,23,1968,0,1
90.71594,1,1,5,0,108,12,100,36,35.19531,91.82812,2.8999023,0.89990234,1.89990234,135,7.439453,135,23,1968,0,0
69.21594,1,1,55,2,67,1.09985352,170,32,35.79688,336.625,1.7998047,0.59997559,1.29980469,147,7.299805,135,23,1968,0,1
56.37198,1,2,13,1,56,16.6992188,140,12,39.89844,240,1.7998047,3.19970703,1.89990234,143,7.359375,135,23,1968,0,1
44.67398,1,1,134,3,73,4.79980469,80,20,36.59375,224,2.8999023,0.5,0.59997559,136,7.419922,135,23,1968,0,1
26.752,0,2,1310,0,51,21.6992188,130,12,39.39844,108,2.199707,1.69995117,1,137,7.349609,135,23,1968,0,0
23.26399,0,2,1309,0,110,20.1992188,110,38,38.69531,150,2.0996094,0.89990234,0.89990234,143,7.449219,135,23,1968,0,0
88.172,1,2,7,1,89,14.6992188,54,14,37.09375,433.3125,2.8999023,0.89990234,1.09985352,135,7.55957,135,23,1968,0,4
49.711,0,1,1309,0,82,8.8984375,112,42,37.59375,180,2.8999023,0.89990234,0.5,131,7.5,135,23,1968,0,2
66.02295,1,1,11,0,61,8,120,40,39.19531,147.25,2.8999023,0.89990234,0.79992676,135,7.449219,135,23,1968,0,0
73.86694,1,1,145,0,63,9.09960938,100,11,37.39844,336,3,0.89990234,0.5,140,7.479492,135,23,1968,0,0
76.97998,1,2,16,4,45,4.29980469,74,14,37.89844,92,1.5,0.39996338,2.59960938,148,7.199219,135,23,1968,0,1
58.92999,0,1,1307,0,137,16.8984375,160,29,39,360,1.5998535,0.69995117,0.39996338,136,7.459961,135,23,1968,0,1
38.74597,0,1,1307,2,109,1.69995117,66,22,36.29688,290,1.5998535,0.69995117,1.89990234,136,7.419922,135,23,1968,0,0
29.62099,1,1,19,1,75,2.69970703,50,29,35.29688,256,2.699707,0.59997559,0.5,118,7.449219,135,23,1968,0,7
64.54199,1,1,100,2,112,7.59960938,124,40,38,233.3125,2.8999023,0.89990234,0.5,139,7.40918,135,23,1968,0,1
77.40698,1,2,7,2,51,4.59960938,104,26,34.29688,176,1.3999023,5.79980469,4.5,137,7.329102,135,23,1968,0,6
55.491,0,1,1301,0,111,6.89941406,110,40,38.29688,373.3125,2.3999023,0.89990234,0.5,141,7.349609,135,23,1968,0,0
74.96497,1,1,12,1,67,16.3984375,150,48,36.29688,223.3125,2.2998047,1.09985352,1.59985352,135,7.40918,135,23,1968,0,5
65.41498,1,1,803,2,80,8.69921875,80,25,37.79688,201.65625,3.8999023,0.79992676,2.29980469,139,7.319336,337,41,3800,0,0
44.909,1,2,24,3,46,10.8984375,122,33,36.09375,224,2.5996094,1,1.29980469,144,7.419922,94,20,4950,0,0
65.31396,1,1,129,0,73,7.39941406,138,32,38.89844,400,2.8999023,0.69995117,0.69995117,138,7.419922,88,4,1600,0,1
50.396,0,1,1086,1,73,6.79980469,54,22,36.69531,224,2.5,2.39990234,0.59997559,137,7.419922,66,9,1100,0,0
39.26898,1,1,7,1,73,5.59960938,80,25,37.79688,247.59375,3.5996094,0.69995117,2.5,138,7.489258,104,53,1968,0,1
69.13599,1,1,3,3,73,23.5976562,108,26,36.19531,410.6875,3.0996094,0.89990234,1.19995117,141,7.359375,291,38,1605,0,2
40.34998,1,1,70,1,110,5.5,60,20,36.09375,276.1875,2.8999023,0.89990234,1.09985352,137,7.349609,152,23,550,6,1
67.87695,1,2,767,1,67,10.5996094,60,25,38.29688,370.3125,2.5996094,0.89990234,1.59985352,142,7.419922,278,24,1300,0,1
76.71997,1,1,736,2,77,21.296875,80,20,36.09375,300,2.8999023,1.29980469,0.89990234,140,7.429688,136,11,1968,3,1
47.52399,0,2,1082,0,56,5.09960938,102,40,38.29688,330,2.8999023,0.89990234,1.09985352,136,7.479492,108,16,5380,0,0
80.68994,1,1,4,2,107,7.39941406,68,20,36.39844,224,2.8999023,0.89990234,0.79992676,135,7.419922,93,12,1968,0,1
46.39297,1,2,60,0,52,12.2988281,107,8,35.59375,135,2.8999023,0.5,2.89990234,142,7.319336,99,65,2095,0,1
68.96899,1,2,4,1,107,9.59960938,76,16,37.09375,224,2.8999023,0.5,1.09985352,144,7.419922,63,17,1968,0,2
67.67395,1,2,35,0,70,5.89941406,80,20,35.59375,400,2.8999023,0.89990234,2.09960938,143,7.5,139,24,1968,0,0
58.22897,1,2,195,1,119,16.3984375,102,28,35.59375,113.32812,2.5,0.29998779,0.69995117,137,7.509766,72,13,3265,1,1
55.99698,1,2,183,1,77,6.79980469,70,20,36.09375,224,3.699707,2.09960938,2.29980469,138,7.419922,120,35,1968,0,1
59.38397,0,2,1078,2,37,0.39996338,188,10,36.09375,140,2.2998047,1.29980469,1,143,7.459961,150,31,2235,0,1
34.853,0,1,1077,0,69,0.69995117,77,32,39.39844,170,2.7998047,2.09960938,2.79980469,134,7.469727,118,46,3410,0,7
68.39996,0,2,1076,2,63,6.29980469,110,6,39.89844,312.5,2.8999023,0.89990234,1.39990234,132,7.329102,165,10,6990,0,0
54.84198,0,2,1076,1,110,6.39941406,116,46,39.19531,130,2.8999023,8.79882812,1,129,7.439453,124,18,1515,1,0
51.19498,1,2,17,1,41,17.5,44,12,39,130,2.0996094,2.59960938,1.59985352,145,7.429688,184,15,2240,0,1
75.37897,1,1,667,2,107,15.1992188,110,20,37.79688,323.3125,2.8999023,0.89990234,0.79992676,150,7.389648,105,26,1350,4,1
48.47598,1,2,211,1,67,6,80,16,35.59375,224,3.3999023,0.79992676,1,136,7.419922,119,12,1968,6,7
69.33295,1,1,436,2,69,10.5996094,68,22,36,224,2.8999023,0.89990234,1,139,7.419922,172,12,5450,3,0
38.508,0,1,1074,1,105,11.2988281,77,26,38.09375,200,4.1992188,0.29998779,0.59997559,140,7.379883,118,6,1180,0,0
69.75494,0,2,1074,1,69,14.8984375,63,6,38.19531,148.96875,2.8999023,0.89990234,4.29980469,135,7.30957,87,57,2143,0,1
74.25598,0,1,1074,1,147,13.1992188,69,8,36.89844,330,2.8999023,0.89990234,0.89990234,141,7.449219,185,11,2830,0,5
64.12897,0,2,1074,0,71,13.6992188,111,10,39.19531,305,4.1992188,0.19998169,0.39996338,140,7.399414,154,13,1193,0,0
57.43997,1,2,20,2,97,3.89990234,110,20,36.89844,224,2.5996094,6.39941406,1,140,7.419922,157,16,1968,0,1
44.36099,1,1,10,1,49,10.1992188,68,30,35.69531,110,2.8999023,0.89990234,4,147,7.359375,90,89,1945,0,0
56.00299,1,2,36,1,57,9.5,106,4,38.09375,240,3,0.89990234,1.29980469,143,7.449219,148,36,1400,2,0
72.60797,0,2,1073,1,49,17.5,120,12,35.69531,121.65625,3.5996094,0.39996338,2.79980469,144,7.279297,121,57,560,0,1
83.95294,1,1,63,1,128,13.5,134,28,38.09375,206,3.699707,0.5,1.89990234,142,7.319336,104,96,1240,0,4
61.71899,1,2,231,1,106,5.89941406,134,10,37,236.65625,2.2998047,19.0976562,1.39990234,141,7.469727,224,56,3990,1,0
59.86298,1,2,15,3,67,7.69921875,70,20,36.09375,224,2.8999023,0.89990234,1.5,141,7.419922,56,27,2050,0,6
70.75696,1,1,41,1,55,18.0976562,118,30,38.29688,224,1.7998047,0.5,3.39990234,131,7.419922,299,27,0,0,6
30.834,0,1,1070,0,67,10.3984375,60,20,38.29688,98.32812,2.8999023,0.89990234,1.69995117,141,7.509766,134,27,2075,2,5
67.24695,1,2,699,1,59,24.6992188,60,24,35.79688,224,3.5996094,1.09985352,2.29980469,141,7.419922,102,58,1650,0,1
25.114,0,1,1069,0,104,0.19998169,125,22,36.89844,224,2.2998047,0.69995117,0.5,136,7.419922,113,6,5000,0,0
71.96997,1,1,5,2,38,8,70,16,35.79688,224,4.6992188,0.69995117,1.19995117,135,7.419922,94,21,3050,0,1
52.26599,0,2,1069,1,77,10.3984375,60,20,35.59375,224,2.8999023,0.89990234,1.69995117,135,7.419922,125,33,1150,0,0
25.96599,1,1,203,1,114,9.09960938,53,28,38.19531,225.6875,3.8999023,0.39996338,1.09985352,139,7.399414,108,18,2700,0,0
37.25098,1,2,540,2,80,6.59960938,70,20,36.79688,315.375,2.8999023,0.89990234,1.19995117,139,7.319336,95,23,1150,0,1
67.14899,1,1,291,1,100,6.5,80,25,36,224,3.2998047,0.89990234,1.29980469,146,7.419922,88,24,1500,4,1
57.19098,0,2,1069,2,100,7.79980469,70,20,36.09375,224,3.0996094,0.5,1.29980469,144,7.419922,103,16,1968,0,0
67.56494,0,2,1069,3,63,7.29980469,80,20,37.09375,458.3125,2.8999023,0.89990234,1.59985352,142,7.359375,111,21,1300,0,0
51.88498,1,1,9,1,63,29.0976562,80,7,38,214,2.8999023,0.89990234,3.19970703,142,7.399414,111,35,3336,0,1
82.53497,1,1,19,1,65,14.2988281,106,24,36.39844,248,2.8999023,0.89990234,0.79992676,136,7.359375,105,21,1100,0,6
84.23499,1,2,99,0,119,5.69921875,114,27,36.59375,140.8125,2.8999023,15,5,154,7.479492,104,78,3560,0,0
61.22699,1,1,40,1,75,26.1992188,120,48,38.29688,185,2.8999023,0.89990234,1.59985352,138,7.449219,123,20,2190,0,0
56.797,1,2,4,2,73,13.5,124,36,39,211.40625,2.2998047,0.59997559,0.39996338,134,7.459961,123,5,3425,0,1
63.655,1,2,41,1,65,4.39941406,106,28,36.69531,340,2.5996094,18.8984375,2.5,134,7.149414,114,67,75,0,1
63.01199,1,1,47,2,0,11.5,0,0,38.89844,151.65625,2.8999023,0.89990234,2,137,7.239258,203,35,4135,0,4
62.20099,1,2,958,1,72,6.5,54,22,35.79688,224,2.8999023,0.89990234,2.09960938,135,7.419922,100,79,1000,0,1
47.95297,1,2,26,2,113,23,106,10,36,224,2.0996094,4,1.09985352,137,7.419922,94,13,990,0,0
82.06995,1,1,14,3,119,14.5,100,24,35.59375,224,2.8999023,0.39996338,0.59997559,133,7.419922,160,9,3700,0,3
62.28299,0,1,1060,1,100,17.296875,60,29,38.79688,217.125,2.8999023,0.89990234,0.79992676,137,7.459961,105,10,5710,1,2
65.70294,1,2,773,1,97,17.5,65,8,38,362.8125,2.8999023,0.89990234,5.5,141,7.439453,274,110,625,0,1
62.43399,1,2,233,1,119,12.1992188,66,24,38.59375,368,2.5996094,0.79992676,1.29980469,133,7.449219,87,25,6110,0,0
79.98096,1,1,3,2,36,57.796875,224,32,36.09375,41,2.0996094,0.69995117,1.79980469,135,7.30957,123,50,580,0,1
52.51498,1,1,226,3,55,65.6875,140,21,38.09375,133.3125,1.5998535,0.79992676,1.5,142,7.429688,136,22,1400,0,3
84.07697,1,1,10,1,87,5.89941406,74,16,36.59375,224,2.8999023,1,1.09985352,140,7.419922,126,9,4500,0,5
80.16394,1,2,38,1,51,16.8984375,116,34,39.59375,124.4375,2.8999023,3.39990234,1.59985352,136,7.399414,249,33,2655,0,7
50.03699,1,2,21,1,73,11.3984375,110,46,38.69531,182.84375,2.8999023,0.39996338,0.39996338,131,7.519531,148,15,2180,0,5
72.51196,0,2,1056,1,109,10.0996094,124,33,38,164.4375,3.0996094,1.19995117,0.5,137,7.459961,130,14,3555,0,0
67.45496,1,2,24,2,112,10.5996094,54,8,38.29688,224,2.699707,0.89990234,0.79992676,138,7.429688,146,4,3200,0,1
44.63498,1,2,258,1,116,14.2988281,112,26,36.39844,186.65625,2.3999023,0.69995117,1.39990234,140,7.489258,279,31,3025,0,4
76.16394,0,2,1055,0,62,5,104,23,37.89844,91.25,2.0996094,9.3984375,1,147,7.539062,424,30,1790,0,0
46.26099,0,2,1056,2,103,12.3984375,112,24,36,414.25,3.199707,0.39996338,1.19995117,141,7.429688,137,24,2300,0,3
62.543,1,1,10,0,120,7.69921875,80,24,35.5,200,2.8999023,0.69995117,1.29980469,140,7.429688,118,26,2500,0,6
37.314,1,2,6,0,124,16.0976562,106,11,37.59375,356.625,2.8999023,0.5,1.19995117,141,7.389648,116,12,1555,0,0
66.53796,1,2,23,2,65,17.8984375,20,50,38.79688,226.65625,2.7998047,0.39996338,0.79992676,145,7.439453,176,8,2150,0,0
63.784,0,2,1054,2,125,68.5,134,28,35.5,190,2.8999023,0.59997559,0.89990234,144,7.379883,184,20,2880,1,6
69.16394,1,2,87,2,91,24,76,24,36.29688,171.40625,2.8999023,1.09985352,3.29980469,131,7.449219,168,55,4435,0,0
67.49298,1,2,298,1,105,12.6992188,160,26,38.59375,125,2.699707,0.69995117,0.59997559,141,7.459961,222,14,1785,1,4
58.50198,1,2,4,1,61,0.19998169,186,36,38.59375,275.5,1.8999023,1,1.69995117,140,7.419922,200,34,650,0,1
73.26794,1,2,59,1,87,1.79980469,120,22,37.79688,314.25,2.8999023,0.79992676,0.79992676,136,7.509766,101,8,3050,0,1
69.28998,1,2,6,2,107,13.8984375,104,20,36.19531,284,3.7998047,0.59997559,1.19995117,139,7.359375,150,28,1968,0,0
72.36395,1,2,63,3,112,13.3984375,114,12,36.79688,182,2.8999023,0.89990234,1.59985352,144,7.329102,69,30,4415,0,4
42.21198,1,2,636,2,111,13.8984375,116,25,38.09375,151,3,0.39996338,3.59960938,137,7.379883,244,54,3265,7,0
56.48199,1,2,18,2,75,3.79980469,74,18,36.69531,224,3.699707,0.59997559,2.09960938,140,7.419922,88,13,4350,0,1
25.64499,0,2,1047,1,70,13,70,16,35,224,2.8999023,1.19995117,1.09985352,133,7.419922,120,61,1400,0,0
67.89294,0,2,1046,2,71,25.5,100,20,37.69531,224,2.8999023,0.89990234,1.79980469,135,7.419922,58,17,1968,0,0
70.57397,0,2,1046,2,81,9.8984375,130,24,37.89844,253.3125,2.2998047,0.5,0.89990234,139,7.40918,143,8,4870,0,2
60.22998,0,2,1046,3,131,6.89941406,54,14,37.59375,157.5,2.8999023,0.89990234,0.89990234,138,7.389648,121,7,6915,0,0
50.37399,0,1,1045,2,107,15,120,44,38.29688,63.32812,2.8999023,0.89990234,0.69995117,138,7.379883,69,7,1270,0,2
28.709,1,1,170,1,109,6.69921875,96,22,35.79688,352,2.8999023,0.89990234,11.5996094,138,7.429688,152,89,0,0,0
69.91095,1,2,56,3,121,14.6992188,100,8,36.09375,380,2,0.59997559,0.69995117,135,7.379883,274,8,1270,0,1
23.10699,0,1,1045,1,73,7.59960938,60,16,39.19531,224,2.8999023,0.89990234,1.19995117,138,7.419922,143,6,1390,0,0
69.54095,1,1,5,0,71,12.7988281,106,24,36.89844,409.5,2.8999023,0.89990234,1.5,129,7.5,181,37,4600,0,1
81.68396,1,2,363,1,130,10.1992188,108,20,36.69531,224,2.8999023,0.5,0.89990234,141,7.419922,122,16,5900,0,0
65.53894,1,2,191,2,139,43.09375,120,35,36.19531,264,2.8999023,0.89990234,0.89990234,141,7.329102,170,14,2325,0,5
83.99695,1,2,349,2,70,7.5,100,16,36,423.75,2.8999023,0.89990234,1.29980469,139,7.449219,228,14,2380,0,3
66.24194,1,1,27,2,109,8.09960938,126,24,38.29688,368,2.8999023,0.89990234,0.69995117,133,7.379883,131,6,865,0,1
51.46597,0,1,1040,2,125,9.3984375,120,24,38.59375,224,1.7998047,0.79992676,0.59997559,135,7.419922,148,31,1968,0,1
63.47998,1,1,5,0,122,11.2988281,70,10,35.29688,428.5625,2.8999023,2,2.89990234,141,7.289062,126,66,2875,0,0
72.10699,1,2,126,2,80,20.5,118,16,36,224,3.5996094,0.39996338,0.89990234,136,7.419922,110,22,5650,0,0
24.05699,0,1,1037,0,58,31.5,140,35,38,146.9375,2,1.29980469,4,146,7.349609,108,67,5,0,0
77.30896,1,2,9,1,149,1.59985352,124,25,37.79688,177.5,2.8999023,0.79992676,1.29980469,142,7.429688,159,53,3615,0,1
22.116,1,1,30,2,64,16.1992188,126,40,36.39844,147.5,2.8999023,0.89990234,0.79992676,149,7.399414,168,20,1245,0,0
61.487,1,2,431,4,80,5.29980469,76,12,35.59375,224,2.8999023,0.39996338,1,142,7.419922,126,17,1968,0,0
43.65799,0,1,1036,0,53,12.7988281,140,10,38.29688,280,3.0996094,11.5,1.09985352,139,7.509766,156,39,1505,0,0
61.465,1,2,53,1,81,13.3984375,76,20,36.59375,224,2.8999023,0.89990234,2.5,152,7.419922,178,55,1850,0,0
56.23798,1,1,33,1,80,8.09960938,76,20,35.5,224,4.0996094,0.39996338,0.29998779,138,7.419922,91,14,1400,0,6
77.22095,1,1,4,2,116,18.6992188,146,11,38,270,3.199707,0.39996338,1.29980469,136,7.459961,165,23,2580,0,1
78.04797,1,1,4,2,95,6.39941406,94,20,37,224,2.8999023,0.59997559,1,140,7.419922,115,4,3250,0,0
55.57797,0,2,1034,0,0,15.6992188,0,0,37.09375,159.15625,2.8999023,0.89990234,1.19995117,127,7.379883,249,20,420,0,6
46.73499,1,2,100,1,69,9.19921875,80,26,36.5,260,2.8999023,0.89990234,6.79980469,130,7.339844,100,82,0,0,0
64.047,1,2,11,1,103,14.7988281,64,27,36.19531,227.5,4.5996094,4.19921875,3.79980469,147,7.359375,196,104,1120,1,4
57.82599,1,1,13,3,127,12,116,30,38,283.3125,2.5996094,6.5,2.5,141,7.509766,142,68,1585,0,6
59.39798,1,2,86,4,124,17.8984375,104,22,36.39844,267.5,2.3999023,0.69995117,0.39996338,130,7.449219,111,15,1175,1,0
68.40198,1,2,43,4,123,10.0996094,124,30,38,188.5625,2.8999023,0.89990234,1.19995117,142,7.269531,124,29,2745,5,1
58.08398,1,1,11,1,69,5.09960938,60,16,36.59375,224,2.8999023,1.09985352,1.39990234,133,7.419922,102,23,2175,0,0
77.24298,1,2,88,2,81,8.59960938,76,16,36,224,4,0.39996338,0.89990234,143,7.419922,99,9,1968,0,2
71.66296,1,2,218,2,50,15.3984375,64,16,37.89844,314.25,3.199707,0.89990234,1.09985352,137,7.429688,118,13,3060,0,7
67.57599,1,2,1029,4,71,7.89941406,66,18,36.5,328.5625,2.8999023,0.69995117,1.39990234,140,7.40918,88,22,1968,0,1
47.51797,0,2,1029,1,121,6.59960938,124,10,34.59375,186,1.8999023,5.5,1,132,7.429688,268,15,2350,0,0
26.045,0,2,1029,2,51,12,114,24,38.19531,276.625,2.8999023,0.89990234,3.39990234,133,7.399414,296,57,3085,0,5
68.10394,0,1,1029,2,66,95.296875,120,32,37.5,118.35938,2.7998047,2.5,3.59960938,142,7.329102,90,59,1285,2,2
88.20795,1,1,23,1,147,8.8984375,70,24,36.09375,404,2.8999023,0.89990234,0.89990234,142,7.40918,179,23,5150,0,2
65.84497,1,2,61,1,55,7.89941406,104,22,37.79688,122,2.8999023,0.5,1.29980469,147,7.429688,191,15,1975,0,0
71.66095,1,2,313,2,103,12,84,16,36.59375,224,3.8999023,0.59997559,0.89990234,139,7.419922,140,8,4150,0,1
70.59497,1,2,26,1,57,0.09999084,146,27,35.89844,177.5,2.199707,0.79992676,4.5,142,7.349609,209,97,185,0,1
47.75598,1,2,7,1,117,11.5996094,134,21,37.09375,274.25,2.8999023,0.5,2.09960938,135,7.369141,97,67,2030,0,1
49.52197,0,1,1026,1,117,10.5,64,10,38.39844,312,2.8999023,0.89990234,0.59997559,141,7.399414,111,7,4050,0,1
67.50397,1,1,64,1,130,7.5,116,26,36,323.3125,2.8999023,0.59997559,1.5,138,7.399414,253,44,2350,6,7
45.89999,1,2,212,0,71,6.69921875,54,20,36.5,224,2.8999023,0.89990234,1.19995117,138,7.419922,72,12,2160,0,0
35.099,0,2,1025,0,69,10.5996094,70,12,36.5,253.3125,2.8999023,0.89990234,0.89990234,134,7.469727,130,23,1170,0,5
50.43399,1,1,61,2,76,16.8984375,126,32,37.69531,105,2.8999023,0.89990234,1,137,7.479492,134,22,3320,0,0
65.23999,1,2,58,1,58,11,96,36,36.59375,304,2.8999023,0.89990234,2.09960938,133,7.509766,165,60,4485,0,0
74.57397,1,1,5,1,73,5.79980469,70,16,36.5,224,3.8999023,1.89990234,1.29980469,136,7.419922,155,25,1400,0,1
67.81696,1,2,8,1,79,10,70,20,36.79688,224,2.8999023,0.89990234,1.5,142,7.419922,153,22,1968,0,0
79.21698,0,1,1023,0,103,9.3984375,114,35,36.39844,433.3125,2.8999023,0.89990234,0.89990234,131,7.429688,343,13,1555,0,0
70.75696,1,2,8,0,63,6.29980469,116,20,38.19531,224,2.8999023,0.59997559,0.59997559,139,7.419922,96,8,1968,0,0
65.74097,0,2,1021,0,73,8.3984375,66,28,36,224,2.8999023,0.79992676,3.59960938,136,7.419922,196,92,1030,0,0
63.33197,1,2,143,1,145,7,146,24,38.09375,596,3,0.5,0.89990234,137,7.449219,98,4,3300,1,0
64.63196,1,1,29,1,41,2.39990234,126,18,35.79688,115,2,6.59960938,2,133,7.329102,42,31,360,0,0
58.59799,1,1,6,2,134,14.5,120,34,36.39844,226.65625,2.8999023,0.39996338,2.89990234,138,7.239258,155,61,2070,0,7
56.63199,1,2,7,1,112,22.5976562,67,20,36.79688,224,3.2998047,1,1.29980469,136,7.419922,93,16,700,0,0
84.50696,1,2,10,0,78,7.19921875,75,22,34.69531,450,2.8999023,0.89990234,1.39990234,138,7.459961,101,23,1450,0,1
71.02496,1,1,7,0,116,11,160,10,38.19531,266.625,2.8999023,0.89990234,0.89990234,128,7.489258,144,16,2700,0,0
55.22498,0,2,1017,1,73,8.09960938,130,22,37.69531,212.5,2.5996094,1.59985352,0.89990234,137,7.389648,107,18,1000,0,1
76.81897,1,2,8,1,136,14.1992188,126,30,37.89844,127.5,2.3999023,0.39996338,1.19995117,143,7.399414,181,56,2390,0,1
69.17499,0,2,1016,1,49,10.5,134,35,36.09375,39,2.8999023,0.39996338,0.39996338,128,7.419922,169,12,1835,0,6
29.59299,1,1,507,3,109,21.5,60,8,38.19531,214.28125,2.7998047,0.89990234,0.59997559,134,7.439453,94,16,1390,1,0
66.18195,1,1,58,1,79,14.1992188,66,22,36.69531,245.6875,2.8999023,0.89990234,5.59960938,141,7.429688,207,50,483,0,0
67.93994,1,2,227,2,131,16.5,154,25,34.5,90,1.5,0.29998779,3.19970703,135,7.439453,271,41,165,1,4
29.09499,0,2,1014,3,111,18.3984375,134,36,36.5,115,2.8999023,1.89990234,1,142,7.40918,288,21,1270,0,0
63.573,0,2,1013,1,74,11,80,30,36.89844,246,2.699707,0.89990234,0.5,117,7.5,106,9,2840,0,0
72.71497,1,1,22,2,103,4.09960938,110,9,37.89844,225.6875,2.8999023,0.69995117,3.59960938,143,7.329102,91,81,2357,0,5
60.01398,0,2,1012,2,69,19.6992188,76,31,36.59375,433.3125,2.8999023,0.89990234,3.29980469,138,7.449219,103,98,1835,0,1
71.66895,0,2,1012,2,73,1.79980469,116,32,35.39844,92.29688,2.8999023,19.5976562,3.79980469,128,7.449219,177,106,4090,0,1
30.853,0,2,1012,0,87,27.3984375,206,34,38.5,130,3.2998047,6.89941406,4,126,7.329102,668,86,107,0,0
47.09399,0,1,1012,1,53,16.0976562,76,29,38,146.9375,1.7998047,4.59960938,1.19995117,148,7.449219,81,19,3770,0,0
49.35199,0,2,1012,3,108,6.89941406,96,22,38.69531,224,3.5996094,0.59997559,0.89990234,136,7.419922,69,14,3700,0,1
59.35397,0,2,1009,2,77,7.39941406,54,22,36.19531,270,2.7299805,0.89990234,4.19921875,131,7.529297,82,64,2190,0,0
81.78796,0,1,1009,1,56,15.5,106,10,36.59375,324,2.5,4.59960938,3.79980469,145,7.30957,95,62,2367,0,1
74.56494,0,2,1009,0,103,8.19921875,116,26,36.79688,211.40625,3.2998047,0.89990234,8.19921875,133,7.329102,184,103,1260,0,0
19.866,0,1,1009,2,73,3,114,24,36.79688,224,2,13.7988281,0.69995117,129,7.419922,160,9,3050,3,4
54.17398,1,2,459,1,129,13.1992188,96,55,36.09375,292,2.8999023,0.89990234,0.69995117,135,7.389648,184,21,1480,0,1
72.38098,1,2,63,3,117,25.6992188,106,30,35.69531,172.5,2.8999023,0.89990234,1.19995117,143,7.479492,124,31,2830,0,0
39.11298,1,1,65,1,89,8.59960938,94,24,36.89844,309.5,2.7998047,0.59997559,0.59997559,140,7.40918,158,8,2025,0,6
45.50598,1,2,13,3,114,9.29882812,70,24,36.69531,224,2.8999023,0.89990234,1.29980469,141,7.419922,97,24,1968,0,0
38.00098,0,2,1007,0,97,18.5,170,60,36.19531,216.65625,2.8999023,0.5,0.79992676,132,7.469727,144,12,3716,0,0
82.57098,1,1,8,2,48,0.09999084,124,11,35.29688,444,1.1999512,0.59997559,1.59985352,133,7.369141,76,23,1430,0,1
60.84299,0,1,1006,0,106,60,74,22,36.39844,417.375,2.8999023,0.89990234,6.39941406,142,7.319336,70,59,1968,0,0
47.39499,1,2,8,4,112,18,60,40,38.09375,224,2.8999023,0.89990234,0.79992676,139,7.419922,179,11,575,0,1
57.728,1,2,86,2,105,5.89941406,86,24,37.69531,224,2.8999023,0.39996338,0.59997559,131,7.419922,151,6,1968,0,0
62.49698,1,1,3,2,110,6.59960938,96,16,35.69531,224,2.8999023,0.29998779,0.79992676,138,7.419922,185,17,2225,0,1
61.09,1,1,5,1,73,51.3984375,106,36,36.5,126.51562,2.5,1.59985352,1.19995117,150,7.479492,100,34,1810,0,0
55.017,1,1,4,3,111,16.0976562,126,18,37.79688,340,2.199707,1.19995117,0.69995117,141,7.529297,156,24,975,0,1
73.86694,1,2,174,2,57,12.7988281,116,28,38,276,2.8999023,0.89990234,1.09985352,130,7.389648,176,20,2065,0,0
46.349,0,1,1004,1,73,10.0996094,60,16,35.69531,224,2.699707,0.5,0.59997559,139,7.419922,133,10,3350,0,0
33.56598,0,1,1002,0,82,19.796875,120,24,36,224,3,0.5,0.69995117,137,7.419922,145,12,1968,0,0
52.44897,1,2,328,1,133,2.19970703,136,26,36.29688,308,2.2998047,1,1.19995117,155,7.509766,95,35,3765,0,1
45.25098,0,2,1001,0,162,5.79980469,126,8,38.69531,303.3125,2.5996094,4.5,3,136,7.429688,59,121,2195,0,1
51.58698,1,1,199,1,59,2.29980469,124,40,38.19531,172.5,2.8999023,1,0.89990234,151,7.479492,171,31,1790,0,0
27.644,1,2,5,0,51,0.29998779,124,30,35.19531,168.5625,2.8999023,0.89990234,1.39990234,132,7.349609,164,50,1091,0,1
44.08197,0,2,998,3,39,16.296875,124,32,38.29688,113.75,2.8999023,0.79992676,2.09960938,128,7.339844,215,47,2920,0,0
79.67096,1,2,515,1,46,4.39941406,74,10,38.89844,197.5,1.6999512,0.89990234,0.89990234,135,7.419922,115,17,1830,0,6
67.09094,1,2,568,3,52,11.0996094,110,42,38.69531,253.3125,2.8999023,0.89990234,1.29980469,148,7.429688,135,31,3065,0,4
100.67896,1,2,4,2,70,5.39941406,64,8,35.79688,177.5,2.8999023,0.89990234,1.29980469,138,7.5,128,38,1545,0,7
84.13995,1,1,21,1,83,7.09960938,73,20,37.59375,224,3.2998047,0.29998779,1,143,7.419922,100,10,1968,0,1
56.71198,1,1,14,1,134,17.6992188,224,8,37.89844,330,2.199707,0.5,0.89990234,135,7.489258,85,16,2750,0,1
53.00497,1,2,107,1,49,17,134,12,38.59375,140,2.8999023,0.89990234,0.5,133,7.359375,150,16,665,0,0
72.31494,1,1,13,2,139,16,114,32,38.59375,324,2.8999023,0.59997559,0.5,136,7.449219,278,19,5190,0,6
70.31097,0,2,992,1,61,11.0996094,76,31,38.19531,191.40625,2.8999023,2.59960938,4.69921875,142,7.379883,80,90,2215,0,1
61.72498,1,1,6,0,107,18,146,7,38.29688,292,3.3999023,0.5,1.29980469,147,7.459961,376,23,1660,0,1
68.13696,1,1,163,3,108,16.5,76,24,36.5,164,4.3994141,0.69995117,1,137,7.30957,126,22,2050,0,1
81.94897,0,1,991,1,62,5.69921875,110,46,36.09375,165.6875,2.8999023,0.89990234,4.89941406,128,7.399414,148,76,1495,0,0
79.034,0,2,991,1,117,2.89990234,116,25,36.19531,190,3.0996094,0.19998169,0.19998169,132,7.509766,213,18,3375,1,2
69.60699,1,1,324,1,128,32.5,134,8,35.79688,266.625,1.8999023,0.79992676,0.69995117,141,7.459961,159,25,800,2,1
72.00494,1,1,7,2,73,11.2988281,50,14,36.79688,224,3.0996094,0.59997559,0.5,136,7.419922,92,11,450,0,3
54.65799,1,2,330,1,103,10.1992188,140,24,36.5,225.90625,2.8999023,0.89990234,0.79992676,136,7.459961,108,11,0,0,1
36.38098,0,2,989,3,70,4,80,28,36.09375,224,2.8999023,3.69970703,1.19995117,139,7.419922,88,13,3670,5,4
72.56097,1,1,32,3,111,23.296875,110,10,35.89844,306.625,2.0996094,1.39990234,1.19995117,135,7.419922,253,8,1968,0,0
69.224,0,1,988,0,69,20.796875,116,45,36.89844,210,6,0.89990234,1.69995117,134,7.5,101,59,2885,0,1
69.41296,1,2,3,2,124,10.5,50,52,38.69531,121.42188,2.8999023,1.69995117,0.89990234,132,7.379883,223,10,3115,0,1
92.07898,1,2,17,1,139,13.5,52,20,36,224,2.8999023,0.39996338,1.69995117,141,7.419922,156,26,4530,0,3
79.60596,1,1,15,4,109,5.19921875,106,28,38.09375,240,3.0996094,0.79992676,0.79992676,136,7.5,105,7,2175,0,1
60.08197,1,1,6,2,109,11.3984375,130,42,38.19531,328.5625,2.3999023,0.5,1.19995117,146,7.40918,101,11,5445,0,1
43.60599,0,2,985,0,130,12.6992188,105,22,36,224,2.8999023,0.89990234,1.19995117,138,7.419922,102,10,1968,0,0
52.90598,1,1,441,2,66,14.8984375,120,30,38,260,2.8999023,0.89990234,1.29980469,135,7.459961,362,17,2130,0,5
56.36099,1,2,292,0,75,13,72,6,36.19531,180,2.2998047,0.89990234,1.19995117,141,7.449219,168,21,1925,0,1
46.17398,1,1,39,0,51,12.7988281,114,8,36.79688,286.625,2.8999023,0.89990234,1.29980469,133,7.429688,138,11,3760,0,0
75.55597,1,2,339,2,122,17.3984375,56,26,36.09375,177.125,2,0.69995117,0.69995117,141,7.419922,205,14,2180,1,0
74.06696,0,1,984,0,117,11.0996094,104,22,38.09375,224,2.8999023,0.89990234,0.79992676,136,7.419922,126,6,1200,0,1
77.97095,1,2,757,2,110,13.0996094,114,10,36.19531,280,2.8999023,0.89990234,1.39990234,147,7.419922,149,32,1190,1,0
64.79395,1,2,5,2,55,10.1992188,120,34,35.89844,154.28125,2.8999023,0.89990234,3.79980469,138,7.229492,83,58,65,0,0
69.62396,1,2,78,1,121,10.0996094,124,16,38.89844,184,2.8999023,3.79980469,1.79980469,149,7.479492,151,55,5600,1,1
66.41498,1,1,12,3,69,9.29882812,114,33,38,233.3125,2.699707,0.89990234,0.89990234,134,7.489258,135,17,2980,0,6
43.88797,1,2,3,1,73,11.5996094,66,43,36.89844,171.40625,2.8999023,0.89990234,0.59997559,143,7.459961,144,19,5270,0,1
64.60498,1,1,685,3,77,11.8984375,84,10,38.39844,205,2.8999023,0.89990234,0.59997559,135,7.359375,131,7,4025,1,1
25.83699,0,2,979,0,55,17.5976562,100,9,35.69531,120,2.8999023,2.5,6.39941406,132,7.439453,163,52,0,0,0
53.27597,1,2,112,1,117,11.1992188,64,28,36.89844,224,3.8999023,0.89990234,0.69995117,138,7.419922,269,14,2575,0,1
76.84094,1,1,29,1,0,15.6992188,0,8,35.39844,172.5,1,1.09985352,2.69970703,129,7.299805,393,40,0,0,0
73.45099,1,2,28,2,137,12.8984375,66,12,38.19531,222.84375,2.8999023,0.89990234,0.89990234,150,7.5,113,20,4445,0,6
54.74298,1,2,92,1,36,1.19995117,30,33,37.59375,93.875,2.8999023,0.89990234,1.89990234,143,7.40918,98,32,110,0,0
68.35297,1,2,36,1,76,9.8984375,56,8,36,332,2.8999023,0.89990234,1.29980469,131,7.379883,116,17,1165,0,0
66.00995,1,2,430,4,153,15.8984375,140,14,36.89844,280,4,0.39996338,0.59997559,143,7.479492,186,23,2510,0,1
62.15698,0,1,977,4,109,6.39941406,170,10,38.69531,210,1.5,1.89990234,0.5,137,7.40918,94,12,1963,0,1
68.27399,0,2,977,1,75,10.5996094,100,21,36.19531,224,2.8999023,0.5,1.29980469,141,7.419922,91,9,4575,0,0
68.89294,1,2,22,3,57,11.3984375,150,10,39.89844,102,2.8999023,2.09960938,0.79992676,136,7.349609,101,18,2080,0,1
66.92694,1,1,104,2,69,1.09985352,106,26,35.89844,472,2.5,1.5,1.19995117,127,7.399414,196,10,1680,3,2
79.23297,1,1,865,2,103,14.6992188,128,42,36.69531,364,1.8999023,6.39941406,2.19970703,147,7.389648,113,43,1670,0,0
44.82999,1,1,4,3,103,15,114,24,33.79688,256.5,2.0996094,9.79882812,1,141,7.40918,113,14,1575,0,1
66.71295,1,2,6,2,100,14.6992188,118,24,36.69531,276.625,2.8999023,0.89990234,1.09985352,135,7.469727,107,18,1445,0,0
70.92694,1,1,9,1,74,4.09960938,74,10,36.59375,290.4375,2.8999023,0.89990234,0.89990234,135,7.40918,210,22,2090,0,0
64.07397,1,2,15,2,77,16.0976562,100,30,35.09375,90,2.8999023,0.89990234,1.5,146,7.229492,430,27,1968,0,1
63.948,0,2,973,1,66,32.6953125,64,29,35.79688,134,2,0.89990234,1.59985352,132,7.399414,110,21,380,0,0
66.47498,0,1,972,3,65,16.6992188,104,40,36.5,200,2.3999023,22.5,1.19995117,139,7.459961,199,38,4450,1,1
54.92398,1,2,6,2,67,4.5,100,22,36,224,2.8999023,0.39996338,1,139,7.419922,98,19,1500,0,1
57.91397,1,1,17,1,71,13.5,73,25,36.69531,155,2.8999023,0.69995117,7.09960938,148,7.40918,200,57,1960,5,4
30.84698,1,1,896,2,65,14.7988281,50,12,36.89844,152.5,2.0996094,0.79992676,0.79992676,136,7.459961,108,18,780,0,1
36.92499,1,1,28,0,129,11.3984375,56,45,39.39844,284,2.8999023,0.89990234,0.89990234,144,7.459961,243,12,2110,0,0
44.32898,1,2,864,3,83,10.5996094,70,12,36.29688,224,2.8999023,0.89990234,1.19995117,140,7.419922,282,23,3800,0,1
47.37299,1,1,24,3,97,28.796875,106,46,38,151,2.3999023,1.5,1.29980469,136,7.449219,87,17,2950,0,1
67.53699,1,2,54,2,100,6,84,24,36.29688,176.1875,2.8999023,0.69995117,0.69995117,140,7.339844,115,18,3025,0,4
59.76199,1,2,136,1,77,7.09960938,80,20,36.09375,224,3.699707,0.5,0.79992676,139,7.419922,157,12,2650,2,2
67.55096,1,2,3,1,53,8.8984375,110,23,36,197.9375,2.8999023,0.89990234,3.09960938,129,7.339844,108,103,380,0,1
77.659,1,2,162,1,115,9.5,70,23,36.09375,224,3.699707,0.79992676,1.19995117,142,7.419922,112,7,4600,0,0
72.42395,1,2,656,2,65,20.3984375,136,12,39.59375,208,1.8999023,0.39996338,0.89990234,135,7.40918,72,7,2010,0,1
37.71698,1,1,27,1,55,12.1992188,74,38,35.5,290,2.8999023,0.89990234,5.79980469,139,7.40918,218,120,110,0,6
73.22699,1,1,173,0,121,8.29882812,124,32,36.09375,162.5,2.8999023,1.5,0.69995117,145,7.519531,179,35,1755,0,1
56.05698,1,1,3,4,0,15.7988281,0,0,35.5,232.5,2.8999023,0.89990234,2,153,7.449219,378,26,5635,0,3
63.84698,1,2,3,2,73,14.6992188,130,32,36.19531,300,2.5996094,1.09985352,2,141,7.439453,150,28,443,0,1
68.73895,0,2,965,1,156,14.5996094,124,32,38.19531,208.5625,2.8999023,0.89990234,0.89990234,146,7.439453,297,47,2010,0,1
67.35095,1,1,69,1,69,14.3984375,114,36,36.29688,87.75,2.8999023,0.89990234,1,138,7.429688,160,23,3050,4,3
43.047,1,1,5,1,59,17,116,16,38.79688,145.4375,2.8999023,0.69995117,1.09985352,137,7.479492,128,19,1250,0,1
50.71597,1,2,297,1,69,16.0976562,70,14,38.19531,212.5,1.6999512,1.69995117,1.69995117,142,7.419922,199,53,3865,1,1
58.448,1,1,9,1,82,10,72,20,37,224,4.1992188,0.39996338,0.89990234,141,7.419922,96,12,1968,4,5
36.62097,1,1,8,2,69,19.8984375,66,20,37.39844,148.96875,2.699707,0.89990234,3.89990234,130,7.5,237,62,2970,0,0
41.92697,1,1,8,0,113,7.69921875,74,22,33.79688,230.59375,1.8999023,0.69995117,1.09985352,135,7.329102,290,15,2240,0,0
24.101,0,1,958,0,49,13,60,6,36.79688,265,2.3999023,1.59985352,2,150,7.369141,100,66,1490,2,3
76.97198,1,2,608,4,73,8.5,46,16,35.79688,152.375,2.8999023,1.09985352,1.79980469,144,7.429688,88,29,1000,0,0
68.62994,0,2,960,1,39,1,144,28,38.89844,160,2.2998047,2.19970703,5,143,7.219727,70,68,975,0,0
50.23099,1,2,312,1,52,9.3984375,64,16,36.5,224,3.0996094,0.59997559,0.79992676,138,7.419922,294,9,5525,0,4
52.91199,1,2,9,2,151,9.79882812,134,30,35.29688,174,2.8999023,0.39996338,4,132,7.369141,129,50,670,0,3
62.86398,0,2,957,4,0,7.19921875,0,10,36.09375,115,2.3999023,17.6992188,1.09985352,139,7.399414,51,23,195,1,0
38.78198,1,2,63,1,153,18.8984375,160,40,36.19531,156,2.8999023,0.69995117,0.5,131,7.429688,78,6,1945,0,1
42.83398,0,1,956,1,53,17.5,120,14,38.39844,147.125,2.5996094,1,1,135,7.489258,124,16,2320,0,0
63.44397,1,1,4,1,70,5.59960938,62,20,36.39844,224,2.8999023,0.89990234,0.89990234,138,7.419922,79,11,1968,0,1
71.10699,1,1,79,2,55,39.59375,104,10,36.59375,164,2.8999023,1.59985352,1.89990234,133,7.339844,253,122,618,0,0
53.73898,1,1,86,2,119,9.3984375,44,42,39.79688,363.3125,2.8999023,0.89990234,1.09985352,143,7.519531,133,17,2230,0,0
19.14899,0,2,953,0,79,7.59960938,92,26,39,224,3,0.59997559,2.09960938,139,7.419922,99,21,2425,0,5
68.31995,1,2,3,3,99,2.5,100,24,36.69531,224,3.7998047,0.59997559,1.29980469,138,7.419922,339,23,1968,0,6
72.99097,1,2,14,1,75,5.79980469,56,16,36.59375,224,4.0996094,0.39996338,1.29980469,138,7.419922,249,48,2225,0,1
72.90295,1,2,36,2,107,14.2988281,124,10,35.69531,127.5,3.2998047,0.5,2.5,131,7.519531,103,128,3145,7,6
19.96199,0,1,951,0,75,10.8984375,72,36,37.89844,228,3.8999023,0.89990234,1.39990234,134,7.289062,105,21,6710,0,0
63.74298,0,1,950,1,119,16.5976562,66,34,35.29688,376,3.199707,1,0.79992676,139,7.449219,199,27,3485,0,2
59.48798,1,2,149,1,70,7.69921875,64,18,36.39844,224,3.199707,0.5,1,139,7.419922,113,9,4000,0,0
31.797,0,2,950,1,109,3.39990234,116,28,36.5,320,3,0.39996338,0.89990234,129,7.479492,76,13,3820,0,1
65.45898,1,1,41,2,60,15.5996094,140,36,35,224,2.199707,18.0976562,6.29980469,126,7.419922,111,51,80,0,2
74.672,1,2,3,1,61,21.296875,104,35,38.5,225,2.2998047,28.5,6.89941406,131,7.349609,142,110,1320,0,1
58.40698,1,2,11,1,68,2,106,31,36,172.5,2.0996094,22.0976562,3.5,136,7.349609,76,117,130,0,1
39.34598,1,2,8,2,59,9.59960938,60,32,36.19531,301.625,2.8999023,0.89990234,2.5,143,7.40918,235,99,1180,0,0
41.90799,1,1,23,1,127,8.8984375,150,10,39.59375,218,2.8999023,1.79980469,0.79992676,132,7.399414,107,8,630,0,4
77.26495,1,2,16,2,111,6.79980469,66,24,36.89844,224,2.8999023,0.89990234,3.69970703,141,7.419922,169,26,1500,0,3
65.67798,1,2,230,4,171,11,116,26,37.69531,393.3125,2.8999023,0.89990234,1.19995117,145,7.599609,144,25,1565,4,0
49.29199,1,1,221,1,75,10.7988281,110,24,36.5,309.5,3.3999023,0.5,0.69995117,134,7.459961,101,9,1700,0,1
77.17999,1,1,20,4,67,19.8984375,124,14,38.89844,250,2.8999023,0.5,0.69995117,147,7.40918,186,3,4880,0,4
74.52399,0,2,944,1,129,19.1992188,136,12,39.09375,124,1.7998047,0.89990234,0.39996338,140,7.389648,118,11,1485,0,0
76.70898,1,2,46,2,69,8.19921875,100,12,36.19531,271.375,2.8999023,0.89990234,0.59997559,134,7.449219,146,12,2600,0,4
66.59497,1,1,4,2,41,21.1992188,134,48,35.59375,72,2.2998047,10.5996094,0.69995117,141,7.479492,85,16,1430,0,7
67.02795,1,2,101,2,68,10,66,22,36.59375,364,2.8999023,0.89990234,0.79992676,132,7.5,87,7,1190,0,1
47.26099,1,2,266,2,63,7.59960938,100,20,37.09375,224,2.8999023,0.39996338,1.19995117,142,7.419922,51,6,3200,1,2
49.69199,1,2,6,1,30,1.19995117,0,10,37.19531,246,2.8999023,2.09960938,4,137,7.289062,154,99,120,0,0
49.5,1,1,15,2,67,4.5,130,28,36.79688,185.6875,3.2998047,0.89990234,0.69995117,143,7.459961,285,25,4300,0,3
72.87598,1,2,193,3,135,16.3984375,116,28,35.89844,370.3125,2.8999023,0.59997559,1.29980469,137,7.459961,262,29,1458,0,0
21.59299,1,2,342,0,63,30.5976562,144,25,38.89844,74,2.3999023,0.89990234,0.79992676,130,7.319336,111,20,2390,0,1
65.27295,1,2,843,2,118,17.1992188,114,34,38.69531,413.3125,3.2998047,1,0.59997559,136,7.479492,124,6,3670,0,0
40.30099,1,1,291,1,0,23.0976562,0,0,39.79688,368,2.8999023,3.19970703,6.09960938,135,7.419922,187,67,0,0,0
51.09097,0,2,940,1,58,22.0976562,95,9,35.89844,163.25,2.199707,1.79980469,1.39990234,128,7.399414,332,33,8340,1,2
31.59499,0,2,940,1,106,12.5,94,21,36,388.875,2.8999023,0.59997559,0.89990234,137,7.30957,126,22,1968,1,0
39.797,0,2,940,3,109,28.296875,64,20,37.79688,508.6875,2.8999023,0.89990234,0.69995117,130,7.479492,245,18,1968,1,1
58.33499,0,2,939,1,55,10.3984375,110,14,36.09375,170,2.8999023,0.89990234,0.5,141,7.389648,196,3,2480,0,5
59.34598,1,2,6,1,138,7.59960938,84,22,36.29688,224,4.0996094,1,1,140,7.419922,83,10,210,0,0
52.94199,0,1,937,2,81,100,104,11,36.39844,159.15625,2.8999023,0.89990234,3.89990234,135,7.319336,240,98,1356,3,0
44.00497,1,2,441,0,62,15.6992188,134,30,35.89844,122.5,2.5996094,18.6992188,1.79980469,144,7.5,168,56,790,0,7
75.02295,1,2,168,1,65,7.5,114,28,38.09375,208.5625,2.5996094,1.59985352,1.79980469,146,7.359375,241,78,2020,0,0
60.52798,1,1,38,5,75,12,120,24,37.09375,224,1.5,0.89990234,0.79992676,136,7.419922,75,21,1968,0,0
66.93799,0,2,934,1,63,10.3984375,104,20,37.59375,336.625,2.8999023,0.79992676,1.69995117,132,7.449219,245,33,880,0,2
69.70599,0,2,933,3,119,15.1992188,66,36,38.19531,303.3125,2.8999023,0.89990234,0.89990234,133,7.509766,200,7,2280,1,7
70.43896,1,2,613,3,79,0.69995117,114,45,36.19531,316.625,2.8999023,3.5,8.09960938,153,7.459961,186,144,3480,0,1
92.15594,1,2,3,1,63,12,120,12,36.09375,263.3125,2,2.79980469,0.69995117,141,7.459961,140,19,2365,0,0
45.59598,0,1,933,1,96,7.29980469,70,20,36.29688,224,4.0996094,1,1.5,136,7.419922,139,31,1968,5,0
21.85899,1,2,5,1,65,14.0996094,106,20,35.69531,224,3.8999023,0.89990234,0.89990234,128,7.419922,97,14,1968,0,1
49.69199,1,1,110,3,78,19.0976562,64,9,36.59375,380,2.2998047,1.59985352,5,129,7.379883,230,99,1290,0,1
70.83099,1,2,270,3,61,17.6992188,106,40,38.59375,177.5,2.0996094,0.89990234,3.29980469,151,7.469727,190,149,173,0,6
62.54599,1,2,189,4,73,8.3984375,70,28,36.19531,191.40625,2.8999023,0.89990234,0.5,139,7.389648,80,16,1100,1,6
79.95294,1,2,26,2,119,37.296875,176,28,36,223.3125,2.2998047,0.29998779,0.69995117,142,7.5,148,47,1910,0,1
60.20499,1,2,193,1,113,28.0976562,106,44,39,240,2.8999023,4.5,0.69995117,137,7.419922,117,8,4900,0,1
58.09998,1,2,108,2,27,15.5996094,135,12,37.89844,218,1.7998047,0.89990234,2.39990234,135,7.289062,43,48,140,0,1
82.37396,1,1,826,2,53,17,70,34,38.79688,122,2.8999023,0.69995117,1.59985352,151,7.479492,185,28,2080,0,0
70.18799,0,1,926,0,76,4,120,28,38.09375,224,2.199707,0.59997559,1.89990234,131,7.419922,103,48,1150,0,0
66.44995,1,1,69,3,145,26,144,35,39,84.60938,2.8999023,0.39996338,0.89990234,139,7.439453,94,19,2595,0,7
72.43298,0,1,926,0,71,7,64,22,36.59375,291.25,2.8999023,0.89990234,1.19995117,141,7.399414,197,20,1220,0,1
40.70398,1,2,99,3,79,7.59960938,116,24,37.79688,224,2.8999023,0.39996338,1,141,7.419922,103,14,1925,2,6
83.76495,1,2,99,3,124,12.2988281,136,26,38.39844,142,4.5996094,0.19998169,1.29980469,144,7.419922,474,20,2155,3,3
37.80399,1,2,182,1,122,9.59960938,140,28,36.89844,224,2.8999023,0.89990234,1,140,7.419922,148,5,1968,0,1
73.57996,1,2,7,2,0,1.19995117,0,0,38.89844,93.32812,2.8999023,1.79980469,3.79980469,136,7.259766,91,88,1510,0,1
27.13799,0,2,923,0,114,9.69921875,103,20,36.79688,361.875,2.8999023,0.5,0.79992676,123,7.469727,144,17,800,0,0
33.53,0,1,922,2,146,20.8984375,60,28,38.5,350,2.8999023,0.89990234,1.5,147,7.459961,102,31,2195,0,1
70.04199,1,2,14,1,123,20,135,33,38.79688,212.5,2.2998047,1,0.69995117,143,7.529297,98,14,1615,0,0
48.83798,0,2,921,0,58,18,120,10,36.69531,151,1.5998535,0.39996338,2.5,141,7.359375,70,37,1935,0,1
23.99199,0,2,921,2,128,22.0976562,150,40,36.5,288,2.8999023,1.29980469,2.59960938,135,7.30957,214,45,2110,0,1
49.383,1,1,231,1,108,12.0996094,135,35,36.09375,256.625,2.7998047,0.29998779,0.5,143,7.5,155,12,3155,0,1
61.67599,1,2,5,1,105,9.29882812,135,6,35.79688,395.1875,2.8999023,5.19921875,5.09960938,137,7.469727,383,101,1040,0,7
74.97095,0,2,920,0,70,14.1992188,120,29,38.79688,106,2.8999023,0.89990234,1.09985352,133,7.5,211,44,1175,0,0
76.53699,1,1,3,1,58,18.1992188,70,14,39.09375,96.65625,2.8999023,0.89990234,1.19995117,141,7.459961,104,36,1550,0,0
63.96997,1,2,113,1,66,16.5976562,64,28,32.19531,224,2.2998047,2.09960938,1.39990234,151,7.419922,189,18,125,1,6
80.58295,1,2,5,3,117,7.39941406,100,24,36.39844,240,2.8999023,0.89990234,1.29980469,141,7.449219,87,22,100,0,1
75.56195,0,2,917,1,80,5.69921875,125,22,35.69531,224,2.8999023,1,1.29980469,142,7.419922,78,21,1000,0,6
83.46594,1,1,23,1,128,7.69921875,110,12,35.39844,264,2.8999023,24,10.8984375,131,7.509766,100,68,2980,0,0
78.12195,1,2,341,4,57,3.29980469,115,12,36,117.76562,2.2998047,0.5,7.89941406,126,7.369141,374,73,900,3,5
59.66599,1,2,233,1,102,12.8984375,114,24,36.39844,365.1875,3.7998047,0.39996338,1.29980469,144,7.429688,199,15,1968,1,2
37.86697,1,2,8,3,80,9.3984375,75,8,37.79688,368,2.8999023,0.89990234,0.5,142,7.419922,117,4,4520,0,1
73.59296,0,2,916,0,115,16.796875,115,12,36.19531,128.5625,2.8999023,0.69995117,4.89941406,133,7.40918,108,72,4185,0,0
68.33698,0,2,916,0,73,5.09960938,128,20,36.39844,224,2.5,0.39996338,0.69995117,132,7.419922,520,6,200,0,0
37.55499,0,2,916,2,108,5.39941406,135,35,38.39844,142.5,1.5,8.5,1.09985352,145,7.399414,52,20,2180,0,0
68.58295,1,2,6,1,115,14.5,145,36,36.5,253.3125,2.8999023,0.19998169,2,134,7.469727,122,20,5510,0,1
54.021,0,2,914,0,92,5.09960938,70,20,37,224,1,3.79980469,0.79992676,136,7.419922,69,10,4900,0,0
18.84999,0,2,914,0,93,22.3984375,100,10,37.59375,182.5,2.3999023,6.19921875,5.89941406,137,7.319336,99,97,3040,0,0
55.96698,0,1,913,0,163,14.3984375,55,14,38.29688,245,3.7998047,0.89990234,1.39990234,148,7.519531,192,16,3005,0,0
67.81696,0,2,913,0,88,6.59960938,60,42,38.39844,255,2.7998047,0.39996338,0.79992676,143,7.439453,96,16,5430,0,1
43.87997,0,1,912,2,75,6,60,8,38.09375,360,2.699707,0.89990234,0.59997559,137,7.479492,90,6,3140,6,6
73.35199,1,2,259,1,78,6.19921875,62,20,36.5,224,3.5996094,0.69995117,1.39990234,135,7.419922,78,44,1750,1,0
66.95099,1,2,652,1,144,12.2988281,70,37,35.59375,224,2.8999023,0.89990234,2.09960938,137,7.419922,190,126,1700,0,0
27.28499,0,2,911,2,65,10.6992188,95,25,36.29688,120,1.8999023,0.89990234,3,127,7.379883,132,37,170,0,0
65.23199,0,2,909,0,57,7.19921875,145,24,36.39844,224,2.8999023,2.79980469,1.39990234,130,7.419922,92,46,1700,0,0
62.27197,1,2,44,1,58,7.79980469,65,44,35,188.5625,2.8999023,0.39996338,1.79980469,136,7.429688,191,25,330,0,6
64.69495,1,2,18,4,30,13.5996094,0,0,37.19531,152.5,2.8999023,0.89990234,1.5,131,7.419922,169,25,72,0,4
54.89697,1,1,127,1,139,16.8984375,70,22,37.69531,280.9375,2.8999023,0.39996338,1.79980469,144,7.349609,99,66,2300,0,5
47.96198,1,2,814,2,55,33.1953125,50,12,39.09375,120,2.8999023,2.29980469,4.79980469,131,7.349609,69,75,144,2,4
57.84,0,1,906,1,148,20.1992188,115,28,36.29688,126.65625,2.5,0.89990234,3.79980469,147,7.439453,69,64,46,0,0
63.73199,0,1,903,1,68,12,100,36,35,256.625,2.8999023,0.89990234,0.89990234,137,7.469727,173,30,2435,0,0
72.32898,1,1,17,1,115,0.69995117,30,11,36.39844,188.5625,3.0996094,0.89990234,1,136,7.469727,96,18,4470,0,0
62.89899,0,2,903,2,63,15.1992188,65,24,37.79688,257.125,2.2998047,0.69995117,1.69995117,143,7.369141,93,47,3015,0,1
44.16699,1,1,53,2,58,27.6992188,130,28,36.5,185.6875,2.8999023,0.59997559,1.39990234,138,7.479492,337,68,3440,0,0
85.89996,1,2,57,1,100,9.3984375,85,22,36.59375,224,2.8999023,0.59997559,0.89990234,137,7.419922,129,16,1900,0,0
58.13797,1,2,681,1,72,18.3984375,100,14,37.79688,155,3,0.89990234,3.09960938,131,7.449219,102,53,1990,0,2
66.97296,1,2,10,1,72,8.79882812,105,40,38,230,3.7998047,0.5,1.19995117,139,7.459961,94,13,2830,0,0
81.26996,1,2,11,0,135,17.296875,105,12,36.69531,514.25,2.699707,0.5,2.29980469,140,7.259766,353,38,870,0,0
61.771,1,2,16,1,78,6.89941406,115,24,38.5,186.65625,2.7998047,0.59997559,1.19995117,130,7.429688,95,32,3335,0,0
44.73398,1,1,554,1,72,5.39941406,105,24,35.19531,224,3.2998047,2.79980469,1.5,123,7.419922,108,34,2950,0,0
63.69299,0,1,902,1,93,7.59960938,70,20,36.29688,228.5625,3.7998047,0.5,2.79980469,135,7.40918,220,61,1900,1,0
57.61298,1,2,604,1,107,5.19921875,70,18,36.39844,224,3.7998047,0.39996338,1,138,7.419922,103,11,1000,0,1
74.79797,0,1,901,1,103,11.5,110,26,36.09375,246.65625,1.6999512,5.09960938,3.89990234,136,7.429688,319,73,2705,0,0
24.709,0,2,900,0,72,16.5976562,55,26,36.19531,177.125,2.3999023,0.39996338,1.19995117,141,7.419922,92,19,5445,0,0
92.31995,1,1,32,2,117,6.19921875,75,22,36.39844,224,4.1992188,0.5,0.79992676,140,7.419922,84,9,2960,0,3
47.31299,1,2,76,1,55,14.8984375,130,30,35.69531,296,2.8999023,0.89990234,1.29980469,136,7.339844,151,44,1940,0,1
56.41098,1,2,15,1,72,32,115,28,38,185,2.0996094,5,1.19995117,148,7.439453,134,26,6115,0,0
51.51797,1,1,160,1,135,12.1992188,115,10,38.29688,392,2.0996094,14.0996094,1.19995117,127,7.549805,229,17,1545,0,1
76.42395,1,2,149,1,102,6.39941406,115,20,36.5,224,2.8999023,0.29998779,0.79992676,135,7.419922,95,3,2305,1,0
47.72897,1,2,61,1,98,7.69921875,111,20,36.5,224,2.2998047,4.09960938,1,140,7.419922,141,26,200,0,3
62.08099,1,2,67,1,62,12.8984375,145,44,39.59375,192.5,2.8999023,0.89990234,1.09985352,137,7.469727,138,19,5125,0,0
77.60699,1,1,8,1,0,24.5976562,0,10,38.5,157.5,1.7998047,0.59997559,2.59960938,148,7.339844,172,59,832,0,2
77.17694,1,2,57,3,45,13.1992188,110,0,39,126.51562,2.8999023,0.89990234,2.89990234,123,7.519531,83,58,230,0,1
72.83795,1,2,152,2,42,21.296875,60,10,36.69531,370,2.8999023,0.89990234,5.59960938,128,7.30957,377,106,500,0,1
77.87,1,1,7,2,103,18.0976562,95,10,36.59375,288,2.3999023,1.29980469,1.29980469,129,7.5,104,19,2745,0,1
53.599,0,1,895,2,135,8.09960938,120,4,38,283.3125,3.2998047,0.89990234,1,139,7.439453,971,22,2295,0,0
71.362,0,1,892,1,107,5.5,55,26,36.19531,186,2.8999023,0.79992676,2.09960938,141,7.419922,325,53,5200,0,0
68.78894,1,1,21,2,80,14.3984375,60,22,36.19531,224,3.5996094,0.59997559,0.89990234,134,7.419922,336,17,1600,0,1
73.99298,1,2,20,3,63,24.0976562,115,30,35.19531,150,2.5,17.5976562,4.79980469,140,7.379883,328,80,8,0,0
60.70099,1,2,10,0,70,19.5976562,80,12,35.89844,167.5,2.8999023,0.89990234,5.5,134,7.379883,84,100,2100,0,0
44.63797,1,1,39,2,63,6.19921875,105,30,36.89844,123.625,2.8999023,0.89990234,1.09985352,132,7.459961,118,23,4505,5,5
60.69498,0,2,889,4,52,32.5,135,48,38.39844,94,2.8999023,1,0.59997559,140,7.419922,117,7,3060,0,0
59.44699,1,1,5,1,64,67.09375,80,28,39,224,2.8999023,0.89990234,1.39990234,140,7.419922,11,26,1000,0,1
75.95898,1,2,16,5,70,11.8984375,105,10,38.69531,154.28125,2.8999023,0.89990234,1.29980469,132,7.40918,151,19,2450,0,1
58.37598,1,1,287,2,132,28.3984375,135,8,38.79688,270,2.8999023,2.59960938,1.39990234,137,7.30957,92,48,3180,0,0
73.22095,0,1,887,2,135,10.6992188,65,30,38,233,2.8999023,0.89990234,0.59997559,137,7.429688,99,10,5195,0,2
91.48798,1,1,6,2,115,9.69921875,75,31,38.79688,232,2.5996094,0.39996338,12.8984375,144,7.389648,107,83,5112,0,3
60.28497,1,1,593,1,115,27.3984375,125,10,36.29688,182.5,2.3999023,0.69995117,0.39996338,137,7.439453,81,20,900,0,1
77.44299,1,2,31,3,83,10.5996094,65,20,36.09375,224,2.8999023,0.39996338,1,141,7.419922,139,11,4900,0,0
67.39496,1,1,8,0,75,5.29980469,60,20,36.5,224,4.5,0.5,1.09985352,142,7.419922,98,12,5925,0,0
55.01398,1,2,24,2,115,12.0996094,80,16,38.29688,91.25,2.3999023,0.5,0.89990234,142,7.40918,149,10,3910,3,3
47.53699,0,2,883,0,72,11.5996094,105,16,37.79688,180,2.8999023,0.89990234,1.89990234,146,7.40918,255,58,1675,0,0
72.00299,1,1,11,1,70,10.5996094,76,16,36.29688,224,2.8999023,0.89990234,0.5,138,7.419922,90,4,1968,0,1
74.91895,1,2,5,1,138,10.6992188,125,10,38.69531,197.5,2.8999023,0.89990234,2.59960938,133,7.519531,133,35,3395,0,0
30.86699,1,2,44,2,99,10.1992188,106,20,37,224,2.8999023,0.89990234,0.59997559,136,7.419922,106,11,1968,0,6
76.646,1,2,558,2,68,19,105,8,39.29688,312,2.2998047,1.09985352,11.1992188,132,7.359375,188,92,850,5,2
61.89697,1,2,5,4,112,21,105,28,36.39844,283.3125,1.7998047,2.79980469,0.69995117,136,7.509766,124,48,3280,0,1
38.83398,1,2,78,1,57,26,125,20,38.69531,78.75,2.5996094,0.89990234,0.59997559,133,7.299805,173,20,900,0,1
56.93399,0,2,880,1,117,6.89941406,130,10,38.69531,140,1.1999512,0.89990234,0.59997559,133,7.40918,238,25,1485,0,1
63.26099,1,2,5,3,112,7.59960938,120,10,36.29688,136,2.699707,0.19998169,4.89941406,148,7.379883,80,135,1740,0,1
59.573,0,1,880,1,138,12,115,38,37.79688,220,1.8999023,0.39996338,5.39941406,131,7.429688,114,72,780,0,1
64.39398,1,2,576,2,63,12.5,80,12,37.79688,180,2,0.79992676,2.09960938,137,7.379883,114,36,1365,2,0
64.02997,1,1,192,1,78,23.0976562,120,44,38.29688,210,1.5998535,3.89990234,0.79992676,129,7.489258,189,12,2745,0,0
39.53497,0,1,879,3,77,20.3984375,120,24,38,118,2.8999023,0.69995117,1.29980469,135,7.439453,206,44,1968,5,6
53.76297,1,2,12,0,40,20.1992188,155,8,38.09375,54,2.0996094,1.59985352,2,131,7.389648,71,40,1570,0,0
59.73999,1,2,805,2,47,22,130,35,39.19531,220,2.5,0.39996338,0.5,140,7.40918,89,11,2860,1,6
63.685,1,1,94,1,82,8.3984375,75,20,37.19531,224,4.0996094,0.39996338,0.79992676,141,7.419922,122,6,1968,0,1
54.94299,1,2,36,1,83,5.79980469,65,20,36.5,204.75,2.8999023,1.29980469,0.89990234,143,7.299805,197,18,1968,0,1
62.146,1,2,27,2,80,7.19921875,65,14,35.29688,224,2.8999023,0.89990234,0.89990234,139,7.419922,93,19,1968,0,5
30.672,1,1,4,3,77,21.5976562,70,20,38.09375,224,2.8999023,0.39996338,0.79992676,139,7.419922,173,9,2625,0,0
52.59998,0,2,875,2,52,10.5996094,125,26,39.19531,191.40625,2.8999023,6,5.5,145,7.399414,111,56,1755,0,0
67.685,1,1,49,0,0,24.1992188,0,0,36.5,413.3125,2.8999023,0.89990234,2.09960938,143,7.40918,167,46,1180,0,0
75.85797,1,1,19,1,69,10.5996094,68,12,36.19531,224,2.8999023,0.89990234,1.19995117,140,7.419922,135,23,1968,0,0
68.40796,1,1,465,1,0,18.6992188,0,32,38.59375,69,1.1999512,0.89990234,6.39941406,141,7.289062,154,82,1560,0,0
51.23297,1,2,8,2,78,5.69921875,50,24,36.69531,224,2.8999023,0.59997559,0.79992676,139,7.419922,93,8,1968,0,7
63.655,1,2,271,2,78,6.19921875,65,20,37.29688,224,2.8999023,25.5,1,136,7.419922,115,8,1500,0,1
45.52197,0,2,872,0,101,7.09960938,104,28,36.69531,224,2.5,0.69995117,0.69995117,138,7.419922,125,21,1968,0,0
67.69897,1,2,537,3,103,2.79980469,65,24,38.19531,310,2.199707,0.89990234,0.79992676,137,7.439453,126,8,2895,0,2
72.93597,1,2,4,1,58,10.8984375,60,10,38.09375,136.65625,2.8999023,0.89990234,0.59997559,129,7.389648,112,26,670,0,1
67.01398,1,1,414,1,118,13,65,42,37.89844,253.3125,2.5996094,1.69995117,0.5,142,7.439453,91,13,6340,1,0
44.64297,1,1,842,0,53,5.29980469,70,24,35.09375,357.125,2.8999023,2.29980469,1.79980469,131,7.489258,82,54,940,0,1
80.46295,0,1,868,0,155,9.59960938,125,36,36.39844,142.84375,2.8999023,0.89990234,1.39990234,128,7.509766,1.399902,26,3270,0,0
72.16998,1,1,42,2,85,5.79980469,105,24,35.39844,224,2.8999023,0.79992676,1,143,7.419922,77,13,3425,0,1
60.668,1,2,40,1,133,10.3984375,135,26,35.59375,270,2.8999023,0.5,1.09985352,139,7.439453,247,21,3745,0,1
76.41595,1,1,141,3,115,0.79992676,70,32,38.19531,288,1.7998047,0.69995117,2.09960938,132,7.359375,106,77,1445,0,1
56.57199,0,1,867,1,120,6.09960938,125,30,35.79688,263.3125,1.1999512,3.79980469,1.09985352,137,7.389648,69,26,3500,1,1
28.786,0,1,867,0,65,1.29980469,140,13,38.5,167.5,2.5,4.59960938,1.89990234,143,7.349609,53,39,1475,1,1
75.39197,1,1,11,1,60,20.296875,115,28,36.29688,156.65625,2.5,0.39996338,0.5,137,7.489258,99,14,1275,0,0
54.18799,0,2,866,2,153,13.0996094,145,12,37.69531,187.5,2.8999023,0.89990234,1.19995117,138,7.479492,141,23,3055,0,0
72.68195,1,2,20,2,67,16.296875,115,37,36.29688,300,2.8999023,1.59985352,0.89990234,136,7.319336,95,18,1110,0,0
69.14398,1,1,48,1,159,12,125,8,38,152.5,3.3999023,0.39996338,5,145,7.639648,198,102,5040,0,4
25.51399,1,1,24,1,120,3.19970703,125,10,36,236,2.5,3.29980469,0.79992676,140,7.329102,121,13,1165,0,1
63.16199,1,1,49,1,93,15.5,100,22,36.59375,292,2.8999023,0.39996338,0.79992676,140,7.399414,130,21,2200,0,1
76.474,0,2,865,1,113,12.8984375,75,29,34.5,270,2.199707,0.89990234,2.59960938,137,7.349609,49,30,1145,0,5
55.35898,1,1,18,2,85,6.09960938,68,14,37.69531,224,3.699707,0.39996338,1.39990234,144,7.419922,128,16,1968,0,1
65.23499,0,1,864,3,108,12,130,8,35.59375,312,3.8999023,0.79992676,2.89990234,136,7.40918,687,43,1680,0,0
45.142,0,1,864,2,165,22.5976562,120,27,38.59375,56,2.0996094,2.19970703,1.79980469,142,7.349609,183,28,855,6,3
63.56497,1,2,55,2,63,10.0996094,131,20,38.19531,308,3.199707,0.89990234,0.69995117,138,7.459961,169,8,1100,0,0
21.489,0,1,863,1,105,11.3984375,115,24,38.09375,134.6875,2.8999023,0.89990234,1,136,7.439453,131,23,2720,0,1
68,1,1,29,2,108,11.5,105,22,36.69531,260,2.8999023,0.89990234,0.59997559,137,7.459961,136,11,2705,2,1
65.23798,1,2,574,1,33,11.1992188,150,36,39.59375,157.5,2.3999023,2.59960938,3.89990234,135,7.369141,38,55,80,0,0
81.05695,0,2,861,1,65,34.796875,65,22,36.09375,217.5,1.7998047,37.59375,4.19921875,128,7.359375,97,49,5465,0,1
49.18298,1,2,41,4,73,6.89941406,95,26,35.69531,528,2.8999023,0.79992676,1.89990234,140,7.459961,109,62,1405,0,0
83.77496,0,2,860,1,45,14.7988281,105,27,38.89844,182.5,2.8999023,1.5,5.89941406,129,7.339844,95,82,115,0,0
63.95297,1,1,8,1,97,8.69921875,76,10,35.59375,224,3.8999023,1.19995117,1.19995117,139,7.419922,82,4,1968,0,1
69.86395,1,2,15,3,140,7.09960938,125,10,37.79688,313.3125,2.2998047,0.89990234,0.59997559,129,7.469727,128,5,6280,0,0
52.24899,1,1,110,2,161,9.79882812,50,14,38.69531,366.625,2.8999023,0.89990234,1.5,152,7.419922,144,12,2780,2,1
52.59399,1,2,276,1,73,15.5996094,105,24,37.89844,226.90625,2.8999023,1.09985352,0.59997559,133,7.40918,122,7,1968,0,6
76.72296,1,1,15,3,62,6.09960938,105,24,37,140,2.8999023,1.09985352,1.19995117,142,7.519531,367,41,6315,0,3
78.09698,1,1,12,1,100,7.59960938,64,24,39.29688,224,3.8999023,1.39990234,0.89990234,141,7.419922,92,6,1968,0,6
76.698,1,2,5,1,113,9.3984375,125,10,37.79688,346.625,3.3999023,2.09960938,1,142,7.449219,190,13,2990,0,1
64.96399,1,2,5,2,113,13.8984375,115,26,39.19531,96.65625,2.8999023,1.59985352,1,142,7.399414,114,18,3270,0,1
53.63397,1,1,156,1,58,3.39990234,105,10,35.5,380,2.8999023,3.79980469,0.89990234,130,7.489258,97,15,1050,0,0
72.33099,0,1,854,2,77,5.69921875,65,20,36.29688,224,2.8999023,0.59997559,1.09985352,142,7.419922,114,12,3900,0,0
45.38498,1,1,8,1,65,12.5996094,85,16,36.39844,224,3.0996094,0.69995117,1.39990234,137,7.419922,97,14,4025,0,1
50.82797,1,2,18,1,112,18.6992188,135,28,36.5,175,2.2998047,1.69995117,2.5,133,7.299805,220,56,955,0,1
75.02795,0,2,853,2,112,3.09960938,145,67,38.29688,106.10938,3,6.19921875,1,138,7.419922,135,9,3420,0,0
63.56998,0,1,853,0,77,9.19921875,120,26,38,323.75,2.8999023,1.89990234,1.69995117,136,7.509766,114,24,3850,0,0
76.61597,0,1,853,3,112,15.8984375,165,46,37.69531,224,3.699707,0.89990234,0.89990234,138,7.419922,129,23,1110,0,1
63.87399,1,1,8,0,63,5.89941406,135,10,35.5,220,2.0996094,2.89990234,2.79980469,142,7.509766,374,62,3760,0,1
65.42896,1,2,11,3,58,12.0996094,110,8,38.29688,340,2.8999023,0.5,2.69970703,145,7.369141,299,50,5645,0,0
69.008,1,2,3,1,62,18.0976562,135,41,38.89844,226.65625,2.8999023,0.5,1,132,7.569336,184,17,6840,0,0
77.19397,1,2,23,0,100,11.5,74,20,37.59375,123.32812,2.8999023,0.89990234,1.89990234,139,7.289062,66,27,1968,0,1
62.88797,0,2,847,0,95,12.5,110,24,37.79688,169.375,2.8999023,0.89990234,1.19995117,136,7.429688,98,21,2870,0,0
61.12299,1,1,15,1,125,19.296875,105,26,37.19531,343.4375,3.7998047,0.69995117,1.39990234,137,7.419922,285,36,1093,0,1
43.38098,0,1,847,3,50,5,145,40,33.89844,55,4.6992188,4.09960938,2.29980469,152,7.439453,393,25,2750,0,0
61.78497,0,2,847,2,108,6.5,105,26,35.69531,150,2.8999023,0.89990234,0.5,134,7.319336,80,11,1390,0,0
70.02295,1,2,12,1,67,11.6992188,105,12,38.69531,326.625,2.0996094,2.29980469,0.59997559,130,7.469727,157,17,1890,0,0
66.41199,1,1,14,2,73,11.6992188,130,10,37.69531,104,1.5,1.59985352,0.69995117,136,7.429688,125,11,2225,0,0
67.737,1,2,9,2,118,10.3984375,105,24,37,266.625,2.8999023,0.59997559,0.79992676,134,7.399414,128,9,1150,0,0
46.65598,1,2,425,2,95,13.6992188,85,20,36,224,2.8999023,0.69995117,1.09985352,138,7.419922,104,18,3950,0,0
70.073,1,1,72,4,75,12.2988281,60,14,36,493.3125,2.8999023,0.89990234,6.29980469,137,7.539062,108,53,0,5,5
56.75598,1,2,6,1,80,8,126,22,36,247.59375,3.3999023,0.59997559,0.59997559,132,7.439453,105,6,1968,0,0
77.17694,1,2,5,2,135,9.8984375,125,38,36.69531,398,2.8999023,1.59985352,2.29980469,136,7.589844,77,28,4425,0,1
64.047,1,1,716,1,110,14.1992188,95,24,35.79688,224,2.8999023,0.89990234,0.69995117,130,7.419922,85,11,1968,0,0
56.18298,1,1,5,0,65,16.8984375,125,24,36.5,376,2.8999023,0.89990234,1.89990234,132,7.439453,257,31,1425,0,1
65.31696,0,1,839,1,60,20.5976562,125,10,38.39844,276.625,2.3999023,0.89990234,0.89990234,135,7.429688,179,9,990,0,0
58.198,1,2,14,2,47,12.8984375,65,10,38,370,2.699707,5.09960938,3.5,128,7.399414,155,63,1300,0,0
56.646,1,2,74,3,62,23.6992188,130,8,36.79688,252.5,2.8999023,2.5,1.29980469,149,7.399414,212,51,3885,0,5
75.94299,1,1,152,3,65,17,115,32,36.89844,372,29,1,5.59960938,145,7.329102,92,127,3205,2,1
57.84799,1,2,638,2,117,21.8984375,70,24,38.09375,224,3.2998047,1.09985352,1.19995117,135,7.419922,149,17,1070,1,0
64.61896,1,2,25,1,69,17.8984375,138,22,36.5,224,2.199707,0.69995117,0.59997559,144,7.419922,203,6,1968,0,1
64.04895,0,2,837,2,71,12.0996094,80,24,36.59375,224,2.3999023,0.79992676,0.79992676,135,7.419922,76,9,1350,0,0
53.172,1,1,6,1,66,9.29882812,84,24,37.59375,224,1,3,0.79992676,134,7.419922,105,2,2300,0,1
61.54398,1,2,48,2,58,10.3984375,70,24,34.89844,633.25,2.8999023,0.89990234,1.5,131,7.509766,238,32,1400,5,0
49.67297,1,1,11,1,73,10.1992188,100,20,36.69531,401.625,3.699707,1.09985352,0.79992676,146,6.919922,195,5,5230,0,0
42.01498,0,2,835,2,72,12,115,24,36.59375,262.9375,2.8999023,0.89990234,0.89990234,140,7.389648,157,21,2085,0,1
67.73999,1,2,285,1,62,9.3984375,135,31,35.69531,223.3125,2.8999023,2.29980469,1.89990234,138,7.429688,69,30,785,0,0
69.83398,1,1,581,2,118,10.6992188,115,32,38.39844,97.95312,2.3999023,1.09985352,1.79980469,134,7.449219,221,47,1880,0,1
49.02399,1,2,9,4,68,18.8984375,80,23,35.39844,244,2.8999023,0.89990234,2.29980469,126,7.519531,326,75,3145,0,0
45.24298,0,1,832,2,87,12,75,30,35.69531,181.8125,2.8999023,0.89990234,1.39990234,139,7.359375,206,31,700,0,1
58.01498,1,1,32,1,117,21.6992188,120,40,38,165,2.8999023,0.89990234,1.39990234,143,7.40918,181,64,2085,0,6
58.20898,0,2,831,1,89,7.59960938,70,16,36,228.5625,4.1992188,0.69995117,0.79992676,143,7.369141,74,10,1968,0,0
78.461,0,2,829,3,83,12.5996094,100,22,36.79688,224,3.699707,0.89990234,0.89990234,136,7.419922,108,34,1968,1,1
82.98395,1,2,283,3,112,11.3984375,65,35,37.69531,170,2.8999023,0.89990234,0.59997559,137,7.40918,71,8,1770,0,0
85.72998,1,2,372,5,43,16.6992188,145,27,36.39844,175,2.199707,1.39990234,4,139,7.369141,57,105,720,0,2
78.44495,1,1,6,0,45,15,80,12,36.79688,146,2.3999023,6.29980469,2.89990234,131,7.459961,240,83,727,0,6
74.56799,1,2,349,1,107,9.09960938,84,30,37.69531,518.25,2.8999023,0.69995117,1.19995117,131,7.30957,223,14,1170,0,1
74.09198,0,1,824,0,58,0.39996338,135,31,37.89844,185,2,8.5,4.5,129,7.289062,63,100,440,0,4
43.13498,0,1,824,1,137,29.5976562,145,14,36.79688,140,2.8999023,0.89990234,2.29980469,150,7.449219,96,46,4115,0,3
52.99899,1,2,5,1,122,17.1992188,115,22,38.89844,292.5625,2.8999023,0.89990234,1.79980469,139,7.40918,251,25,3165,0,0
44.383,1,2,162,2,98,1,115,36,35.09375,293.3125,1.2998047,11.8984375,2.69970703,145,7.349609,181,87,915,0,2
62.771,1,2,24,2,102,13.2988281,95,28,37.29688,128.3125,2.8999023,0.79992676,7.39941406,137,7.439453,100,78,15,4,1
57.30298,0,1,821,3,118,18,102,40,35.09375,142.5,2.8999023,0.89990234,1.29980469,135,7.399414,180,29,3060,0,1
69.62396,1,1,69,0,62,11.7988281,150,30,36.5,157.5,1.7998047,0.89990234,0.69995117,136,7.359375,95,12,950,0,5
33.94897,0,1,820,3,133,11.5,85,28,37.59375,224,2.8999023,0.59997559,1.39990234,140,7.419922,109,18,1968,0,0
80.51495,1,1,6,1,57,34.3984375,95,31,37.79688,152.5,2.8999023,0.89990234,2.69970703,130,7.419922,56,75,344,0,2
64.61298,0,2,819,0,85,15.3984375,55,40,35,182.5,2.8999023,0.89990234,0.89990234,136,7.459961,106,20,2680,0,0
61.83197,0,2,819,0,32,14.5996094,35,0,36.79688,140,2.8999023,0.89990234,3.5,142,7.519531,226,73,0,0,1
70.70795,0,2,818,4,72,20.3984375,105,22,37.79688,134.6875,1.8999023,1.39990234,1.89990234,144,7.449219,137,41,2850,0,0
69.03998,0,2,817,4,110,16.5976562,110,36,39.19531,263.3125,2.2998047,3.29980469,1.19995117,141,7.489258,129,20,1650,0,1
66.086,1,2,548,1,117,6.29980469,145,8,39.5,338.0625,3,0.89990234,0.5,129,7.509766,199,12,2750,0,0
36.181,0,1,816,0,117,20,155,44,39.69531,117,2.3999023,4.19921875,0.5,144,7.329102,82,5,4045,0,0
48.99698,1,2,97,3,65,8.19921875,170,40,38.09375,136,2.8999023,0.89990234,0.69995117,132,7.329102,150,7,2570,0,1
67.25299,1,2,9,1,42,0.29998779,165,26,35.89844,284,2.8999023,25.0976562,4.59960938,141,7.369141,81,132,2420,0,6
51.978,1,1,347,1,123,22.8984375,117,28,36.39844,164.28125,2.8999023,0.79992676,0.69995117,138,7.399414,211,12,1400,0,1
54.59497,1,2,420,1,56,6.09960938,145,55,38.69531,140,1.7998047,0.79992676,1.5,143,7.449219,289,39,1340,0,0
45.85397,1,2,224,1,45,7.69921875,140,5,39.29688,128,2.8999023,0.89990234,1.09985352,129,7.479492,112,11,4760,0,0
70.06995,1,2,4,1,93,7,72,24,36.19531,224,3.3999023,0.69995117,4.69921875,143,7.419922,281,54,1250,0,1
78.52997,1,2,16,2,133,0.09999084,110,43,36,116.3125,2.8999023,20.5,1.29980469,152,7.459961,231,51,3460,0,0
43.95599,0,2,814,1,150,7.89941406,105,34,36.29688,260,2.8999023,1.09985352,2.29980469,142,7.369141,98,58,1490,1,0
47.85797,0,2,815,3,62,9.29882812,140,20,35,237.125,2.5,4,3,142,7.509766,104,67,3400,2,1
46.155,0,2,815,1,58,11.2988281,115,41,36.69531,63,2.8999023,14.3984375,2.39990234,150,7.339844,90,10,355,0,3
45.60999,0,1,814,2,48,14.3984375,105,11,38.39844,184.4375,2.8999023,0.89990234,2.09960938,137,7.439453,150,51,2640,1,1
66.95099,1,1,5,2,100,14.8984375,125,14,38.79688,376.625,2.8999023,0.89990234,1,137,7.419922,244,19,2235,0,1
68.26599,1,1,117,1,78,4.19921875,120,10,35.59375,224,2.8999023,0.89990234,3.69970703,126,7.419922,180,83,4035,1,1
50.46698,0,2,812,1,108,5.69921875,80,20,36.09375,185.6875,3.3999023,0.5,3,136,7.399414,130,47,4500,0,0
65.79596,1,1,11,1,112,1.69995117,65,26,36.59375,283.3125,2.8999023,1.39990234,0.59997559,146,7.449219,93,21,3720,4,0
70.25098,1,1,262,3,103,16,102,24,36.79688,159.15625,2.8999023,1,0.69995117,145,7.329102,237,6,950,0,0
56.76398,0,2,810,1,65,7.69921875,55,20,36.39844,224,2.8999023,0.5,1.19995117,136,7.419922,80,26,950,0,0
59.35397,1,2,315,3,112,15.7988281,130,24,36.29688,87.6875,2.8999023,3.39990234,1.19995117,140,7.40918,202,72,3320,0,0
52.465,0,2,809,1,115,13.0996094,120,24,36.5,300,3.699707,0.79992676,1,138,7.30957,132,14,900,0,1
61.41498,1,2,43,2,64,15.5,98,20,35.19531,480.9375,2.2998047,7.39941406,2.29980469,135,7.509766,114,74,305,0,0
62.35999,1,1,15,1,101,16.8984375,65,14,36.5,304.75,2.8999023,0.59997559,2,130,7.469727,177,58,3135,0,1
84.07898,1,1,7,0,98,7.29980469,72,16,36.39844,224,4.5,0.69995117,1.5,142,7.419922,105,19,1968,0,1
36.82397,0,2,808,4,65,22.5976562,60,10,38.29688,137.5,3,0.59997559,1.5,136,7.489258,261,30,2695,6,0
51.16998,0,1,807,1,69,3.39990234,64,16,36.29688,224,2.699707,0.89990234,0.89990234,124,7.419922,78,11,1750,1,1
64.20496,0,1,807,1,108,19.5976562,65,8,36.19531,388,2.8999023,0.39996338,8.29882812,136,7.329102,146,54,835,0,1
50.76199,1,1,3,3,58,16.1992188,125,12,39.5,286.625,2.8999023,0.89990234,5.39941406,133,7.40918,156,88,70,0,1
63.67398,0,1,806,0,83,7.59960938,75,20,35.5,224,2.8999023,0.89990234,1.59985352,141,7.419922,97,13,1968,0,1
68.58295,0,1,806,1,72,9.19921875,145,24,35.59375,309.5,2.8999023,1,1.59985352,137,7.529297,157,41,1730,0,0
79.58099,1,2,4,2,50,11,80,22,35.79688,264,2.8999023,0.89990234,3.09960938,132,7.449219,104,52,770,0,1
83.58398,0,1,806,0,73,5.59960938,80,22,35.39844,239.125,3.3999023,0.89990234,1.59985352,137,7.389648,90,41,850,0,1
34.439,0,2,805,0,75,10.8984375,125,25,38.59375,438.0625,2.8999023,0.59997559,3.5,137,7.329102,108,29,790,0,0
53.40198,1,2,102,1,60,10.3984375,60,25,35.89844,362.8125,1.5,2.59960938,5.29980469,125,7.339844,206,72,94,0,0
44.81897,0,1,803,3,153,16.5,115,29,39.09375,283.3125,2.8999023,0.89990234,0.79992676,138,7.419922,173,8,4400,0,1
74.78699,1,2,8,4,72,18.796875,125,32,36.59375,266.625,1.8999023,1.29980469,3.29980469,136,7.469727,99,74,120,1,1
69.97894,1,2,6,2,70,21.5976562,105,24,35.89844,224,2.8999023,20.296875,2.59960938,138,7.419922,92,98,1090,0,2
25.254,0,1,803,0,122,6.79980469,125,24,36.19531,280,2.8999023,0.89990234,1.39990234,141,7.459961,95,18,3430,0,0
56.24597,1,1,10,0,75,13.3984375,65,20,36,224,2.5,18.5976562,2.09960938,131,7.419922,36,55,1600,0,5
61.15298,1,2,240,1,100,10.5996094,75,26,36.59375,254.15625,2.8999023,0.89990234,0.79992676,136,7.389648,148,21,1968,0,0
69.42596,1,1,6,1,135,22.8984375,65,35,36.5,200,2.7998047,1.59985352,6.29980469,127,7.319336,91,68,36,0,0
49.30298,1,2,4,1,60,15.2988281,125,10,38.19531,167.5,2.8999023,0.89990234,0.59997559,135,7.429688,94,5,1730,0,1
42.70499,0,1,801,1,125,9.5,115,9,38.5,164,2.8999023,0.89990234,1.09985352,136,7.459961,174,26,3335,0,1
60.36697,1,1,109,1,113,4.89941406,115,34,37.89844,215,2.8999023,0.89990234,0.89990234,142,7.459961,118,13,3480,0,0
59.51297,0,2,801,3,72,12,75,4,38.39844,215,2,0.89990234,1.39990234,140,7.40918,128,26,2605,0,0
81.52197,1,1,118,1,108,12.1992188,115,9,38.59375,157.5,2.8999023,0.89990234,4.29980469,149,7.509766,233,81,3095,4,3
60.65698,0,2,801,3,85,4.69921875,65,22,36.5,224,3.699707,0.69995117,1.5,140,7.419922,85,8,1968,0,0
57.53897,1,2,29,1,58,14.5996094,65,26,38.39844,400,2.8999023,0.89990234,0.69995117,142,7.389648,141,9,3220,0,4
36.84097,0,1,798,2,118,14.1992188,105,26,38.59375,284,2.8999023,0.89990234,0.59997559,141,7.439453,101,3,4340,0,1
67.49896,1,2,250,1,113,5.29980469,68,20,36.5,224,3.699707,0.5,10.3984375,138,7.419922,72,45,1968,0,0
61.06497,0,2,798,1,112,6.5,125,28,35.89844,110.20312,2.8999023,0.89990234,0.5,138,7.509766,145,21,3535,0,0
61.65097,1,2,16,4,71,7.09960938,74,16,35.79688,224,2.8999023,0.39996338,0.79992676,139,7.419922,114,12,2050,0,3
49.125,1,1,60,1,72,4.79980469,45,20,36.29688,224,3.8999023,0.5,1.09985352,139,7.419922,104,7,1968,0,1
48.67899,0,1,797,4,119,7,128,32,36.39844,224,2.8999023,0.89990234,0.89990234,139,7.419922,118,8,1968,0,0
71.90997,1,2,318,2,77,16.1992188,115,6,39.39844,252.5,2.8999023,0.89990234,0.89990234,143,7.569336,176,14,1980,0,7
49.21799,1,2,6,2,150,19.0976562,140,40,38.79688,187.5,2.8999023,0.89990234,2,142,7.5,158,113,2950,0,0
56.36697,1,2,4,3,103,9.5,65,28,38.19531,148.96875,2.8999023,0.89990234,1.19995117,141,7.429688,118,23,925,0,0
73.85394,1,1,31,1,103,7.5,80,20,36.29688,224,3,3.5,1,133,7.419922,105,10,2075,0,1
66.63098,0,2,796,1,60,20.5,100,9,37,180,2.5996094,0.89990234,1.09985352,145,7.459961,206,42,1545,0,0
67.46295,1,1,70,4,73,15.7988281,75,28,36,200,4.0996094,0.69995117,0.69995117,140,7.389648,281,5,1800,5,1
22.63699,0,2,795,0,38,14.0996094,95,12,35.09375,197.5,1.8999023,1,3.19970703,129,7.449219,244,31,0,0,0
58.52197,1,2,65,3,82,9.29882812,112,20,36.39844,224,2.699707,2.89990234,1,127,7.419922,114,31,1900,0,0
69.45099,1,1,81,3,147,10.6992188,115,25,38.5,393.3125,2.8999023,0.89990234,0.79992676,133,7.439453,161,16,2305,0,6
71.18695,1,1,4,2,67,10,119,26,37.69531,224,2.0996094,0.89990234,0.39996338,134,7.419922,174,3,1968,0,1
44.44098,1,1,96,2,102,14,45,12,38.29688,344,2.8999023,0.89990234,0.89990234,132,7.439453,189,13,2135,1,1
61.36099,1,2,465,1,125,3.79980469,60,28,35.29688,266.625,2.699707,0.89990234,0.79992676,137,7.449219,285,13,1955,0,0
71.99695,1,2,222,0,100,8.5,75,18,36.5,256.5,4.0996094,0.39996338,1,139,7.40918,79,13,900,0,6
57.70599,1,2,130,0,53,16.296875,105,10,37.79688,165,1.7998047,0.89990234,0.5,129,7.479492,213,18,3900,2,2
57.34198,0,2,790,2,68,11.0996094,145,9,35,220,2.8999023,0.79992676,2.39990234,129,7.349609,192,55,2230,0,0
50.89398,1,1,74,1,75,7.79980469,75,32,35.89844,226.65625,2.699707,1.89990234,1.29980469,141,7.339844,126,48,1550,0,1
64.70398,0,2,789,2,62,7.79980469,65,28,36,224,2.8999023,0.89990234,1.79980469,132,7.419922,155,45,2390,0,0
84.862,1,2,7,1,100,17.6992188,120,30,38.29688,310,2,2.69970703,1.39990234,139,7.419922,121,48,2330,0,6
70.77594,1,1,12,2,62,2.5,125,33,37.79688,404,2.5996094,1.69995117,2.19970703,149,7.40918,74,25,1550,0,5
55.30698,0,1,788,1,122,6,125,26,36.19531,185.6875,2.8999023,0.89990234,0.69995117,130,7.439453,126,7,2035,0,0
70.74896,0,2,788,0,48,1.79980469,0,24,36.09375,142.5,2.8999023,0.89990234,0.59997559,128,7.429688,36,18,3180,0,1
84.474,1,1,4,3,73,4.39941406,64,32,38.39844,138.3125,2.8999023,0.89990234,0.89990234,134,7.449219,210,15,1940,0,1
53.29999,1,1,19,0,97,5.19921875,70,20,37,224,3.699707,0.59997559,0.89990234,140,7.419922,98,6,3400,0,6
45.26797,1,2,31,1,20,12.2988281,0,0,37.79688,154,3.3999023,0.79992676,1.5,135,7.40918,255,31,1310,0,0
70.88599,1,1,46,2,78,14,65,26,37.59375,224,2.8999023,0.89990234,0.69995117,137,7.419922,365,30,1280,0,0
75.90094,1,2,645,3,112,11.7988281,45,35,39,188.5625,2.8999023,0.89990234,0.79992676,133,7.399414,148,14,3950,0,1
58.58197,0,2,786,1,80,13,72,20,36.89844,224,3.2998047,0.59997559,0.79992676,138,7.419922,171,3,2500,0,0
76.12299,1,2,7,1,45,11.3984375,145,41,38.19531,151.40625,2.699707,1.39990234,0.69995117,139,7.05957,68,7,2005,0,1
56.89798,0,1,786,1,65,6.89941406,70,26,37.79688,352,2.8999023,0.89990234,4.29980469,131,7.519531,237,94,585,0,0
79.31799,1,2,104,3,128,19.296875,160,14,35.09375,330,2.8999023,0.89990234,1,136,7.40918,138,26,1700,0,0
49.10599,0,1,783,1,48,15.2988281,145,15,39,140,2.5,4,3.59960938,131,7.399414,103,23,1600,0,0
49.28098,1,2,14,3,58,19.0976562,190,47,37.69531,176,2.199707,11.2988281,0.79992676,143,7.449219,234,7,7790,0,0
77.17999,1,1,264,1,112,9.5,65,20,37.79688,224,2.8999023,0.59997559,1,137,7.419922,117,12,1880,0,0
51.504,0,1,782,1,108,78.1875,105,10,37.79688,167.34375,2.8999023,1.19995117,0.89990234,149,7.349609,99,22,2170,0,0
65.56598,1,1,452,1,72,22.8984375,125,13,37.89844,164,2.8999023,0.89990234,2.89990234,130,7.349609,124,58,1066,0,7
64.66498,0,1,781,4,93,14.8984375,75,30,36.39844,305,3.0996094,1.89990234,0.89990234,132,7.429688,150,30,3685,1,0
75.77295,0,2,781,1,117,6.5,100,20,36.29688,224,2.8999023,0.59997559,1,138,7.419922,103,15,1968,0,5
71.19495,1,2,8,0,80,8.29882812,109,22,36.19531,224,2.8999023,2.19970703,1.5,138,7.419922,82,27,2800,0,0
37.83698,0,2,780,1,79,7.19921875,72,20,38.69531,224,2.8999023,0.59997559,0.89990234,141,7.419922,97,5,4700,0,0
47.13498,0,2,780,0,112,18.1992188,135,33,38.39844,243.3125,2,1.29980469,0.59997559,145,7.419922,118,15,1705,0,0
70.49097,1,2,3,0,71,3.09960938,113,28,35.09375,224,2.8999023,0.89990234,1.29980469,135,7.419922,107,18,1968,0,1
69.42896,1,1,253,0,147,7.79980469,120,6,36.09375,253.3125,2.3999023,3.89990234,4.09960938,147,7.399414,177,54,820,0,1
65.54999,1,2,24,2,106,10.3984375,55,16,35.59375,224,3.3999023,0.5,1.09985352,140,7.419922,191,14,3650,0,1
58.66098,0,2,778,1,65,11.5996094,105,14,38.19531,312,2.8999023,0.89990234,1,135,7.359375,144,21,1260,0,1
61.82898,1,1,30,4,118,14.6992188,75,10,35.89844,253.3125,2.8999023,3,1.19995117,147,7.489258,239,18,930,0,2
77.01294,0,1,776,1,65,10.5,120,12,37.79688,178,2.7998047,3.59960938,2.59960938,149,7.389648,74,26,710,0,0
64.586,1,2,197,2,98,15.3984375,75,24,36.69531,271.375,2.8999023,0.69995117,2.89990234,138,7.289062,182,59,1968,1,0
69.20197,0,2,775,3,108,1,110,33,38.09375,230,2.5996094,0.69995117,0.89990234,145,7.539062,99,27,2375,7,7
63.28299,1,2,82,1,55,28,70,30,36.09375,214.28125,1,18.1992188,8,136,7.389648,84,101,940,0,0
70.04797,1,2,122,0,42,4.89941406,75,11,37.59375,324,2.8999023,0.89990234,1.59985352,127,7.479492,210,49,3955,0,1
59.32599,1,2,196,2,48,22.0976562,115,8,38.69531,220,2.2998047,0.69995117,1.39990234,144,7.429688,227,18,3620,0,1
74.836,1,1,205,2,78,13.7988281,105,16,36,145,2.8999023,0.89990234,0.89990234,135,7.449219,96,31,3745,0,0
67.29895,1,2,145,1,67,9.8984375,105,16,36.09375,224,2.8999023,0.89990234,0.89990234,135,7.419922,87,12,1650,0,0
65.03796,0,1,772,0,105,2.59960938,130,8,38.19531,260,1.1999512,0.89990234,1.19995117,136,7.399414,104,15,1373,0,6
55.05499,1,2,6,1,72,10.3984375,101,16,36.5,224,3.7998047,0.89990234,1.19995117,133,7.419922,265,18,1775,0,1
28.19399,1,1,11,3,62,6.39941406,60,10,36.09375,170,2.8999023,0.89990234,0.59997559,139,7.419922,115,10,3025,0,1
60.66299,1,2,33,0,52,21,145,10,39.29688,182.21875,1.8999023,2.89990234,1.5,139,7.5,196,55,330,0,1
55.56198,0,1,770,1,73,8.8984375,115,24,35.59375,623.75,2,6.19921875,1,128,7.469727,91,6,750,0,2
75.28796,1,1,5,2,98,5,70,20,36.29688,224,2.8999023,0.39996338,1.09985352,141,7.419922,158,5,9000,0,1
75.27698,0,1,769,3,75,23.3984375,115,35,38.5,211.40625,2.199707,0.79992676,1.09985352,138,7.429688,174,13,1860,0,0
53.02698,1,2,385,5,83,7.79980469,55,12,35.39844,512,2,3.79980469,3.29980469,134,7.40918,141,97,1900,0,1
65.44299,1,2,105,2,108,15.2988281,125,38,37.59375,252,2.8999023,0.79992676,0.69995117,136,7.349609,136,9,665,0,5
54.543,1,2,192,1,112,25.796875,100,12,36.39844,348,1.5998535,0.39996338,0.5,138,7.429688,144,10,990,0,0
80.28198,1,2,5,2,93,8,65,20,36.19531,224,2.8999023,0.5,0.89990234,138,7.419922,199,15,2400,0,6
52.88199,1,1,504,1,48,15.2988281,105,60,37.89844,295,2.8999023,0.69995117,1.5,134,7.379883,203,27,2200,1,1
60.65399,1,2,67,1,42,1.29980469,75,12,35.69531,230,2.5,22.296875,2.19970703,146,7.339844,157,84,340,0,0
55.181,1,2,288,1,118,14,125,10,36.69531,260.6875,4.0996094,0.89990234,0.69995117,140,7.369141,119,11,2670,2,0
50.01199,0,2,764,1,65,9.29882812,120,10,36.29688,177.75,1.5,4.19921875,3.19970703,146,7.389648,214,85,2815,0,1
22.62799,0,2,763,0,72,6.09960938,60,20,36.5,224,2.8999023,0.89990234,2.09960938,139,7.419922,83,53,1300,0,4
47.62799,1,2,521,1,70,23.296875,64,28,37.79688,224,2.5,11.8984375,0.59997559,131,7.419922,33,4,1968,0,0
73.59094,0,1,762,1,127,0.39996338,115,33,36.69531,428.5625,2.8999023,22.3984375,8.59960938,154,7.30957,195,142,2130,0,0
36.76099,0,1,761,2,72,14.5996094,110,32,38.09375,200,2.0996094,0.69995117,0.69995117,143,7.449219,206,10,3200,0,0
82.75696,1,2,279,2,72,6.5,45,16,36,224,2.8999023,0.89990234,1.79980469,138,7.419922,188,57,2550,0,1
70.21997,0,1,761,1,55,15.1992188,145,0,36.69531,190,2.8999023,0.89990234,2.29980469,136,7.489258,361,48,2670,1,0
77.35498,1,2,66,1,128,14.8984375,110,35,36,98.75,2.8999023,1.59985352,0.69995117,136,7.519531,267,26,1535,0,2
48.40198,1,2,21,1,135,30.8984375,125,18,38,208.5625,2.8999023,7.29980469,1.19995117,141,7.439453,109,35,1350,0,1
38.875,0,1,760,0,53,13,55,22,38.79688,191.40625,2.0996094,1.59985352,7.5,121,7.379883,150,113,88,5,7
65.93597,1,1,14,1,60,16.3984375,125,10,38.19531,133.3125,2.3999023,2.39990234,1.09985352,130,7.489258,97,9,1970,0,0
60.44397,0,1,759,0,67,19.5,108,20,34.29688,338.0625,2.8999023,3.69970703,3.29980469,147,7.539062,111,78,1300,0,0
57.51099,0,2,759,1,58,11.7988281,155,40,37.89844,130,2.5,6.89941406,1.19995117,134,7.609375,167,48,2002,0,0
58.28098,0,1,759,3,118,11,55,22,37.79688,272.5,2.8999023,0.89990234,0.69995117,136,7.429688,153,5,5295,1,2
62.80899,1,1,15,1,112,17.5976562,135,44,38.59375,146.65625,2.5996094,0.5,1.69995117,149,7.429688,148,23,1530,0,6
51.16498,1,2,76,1,130,14.5,75,25,38.09375,300,2.8999023,0.5,1.5,146,7.449219,384,39,3890,0,0
60.52798,0,1,757,1,68,14.5,125,12,35.59375,220,2.8999023,1.79980469,1.5,140,7.429688,177,41,4000,0,0
45.56299,0,2,756,1,50,18.296875,115,20,36.5,72,2.0996094,6.29980469,5.69921875,139,7.339844,100,63,580,0,1
71.16998,0,1,756,3,123,16.796875,75,16,36.89844,130,2.3999023,0.89990234,1.29980469,137,7.349609,128,26,2240,0,1
76.85999,0,1,756,0,125,14.2988281,135,12,39,263.3125,3.3999023,1.89990234,0.69995117,138,7.529297,120,11,2985,3,3
66.612,1,2,333,2,38,15.5996094,75,20,36.79688,131.40625,2.0996094,3.89990234,4.69921875,144,7.419922,89,49,120,0,2
80.23798,0,1,754,0,50,5.39941406,195,30,39.19531,270,3.199707,0.89990234,4.89941406,136,7.459961,149,47,460,0,5
30.245,1,2,4,1,47,17.296875,125,38,36.69531,116.65625,2.8999023,0.89990234,1.09985352,142,7.299805,273,58,5450,0,1
50.36798,1,1,24,1,67,19,95,28,36.69531,228.5625,2.8999023,0.89990234,1.59985352,142,7.399414,83,30,1968,0,7
55.16199,1,1,66,1,57,15.3984375,145,38,35.79688,230,2.8999023,0.59997559,1.39990234,142,7.389648,92,44,985,0,1
40.271,1,2,109,2,47,17.5,75,32,38.69531,134,1.8999023,0.69995117,1.09985352,132,7.439453,107,18,1659,0,1
68.25494,0,2,752,4,62,9.69921875,105,10,38,245.6875,2.8999023,0.89990234,1.5,134,7.489258,114,38,5780,0,0
84.29797,1,1,17,0,132,8.59960938,120,30,38.5,135,2.5996094,0.89990234,0.89990234,150,7.429688,153,17,3570,0,3
80.474,0,1,751,0,128,5,52,20,36.69531,224,3.8999023,0.69995117,1.29980469,137,7.419922,81,9,3200,0,0
46.89099,1,2,7,4,108,11.6992188,115,24,38,297.3125,3.0996094,0.59997559,0.89990234,133,7.469727,133,19,2045,0,0
67.90997,1,2,3,0,66,10.5,70,12,36.29688,200,3.199707,0.59997559,0.5,131,7.389648,98,15,3680,0,1
89.07599,1,1,5,1,77,23.3984375,70,27,35.19531,266.625,2.8999023,0.29998779,3.59960938,146,7.399414,163,60,4500,0,1
40.20798,1,2,4,2,73,4,65,20,38.09375,328.5625,2.7998047,0.79992676,1.39990234,139,7.449219,107,13,1968,0,1
47.64697,1,1,400,4,67,19.5976562,140,34,38.09375,160,2.5996094,0.39996338,0.69995117,143,7.449219,83,35,1390,0,0
59.461,0,1,747,1,52,11.2988281,175,26,38.89844,53,2.8999023,1,1,131,7.279297,170,19,460,0,1
64.44598,1,1,71,1,118,52.09375,115,14,36.09375,104.20312,3.0996094,24.5976562,3.79980469,138,7.479492,186,57,840,0,6
77.21295,0,2,748,2,40,6.59960938,0,8,37.89844,102,2.8999023,0.89990234,2.69970703,144,7.389648,153,46,2010,0,0
47.79999,0,2,747,1,67,22.5,115,7,35.39844,165,3.199707,0.5,1.09985352,139,7.399414,158,26,2220,0,1
80.51996,1,1,17,2,42,19.0976562,75,38,39,126.65625,2.8999023,1.79980469,3.19970703,139,7.459961,155,71,375,0,0
57.125,1,2,63,2,120,7.69921875,115,32,38.29688,216.65625,2.8999023,1.09985352,0.59997559,142,7.399414,144,16,1360,2,2
41.39398,1,2,33,1,125,8.09960938,75,20,36.79688,224,2.8999023,0.89990234,1.29980469,137,7.419922,182,20,1400,1,0
60.95798,1,1,14,1,103,7.69921875,106,20,36.39844,224,2.8999023,0.5,1.5,136,7.419922,141,20,1968,0,2
71.27197,1,2,357,2,97,8.5,86,20,36.89844,224,4.2998047,0.59997559,0.89990234,142,7.419922,133,14,1968,0,1
42.27499,0,1,745,0,101,11.1992188,110,42,35.5,214.8125,3,0.5,1,144,7.299805,87,31,1700,0,0
49.37698,0,1,745,0,115,20.3984375,71,16,36.29688,224,2.199707,4.39941406,0.69995117,134,7.419922,97,18,530,0,0
63.85199,1,1,25,2,68,12.6992188,135,6,38.19531,188.3125,2.8999023,0.89990234,1.79980469,131,7.459961,154,41,3860,0,6
73.71399,1,2,72,1,110,4.59960938,66,24,38.59375,224,2.8999023,1.09985352,1.29980469,141,7.419922,265,9,1968,0,0
62.379,1,1,111,2,95,5.09960938,78,20,36.59375,224,3.5996094,0.59997559,1.09985352,140,7.419922,104,8,5625,0,0
65.01294,1,1,11,1,142,6,105,10,35.39844,186.65625,1.8999023,3.79980469,1.79980469,137,7.479492,165,40,4653,0,0
71.49097,1,1,52,3,125,18.5,105,13,37.89844,165,1.7998047,1.69995117,4.79980469,146,7.339844,75,59,1660,0,2
55.61398,1,2,49,2,73,10.5996094,65,24,39.19531,144,2.8999023,1.19995117,1.29980469,135,7.489258,216,28,3130,3,1
77.04297,0,2,742,1,65,11,135,45,38,182.84375,2.8999023,1.5,1.19995117,143,7.40918,97,16,3390,0,0
85.03998,1,1,14,1,113,7.79980469,65,10,38,276.625,2.8999023,0.89990234,0.69995117,129,7.509766,96,15,1180,0,7
60.54498,1,1,8,1,89,5.69921875,60,20,36.5,224,2.8999023,0.5,1,140,7.419922,142,16,2975,0,0
65.03796,1,1,11,3,68,14.6992188,80,10,35.59375,342.5,2.8999023,0.59997559,5.59960938,130,7.40918,129,129,560,0,1
63.83298,1,1,8,0,68,29.5976562,75,20,36.39844,224,2.8999023,0.5,1.39990234,134,7.419922,115,30,1968,0,1
51.87399,0,2,728,2,62,2.09960938,72,16,38,536,2.699707,0.5,0.5,138,7.439453,89,8,4440,0,1
18.88799,0,2,728,0,112,18.296875,125,44,38.89844,120,2.699707,0.39996338,2.09960938,145,7.189453,417,45,1445,0,0
65.5,1,1,6,2,63,13.5,55,10,36.09375,310,2.8999023,2.39990234,1,135,7.439453,93,20,2135,0,1
74.08099,1,1,589,2,62,6.89941406,115,36,39.59375,157.5,2.8999023,0.89990234,0.89990234,134,7.489258,424,16,2145,1,2
62.14398,1,2,77,1,104,10.8984375,70,20,36.39844,316,4,0.59997559,0.69995117,137,7.399414,147,22,2200,0,0
73.56897,1,2,15,4,65,2.89990234,135,30,39.19531,228.5625,2.8999023,0.69995117,1.19995117,147,7.369141,231,31,3775,0,2
65.08398,1,1,64,1,77,12.2988281,100,20,36.69531,224,3.0996094,0.39996338,1,142,7.419922,92,16,1968,0,1
81.96594,0,1,725,0,86,10.7988281,75,24,36.09375,195.21875,2.8999023,0.89990234,0.59997559,139,7.289062,126,8,1968,0,1
55.55899,0,1,726,5,43,11.5996094,140,25,38.19531,119.98438,1.6999512,6.39941406,2.79980469,145,7.389648,117,60,1460,1,1
72.43799,0,2,726,1,78,36.09375,75,8,36.19531,286.625,2.5,0.59997559,1.89990234,149,7.439453,293,54,2265,0,1
71.62195,1,1,74,2,125,18,45,12,36,356,2.8999023,0.5,2.69970703,138,7.369141,80,36,2965,4,2
62.25299,0,2,725,3,57,0.29998779,115,24,35,226.65625,2.8999023,0.89990234,0.89990234,133,7.5,385,23,1000,0,1
73.47595,1,1,173,2,97,23.3984375,125,26,38.29688,120.40625,2.8999023,0.89990234,1.29980469,134,7.319336,181,5,2065,0,0
21.092,0,2,724,0,0,12.2988281,0,40,34.89844,45,2.5,0.69995117,1.19995117,136,7.319336,134,67,1130,0,1
73.96295,1,1,360,1,138,24.1992188,155,36,36.5,152.5,1.0998535,1.5,2.29980469,131,7.489258,123,30,638,0,3
85.04297,1,2,517,0,75,10.5,54,16,36.59375,224,3.2998047,0.39996338,0.89990234,139,7.419922,74,15,1968,0,4
35.32397,0,1,723,1,102,9.19921875,125,22,36.39844,236.65625,2.8999023,0.89990234,1.09985352,135,7.449219,89,13,3725,0,1
67.75397,1,1,42,3,53,12.5,105,36,38.5,223.3125,2.8999023,0.89990234,1.39990234,138,7.459961,269,28,2275,3,3
61.728,1,2,11,0,58,3,35,30,34.89844,395.1875,2.5996094,1.29980469,2.09960938,126,7.539062,705,46,3820,0,1
60.435,0,2,721,1,110,10.2988281,120,40,38.69531,152.5,2.8999023,0.89990234,0.5,139,7.489258,189,25,2805,0,1
63.72098,1,2,193,1,60,11.7988281,120,30,35.59375,172.5,2.8999023,21.796875,8.8984375,139,7.369141,168,83,9,0,5
72.79095,0,1,721,3,22,29.6992188,0,0,37.59375,478,2.8999023,0.89990234,3.59960938,126,7.229492,536,39,64,0,0
25.95499,0,1,720,0,58,9.29882812,80,35,38.09375,243.3125,2.8999023,0.89990234,2.69970703,143,7.5,108,111,1785,0,0
46.146,0,1,720,1,52,1.09985352,135,38,38.59375,44,2.8999023,22,4.5,150,7.129883,87,143,15,0,0
65.37396,1,2,57,4,158,12.5,105,12,38.29688,356,2.8999023,0.89990234,7.59960938,138,7.349609,312,61,450,0,1
54.08899,0,2,718,1,72,5.89941406,75,16,36.5,224,2.8999023,0.39996338,0.69995117,143,7.419922,77,13,1475,0,0
20.31799,0,1,719,1,115,11.2988281,75,27,33.89844,263.3125,2.8999023,0.69995117,1.59985352,148,7.399414,327,42,1255,0,0
60.82098,0,2,718,3,62,7.59960938,145,10,39.09375,175,2.5,4,2,147,7.509766,149,77,1520,0,0
43.23599,1,2,11,0,110,30.3984375,80,27,38.69531,56.66406,2.8999023,0.89990234,2.29980469,126,7.5,340,39,740,0,0
67.93195,1,1,565,2,75,15.7988281,110,30,36.19531,264,2.5,0.39996338,0.89990234,135,7.419922,198,14,1300,3,3
65.008,1,2,315,3,100,14.6992188,100,22,36.39844,224,2.8999023,0.69995117,1.5,125,7.419922,158,16,3205,0,1
73.62097,0,2,716,1,80,4.79980469,75,20,39.19531,224,2.7998047,0.59997559,1.09985352,134,7.419922,111,9,1300,1,0
67.49097,0,2,716,1,62,7.69921875,110,31,36.89844,276.625,2.8999023,1.09985352,3.09960938,143,7.369141,99,59,2050,0,0
70.21198,0,2,716,1,75,9.3984375,64,20,37.5,224,2.8999023,0.39996338,1.09985352,132,7.419922,163,9,1968,0,0
74.40094,1,1,80,2,142,28.3984375,115,28,36.69531,122.4375,2,0.39996338,9.79882812,135,7.399414,133,87,97,0,3
65.42896,0,1,713,0,58,12.0996094,95,14,37.69531,410,2.8999023,0.89990234,1.09985352,132,7.469727,137,24,1270,0,0
38.13599,1,1,46,3,67,12.1992188,76,24,38.19531,600,2.7998047,0.89990234,0.79992676,131,7.469727,51,3,2525,1,0
73.32196,1,2,380,1,52,10.7988281,45,24,36.5,222.84375,2.3999023,2.79980469,5,130,7.269531,268,89,3200,0,1
64.45197,1,2,165,1,50,13.5,125,35,36.59375,120,2.8999023,0.89990234,2.59960938,127,7.349609,280,48,1023,0,1
67.49896,0,1,711,1,125,16.8984375,115,40,38.09375,226,2.8999023,0.89990234,2.79980469,145,7.469727,133,79,1540,0,0
62.20898,1,2,601,2,68,10.5996094,115,35,37.89844,157.125,2.7998047,1.19995117,2.29980469,134,7.239258,306,35,2394,0,0
63.95297,0,2,710,4,71,19.5976562,60,16,35.5,224,2.2998047,0.39996338,0.69995117,137,7.419922,78,6,2800,0,1
53.81799,1,2,431,1,72,11.2988281,50,10,35.89844,144,2.8999023,0.59997559,2.39990234,133,7.529297,158,88,1620,0,0
72.72797,1,2,259,2,70,4.69921875,75,16,35.59375,224,2.8999023,1.19995117,1.29980469,142,7.419922,140,41,1880,0,1
76.36694,1,2,38,1,112,7.19921875,130,16,36,213.3125,2.8999023,0.5,0.79992676,139,7.40918,165,12,980,0,1
66.27795,1,2,128,2,48,9.09960938,115,24,35.79688,363.3125,2.199707,3,5.69921875,143,7.429688,137,51,23,0,2
82.70996,1,1,30,2,160,19,55,16,38.19531,210,2.8999023,0.89990234,1.09985352,142,7.489258,185,14,3480,0,7
63.76999,1,2,150,1,85,6.29980469,75,20,36.19531,224,2.3999023,0.79992676,1.29980469,140,7.419922,72,29,1968,0,1
51.58698,0,2,707,2,118,4.79980469,125,10,36.19531,260,4,0.69995117,0.79992676,137,7.40918,121,11,3730,0,1
75.82495,1,1,14,2,118,0.09999084,135,25,38.19531,200,2.0996094,0.69995117,3,133,7.359375,248,124,1805,0,6
69.66498,1,2,19,0,108,14.7988281,70,18,36.79688,308,2.8999023,0.59997559,0.89990234,137,7.469727,280,27,1968,0,0
82.69995,1,2,30,2,110,8.09960938,100,22,36.29688,347.5625,2.8999023,0.39996338,0.89990234,135,7.469727,92,6,1968,0,6
58.19299,1,2,6,2,73,6.89941406,120,27,38.59375,161.65625,2.8999023,0.69995117,1.69995117,136,7.5,172,30,3165,0,1
33.78,0,1,705,1,58,3.39990234,110,10,36.09375,126,2.8999023,2.5,0.79992676,146,7.469727,217,25,3120,0,1
47.93198,0,1,705,1,75,17.8984375,115,10,36.09375,148.875,2.199707,0.89990234,0.69995117,136,7.509766,157,36,3065,0,1
48.375,1,2,50,2,78,5,65,16,36.39844,214.28125,2.8999023,0.5,1.79980469,136,7.439453,178,48,2050,0,0
65.37396,1,1,61,1,132,11.8984375,55,10,34.19531,270,1.5998535,1.19995117,1.29980469,136,7.289062,240,17,1968,0,2
64.53699,0,2,703,1,97,7.89941406,80,28,36.79688,247.59375,2.8999023,0.89990234,0.5,139,7.479492,185,11,900,0,0
57.46198,0,2,703,3,86,11.5996094,88,22,37,256,3.3999023,0.5,1.29980469,143,7.369141,147,22,2000,6,1
47.69598,1,2,5,1,142,0.19998169,115,25,39.39844,120,2.2998047,1.39990234,0.59997559,129,7.439453,201,13,5630,0,2
56.60199,1,1,7,3,122,9.69921875,115,12,38.19531,187.5,2.8999023,2.79980469,1.19995117,137,7.459961,83,16,4150,0,0
66.41998,0,2,702,2,65,7.79980469,65,33,37.69531,232.5,2.8999023,0.89990234,0.89990234,138,7.509766,110,20,850,0,0
23.55099,0,1,702,2,122,17.8984375,115,31,36.5,208.5625,3.2998047,0.89990234,1.09985352,133,7.489258,248,23,2230,0,5
57.74698,1,1,7,0,107,13.8984375,135,39,37.69531,246.65625,2.8999023,8,2.09960938,150,7.439453,115,31,3610,0,0
62.508,1,2,10,0,72,3.59960938,79,32,36.79688,265,2.199707,0.89990234,0.89990234,140,7.279297,69,14,2950,0,0
76.97998,1,2,35,1,127,7,105,0,38.39844,188.875,2.8999023,0.89990234,1.69995117,142,7.449219,183,38,2550,0,5
79.59796,0,2,700,2,115,7,130,16,37.89844,316,2.8999023,0.89990234,0.79992676,139,7.459961,136,10,2350,0,0
75.63599,0,1,699,0,53,10.8984375,105,12,37,162.5,2.8999023,0.89990234,1.29980469,125,7.459961,96,25,1650,0,0
62.84998,1,2,4,6,105,22.0976562,65,20,36,376,3.5996094,0.69995117,2.09960938,136,7.439453,161,57,2050,0,0
75.65198,1,1,7,1,72,15.8984375,55,14,36.19531,219.03125,2.8999023,0.69995117,0.69995117,138,7.399414,126,14,2580,0,4
44.97498,1,1,245,1,146,17.8984375,120,10,38.5,98.5625,2.8999023,0.89990234,0.79992676,153,7.449219,105,26,3635,0,1
70.71899,1,2,301,1,80,9.19921875,75,20,35.19531,330,2.8999023,0.89990234,1.79980469,140,7.589844,75,41,925,0,0
64.55896,0,2,696,2,67,12.3984375,120,22,38,224,2.8999023,0.89990234,0.69995117,131,7.419922,149,5,1750,0,3
69.36597,1,2,469,2,112,15.5996094,125,14,38.79688,137.5,2.3999023,0.79992676,0.59997559,136,7.449219,113,20,2555,0,1
75.23895,1,2,58,2,105,14.5,95,12,38.5,246.65625,3.3999023,7,0.89990234,135,7.439453,107,11,3170,0,1
68.62695,1,2,117,1,70,13.2988281,120,32,39.29688,151.65625,2.8999023,0.89990234,2.89990234,142,7.419922,115,42,1960,0,1
44.172,1,2,24,4,67,5.39941406,82,16,36,357.125,4.1992188,2.19970703,0.89990234,133,7.479492,105,23,2400,0,1
39.81699,1,2,64,2,110,8.19921875,80,20,37,404.75,3.2998047,1.19995117,1.09985352,139,7.469727,81,21,2300,0,1
80.35895,1,2,28,1,130,35.3984375,125,28,36.29688,356,4,0.89990234,0.89990234,139,7.369141,110,22,620,0,2
61.92999,1,2,20,3,78,15.7988281,105,11,36.79688,170,2.8999023,2.09960938,3.09960938,137,7.40918,100,58,3470,0,0
71.35895,0,2,691,0,60,14.3984375,135,24,38.09375,112.23438,2.8999023,0.5,0.79992676,125,7.549805,193,28,1050,0,1
74.37396,1,1,18,2,138,17.3984375,0,38,38,260.8125,3,1.19995117,0.5,143,7.239258,268,14,2797,0,2
50.14398,0,2,691,2,60,6.09960938,125,13,38.79688,158,2.8999023,5.29980469,1.39990234,149,7.379883,283,16,3430,1,0
69.67798,1,2,77,2,113,3.5,125,35,36.19531,185.6875,2.8999023,1.79980469,2.19970703,140,7.389648,149,33,1225,0,7
76.62695,0,2,691,1,63,4.69921875,79,28,38,224,3.2998047,0.89990234,1,135,7.419922,88,9,1968,0,1
24.02199,1,1,18,2,100,10.5996094,65,20,36.09375,224,2.8999023,0.69995117,1,139,7.419922,88,6,1590,0,0
37.34198,1,2,9,4,115,14.8984375,105,24,35.59375,284,3.199707,0.5,0.69995117,149,7.449219,125,21,655,0,0
76.23798,1,2,27,6,98,10.3984375,95,24,36.89844,223.3125,3.0996094,1.29980469,1.5,139,7.359375,94,31,2760,0,6
73.36597,0,2,690,2,118,10.7988281,145,10,38.09375,205.6875,2.8999023,0.59997559,2.19970703,126,7.389648,199,62,3510,0,1
66.75696,1,2,52,2,107,79.390625,88,20,37.69531,205.6875,3.2998047,0.79992676,1.69995117,140,7.429688,97,13,3370,0,1
62.15698,0,1,690,1,43,27.1992188,0,12,38,164,3.699707,1,1.89990234,126,7.319336,297,30,1650,0,0
81.57697,1,2,20,1,117,12.2988281,97,20,35.29688,224,2.7998047,1.5,1,136,7.419922,98,18,1600,0,0
76.271,0,2,688,1,65,10.0996094,65,24,34.69531,388,2.8999023,0.89990234,1.89990234,127,7.459961,211,50,930,0,3
45.17697,0,2,686,0,59,10.3984375,130,12,36.59375,160,2.0996094,0.89990234,0.39996338,137,7.40918,134,13,1585,0,0
81.74695,1,1,311,2,113,10.7988281,117,24,36.29688,224,3.0996094,0.39996338,1.09985352,136,7.419922,113,15,1968,0,1
68.70099,1,2,161,1,127,21.1992188,65,27,34.5,155,2.7998047,0.89990234,12.2988281,132,7.289062,318,97,0,0,0
40.323,0,2,685,3,115,18.5,110,27,36.19531,192.5,2.199707,0.5,1.29980469,142,7.399414,89,15,3545,0,1
54.87997,1,2,8,4,120,19.5,155,40,35.39844,300,2.5,1.59985352,1.59985352,135,7.439453,244,43,1875,0,5
67.85999,1,2,54,1,73,9.8984375,70,28,36,260,2.8999023,0.89990234,1.5,137,7.389648,88,53,1100,0,6
62.73499,0,2,684,1,113,30.8984375,110,22,35.5,175,3.0996094,0.79992676,0.5,130,7.429688,223,14,1510,0,0
33.59299,0,1,683,0,105,3.39990234,110,33,35.19531,192.5,2.199707,1.09985352,0.89990234,144,7.419922,535,12,1840,0,0
67.849,0,2,683,3,75,19.5976562,125,28,37.69531,360,1.5998535,1,1.69995117,143,7.399414,62,18,2940,0,0
75.98395,1,2,14,1,128,7,115,10,38,266.625,2.5,0.5,0.59997559,130,7.379883,125,8,1570,0,0
59.98898,1,2,4,0,148,13.0996094,125,40,36.29688,240,2.8999023,0.5,0.5,140,7.399414,166,36,1920,0,1
66.16296,1,1,23,1,100,8.19921875,112,24,36.29688,191.28125,2.8999023,0.89990234,1.29980469,136,7.349609,78,24,1850,1,1
54.34598,1,2,4,1,120,5.39941406,84,24,36.59375,216,2.8999023,0.89990234,1,139,7.429688,95,10,1968,0,1
51.129,0,2,680,0,50,7.5,140,20,41.19531,62,2.7998047,1.09985352,4.59960938,149,7.419922,269,73,1320,0,1
71.69897,1,2,13,3,72,22.1992188,105,24,35,300,2.8999023,21.8984375,1.69995117,142,7.399414,109,15,1968,0,3
38.905,0,1,679,0,103,12,145,42,39,236.65625,2.8999023,0.89990234,1.39990234,160,7.459961,378,36,1955,0,0
71.43896,1,1,47,1,68,16.3984375,135,36,39.59375,122.21875,3.0996094,1,0.59997559,134,7.509766,78,21,2210,4,5
71.625,1,1,24,1,63,45.5,115,22,37.79688,100,2.5,4.39941406,0.79992676,151,7.339844,62,9,4270,0,6
55.79999,1,1,63,1,103,1.09985352,75,29,36.5,196.65625,2.5,5.19921875,1.79980469,142,7.489258,174,41,1070,1,2
33.405,1,2,4,0,53,23.0976562,120,12,39.29688,138.4375,3.3999023,5,3.89990234,146,7.479492,88,79,1545,0,1
43.25,1,2,14,0,133,8.5,115,33,39.39844,259.25,3.199707,1.59985352,2.89990234,145,7.479492,212,81,2215,0,5
38.68298,0,1,676,1,132,13.1992188,140,26,38.29688,131.09375,2.8999023,0.69995117,0.89990234,143,7.459961,331,28,4210,0,1
48.04099,1,2,253,2,0,11.7988281,0,0,36.39844,31,1,0.79992676,2,136,7.239258,267,48,1415,0,0
69.64294,0,1,674,3,53,9.59960938,96,20,34.29688,340,2.8999023,0.89990234,0.89990234,140,7.429688,65,10,220,0,3
77.57397,0,1,674,1,105,7.89941406,80,20,36.79688,224,2.8999023,0.19998169,0.59997559,142,7.419922,101,11,1968,1,0
70.34399,1,2,128,3,96,10.8984375,76,18,36.79688,428.5625,3.699707,0.79992676,0.89990234,140,7.459961,91,8,1968,0,1
59.37,1,1,17,0,105,9.3984375,105,33,36.29688,175,2.8999023,0.89990234,1.19995117,132,7.439453,251,13,3130,0,1
54.94897,0,1,672,1,68,20.8984375,125,12,37.39844,184,2.0996094,0.19998169,0.69995117,142,7.389648,89,17,795,0,1
68.99896,1,2,134,3,70,11.5,85,20,36,247.59375,4.0996094,1.69995117,1.69995117,138,7.509766,97,25,1810,0,0
71.96399,1,1,31,0,113,11.7988281,55,30,38.5,353.3125,2.8999023,0.89990234,0.59997559,136,7.449219,158,11,2670,0,1
47.35098,1,2,339,1,74,11.3984375,126,24,38.39844,304,2.8999023,0.79992676,0.89990234,128,7.429688,80,26,825,1,2
69.92499,0,1,671,1,57,4.09960938,115,40,35.59375,192.71875,2.0996094,0.79992676,1.29980469,148,7.479492,82,21,4140,0,0
33.577,0,1,671,1,130,8.8984375,64,22,35.59375,224,3.0996094,0.79992676,1.59985352,134,7.419922,129,34,1968,0,0
27.392,0,1,671,0,70,7.69921875,80,28,36.69531,154,1.7998047,1.09985352,2,138,7.399414,303,51,2825,0,0
55.715,1,1,211,1,72,17.1992188,115,28,36.59375,217.125,2.8999023,0.69995117,0.89990234,129,7.489258,102,8,2750,0,1
78.89697,0,1,670,2,66,7,110,32,36.69531,226.0625,3.199707,0.89990234,0.5,138,7.379883,260,8,4525,0,0
40.80798,1,2,7,1,122,9.79882812,55,14,39.5,151.40625,3,1.19995117,0.79992676,140,7.5,291,13,2505,0,0
72.02997,1,2,28,0,63,11,74,42,38.59375,374.9375,2.5,0.29998779,4.69921875,145,7.40918,87,113,847,0,0
60.90298,1,2,253,1,103,10.0996094,55,10,35.39844,224,2.8999023,0.89990234,0.79992676,136,7.419922,152,14,1968,0,0
46.38998,0,1,667,1,108,8.69921875,110,36,36.19531,55,2.8999023,11,1.19995117,148,7.479492,93,31,6590,0,6
75.034,0,1,668,0,62,5.19921875,130,52,32.09375,144,2.699707,5.89941406,1.69995117,137,7.369141,42,74,1145,0,1
63.17297,1,1,375,1,105,19.3984375,75,28,36,170,2.8999023,0.79992676,1.39990234,148,7.40918,283,64,1470,0,1
65.89697,1,1,5,3,107,5.19921875,108,20,36.5,257.125,3.7998047,0.5,1.19995117,128,7.469727,105,33,1025,0,6
74.81494,1,2,347,1,73,4.79980469,75,20,36.29688,257.125,3.3999023,0.39996338,1.09985352,138,7.429688,99,13,2225,0,0
60.41599,0,1,665,0,127,15.0996094,125,32,38.39844,204.0625,2.8999023,0.89990234,1.29980469,145,7.459961,191,19,900,0,7
55.84399,0,2,665,1,100,8.3984375,72,32,38.39844,292,3.2998047,0.39996338,0.89990234,133,7.469727,93,23,1968,0,1
43.05798,1,2,250,1,105,11.8984375,55,12,36.79688,118.45312,3.199707,0.59997559,0.89990234,142,7.449219,133,30,3840,0,0
55.26099,1,2,7,1,58,18.796875,55,24,38.29688,169.375,1.5998535,0.39996338,1,131,7.369141,177,21,1520,0,6
57.06998,1,2,35,1,70,14.5996094,96,22,35.59375,252.15625,2.8999023,0.89990234,0.79992676,125,7.419922,209,11,2100,0,0
60.32898,0,2,663,1,113,3.69970703,100,12,36.59375,224,2.8999023,0.89990234,0.89990234,134,7.419922,209,9,2970,0,0
75.32098,1,1,19,2,113,7,80,20,38.19531,224,2.7998047,1.19995117,1.19995117,134,7.419922,117,28,900,0,2
66.935,1,2,200,1,77,3.59960938,75,24,35.59375,360,3.199707,2.19970703,3.79980469,135,7.369141,161,101,780,0,1
53.577,0,1,661,4,118,12.6992188,125,24,36.89844,203.3125,2.8999023,0.5,0.59997559,138,7.459961,203,37,2535,0,4
64.86798,1,2,140,3,75,24.5,80,24,38,293.3125,2.5,0.79992676,1.69995117,133,7.379883,10,192,1968,0,0
78.54596,1,1,7,2,118,19,125,46,38.79688,240,2.8999023,1.19995117,0.5,143,7.429688,212,3,4445,0,6
66.57098,1,2,6,1,103,7.39941406,85,22,36.89844,224,2.8999023,0.39996338,1.29980469,140,7.419922,95,24,1968,0,1
49.52798,0,1,659,1,78,12.6992188,115,42,38.69531,236.65625,3,3.89990234,3.29980469,148,7.419922,174,96,1000,0,0
70.32196,1,2,467,3,30,7.79980469,135,33,40.59375,305,2.8999023,0.89990234,5.79980469,144,7.319336,90,54,140,0,0
34.168,1,1,41,1,100,11.5996094,120,28,36.59375,224,2.699707,0.5,0.59997559,141,7.419922,61,17,1968,0,0
63.66599,1,2,415,1,38,71.890625,145,12,38.69531,104.28125,1.5998535,0.29998779,2.5,145,7.379883,85,28,1110,0,0
59.29099,0,2,659,1,132,11.2988281,155,10,36.29688,147.5,1.5,3.79980469,2.39990234,133,7.359375,60,31,1120,0,1
62.29199,0,1,658,3,112,18.6992188,95,26,38.39844,106.65625,2.8999023,0.89990234,3.09960938,152,7.349609,362,86,1790,1,4
68.08197,1,1,8,3,55,11.1992188,75,40,36,189.78125,2.2998047,0.89990234,1.5,135,7.489258,88,22,695,0,0
73.71399,1,2,7,1,69,5.59960938,76,14,35.59375,224,2.8999023,0.5,0.59997559,133,7.419922,90,4,1968,0,5
48.25497,1,2,395,1,48,8.29882812,65,8,37.89844,247.5,2.3999023,0.89990234,1.59985352,138,7.459961,165,70,97.5,1,6
37.20697,1,2,15,3,74,7.89941406,74,20,37.69531,224,2.8999023,0.89990234,0.59997559,134,7.419922,80,4,1968,0,1
83.29895,1,1,146,2,45,2.89990234,125,26,38.09375,80,4.0996094,25.296875,5.69921875,146,7.239258,55,60,5,0,1
70.95099,1,2,37,0,62,10.0996094,195,12,38.39844,131.09375,1.5,1.89990234,2,138,7.379883,112,54,1217,0,0
79.78595,1,1,8,4,115,13.0996094,105,32,38.29688,284,2.8999023,0.89990234,0.69995117,138,7.449219,94,6,3020,0,0
55.59998,0,2,655,1,128,14.0996094,75,12,37.69531,188.5625,3,0.59997559,0.59997559,143,7.419922,181,22,2640,0,0
39.23099,0,1,655,0,130,15.6992188,55,40,37.5,371.375,2.8999023,0.89990234,1.5,137,7.429688,156,36,1225,0,0
35.32098,1,2,25,0,153,13,110,24,35.09375,140.8125,3.8999023,0.89990234,1.29980469,136,7.40918,205,49,4230,0,0
66.81494,1,1,20,1,105,8.19921875,65,14,35.09375,385.6875,2.8999023,0.39996338,1.89990234,139,7.489258,231,52,1950,0,3
58.85797,1,2,90,1,142,14.5996094,135,10,38.69531,388,2.8999023,0.59997559,0.69995117,146,7.429688,108,5,3100,0,7
47.65799,0,2,652,0,118,5.19921875,65,6,36.5,396,3.199707,0.5,0.69995117,139,7.509766,132,23,2675,0,0
68.87897,0,2,652,3,72,6.09960938,105,14,36.19531,290,2.8999023,1.09985352,1.19995117,135,7.449219,117,20,5460,0,0
71.92096,0,1,652,0,52,24,115,18,37.89844,98.32812,2,0.89990234,0.79992676,133,7.399414,129,34,1290,0,0
77.18799,1,2,90,0,70,12.1992188,116,20,36.69531,224,2.8999023,0.89990234,0.89990234,139,7.419922,71,15,1968,0,0
52.22998,0,2,650,0,143,7.19921875,55,22,36.29688,226.0625,3.7998047,0.5,0.79992676,144,7.399414,122,23,1968,7,7
72.909,1,2,7,2,117,2.39990234,165,53,39.69531,132.5,3.0996094,0.5,1.19995117,133,7.359375,157,10,4550,0,1
72.96899,0,2,650,2,105,17.0976562,120,30,39.19531,192.5,2.3999023,2.39990234,0.5,137,7.399414,97,7,6869,0,1
65.03796,1,2,17,2,69,0.69995117,108,24,38.39844,224,2.8999023,0.89990234,0.5,142,7.419922,70,4,1968,0,1
53.36899,0,1,649,1,68,7,65,24,36.39844,224,2.8999023,0.5,0.79992676,136,7.419922,124,13,1550,0,1
70.935,0,1,649,1,112,23.796875,120,12,38.5,283.3125,2.5996094,1.59985352,3,145,7.259766,82,58,1490,5,5
74.86395,1,1,41,2,42,16.8984375,145,45,38.59375,210,2.8999023,0.39996338,7.5,139,7.419922,507,101,15,0,6
71.64099,1,2,52,1,57,14.0996094,115,10,39.5,118.32812,2.2998047,0.69995117,0.69995117,141,7.439453,281,20,3545,0,7
29.65599,1,2,17,1,68,16.3984375,105,36,38.69531,110,2.8999023,0.5,0.79992676,146,7.5,243,18,3480,0,0
51.73398,1,1,4,1,58,9.5,115,30,38.29688,202.84375,2.5,0.5,0.89990234,149,7.399414,137,25,2370,0,0
56.29797,0,2,646,1,101,6.79980469,80,16,37.79688,224,3.8999023,0.19998169,1.09985352,142,7.419922,175,11,1968,0,1
49.26199,1,2,175,4,62,15.5996094,35,33,35,190,2.5996094,0.89990234,2.69970703,138,7.369141,224,134,240,5,3
61.46698,1,2,9,2,75,6.79980469,67,20,36.19531,224,3.5996094,0.39996338,1,140,7.419922,98,13,5700,0,0
92.73096,1,1,461,2,65,10.2988281,115,27,39.09375,146,2.7998047,0.19998169,0.39996338,137,7.439453,139,11,2174,0,0
60.63797,1,1,26,0,142,10.6992188,72,26,38,246.65625,2.8999023,0.89990234,10.5996094,136,7.429688,84,52,615,0,1
56.59399,1,1,128,2,68,9.3984375,102,16,36.39844,224,3.3999023,0.39996338,0.5,141,7.419922,88,5,7455,1,0
63.02298,0,1,643,3,68,10,110,29,37.79688,270,2.2998047,0.39996338,1.59985352,154,7.339844,119,38,2795,0,0
60.90097,1,1,19,2,62,2.79980469,175,20,37.89844,133.3125,2.5996094,1.19995117,2.19970703,140,7.40918,185,54,4155,0,6
63.92099,1,1,353,3,65,3.39990234,105,36,37.89844,126.51562,2.8999023,1,2.29980469,132,7.369141,107,37,2325,0,1
55.85999,0,1,642,1,70,6.59960938,65,30,35,223.3125,2.8999023,0.89990234,1.39990234,136,7.40918,92,34,2530,0,0
54.021,1,2,536,2,78,2.5,105,20,36,214.28125,1.5998535,1.89990234,1.39990234,142,7.40918,132,40,200,2,2
64.49799,0,2,641,0,72,18.3984375,85,19,36.39844,180,2.5996094,0.89990234,1.5,134,7.429688,166,39,5778,0,0
60.86798,0,2,641,2,100,20.296875,84,20,37,498,2.8999023,0.89990234,0.89990234,143,7.279297,102,26,2660,2,1
55.17899,0,2,640,2,35,13.3984375,145,34,39,237.125,2.8999023,0.89990234,1.69995117,146,7.389648,114,39,845,0,0
47.84399,1,1,4,1,117,10,75,40,38.39844,260,2.8999023,11.5996094,2.59960938,141,7.479492,250,63,1950,0,0
53.51099,1,1,88,1,115,15.8984375,125,45,38.5,233.3125,2.5996094,0.89990234,0.69995117,137,7.439453,132,6,3555,2,1
78.64795,0,1,637,2,38,3.59960938,130,8,34.79688,152,2,0.69995117,2.09960938,130,7.429688,33,24,3280,0,0
41.11697,0,1,637,2,126,4.19921875,70,26,38.09375,371.375,2.8999023,0.89990234,1.29980469,137,7.369141,87,7,2800,0,1
79.37897,0,2,637,0,136,7.09960938,45,12,38,286.625,2.7998047,0.89990234,2,137,7.389648,288,31,1715,0,1
55.61899,0,2,637,4,120,5.29980469,60,26,36.19531,276,2.8999023,0.39996338,1,144,7.379883,194,18,2250,0,1
30.40099,0,1,635,0,132,4.5,68,24,38.09375,219.03125,2.8999023,0.59997559,1.79980469,139,7.369141,229,33,4150,0,1
64.797,0,2,635,0,72,17.1992188,125,25,36.5,330,1.8999023,2.89990234,1.79980469,149,7.419922,108,30,1550,0,0
86.91595,1,1,53,1,68,22.5976562,95,14,36.09375,116.65625,2.8999023,1.5,5.39941406,130,7.429688,156,75,43,0,0
80.323,0,2,634,1,103,3.59960938,75,20,36.79688,224,2.2998047,1.39990234,1.59985352,137,7.419922,109,4,1968,0,0
27.26099,0,2,633,0,118,15.2988281,55,34,38.79688,220,2.3999023,4.09960938,0.79992676,152,7.389648,102,13,4770,0,0
46.47998,1,2,7,4,77,8.29882812,60,26,37.59375,257.125,2.8999023,1.09985352,1.19995117,141,7.519531,111,10,2025,0,0
65.94397,1,1,18,4,67,10.2988281,55,35,38.59375,212.5,2.8999023,5,3.69970703,136,7.469727,286,82,4600,0,4
70.75397,0,1,631,1,60,9.79882812,55,24,35.79688,309.5,4,1.09985352,1.89990234,150,7.449219,70,53,1475,0,0
73.10596,0,1,632,1,103,14,75,24,38.79688,281,2.8999023,0.69995117,1.19995117,137,7.439453,88,13,1240,0,6
56.89499,0,2,632,3,62,26.8984375,75,36,35.79688,115.70312,2.2998047,0.89990234,5,137,7.329102,148,69,66,0,1
52.79099,0,2,632,2,120,14.5,105,11,38.5,316.625,2.8999023,2.5,2.09960938,148,7.419922,60,34,2510,0,0
75.87994,1,1,225,4,125,25.6992188,125,32,37.69531,246.65625,2.8999023,0.89990234,2.59960938,141,7.399414,249,70,1155,0,0
60.66498,0,2,631,3,117,12.3984375,112,24,38.19531,210.1875,1.3999023,4.89941406,1.09985352,132,7.299805,174,19,3575,3,1
69.64496,1,1,49,1,160,43.1953125,125,28,37.69531,280,2.199707,1.09985352,2.5,151,7.369141,202,59,2110,0,0
53.06998,1,2,202,1,103,5.5,80,20,36.19531,224,2.8999023,0.89990234,1.5,138,7.419922,148,17,1968,0,0
82.54297,1,2,15,2,58,16.796875,65,8,38.29688,172,2.8999023,0.89990234,1.5,144,7.349609,292,32,7315,2,1
68.383,0,2,628,3,93,8.8984375,65,28,39.5,185,2.8999023,0.89990234,0.69995117,137,7.369141,149,14,1595,0,0
85.74396,1,1,263,2,122,13.8984375,120,29,36.59375,250,2.0996094,0.19998169,0.89990234,133,7.359375,81,8,3965,3,1
68.02496,1,2,154,2,52,13.8984375,60,11,39.5,205.6875,2.7998047,0.29998779,2.59960938,142,7.239258,527,44,360,0,2
49.93298,1,2,50,1,70,5.29980469,105,33,38.19531,205,2.8999023,0.89990234,1.19995117,127,7.379883,234,21,960,0,0
20.48199,0,2,627,1,58,13.6992188,115,38,38.19531,213.3125,2.8999023,0.79992676,1.39990234,148,7.339844,100,55,1375,0,1
87.92596,1,1,465,3,120,16.1992188,125,42,37.69531,170,2.3999023,0.5,0.5,132,7.449219,113,13,5325,0,1
34.995,0,2,626,1,101,26.796875,136,24,36.69531,348,3.7998047,0.29998779,0.89990234,140,7.389648,220,22,1968,0,0
76.047,0,2,626,4,52,21.5976562,70,12,38.09375,134,2.5996094,0.79992676,1.29980469,149,7.379883,147,46,910,0,1
46.99197,1,1,14,1,145,20.296875,56,22,36,224,2.8999023,1,1.29980469,143,7.419922,121,32,1425,0,7
40.47897,0,1,624,0,115,27.796875,115,20,35.69531,176.65625,2.8999023,3.09960938,3,129,7.449219,380,70,975,0,0
62.07797,0,2,624,1,58,31.3984375,145,34,35.29688,91.42188,2.8999023,0.89990234,2.79980469,150,7.429688,53,41,350,1,1
41.26199,0,2,624,0,45,19,125,14,39.09375,77,2.8999023,0.79992676,0.89990234,131,7.319336,346,18,2912,0,0
69.25397,1,2,105,2,71,6.29980469,104,22,36.39844,224,1.0998535,2.09960938,1.89990234,137,7.419922,167,117,1725,0,0
20.767,1,1,121,1,83,12.5,76,16,36.29688,224,3.8999023,0.69995117,1.39990234,135,7.419922,68,23,1968,5,4
55.29398,1,2,5,0,80,7.69921875,110,12,36.79688,177.5,2.3999023,0.89990234,0.79992676,136,7.399414,141,11,2430,0,1
32.62399,0,2,622,3,70,5.39941406,72,24,36.69531,459.25,2.8999023,0.5,1.29980469,135,7.429688,62,24,850,0,0
62.5,1,2,5,0,113,6.29980469,193,32,36.29688,118.35938,2.8999023,0.89990234,0.69995117,135,7.399414,195,21,3700,0,7
44.52597,1,2,165,2,55,6.39941406,67,20,36.5,224,2.8999023,0.79992676,1,140,7.419922,87,29,2475,0,0
52.82098,1,1,153,2,147,0.19998169,135,30,35.79688,412,2.5996094,11.8984375,2.59960938,142,7.399414,164,105,2060,1,2
42.41998,0,1,621,1,113,18.5976562,92,20,36.59375,242.84375,2.8999023,0.89990234,7,138,7.149414,200,67,1968,0,1
65.36096,1,2,265,4,77,8.59960938,60,36,38.19531,185.6875,2.8999023,1.29980469,2.19970703,134,7.399414,356,70,1200,1,3
41.58197,0,2,620,0,109,6.79980469,95,16,36.39844,224,2.0996094,0.29998779,1.09985352,137,7.419922,97,17,1968,0,1
85.185,1,1,3,0,53,14.2988281,125,30,38.79688,130,2.8999023,0.89990234,1.39990234,138,7.40918,106,27,2730,0,1
72.20795,1,2,9,0,68,10.5996094,65,16,35.79688,224,2.8999023,0.69995117,1.39990234,140,7.419922,122,20,3350,0,1
41.06998,1,1,4,2,89.5,17.0976562,115,24,36.5,228.96875,2.8999023,0.89990234,2.09960938,148,7.399414,103,86,4665,0,1
64.83197,1,2,9,1,68,6.5,65,12,35.5,215,2.8999023,0.39996338,0.69995117,152,7.489258,222,10,1190,0,6
47.44397,0,1,619,1,79,13.0996094,104,20,38.5,224,3.7998047,0.59997559,0.59997559,138,7.419922,106,4,4700,0,4
79.69598,1,1,185,1,75,5.19921875,75,18,38.29688,224,2.8999023,0.59997559,1.29980469,140,7.419922,153,11,1160,0,5
45.16397,1,1,14,1,68,11.8984375,65,10,39,300,2.8999023,0.89990234,1.09985352,135,7.489258,205,21,2765,0,1
56.03,1,2,505,2,128,13.0996094,65,11,38.09375,285.6875,2.7998047,0.89990234,1.59985352,136,7.439453,148,30,663,1,1
61.56598,1,1,339,2,131,6,62,24,37.69531,366.625,3.7998047,0.79992676,0.59997559,140,7.439453,137,7,2000,0,1
75.85498,1,2,9,0,73,11.8984375,150,16,38.59375,61.66406,2.0996094,0.89990234,0.89990234,140,7.349609,113,18,3500,0,1
57.17999,0,1,617,3,98,23,115,12,36.69531,187.5,1.0998535,3.29980469,1.39990234,144,7.40918,78,43,1480,0,0
68.68195,0,2,616,1,57,10.2988281,75,16,35,368,2.8999023,0.29998779,0.5,135,7.459961,104,13,490,0,0
38.56299,1,1,4,0,65,6.5,55,16,36.5,177.5,2.8999023,0.89990234,1.19995117,137,7.459961,152,33,1400,0,1
69.71899,1,2,68,4,108,25.296875,70,12,36.29688,287.5,2.8999023,14.8984375,7.39941406,140,7.359375,77,83,1975,0,0
58.793,0,2,616,5,55,16.296875,135,24,38,72.5,2.8999023,2.29980469,1.5,137,7.319336,74,20,2220,0,0
75.93695,1,2,143,3,100,4.69921875,104,26,36,454.125,1.5,0.59997559,5.69921875,136,7.569336,165,35,675,2,4
64.85699,1,2,536,2,73,10.5,65,32,38.59375,208.5625,2.8999023,0.5,1.69995117,135,7.389648,242,34,3062,0,1
62.41199,1,2,183,6,47,29.6992188,125,42,38.79688,161.65625,2.8999023,0.39996338,1.29980469,146,7.389648,376,81,1277,2,2
65.64294,1,2,36,1,72,8.59960938,60,12,35.69531,223.78125,2.8999023,1.5,1.89990234,143,7.419922,121,38,2365,0,0
74.42297,1,1,174,0,103,5.79980469,84,20,36.09375,224,3.5996094,1.29980469,0.79992676,146,7.419922,88,14,2710,0,0
50.63397,1,2,9,1,47,8.3984375,60,32,36.59375,162.5,2.8999023,0.29998779,0.79992676,136,7.369141,128,28,1690,0,0
50.37399,1,1,182,2,123,14.5,115,28,37.79688,366.625,2.8999023,0.89990234,1.09985352,136,7.459961,259,25,3820,1,0
41.125,0,2,612,0,75,15.2988281,115,28,38.19531,250,2.2998047,4.39941406,0.79992676,146,7.449219,109,29,3250,0,0
50.237,1,2,199,1,103,4.39941406,80,20,36.29688,224,2.8999023,0.5,1,135,7.419922,89,16,1968,0,1
65.67798,1,1,432,1,95,10.8984375,136,20,36.69531,348,2.8999023,0.69995117,0.69995117,138,7.439453,109,12,1968,0,1
78.64996,1,1,5,0,105,7.79980469,55,12,38.79688,202.5,2.8999023,0.59997559,2.59960938,133,7.459961,258,66,5620,0,2
54.33798,1,2,141,2,79,12.0996094,49,24,36.5,597.125,2.8999023,0.29998779,1,139,7.319336,189,31,1968,4,3
45.37997,1,1,97,3,49,7.5,62,28,35.29688,224,3.5996094,1.29980469,1.69995117,130,7.419922,76,43,2900,6,4
58.34598,1,2,17,1,107,8.59960938,74,16,35.39844,224,2.8999023,0.5,1.89990234,145,7.419922,212,29,2350,0,1
52.86499,1,1,11,1,138,28.5,145,10,38.79688,236,2.0996094,15.1992188,1,140,7.439453,136,30,3540,0,1
70.85596,0,2,610,2,60,11.8984375,65,30,38,272,4,0.39996338,0.59997559,124,7.40918,108,10,3800,2,3
72.422,1,2,540,0,65,11.5,140,16,39.09375,292,1.7998047,1.09985352,1.79980469,137,7.259766,121,14,2850,0,0
70.36298,1,2,14,2,65,6.5,55,20,36.09375,276.1875,3.8999023,0.79992676,1.19995117,138,7.439453,83,21,2075,0,0
65.43195,1,2,181,2,65,14,135,6,38.5,185,2.8999023,0.29998779,0.89990234,142,7.449219,92,7,3515,0,0
78.47998,1,1,13,2,99,10.6992188,75,22,38.09375,228.5625,3,0.39996338,0.79992676,142,7.479492,117,5,1968,0,6
77.12,1,2,83,2,107,10,109,28,36.59375,176.1875,4,0.29998779,0.89990234,139,7.379883,132,15,1600,1,1
57.92999,1,1,572,2,73,8.19921875,75,0,38.09375,200,2.8999023,0.89990234,0.89990234,141,7.449219,109,16,3225,1,1
44.76898,0,1,608,0,74,0.69995117,100,32,36.59375,204.0625,2.8999023,0.89990234,0.79992676,136,7.359375,205,21,4485,0,0
58.793,0,2,608,0,98,0.09999084,105,20,38.5,224,3.199707,0.69995117,0.69995117,140,7.419922,99,6,4625,0,1
52.42999,0,2,608,3,58,19.3984375,115,8,40,142,2,0.29998779,0.79992676,143,7.399414,119,39,1340,0,0
70.612,0,2,608,0,79,11.1992188,130,25,36.19531,224,4.1992188,1.19995117,1.39990234,141,7.419922,96,21,2275,0,0
69.771,1,1,37,1,105,6.19921875,130,30,36.39844,53,2,3.89990234,0.59997559,138,7.339844,305,25,239,0,0
69.08698,1,1,39,0,112,13,135,24,37,93.75,2.8999023,1.59985352,0.69995117,140,7.389648,185,16,4860,0,6
76.54797,1,2,26,0,102,6.09960938,55,24,36.09375,224,2.8999023,3.19970703,0.79992676,135,7.419922,331,11,1968,0,7
61.45697,1,1,524,1,105,6.5,110,22,36.59375,200,2.8999023,0.29998779,0.59997559,141,7.289062,122,5,1968,0,0
43.159,0,2,607,3,110,16.5,112,32,36.39844,224,3.2998047,0.19998169,0.69995117,141,7.419922,285,32,2800,0,0
74.83899,0,1,606,1,68,14.2988281,125,42,39,124.48438,2.7998047,0.69995117,0.89990234,138,7.429688,106,29,1525,1,1
59.504,1,2,15,3,0,10.5,0,0,36,234.28125,2.8999023,0.39996338,0.79992676,143,7.399414,133,17,1070,0,3
81.31995,1,2,289,2,72,10.7988281,85,7,38.59375,146.65625,2.8999023,0.89990234,1.09985352,136,7.479492,141,48,1590,1,0
40.68698,0,2,605,2,105,30.5,115,32,35.59375,66,2,0.89990234,5.59960938,137,7.239258,259,72,485,0,1
58.23999,0,1,605,0,58,2.5,125,36,40,208.5625,2.8999023,1.09985352,1.29980469,150,7.399414,141,27,2890,0,0
70.97894,0,2,605,3,96,10,72,16,36.79688,225.90625,2.8999023,0.69995117,0.69995117,139,7.389648,100,5,1968,0,0
82.54895,1,1,9,2,102,7.69921875,125,40,37.79688,328.5625,2.8999023,0.89990234,0.69995117,137,7.369141,228,26,1770,0,0
64.80194,1,1,560,2,65,15.1992188,125,14,39.5,132.5,2,2.09960938,1.29980469,136,7.389648,81,12,1750,1,3
70.07794,1,2,83,2,100,1.29980469,104,22,38.39844,364,2.8999023,0.5,0.89990234,137,7.399414,101,10,1775,0,7
72.12,1,2,31,1,113,26.5,115,9,36.5,275,2.8999023,2.69970703,6.5,125,7.399414,354,108,533,0,0
59.00598,1,2,413,3,58,10.3984375,75,16,35.09375,123.32812,2.0996094,0.59997559,5,133,7.419922,216,98,625,0,6
72.65997,1,1,3,1,96,6.39941406,97,20,36.59375,476.1875,3.2998047,0.89990234,0.89990234,137,7.5,93,10,900,0,1
63.48798,1,1,7,0,130,7.29980469,130,30,39.79688,296.625,2.8999023,0.89990234,1.89990234,130,7.399414,206,26,2555,0,5
55.50699,0,2,599,3,0,21.0976562,0,0,36.29688,53.32812,1.2998047,17.5976562,3.69970703,147,7.289062,7,11,0,0,1
60.82999,0,2,599,0,76,5.09960938,88,28,36.79688,224,2.8999023,1.5,0.59997559,127,7.419922,184,9,1968,0,0
79.65796,1,1,4,2,108,7.39941406,125,0,38.5,183.65625,3.8999023,2.69970703,1.79980469,140,7.5,199,22,3850,0,0
33.75198,1,1,47,3,72,7.69921875,115,20,37.79688,233.3125,2.8999023,0.89990234,0.89990234,144,7.339844,133,24,1968,0,6
68.07397,1,2,36,3,82,4.5,60,24,36.59375,224,2.8999023,0.39996338,1,140,7.419922,98,12,1968,0,1
48.33698,0,2,597,2,73,11.7988281,75,22,36.19531,390.4375,2.8999023,0.39996338,1.29980469,136,7.479492,66,19,2000,0,1
66.784,1,2,155,3,65,10.7988281,125,29,36.29688,114.28125,1.6999512,0.29998779,9.09960938,133,7.389648,108,66,220,0,1
47.702,1,2,543,3,125,22.5,115,36,38,190,2.8999023,2.5,0.69995117,142,7.389648,107,19,3215,2,1
68.80499,0,2,595,3,65,22.8984375,115,35,35.79688,47,2.199707,2.09960938,4.89941406,146,7.179688,224,114,224,0,1
75.31799,1,2,19,4,75,10.5,100,22,36,224,2.8999023,0.89990234,0.79992676,134,7.419922,330,17,3300,0,1
72.96594,1,2,236,1,127,11.5,125,10,38.69531,118.32812,2.8999023,0.89990234,1.09985352,134,7.429688,168,16,2495,2,0
73.37396,1,2,4,2,77,5.09960938,80,20,35.89844,224,2.8999023,0.89990234,0.69995117,137,7.419922,93,6,3200,1,1
71.58698,1,2,78,0,69,5.39941406,50,16,37.69531,224,2.8999023,0.5,0.79992676,138,7.419922,75,6,1400,0,6
58.06198,0,2,592,3,138,11.6992188,145,0,38.19531,190,2.8999023,0.59997559,0.69995117,143,7.459961,101,14,1680,0,0
61.32199,1,2,5,1,67,6.29980469,119,28,38.89844,224,2.5,5.59960938,0.79992676,137,7.419922,80,5,1968,0,1
26.355,0,2,591,0,75,11.5,78,14,36.5,328,3.0996094,0.5,5.5,130,7.349609,404,31,20,0,0
63.30499,0,1,590,2,50,5.79980469,165,28,36.39844,116.65625,2,0.89990234,3.5,133,7.299805,322,74,45,0,5
58.056,1,1,7,1,157,12.8984375,135,32,38.09375,224,2.8999023,0.89990234,0.69995117,141,7.419922,498,4,1405,0,3
34.54898,1,1,4,0,117,10.3984375,105,28,36.39844,138.75,2.8999023,0.5,1.39990234,136,7.459961,142,36,3280,0,0
69.74097,1,1,8,1,112,25.796875,80,14,36.5,200,2.8999023,0.89990234,1.89990234,141,7.30957,196,32,2210,0,7
68.10394,1,2,273,1,122,8.5,105,25,37.59375,220,2.7998047,0.39996338,1.29980469,136,7.299805,187,27,1330,0,1
62.51099,0,1,590,2,72,3.89990234,68,20,35.79688,224,4,0.59997559,0.79992676,138,7.419922,191,23,4475,0,0
45.32498,1,1,512,1,65,7.09960938,128,32,36.79688,238.09375,2.7998047,0.29998779,0.69995117,139,7.449219,223,16,1520,0,0
62.38199,1,2,44,4,38,15.2988281,150,24,35.69531,224,2.8999023,0.89990234,0.79992676,135,7.419922,111,28,915,0,1
41.93799,1,2,3,4,62,17.296875,125,26,38,362,2.8999023,0.29998779,2,136,7.439453,286,35,3140,0,1
38.91599,1,1,395,1,115,31.296875,145,31,36.59375,246.65625,2.5,0.89990234,0.39996338,131,7.40918,89,5,6820,6,5
26.883,0,2,588,0,95,30.1992188,145,24,38.5,236,2.3999023,0.69995117,1.29980469,137,7.399414,94,8,2250,0,0
64.59698,0,1,588,1,119,13.1992188,130,6,35.59375,340,2.2998047,5.5,0.89990234,137,7.469727,324,38,1335,0,1
57.547,0,2,588,1,108,11.5,125,30,38,250,2.8999023,0.89990234,0.89990234,142,7.449219,148,28,1175,0,0
57.74899,1,2,9,1,109,8.5,84,16,36.79688,224,2.8999023,0.39996338,0.79992676,134,7.419922,69,6,4300,0,1
72.59698,1,2,136,2,128,10.7988281,115,12,36.89844,292.5,3.199707,1.69995117,0.59997559,146,7.40918,279,24,4000,0,1
70.125,1,1,366,2,62,13.8984375,70,32,36.39844,155,2.8999023,0.89990234,0.69995117,132,7.449219,85,19,2980,0,0
46.612,1,1,140,3,105,3.59960938,100,24,37.5,224,2.8999023,0.29998779,1,143,7.419922,93,11,2400,0,0
42.56799,1,1,53,2,63,4.89941406,105,24,35.89844,224,2.8999023,3.69970703,1.19995117,137,7.419922,113,34,1968,0,0
41.60699,0,2,587,2,73,8.09960938,114,28,36.5,291.375,3.8999023,0.59997559,0.5,139,7.319336,80,9,2050,0,2
48.71698,1,2,11,1,68,11.1992188,65,10,35.29688,395.1875,2.0996094,13.6992188,6.89941406,142,7.339844,231,120,160,0,1
43.00598,1,2,147,1,99,10.7988281,72,20,37.39844,224,2.699707,0.39996338,1.19995117,128,7.419922,102,17,6150,0,0
82.52399,1,1,12,1,73,6.69921875,76,20,36.09375,224,3.7998047,1.29980469,1.29980469,136,7.419922,86,16,2300,0,1
44.57199,0,1,584,3,63,16.6992188,115,22,37.69531,157.125,1.8999023,4.69921875,0.39996338,135,7.439453,100,13,2675,5,1
69.72998,0,2,584,2,52,8,65,24,36.19531,224,3.699707,1,1,135,7.419922,114,11,1950,0,1
53.72998,1,1,492,1,97,13.0996094,106,32,36.59375,133.3125,2.8999023,0.89990234,1,135,7.289062,159,40,1200,0,1
68.91699,1,1,9,2,123,1.5,185,26,38,280,2.8999023,2.5,1,141,7.459961,136,40,1220,0,1
68.211,1,2,72,2,70,13.6992188,70,22,36.19531,153.3125,2.8999023,0.89990234,0.89990234,140,7.439453,102,21,1968,0,1
78.79297,1,1,7,2,70,3.09960938,115,42,38.19531,157.5,2.8999023,0.89990234,3,133,7.5,115,66,680,0,1
58.86099,1,2,223,2,105,2.19970703,135,32,38.29688,280,2.8999023,1.5,4.79980469,127,7.30957,446,102,282,0,0
61.19598,0,1,582,1,0,19.796875,0,0,38.39844,148,2.0996094,0.89990234,0.5,128,7.399414,132,10,1710,0,0
66.22296,1,2,204,2,58,16.296875,105,28,36,158,1.5998535,5.69921875,3.69970703,130,7.349609,30,35,70,0,1
49.54999,0,1,582,1,52,7.29980469,81,24,36.59375,224,2.8999023,0.69995117,0.89990234,139,7.419922,88,12,1968,0,0
26.10799,1,1,19,1,155,9.29882812,50,26,35.5,409.5,3.0996094,0.89990234,1.79980469,147,7.459961,139,43,2195,0,1
61.73898,1,2,8,0,49,41.296875,50,7,38.09375,106,2.8999023,24.796875,3.69970703,135,7.399414,299,41,20,0,0
69.01599,1,1,21,2,78,25.0976562,155,32,38.5,203.3125,2.2998047,0.5,5.59960938,138,7.459961,310,91,0,0,1
72.66797,1,2,177,3,127,18.0976562,125,29,36,260,2,1.09985352,0.79992676,123,7.529297,364,36,1462,7,7
67.461,0,1,579,1,79,10,74,20,36.5,224,4.0996094,0.59997559,1,143,7.419922,112,9,4550,0,0
76.96399,0,2,577,2,73,4.5,80,24,36.19531,224,3.699707,0.59997559,1,138,7.419922,233,9,3875,3,0
52.20499,0,1,577,0,62,7.79980469,70,16,36.79688,224,2.2998047,1.39990234,1.39990234,135,7.419922,90,17,1800,0,0
67.94495,1,2,223,1,107,8.69921875,80,20,37.5,224,2.8999023,0.39996338,1,140,7.419922,83,6,2840,0,0
68.99695,1,2,4,2,98,6.39941406,65,20,35.89844,304.75,2.8999023,0.69995117,3.79980469,139,7.419922,88,115,2575,0,1
89.82098,0,1,577,1,115,1.79980469,75,29,35.39844,160,2.8999023,0.89990234,1.5,134,7.439453,110,43,5860,0,1
63.159,1,2,17,0,112,19,0,28,36.5,352.375,4.0996094,0.39996338,1.09985352,138,7.429688,171,22,2790,0,6
72.81897,1,2,73,1,120,40,115,26,35.19531,360,1.8999023,1,1.19995117,137,7.389648,111,13,2405,1,2
43.34598,1,1,403,1,90,6.19921875,64,20,36.59375,130,2.8999023,0.89990234,1.79980469,138,7.389648,109,28,4315,0,1
80.58295,1,2,14,1,125,13.5996094,145,20,39.5,86.14062,3.0996094,0.59997559,1.79980469,155,7.319336,210,46,2920,0,1
42.24197,1,2,22,2,63,10.5996094,70,32,37.89844,196.65625,2,0.89990234,0.79992676,135,7.399414,103,8,4150,0,0
66.82794,1,1,244,1,58,5.89941406,60,22,36.09375,136.71875,2.8999023,0.89990234,1,138,7.349609,100,13,1760,0,1
70.69397,1,1,19,1,78,12.1992188,78,24,36.5,224,2.8999023,0.29998779,1,141,7.419922,112,24,1150,0,0
65.71698,0,2,575,1,30,10.3984375,180,33,36.09375,350,2.5996094,0.19998169,0.59997559,120,7.55957,224,4,7360,0,0
64.07397,1,1,9,1,50,24.8984375,115,27,35.79688,438.0625,2.8999023,0.5,5.19921875,147,7.429688,272,41,705,0,1
74.20898,1,2,12,1,99,7.5,70,16,36.19531,224,3.5996094,0.69995117,1.19995117,139,7.419922,91,8,2525,0,1
67.896,1,2,92,2,113,9.69921875,95,16,35.79688,224,4,0.59997559,0.79992676,138,7.419922,92,7,6600,0,0
61.77698,0,1,573,1,110,22.6992188,110,8,38.39844,185.6875,2.8999023,0.59997559,1.09985352,131,7.449219,164,14,2700,0,0
68.99896,1,2,474,5,65,8.19921875,65,23,37,138.75,2.8999023,5.59960938,0.89990234,139,7.489258,121,23,4140,3,3
28.75299,0,1,572,3,25,14.5996094,0,12,37.39844,368,2.5,19.5,1.5,150,7.419922,85,25,2305,0,1
75.99695,1,2,10,1,82,24.6992188,105,12,36,224,2.8999023,0.09999084,1.29980469,134,7.419922,84,28,1460,0,7
47.80298,1,2,114,2,110,12,115,38,38.5,148.96875,2.8999023,0.89990234,1,136,7.389648,103,6,4450,1,1
53.47299,0,1,570,2,75,9.69921875,70,24,37.79688,256.625,2.8999023,0.89990234,1.59985352,147,7.459961,136,38,3400,0,1
46.90198,1,2,21,3,72,9.79882812,75,24,38.39844,385.6875,2.8999023,0.59997559,1.29980469,137,7.389648,111,12,1120,0,7
84.60199,1,1,199,4,118,46.8984375,96,26,36.5,224,3.199707,0.5,1.19995117,129,7.419922,80,16,2870,0,0
64.48999,0,1,569,3,142,0.09999084,160,28,34.59375,436,1.5,2,1.5,140,7.489258,333,34,1345,0,0
54.81497,1,2,307,1,62,5.19921875,135,40,38.5,103.32812,1.5,0.89990234,1.69995117,143,7.329102,160,26,1955,0,1
47.35397,1,1,271,1,60,12.1992188,120,31,39.5,115,1.6999512,1.09985352,0.79992676,145,7.519531,295,21,2570,0,1
38.70798,1,2,170,2,97,52.296875,104,24,38.5,223.78125,3.199707,4.69921875,0.5,134,7.469727,212,13,3050,1,2
55.25299,0,2,568,1,107,22.6992188,175,11,37.89844,226.65625,2.2998047,19.3984375,6.69921875,132,7.399414,167,99,105,0,1
76.18896,0,2,568,4,40,15.7988281,135,18,38.39844,88.5625,2.199707,5.59960938,1.89990234,137,7.389648,175,15,3735,0,1
58.97897,1,2,492,1,55,1.29980469,125,36,36.29688,200,2.8999023,1.29980469,0.69995117,145,7.359375,204,30,3415,0,0
71.16998,1,1,440,1,138,22.5,110,40,36.39844,242.84375,2.5,0.39996338,0.39996338,123,7.429688,147,13,1980,0,0
76.02698,0,2,567,1,123,12.1992188,55,26,35.89844,212.5,3.8999023,0.59997559,3.5,143,7.369141,186,65,3010,0,3
59.29099,1,1,46,1,73,6.69921875,115,26,35.5,307.375,3.2998047,0.59997559,0.79992676,134,7.459961,294,16,1700,0,1
71.47998,0,2,565,1,105,2.39990234,97,18,38.09375,400,2.8999023,0.89990234,0.89990234,135,7.5,103,9,1968,0,2
69.59094,0,2,565,0,50,16.5,105,22,38.59375,224,2.8999023,0.89990234,4,129,7.429688,116,76,370,0,0
64.93396,0,1,565,1,120,8,115,7,36.5,213.3125,2.3999023,0.29998779,0.59997559,135,7.439453,252,15,3820,0,0
39.52597,1,1,119,1,62,7,84,2,36.59375,240,2.8999023,3.69970703,2.89990234,131,7.329102,86,48,234,0,0
72.64099,1,2,389,1,63,5.59960938,64,20,36.5,224,3.7998047,0.29998779,11,140,7.419922,112,11,3285,0,0
80.008,1,2,477,2,68,20.0976562,70,29,35.59375,394.25,2.699707,1.59985352,2.39990234,137,7.349609,212,49,790,7,6
77.76294,0,1,564,3,65,46.296875,80,32,38.29688,265,3.199707,0.69995117,1.5,133,7.429688,95,24,1680,0,1
84.435,1,1,4,2,73,7.39941406,80,20,36.59375,224,2.8999023,0.59997559,0.89990234,140,7.419922,92,14,2080,0,0
79.71497,1,2,40,2,98,16.1992188,119,36,37.89844,280.9375,1.3999023,0.89990234,1.29980469,146,7.389648,84,30,1042,0,1
28.142,0,2,562,1,133,19.296875,115,22,39,362.8125,2.8999023,0.89990234,1.19995117,151,7.529297,134,24,2232,0,0
66.70496,1,1,4,1,132,11.6992188,65,0,36.09375,400,2.8999023,0.89990234,6.09960938,140,7.399414,90,75,1000,0,0
44.85699,0,2,561,1,52,17.296875,55,18,35.79688,91.65625,2.8999023,1.29980469,1.19995117,134,7.279297,73,14,4400,0,0
81.24298,1,2,72,1,105,3.5,65,10,34.79688,253.3125,2.199707,0.59997559,1.09985352,140,7.40918,207,15,1968,0,0
39.034,1,2,9,2,82,13.7988281,75,20,36,167.34375,2.8999023,0.89990234,3.69970703,142,7.429688,185,69,200,0,1
69.08997,1,2,15,2,55,12.5,125,0,38.09375,340,2.0996094,0.69995117,0.89990234,137,7.379883,154,11,3330,0,0
74.53296,1,1,3,1,105,10.5996094,70,8,36.09375,193.3125,2.8999023,0.89990234,1.19995117,132,7.40918,228,31,2390,0,0
67.64398,1,2,6,0,43,29.1992188,120,8,38.39844,202,2.3999023,5.59960938,6.79980469,131,7.40918,166,96,890,0,0
63.46899,1,2,7,3,123,7.39941406,74,24,36,300,3.8999023,0.59997559,1,145,7.40918,96,12,1100,0,1
33.77399,0,2,560,1,82,16.5,115,34,35.69531,195,2.8999023,1.79980469,2.19970703,145,7.40918,119,29,1535,0,4
71.258,1,2,5,2,80,10.8984375,112,20,34.5,224,3.2998047,0.5,1,138,7.419922,108,16,1968,0,1
59.16998,1,1,3,1,77,7.69921875,68,18,37.89844,224,2.8999023,0.89990234,0.69995117,141,7.419922,86,7,4175,0,1
67.70197,1,1,23,3,112,9.09960938,105,30,35.89844,207.5,2.5996094,0.5,1.19995117,142,7.399414,145,45,2755,0,1
22.40099,1,2,7,0,40,26.296875,65,20,34,118.5625,2.8999023,0.89990234,3,134,7.419922,363,27,12,0,0
69.65094,1,1,265,4,55,10.2988281,160,10,38,217.125,2.5996094,3.69970703,6.79980469,135,7.349609,66,60,25,0,7
54.853,1,1,34,3,57,11.5,125,6,35.69531,310,0.5999756,0.89990234,0.79992676,132,7.389648,78,13,1005,0,2
64.33398,0,2,555,3,116,7.69921875,110,28,36.79688,224,0.8999023,7.59960938,0.89990234,145,7.419922,118,17,1968,0,0
73.40198,1,1,10,0,58,7.69921875,105,45,35.69531,87.14062,2,0.39996338,0.39996338,144,7.40918,142,18,1320,0,0
47.543,1,2,236,1,52,21.5,100,12,39,78.5625,2.8999023,4.19921875,3.79980469,136,7.369141,261,60,135,0,0
66.17896,0,2,553,2,72,14.2988281,95,29,36.79688,98.32812,2.8999023,0.89990234,0.79992676,142,7.459961,156,31,765,0,1
66.90497,1,2,19,1,75,10.3984375,115,24,37.79688,106.65625,2.8999023,0.89990234,0.79992676,134,7.419922,114,17,2410,0,1
41.35199,0,2,551,1,112,8.79882812,106,20,36.79688,103.32812,2.8999023,0.89990234,2.39990234,147,7.279297,158,31,2115,0,1
61.52798,1,1,41,0,96,5.29980469,104,30,39.29688,172.5,2.8999023,1.29980469,0.59997559,134,7.399414,82,11,3910,0,1
59.38898,1,1,60,1,127,10.7988281,140,35,38.59375,172.5,2.5,0.39996338,2.09960938,147,7.40918,90,57,3005,0,0
56.31198,1,2,25,1,76,16.296875,100,24,37.5,224,1.8999023,4.59960938,1.29980469,139,7.419922,75,12,980,0,0
51.63599,1,1,230,2,80,5.09960938,72,24,36.59375,224,3.3999023,0.5,0.5,139,7.419922,132,1.899902,2650,0,0
80.86499,1,1,19,0,50,23.8984375,78,12,34.79688,383.3125,3.199707,0.39996338,5.59960938,140,7.469727,129,101,0,0,0
62.52197,1,2,3,2,55,13.0996094,110,25,35.89844,224,2.8999023,0.89990234,1.79980469,133,7.419922,259,60,3170,0,0
52.68399,1,2,31,0,72,32.09375,115,25,35.89844,166.65625,2.8999023,1.09985352,0.79992676,143,7.429688,221,38,2530,0,0
65.01599,0,1,546,2,79,11.0996094,86,20,37.39844,224,3.7998047,0.79992676,0.79992676,137,7.419922,109,9,1968,2,0
40.00299,1,2,14,1,55,13.2988281,75,26,36.39844,110.20312,1.6999512,0.89990234,1.39990234,140,7.319336,266,26,3030,0,6
43.168,0,2,547,1,138,20.296875,155,36,38.69531,226.65625,2.699707,8.69921875,1.19995117,145,7.519531,226,25,3645,0,0
70.28094,1,1,4,4,83,12.3984375,72,20,36,254.53125,2.8999023,0.89990234,1.5,137,7.379883,251,37,1968,0,7
63.14899,1,1,54,1,86,13.5996094,80,18,36.29688,171.40625,2.8999023,0.69995117,1,135,7.439453,144,19,1968,4,3
66.26099,1,1,252,2,102,6.79980469,60,16,38,224,2.8999023,0.59997559,1.29980469,140,7.419922,91,15,1968,0,6
68.88196,1,2,334,6,112,5.59960938,80,10,36.89844,292,1.3999023,1.19995117,0.59997559,138,7.429688,104,13,1450,0,0
73.79297,1,1,16,1,77,7.89941406,95,26,38.39844,78,3.3999023,0.69995117,1.09985352,138,7.069336,130,28,1175,7,3
52.76898,1,2,193,3,154,27.3984375,150,36,35.79688,168.3125,2.5996094,6.79980469,1.79980469,146,7.319336,210,60,4670,0,1
91.16797,0,1,543,3,133,6.89941406,135,6,35.89844,300,2.8999023,0.39996338,1.19995117,142,7.329102,133,10,1120,0,1
53.26199,1,2,16,1,135,10,55,24,35.69531,203.3125,2.8999023,0.69995117,1.19995117,150,7.469727,145,11,2749,0,1
59.73999,1,1,30,1,60,9.79882812,100,8,36.19531,348.5625,2.8999023,0.89990234,0.69995117,141,7.369141,162,7,1900,0,0
82.56,0,2,541,3,53,128.78125,150,24,38.69531,242.5,2.5,2.29980469,2.39990234,142,7.30957,109,44,260,0,0
54.237,1,2,5,0,103,7.29980469,60,24,36.09375,185,2.5,1.59985352,0.79992676,134,7.359375,240,8,2080,0,1
65.60699,1,2,4,2,63,6.59960938,70,16,36.69531,224,3.5996094,0.5,1.79980469,135,7.419922,73,40,1200,0,1
69.224,1,2,104,1,53,7.5,68,48,36.59375,168,2.8999023,0.5,0.69995117,137,7.369141,85,13,2650,0,0
65.28998,0,1,538,1,27,18.1992188,180,22,38.19531,243.3125,2.8999023,0.89990234,1.59985352,142,7.30957,211,26,0,0,0
73.32196,1,2,42,3,113,6.29980469,60,9,38.39844,259,2.8999023,0.89990234,1.39990234,133,7.489258,102,20,2030,0,1
80.39996,1,2,28,2,43,45.8984375,135,22,38.69531,125.45312,2.8999023,5.19921875,11.2988281,136,7.339844,142,111,15,0,0
47.97498,0,2,536,1,105,15,105,30,34.19531,297.125,3.3999023,1,5.79980469,140,7.279297,145,53,810,0,0
57.02899,1,2,48,1,120,3,115,10,38.5,167.5,3.2998047,2.59960938,0.89990234,146,7.30957,89,19,2110,0,1
71.59998,1,1,130,4,62,8.79882812,75,28,35.29688,172.5,2.8999023,0.89990234,1.19995117,140,7.449219,123,35,1165,0,1
59.39798,0,2,536,2,62,13,125,36,39.09375,343.3125,2.8999023,0.5,4.69921875,138,7.419922,546,43,1012,0,6
85.25397,0,1,535,2,145,6.59960938,60,8,37.89844,283.3125,3.0996094,0.39996338,1.09985352,141,7.299805,258,27,2147,0,0
66.89398,0,2,534,2,18,9.8984375,35,36,38.19531,195,2.8999023,0.89990234,2.09960938,137,7.449219,413,52,1065,0,0
72.74194,1,2,15,2,52,0.09999084,135,26,36.09375,316.625,2.5996094,10.5,2.89990234,143,7.299805,86,90,435,0,0
63.92599,1,2,16,1,108,18.5976562,120,20,35.79688,660,2.8999023,0.89990234,0.69995117,136,7.449219,156,15,700,0,0
44.85699,1,2,135,4,68,8.3984375,105,8,35.29688,250,2.699707,0.39996338,0.59997559,142,7.429688,106,8,5065,0,0
66.54596,1,1,28,1,115,10.5996094,75,12,36.19531,433.3125,2.8999023,0.89990234,1.19995117,145,7.40918,178,16,1725,0,0
30.10799,0,1,532,2,30,1,175,35,39.09375,131.65625,3.0996094,0.29998779,1.89990234,153,7.149414,9,52,843,0,0
64.12,0,1,531,1,108,12.1992188,65,24,38.09375,268.5625,2.8999023,0.79992676,8.19921875,129,7.439453,225,39,0,0,0
65.81799,1,1,397,1,128,10.7988281,55,8,39.09375,270,2.8999023,0.69995117,1.29980469,160,7.449219,153,17,1975,0,1
69.10297,0,1,533,4,48,12.1992188,125,26,36.19531,869.375,2.8999023,0.89990234,2.89990234,158,7.30957,272,79,925,0,1
74.58997,1,2,8,1,112,33,115,38,38.09375,251.40625,2.3999023,24.3984375,2,145,7.459961,379,121,2330,1,2
56.939,0,1,532,1,75,6.39941406,95,30,38,348,2,1.5,0.89990234,147,7.489258,138,22,1010,0,3
66.02594,1,2,4,0,148,12.7988281,105,26,36.59375,232.5,2.8999023,0.89990234,0.69995117,148,7.429688,298,14,2875,0,1
41.09,1,2,23,1,75,6.09960938,70,16,36.29688,224,4.0996094,0.39996338,0.79992676,144,7.419922,112,6,7250,0,1
75.95898,1,1,241,2,95,6.19921875,70,18,36.09375,323.75,2.8999023,2.79980469,1.19995117,135,7.439453,68,15,1925,0,7
52.45999,1,1,9,2,68,13.0996094,105,32,36.69531,357.125,3,0.39996338,0.89990234,137,7.379883,105,15,1968,0,2
49.71698,1,1,13,1,138,15.2988281,125,20,38,242,2.0996094,1.19995117,0.59997559,132,7.279297,153,12,1915,0,1
39.32098,0,2,529,0,53,22.8984375,130,24,39.19531,132,2.8999023,0.89990234,1,135,7.419922,99,14,1665,0,5
67.51495,1,2,5,1,97,17,68,20,36,224,4,0.79992676,0.69995117,142,7.419922,125,13,1968,0,1
61.80698,1,2,14,4,115,3.09960938,105,12,38.39844,385.6875,2.699707,4.39941406,1,131,7.449219,97,10,1235,0,1
56.13397,1,1,14,1,102,23.0976562,105,33,36.29688,233.3125,2.8999023,0.79992676,6.19921875,133,7.379883,284,105,811,0,3
34.34399,0,1,528,0,53,3.09960938,115,10,36.39844,302.8125,1.3999023,2.19970703,0.69995117,134,7.299805,81,27,3160,0,0
55.52597,1,1,56,2,77,10.5996094,100,24,36.69531,224,2.8999023,0.89990234,1.19995117,137,7.419922,135,23,1968,0,7
52.57999,0,2,525,1,58,17.3984375,115,16,35.79688,133.3125,0.8999023,1.69995117,4.89941406,137,7.319336,72,60,88,0,1
69.14996,0,2,525,3,125,17.8984375,75,26,36.39844,196.65625,2.8999023,0.89990234,1,144,7.299805,512,18,3945,0,0
51.59497,1,2,9,2,112,25,95,13,35.29688,356,2.8999023,14.3984375,7.69921875,134,7.419922,89,88,200,0,3
65.33099,1,2,3,0,123,14.7988281,135,40,39.09375,266.625,2.8999023,1.09985352,0.69995117,140,7.429688,179,13,4125,0,0
49.81198,1,1,3,2,68,12.3984375,115,9,38.89844,331.375,2.8999023,1.09985352,5,144,7.489258,210,123,60,0,1
58.439,1,1,5,1,107,10,80,28,36.29688,224,3.0996094,0.5,0.59997559,130,7.419922,248,9,4800,0,1
46.93799,1,2,6,0,124,15,125,30,36.19531,286.9375,2.8999023,0.89990234,1.69995117,146,7.399414,114,52,875,0,1
29.782,0,2,522,0,100,7.29980469,64,32,36.59375,204.75,2.8999023,0.89990234,0.69995117,139,7.299805,159,29,3050,0,1
71.42499,1,1,23,1,75,16.3984375,112,16,36.29688,224,2.8999023,0.59997559,0.69995117,135,7.419922,111,33,1968,0,7
55.87097,1,1,4,1,55,19.5,160,30,38,320,2.7998047,0.79992676,10,133,7.399414,78,89,200,0,1
32.43799,0,1,519,0,80,13.0996094,128,24,36.09375,200,2.8999023,0.89990234,1.09985352,135,7.129883,227,34,500,0,0
70.64496,0,1,519,2,73,10.2988281,75,20,38.29688,452.375,2.8999023,0.89990234,0.69995117,134,7.469727,136,10,1968,6,6
50.95398,1,2,41,2,40,27.5,40,15,35.19531,268,2.8999023,2,1.29980469,129,7.509766,106,20,455,0,0
26.09698,0,1,517,3,105,9.69921875,65,24,37,390.4375,2.8999023,0.89990234,1.29980469,143,7.519531,107,22,2150,2,1
67.26099,1,2,4,1,68,5.5,115,36,39.19531,82.84375,2.3999023,11.0996094,1.19995117,155,7.449219,400,48,2460,0,0
64.66498,0,2,516,1,42,19.296875,65,33,33.69531,34,3.2998047,32.3984375,7.39941406,147,7.279297,102,88,570,0,1
31.22499,1,2,330,0,83,8.59960938,105,20,36.29688,224,3.5996094,0.5,0.89990234,134,7.419922,121,14,1968,0,7
50.97897,1,2,35,2,137,13.1992188,115,35,39.09375,319,2.8999023,0.89990234,0.59997559,133,7.449219,160,17,2065,0,2
60.57797,0,2,516,3,102,7.79980469,70,24,35.89844,224,3.2998047,2.29980469,1.19995117,135,7.419922,88,18,2600,2,3
87.29596,0,1,515,1,68,17.796875,55,6,36.09375,193.3125,3.0996094,0.59997559,1,136,7.299805,246,26,1390,0,0
78.70795,1,2,49,1,78,8.09960938,75,6,36.29688,200,2.8999023,0.69995117,0.69995117,135,7.429688,81,15,2930,0,1
41.94897,1,1,30,1,105,7.19921875,150,22,36.59375,224,2.8999023,0.89990234,0.79992676,139,7.419922,99,7,2725,0,1
64.94995,1,2,337,3,63,6.79980469,75,20,36.09375,644,2.8999023,0.89990234,1.29980469,136,7.449219,63,19,4700,0,7
85.20197,1,1,11,1,73,4.19921875,55,8,36,226.65625,2.2998047,0.5,0.69995117,141,7.379883,77,16,1175,0,7
33.13599,1,1,38,3,111,7.59960938,50,16,35.79688,210.1875,2.8999023,0.89990234,1,138,7.439453,78,14,700,0,2
45.55798,1,2,6,2,52,10.7988281,105,26,40,210,3.3999023,0.79992676,1.69995117,141,7.439453,100,66,1210,0,1
61.32199,0,2,514,1,58,23.5976562,135,20,38.59375,98,2.0996094,1,2,139,7.40918,206,73,1030,0,0
57.50598,0,1,512,0,118,7.09960938,125,9,38.29688,240,2.8999023,0.89990234,0.89990234,140,7.589844,96,28,1220,0,0
72.68994,0,1,512,1,63,14.0996094,55,6,35.5,214.28125,2.5,2.59960938,0.89990234,143,7.369141,314,28,620,0,0
69.44299,0,1,511,4,108,30.6992188,135,16,37.09375,106.65625,2.3999023,13.1992188,5.39941406,139,7.349609,99,142,431,0,6
27.29399,0,1,510,0,122,15.6992188,120,24,37.59375,193.3125,2.8999023,0.5,1.29980469,136,7.489258,94,23,2940,0,0
54.75198,0,2,510,0,108,12.5,75,30,35.5,146.65625,2.8999023,0.89990234,5,125,7.389648,351,74,1350,0,0
67.27997,0,2,509,1,80,10.5996094,80,20,36.59375,420,2.8999023,0.39996338,0.5,137,7.389648,184,7,2600,0,1
75.90698,0,2,509,3,62,12.5,65,24,36.79688,260,2.8999023,0.89990234,1.19995117,136,7.529297,211,23,2470,7,1
72.93097,1,2,223,1,112,4.09960938,105,32,36.29688,330.375,2.8999023,0.89990234,0.69995117,136,7.359375,109,16,1460,0,0
65.40997,1,2,18,2,118,6.79980469,65,26,36.89844,112.23438,2.8999023,0.69995117,10.7988281,134,7.389648,81,45,1400,0,4
88.487,1,1,9,1,48,4.29980469,65,24,38.09375,57,2.8999023,0.5,2.89990234,140,7.30957,149,30,140,0,5
59.75598,0,2,509,1,100,10.8984375,104,20,37,224,3.0996094,1,0.89990234,133,7.419922,102,8,1968,0,0
86.50494,1,1,150,0,46,10.0996094,135,38,37.79688,231.40625,2.8999023,0.89990234,0.5,136,7.519531,103,4,5095,0,1
67.87396,1,2,172,1,62,19.5,135,40,35.59375,145,2.699707,7.59960938,1.79980469,135,7.479492,238,43,711,4,5
47.10999,0,2,507,0,58,16.6992188,125,47,36.19531,82.84375,2.8999023,0.89990234,0.89990234,137,7.389648,150,13,694,0,0
49.79099,0,1,508,3,112,8.3984375,100,27,38.19531,226.65625,2.8999023,0.89990234,0.69995117,148,7.429688,118,5,1290,0,7
79.00299,1,1,374,1,52,0.09999084,155,31,38.19531,233.3125,2.8999023,14.8984375,5.29980469,141,7.339844,271,98,22,0,0
68.42999,1,2,13,1,52,10.0996094,130,32,39.79688,127.5,2.8999023,0.89990234,1.09985352,131,7.5,135,23,3115,0,1
84.69299,1,1,9,0,67,0.59997559,125,32,39,420,2.0996094,4.89941406,3.39990234,138,7.329102,193,23,290,0,0
65.61798,1,2,433,1,133,23,115,13,36.89844,304,2.0996094,0.89990234,6.69921875,131,7.369141,102,67,1595,0,2
25.45099,0,1,504,0,55,10.5996094,125,9,36.69531,297.125,2.8999023,0.89990234,5.5,133,7.30957,75,72,0,0,1
70.81195,1,2,35,1,103,12,60,16,37.5,255,2.8999023,0.59997559,1,140,7.40918,204,2,4960,1,0
51.02298,0,2,501,1,97,11.5996094,60,20,36.69531,101.65625,4.0996094,0.69995117,6.69921875,134,7.329102,92,46,3205,0,1
62.702,0,2,501,1,0,9.19921875,0,0,36,76,2.0996094,0.69995117,1.5,138,7.279297,292,11,1640,0,0
71.49597,1,2,23,2,0,9.3984375,0,0,38.19531,236.65625,2.8999023,0.89990234,0.79992676,140,7.459961,142,14,2300,0,4
66.98199,0,2,498,4,41,13.5,0,26,38.19531,137,2.8999023,2.59960938,2.59960938,137,6.929688,543,40,140,0,6
64.80499,1,2,399,1,65,0.09999084,75,25,35.59375,271.375,2.2998047,1.29980469,1,139,7.429688,178,28,2040,0,3
47.27399,1,1,177,3,167,11.6992188,170,24,39.59375,254.28125,2.8999023,0.89990234,0.5,135,7.459961,136,16,3940,0,0
58.87698,1,2,26,2,115,8.09960938,140,10,39.09375,168.5625,3.199707,3.09960938,1.5,135,7.369141,110,18,2750,5,5
62.40097,1,2,4,2,72,20.796875,75,9,36.79688,277.125,2.8999023,0.89990234,1.39990234,139,7.419922,199,71,1190,0,1
60.84097,0,1,494,2,107,12.7988281,88,28,36,135,2.8999023,0.89990234,0.79992676,125,7.379883,149,19,1700,0,6
58.97598,1,2,8,1,112,55.8984375,135,37,38.79688,77,1.5,3.09960938,0.59997559,136,7.379883,104,9,1420,0,1
81.08698,1,2,4,1,125,12.5996094,155,40,39.79688,316,2.2998047,0.89990234,0.59997559,145,7.399414,229,31,1300,0,1
66.05096,0,1,493,1,120,48.5,125,18,36.09375,160,2.8999023,0.89990234,1.79980469,137,7.40918,85,19,2560,0,0
52.98297,0,2,493,0,132,6.29980469,110,11,36.39844,147.59375,3.0996094,1.29980469,4,128,7.319336,661,28,780,0,0
52.01898,1,2,228,1,0,64.890625,0,0,32.89844,33,2.8999023,0.89990234,3.09960938,132,7.149414,180,80,280,0,0
44.54999,0,2,493,2,75,9.19921875,60,12,36.79688,188.5625,2.8999023,0.89990234,3.79980469,130,7.479492,220,72,1240,0,0
63.88797,1,1,7,3,72,7.5,110,26,36.5,361.875,3.2998047,0.59997559,0.39996338,140,7.479492,126,1,2675,0,1
66.56799,1,1,45,1,57,5.19921875,65,20,35.89844,224,2.8999023,2.59960938,1.19995117,122,7.419922,64,22,4290,0,1
59.047,0,1,490,2,114,5.39941406,69,24,36.5,324,3.2998047,1.89990234,1.5,141,7.529297,93,27,1975,2,2
39.90399,0,1,490,1,105,25.1992188,115,32,37.89844,97.95312,2.5996094,0.5,1.5,147,7.419922,153,33,1930,0,1
63.82999,0,2,490,2,70,36.1953125,125,36,38.39844,137.75,2.5996094,2.19970703,2,158,7.459961,203,77,2790,1,1
67.25,0,2,488,1,106,10.5,119,28,37.89844,224,2.8999023,0.89990234,0.5,145,7.419922,117,4,1200,2,0
66.12195,1,1,27,0,105,5.89941406,110,32,36.69531,182.5,2.8999023,1.89990234,0.69995117,144,7.40918,373,20,3795,0,0
59.96698,1,2,7,4,48,20.296875,225,26,36.69531,262.8125,2.0996094,47,2.29980469,128,7.429688,46,47,2305,0,0
64.28497,0,2,487,0,52,13.6992188,135,12,38.39844,142,2.8999023,7.79980469,0.89990234,150,7.549805,226,22,1535,0,1
61.50299,1,2,4,4,62,10.1992188,125,26,40.29688,228.5625,2.8999023,0.89990234,9.69921875,139,7.319336,327,64,225,0,5
71.737,1,2,5,2,95,4.59960938,72,20,37.59375,224,3.2998047,0.69995117,0.89990234,139,7.419922,93,6,1968,0,7
71.19196,0,1,486,1,58,15.5,105,8,39.09375,227.5,2.8999023,4.69921875,1.5,156,7.519531,49,50,2365,0,1
69.87799,1,2,166,3,78,10.2988281,75,6,36.39844,250,1.5998535,0.89990234,3,148,7.40918,105,52,1680,0,0
78.85596,1,1,89,0,128,12.5,75,44,38.5,371.625,2.8999023,0.89990234,1.09985352,145,7.329102,387,34,1840,0,0
45.60397,0,1,484,3,111,10,105,36,38.29688,384,2.8999023,1.5,0.69995117,135,7.359375,185,8,2950,0,0
48.91998,1,2,58,1,135,6.5,65,12,36.29688,326.625,2.8999023,0.89990234,0.79992676,144,7.379883,93,5,2425,1,1
66.086,1,1,25,0,50,21.5976562,135,31,39,147.5,2.8999023,0.69995117,0.59997559,142,7.429688,109,9,5130,0,0
70.09698,0,2,483,0,73,10.5996094,65,7,36.5,182.5,2.8999023,0.89990234,1.39990234,138,7.489258,94,19,2010,6,0
68.67596,0,2,483,1,78,5.59960938,70,22,36.19531,224,2.8999023,0.89990234,2.39990234,134,7.419922,79,42,1910,0,5
36.78598,0,2,482,2,117,22.5,125,40,35.59375,165,2.8999023,0.89990234,3,131,7.389648,128,125,2160,3,6
85.41296,1,1,126,1,143,13.2988281,104,32,38.19531,490.4375,2.8999023,0.89990234,0.89990234,133,7.379883,193,8,1300,0,7
72.04395,0,2,482,3,140,26.5976562,135,22,39.29688,75,2.8999023,0.89990234,1.59985352,142,7.399414,97,25,1005,0,0
52.47598,1,1,5,2,125,12.8984375,125,8,36.29688,172.5,2.8999023,0.89990234,1.89990234,145,7.439453,286,19,4385,0,1
59.34299,1,1,38,2,77,0.39996338,72,24,38.79688,224,2.8999023,0.89990234,0.89990234,138,7.419922,107,4,1968,0,2
44.38898,0,1,479,1,58,8.8984375,105,48,38.69531,231.40625,2.8999023,0.89990234,0.89990234,131,7.479492,117,24,2410,0,2
65.82098,0,1,479,0,75,1.5,104,20,36.5,466.625,2.0996094,2.39990234,0.79992676,136,7.509766,143,8,1050,0,7
63.439,1,2,20,2,72,9.8984375,75,28,36.19531,273.3125,4,1.19995117,1.5,138,7.469727,90,40,2790,0,0
36.33398,0,1,478,1,135,14.2988281,150,18,35.5,124,2.8999023,1.29980469,1.59985352,139,7.379883,344,64,960,0,0
80.53894,1,2,17,5,112,10.8984375,75,28,38.69531,400,2.8999023,1.09985352,0.79992676,139,7.419922,138,12,2095,0,1
40.84097,0,2,476,0,83,11.7988281,58,20,36.59375,224,2.8999023,6.09960938,0.89990234,138,7.419922,93,11,1000,1,1
48.59097,0,2,477,2,118,10.3984375,130,27,38.79688,185,2.8999023,24.8984375,6.59960938,138,7.429688,93,44,30,0,0
71.00598,1,1,114,3,99,9.8984375,75,18,39,224,2.8999023,1,1.29980469,140,7.419922,119,26,1200,4,6
62.92999,1,2,152,1,118,17.5976562,65,22,36.39844,224,3.199707,1,3.69970703,135,7.419922,60,87,2525,0,0
44.61298,1,2,200,1,77,10.5996094,95,28,38.29688,283.3125,2.0996094,0.5,1.39990234,137,7.419922,189,40,1750,0,1
64.98596,0,1,475,2,33,19.1992188,125,20,36.19531,230,1.5998535,0.59997559,4,136,7.439453,354,34,435,4,1
68.92297,1,1,95,2,102,7.09960938,120,38,35.39844,180,2.8999023,0.29998779,0.5,142,7.489258,282,16,2675,0,5
67.98596,1,2,10,2,122,11,115,8,38.09375,190,2.3999023,1.29980469,0.29998779,138,7.619141,110,10,1950,0,1
37.97098,0,2,474,1,133,4.5,110,28,38.5,323.75,2.8999023,1.5,0.69995117,137,7.439453,66,10,2835,0,4
63.61099,0,1,474,2,62,4.89941406,105,20,35.39844,224,2.8999023,2.29980469,1,137,7.419922,89,18,4600,0,0
68.14496,1,2,110,2,58,7.09960938,105,32,36.39844,96.65625,2.8999023,3.79980469,1.09985352,141,7.349609,106,34,1555,0,0
53.54099,1,1,52,5,144,11.0996094,155,9,35.79688,344,2.8999023,0.89990234,0.5,135,7.439453,115,25,815,5,1
51.38699,1,2,120,1,138,16.3984375,105,25,38.19531,147.5,2.8999023,1.29980469,1.19995117,144,7.429688,364,40,1933,0,1
41.41299,0,2,473,1,72,10.1992188,75,26,36.19531,197.9375,2.8999023,1.09985352,4,135,7.389648,153,36,480,1,1
40.54498,0,2,472,1,161,26.6992188,55,45,40.29688,260,2.8999023,0.89990234,0.69995117,136,7.519531,159,20,3180,0,1
74.81195,1,2,24,0,76,3.39990234,68,16,36.5,224,3.2998047,1,0.79992676,138,7.419922,101,4,3850,0,0
40.63199,0,2,472,4,99,8.19921875,72,20,36.89844,224,4.3994141,0.59997559,1,143,7.419922,90,7,5000,0,0
59.90399,1,2,224,2,78,5.39941406,72,20,36,224,2.8999023,0.89990234,1,140,7.419922,79,14,2000,3,1
62.59,0,2,471,2,46,11,75,38,39.09375,120,2.699707,4.89941406,1.5,150,7.469727,169,29,1920,0,1
47.89297,1,2,18,4,48,0.09999084,65,28,35.59375,376.1875,2,0.5,0.59997559,136,7.509766,173,22,3050,3,0
19.21399,0,1,469,0,108,6.59960938,115,6,36.29688,171.40625,2.8999023,0.69995117,0.69995117,134,7.30957,125,22,2270,0,1
71.79498,1,2,7,1,65,0.09999084,135,40,38.59375,81.32812,2.8999023,0.89990234,0.39996338,146,7.5,200,23,2615,0,1
78.33295,0,1,468,2,97,11.6992188,74,24,35.89844,224,4.5,0.79992676,1.09985352,135,7.419922,65,12,1400,0,1
38.75198,0,1,468,2,62,6,124,26,36.09375,288,2.8999023,0.79992676,1.19995117,137,7.389648,137,30,1010,6,1
44.43799,0,1,468,2,58,12.5,65,10,36,364,3.3999023,2.69970703,2.09960938,128,7.329102,147,59,419,0,0
69.08698,1,1,70,2,67,10.2988281,69,24,36.29688,268,2.8999023,1.39990234,1.19995117,132,7.479492,64,23,2850,0,1
67.737,0,1,467,3,68,16.1992188,75,40,38.79688,288.5625,2.8999023,0.89990234,1.39990234,136,7.369141,125,12,3475,0,7
53.771,0,1,467,1,0,13,0,0,38,224,2.8999023,0.89990234,1.89990234,133,7.419922,295,133,350,0,1
62.80899,1,2,125,3,45,15.8984375,115,38,36,293.3125,2.8999023,1.59985352,3.29980469,145,7.319336,297,96,288,1,1
58.15997,1,2,8,1,95,9.09960938,160,26,36.09375,359.25,2.8999023,0.69995117,0.69995117,135,7.509766,137,17,7160,0,1
54.34097,1,2,4,3,108,18.8984375,140,12,36.19531,322.1875,2.5996094,0.59997559,0.79992676,141,7.439453,90,22,1790,0,6
78.44495,1,1,27,2,65,6.59960938,65,42,38.69531,280,2.8999023,0.89990234,3.39990234,136,7.40918,206,134,2020,0,1
64.78296,1,1,18,3,107,10,65,28,36.09375,280,2.5996094,0.29998779,0.59997559,135,7.40918,97,8,7175,0,3
68.99097,0,2,466,3,159,11.6992188,50,10,36.79688,197.125,2.8999023,10.7988281,1.39990234,153,7.469727,155,42,1595,0,0
59.69098,1,2,175,1,125,15.5996094,125,40,38.39844,154.28125,1.7998047,21,1.09985352,142,7.389648,204,21,1470,0,0
58.94897,1,2,231,1,78,10.0996094,75,25,36.09375,356.625,2.7998047,0.69995117,0.79992676,141,7.40918,91,18,2040,0,0
71.69897,1,1,21,5,45,14.0996094,110,10,35.59375,87.14062,1.2998047,1.69995117,4.09960938,143,7.449219,267,114,655,5,1
51.47198,1,2,12,3,68,15.1992188,105,27,36.69531,225.6875,2.8999023,1.69995117,7.39941406,135,7.40918,139,79,169,0,1
83.70197,1,1,3,0,122,15.2988281,88,28,36.09375,148.3125,2.5996094,0.5,0.59997559,141,7.429688,134,18,975,0,1
56.70099,1,2,9,2,58,15.3984375,60,12,36,292,2.8999023,1.59985352,1.09985352,133,7.479492,99,42,1640,0,3
49.39899,0,2,462,0,43,25.296875,165,14,37.89844,150,1.5,1.39990234,3.5,145,7.379883,227,40,145,0,0
77.32794,0,1,462,0,112,2.5,135,10,36.39844,133.3125,2.5996094,0.89990234,1.29980469,129,7.349609,154,41,2235,0,1
70.65796,1,2,268,3,63,13.6992188,65,8,36.09375,373.3125,2.8999023,1,0.59997559,138,7.449219,192,65,2480,1,2
51.01199,1,1,430,0,122,18,105,24,36.5,213.3125,2.0996094,1.29980469,1.5,140,7.469727,145,45,2900,0,0
39.67099,0,2,461,2,112,63.5,65,24,38.59375,185,3.2998047,0.89990234,1,148,7.469727,343,30,2910,0,4
77.07599,0,2,461,3,60,3.89990234,68,20,37.09375,224,2.8999023,0.89990234,0.69995117,139,7.419922,88,4,4400,0,0
57.06998,1,1,29,1,135,12.8984375,115,36,38.19531,305,2.8999023,0.5,6.19921875,139,7.369141,158,101,960,0,0
54.20398,0,2,460,2,102,33.09375,105,24,36.39844,196.65625,2.8999023,0.89990234,3.5,146,7.419922,122,35,4140,0,0
73.07599,1,2,220,2,125,11.8984375,120,10,35.39844,145,2.8999023,0.5,9,131,7.399414,223,99,170,0,0
66.86694,0,2,459,0,81,10,62,22,36.39844,224,2.8999023,0.59997559,0.69995117,134,7.419922,168,4,2800,0,0
25.95999,0,2,459,0,103,10.5996094,80,20,36.29688,224,3.0996094,0.29998779,0.89990234,139,7.419922,129,9,4150,0,1
59.53699,0,2,459,1,71,9.5,112,24,37.59375,224,3.699707,0.5,0.79992676,142,7.419922,80,6,1968,0,0
56.00299,1,1,266,0,110,6.59960938,115,30,36.79688,330,3.7998047,1.39990234,0.89990234,141,7.40918,403,20,2300,0,3
75.14899,1,2,9,2,94,1.5,118,32,35.5,224,2.5996094,2.29980469,0.39996338,143,7.419922,87,19,2700,0,1
68.54797,0,1,457,1,67,6.39941406,82,20,36.69531,224,2.8999023,0.59997559,1.39990234,136,7.419922,66,18,1968,0,0
37.12,1,2,5,2,125,5,105,12,38.79688,125,2.8999023,0.89990234,1.29980469,150,7.429688,80,33,2635,0,0
62.66098,1,2,192,2,95,14.6992188,60,10,37,174.28125,2.8999023,0.69995117,0.69995117,130,7.589844,118,12,3702,0,0
60.54797,1,2,14,0,102,12.3984375,100,16,35.69531,376.1875,2.8999023,0.39996338,1.59985352,142,7.419922,117,31,1968,0,1
38.66898,0,1,456,0,80,10.6992188,120,24,38.19531,300,2.0996094,0.89990234,0.69995117,143,7.439453,123,18,860,0,1
91.27698,1,1,95,2,107,7.29980469,105,32,38.5,263.3125,2,0.89990234,0.69995117,133,7.449219,343,17,4880,0,1
60.93597,0,1,454,1,100,5.59960938,75,20,38,224,2.8999023,0.89990234,0.89990234,140,7.419922,97,6,2450,0,1
46.52399,1,1,10,1,133,5.89941406,115,10,38.59375,145,2.8999023,1,1.19995117,141,7.439453,94,15,2290,0,1
77.80396,1,2,51,2,115,13.5996094,75,14,36.69531,511,2.8999023,0.89990234,0.89990234,135,7.379883,131,20,1100,0,0
64.08197,1,1,148,2,128,13,115,8,36.39844,376.625,2.8999023,0.89990234,7.29980469,136,7.299805,100,86,1138,0,0
61.25897,1,2,70,1,137,2.29980469,120,24,38.09375,270,2.8999023,0.69995117,0.59997559,137,7.469727,121,13,5250,0,0
72.25696,0,2,451,1,133,7.39941406,75,28,37.5,224,2.8999023,0.89990234,1.89990234,139,7.419922,95,24,5200,0,0
74.23096,1,2,19,1,75,13.8984375,65,13,36.5,344,3.3999023,1.39990234,8.19921875,138,7.379883,193,66,0,0,0
62.26398,0,2,450,3,74,2.09960938,132,36,38.79688,419,2.8999023,5.69921875,0.69995117,135,7.379883,77,14,1750,0,0
76.82996,0,2,449,2,130,15.0996094,115,40,35,185.6875,2.8999023,0.69995117,1.09985352,139,7.5,116,14,1968,0,0
45.27899,1,2,7,5,72,9.8984375,83,20,36.39844,319,2.8999023,0.89990234,0.79992676,135,7.479492,102,18,500,0,6
54.793,0,1,449,3,71,6.89941406,100,18,36.5,361.875,2.8999023,0.69995117,0.79992676,138,7.439453,86,8,2400,0,1
58.61697,1,2,13,2,53,6.79980469,108,20,38,224,2.8999023,8.19921875,0.69995117,130,7.419922,80,9,1185,0,0
46.26398,1,2,15,1,73,7.79980469,76,24,36.89844,242.84375,3,0.59997559,0.69995117,139,7.369141,227,14,1968,0,0
72.88696,1,2,10,0,138,14,105,29,38.69531,380,2.0996094,0.19998169,1.89990234,155,7.469727,621,43,3135,0,1
57.659,1,1,31,2,65,6.89941406,115,30,35,231.65625,3.3999023,0.89990234,0.79992676,131,7.439453,142,30,2375,0,0
66.72095,1,1,38,1,81,6.19921875,72,20,37.79688,224,2.699707,3.39990234,1.19995117,130,7.419922,104,15,1968,0,0
77.65094,0,2,447,2,63,11.6992188,110,44,37.69531,114.28125,3.7998047,0.89990234,0.69995117,138,7.469727,129,32,2125,0,0
70.15997,0,2,446,0,52,20.796875,135,22,37.69531,110.90625,2.8999023,6.39941406,2.79980469,132,7.379883,50,96,126,0,0
37.51099,0,2,446,0,105,8.79882812,160,14,36.5,271.375,2.8999023,0.5,0.59997559,138,7.519531,171,14,930,0,1
44.60199,1,2,15,4,123,11.3984375,125,20,36.89844,144.4375,2.3999023,1.69995117,2.39990234,146,7.469727,240,28,3670,6,5
61.73297,0,1,446,2,68,5.69921875,74,28,36.29688,224,2.8999023,0.89990234,1.89990234,138,7.419922,79,41,1000,0,0
39.67697,0,2,446,1,79,5.5,80,20,36.59375,224,3.699707,0.89990234,0.79992676,145,7.419922,98,11,975,0,0
75.30499,1,1,11,3,73,10.1992188,76,24,38.69531,224,3.5996094,0.29998779,0.59997559,134,7.419922,85,8,3100,0,5
54.20898,0,2,445,3,84,10.0996094,76,22,35.29688,404.75,3.199707,1,1.5,134,7.489258,107,88,950,0,5
41.87799,1,2,389,1,108,5.79980469,125,6,36.39844,197.5,2.3999023,7.29980469,1.09985352,145,7.359375,103,14,2070,0,0
44.10098,1,2,196,1,28,41.09375,0,0,36.59375,88.5625,2.8999023,0.89990234,1.59985352,149,7.379883,163,53,110,0,0
56.50897,1,2,14,2,105,17.1992188,125,24,39.5,266.625,2.8999023,0.59997559,0.69995117,131,7.489258,87,6,1375,0,3
81.85596,0,2,444,2,165,10.1992188,105,12,38.09375,147.5,2.2998047,0.59997559,0.89990234,145,7.359375,160,21,4500,0,0
59.67999,1,2,146,1,62,9.69921875,75,32,36.19531,179.5625,3.199707,4,2,139,7.419922,137,47,88.1875,0,0
51.504,1,1,20,3,78,22.5,70,32,35.09375,190,2.8999023,0.39996338,0.79992676,138,7.359375,208,12,1920,0,0
19.81899,0,2,442,0,125,9.8984375,125,11,39.19531,330,2.8999023,0.89990234,0.5,135,7.40918,184,7,1865,0,0
38.35699,0,2,442,0,108,24.296875,75,12,38,230,1.7998047,0.89990234,7.5,130,7.439453,330,73,90,0,0
81.24799,1,2,91,2,73,8.29882812,100,22,36.5,224,2.8999023,0.89990234,2,133,7.419922,88,34,1968,0,6
81.45898,1,2,349,0,68,12.6992188,82,20,36.29688,224,3.5996094,0.59997559,0.69995117,151,7.419922,89,12,1000,0,7
49.52197,1,2,53,1,112,9.19921875,105,41,37.79688,161.21875,2.8999023,0.89990234,0.89990234,140,7.449219,135,13,2850,0,0
19.127,0,1,439,0,104,8.69921875,112,20,37.5,224,3.0996094,0.59997559,0.89990234,135,7.419922,314,11,5700,0,0
79.41998,1,2,52,3,107,11.5996094,50,22,36.69531,155,2.8999023,0.89990234,0.89990234,135,7.469727,103,23,2625,0,6
36.06799,1,2,142,3,52,36.8984375,145,10,39.09375,167.5,2.8999023,0.89990234,1.5,139,7.399414,145,17,1650,2,1
69.66699,1,1,326,1,78,10.1992188,65,16,36.19531,642.75,2.8999023,1.69995117,1.09985352,140,7.349609,158,10,2950,0,1
34.42297,0,2,439,3,58,21.6992188,115,10,38.59375,150,2.8999023,0.89990234,2.19970703,139,7.489258,156,54,1315,0,1
46.58698,1,1,365,1,113,10.5996094,55,30,36.5,224,2.8999023,0.89990234,1.19995117,140,7.419922,420,23,4005,0,0
50.57098,1,1,7,2,155,6.79980469,105,30,36.39844,144.4375,2.8999023,0.89990234,1.29980469,137,7.509766,267,26,1460,4,4
74.85797,1,1,52,1,58,19.6992188,115,56,38.59375,200,3.0996094,36.1953125,4.19921875,137,7.40918,122,136,665,0,0
68.71698,1,2,21,1,79,10.0996094,68,20,37.69531,224,4,0.59997559,0.89990234,138,7.419922,86,7,4970,0,1
66.54596,1,2,165,1,115,13.6992188,135,32,38.59375,185.6875,2.8999023,0.89990234,0.59997559,136,7.479492,185,9,950,0,0
63.75098,0,1,437,1,72,33.5,65,32,37.69531,116.3125,3,2.09960938,0.89990234,131,7.399414,98,15,3475,0,1
57.487,1,2,7,1,103,5.69921875,64,28,36.5,340,2.8999023,0.5,0.69995117,137,7.40918,133,14,550,0,0
72.73596,0,1,436,2,60,15.5,105,24,38.89844,170,2.5996094,0.5,4.89941406,141,7.389648,232,61,3765,0,2
57.29199,0,2,435,0,122,0.09999084,115,42,38.79688,135,2.8999023,1.69995117,0.5,136,7.439453,232,12,5620,0,0
70.73499,1,2,4,1,75,5.29980469,72,24,36.39844,224,2.5,5.79980469,1,134,7.419922,112,31,925,0,1
64.43799,0,2,434,2,107,10.7988281,45,34,35.19531,115.29688,2.8999023,0.89990234,0.5,133,7.339844,131,20,1730,0,1
72.85699,1,2,225,4,81,8.59960938,68,20,37.79688,224,2.8999023,0.59997559,0.69995117,138,7.419922,116,4,1968,1,1
77.35797,0,1,433,1,122,10.5996094,140,12,36,205,2.8999023,0.89990234,1.19995117,141,7.519531,103,32,165.5,0,1
69.76599,1,1,101,2,42,30.0976562,155,8,35.89844,256.625,1.1999512,2.5,4,133,7.279297,109,136,712,0,1
69.40497,1,2,388,4,75,11.3984375,155,34,38.29688,240,1.1999512,0.89990234,1.79980469,142,7.459961,229,48,3990,0,0
49.45697,1,2,83,2,72,19,45,34,38.09375,233.3125,2.7998047,0.69995117,0.69995117,136,7.449219,94,39,1375,0,0
51.82199,0,2,432,1,132,12.1992188,125,32,36.19531,215,2.699707,4.39941406,2.79980469,145,7.479492,79,100,2325,0,0
82.65594,1,1,53,2,73,7.79980469,105,22,35.79688,200,2.8999023,0.89990234,1.09985352,141,7.369141,96,20,2300,0,0
50.06198,1,1,8,2,72,6.19921875,119,32,35.5,293.3125,2.8999023,0.89990234,1.09985352,138,7.389648,69,29,2525,0,0
61.26199,0,2,431,2,48,13.6992188,135,47,39.09375,148,2.8999023,0.59997559,1.69995117,147,7.389648,211,21,1945,0,0
50.20898,0,2,430,1,38,18.0976562,115,27,39,100,2,4.09960938,2.5,148,7.349609,162,71,2040,1,1
45.76599,1,2,38,2,72,10.3984375,75,8,39,120,2,0.69995117,1.09985352,140,7.399414,68,17,1770,3,4
70.34595,0,2,428,1,68,15.2988281,115,30,38.39844,226.65625,1.7998047,1.09985352,6.79980469,141,7.349609,77,71,5,0,0
60.47897,0,1,428,2,55,5.79980469,70,36,35.79688,203.3125,1.5,0.5,2.5,133,7.359375,139,50,2760,2,0
75.29395,1,2,4,1,152,5.5,60,30,38.69531,228.5625,2.8999023,0.89990234,0.89990234,134,7.439453,103,13,1320,0,0
65.396,1,2,38,5,108,9.69921875,160,35,37.79688,165,2.8999023,0.89990234,0.69995117,137,7.479492,130,17,3775,0,1
69.08698,1,2,225,1,61,5,76,24,36.79688,224,2.5,1.69995117,3,136,7.419922,120,56,1275,0,1
59.61398,1,1,173,1,67,15.3984375,105,28,35.89844,170,3.2998047,0.89990234,4.59960938,127,7.349609,200,101,3355,0,1
51.06897,0,2,424,1,112,15.5,115,50,39.09375,191.40625,2.8999023,0.89990234,0.79992676,141,7.449219,103,11,4955,0,1
55.36798,1,2,226,1,138,10,135,25,37.79688,167.5,2.8999023,0.89990234,6,136,7.399414,101,58,0,0,1
68.646,0,1,423,0,67,9.29882812,70,20,36.5,224,2.0996094,1.39990234,1.29980469,132,7.419922,59,40,4450,1,1
72.71198,0,2,424,3,73,5.69921875,96,20,36.29688,224,3.8999023,0.5,0.79992676,137,7.419922,90,5,5175,0,0
67.50397,0,2,422,2,79,5.79980469,64,16,37,224,3.5996094,0.79992676,0.89990234,137,7.419922,90,11,4725,0,0
74.81696,1,2,6,1,73,12.0996094,119,22,35.79688,476,2.8999023,0.89990234,0.79992676,132,7.479492,208,11,3520,0,1
74.93195,1,2,42,2,77,5.79980469,66,24,36.39844,224,2.8999023,2,1.69995117,132,7.419922,88,34,1200,0,7
40.24899,0,1,422,0,113,3.19970703,72,22,37.69531,224,3.8999023,1.29980469,1.19995117,136,7.419922,112,13,3600,0,0
70.89697,1,2,20,4,108,14.5,104,32,35.79688,242.84375,2.8999023,1.29980469,1,139,7.479492,112,37,3900,0,0
34.60098,0,1,421,0,62,8.29882812,125,44,36.69531,280,2.5996094,1.5,1.29980469,138,7.419922,108,28,2315,0,0
81.71899,1,1,7,2,113,43.3984375,125,29,38,187.5,2.5,1.39990234,6.69921875,139,7.329102,112,87,2055,0,3
66.43695,1,2,180,2,65,16.5976562,105,36,38.89844,306.625,2,0.89990234,1.89990234,160,7.459961,129,35,1365,0,1
55.754,0,2,420,1,57,6.09960938,110,9,37.59375,175.5,2.8999023,0.89990234,0.89990234,135,7.449219,142,16,2645,0,0
65.55194,1,2,63,1,78,8.8984375,118,34,36.89844,224,2.7998047,0.79992676,0.79992676,139,7.419922,91,4,2700,0,0
68.84094,1,1,32,1,72,5.5,115,14,37.09375,210,3.2998047,0.69995117,0.59997559,136,7.379883,96,3,3905,0,1
86.17395,1,2,4,0,118,20.5,53,36,38.19531,236.65625,2.0996094,0.39996338,1,134,7.449219,92,31,1540,0,1
50.61697,1,2,4,2,115,17.1992188,115,7,37.79688,213.3125,2,0.29998779,1,133,7.439453,243,22,3590,0,1
48.73099,0,1,418,1,79,4.09960938,75,20,36.69531,224,2.8999023,0.59997559,0.79992676,139,7.419922,212,8,1100,0,0
60.92499,0,1,418,0,65,9.59960938,72,12,36.19531,224,2.699707,17.5976562,0.69995117,136,7.419922,95,11,1968,0,0
80.51495,1,2,6,2,125,6.89941406,170,8,40.29688,438.0625,2.8999023,0.89990234,0.59997559,134,7.479492,377,8,2820,0,0
49.54398,0,1,417,2,75,8.29882812,68,20,37,224,2,4.89941406,0.89990234,129,7.419922,112,12,1968,0,0
68.44098,1,2,4,2,73,18.8984375,78,12,36.59375,276.625,2.8999023,1,6.79980469,131,7.459961,139,107,1005,0,7
65.47797,1,2,4,2,70,8.79882812,110,16,36.39844,217.5,2.8999023,0.89990234,4.5,130,7.419922,74,113,2510,6,4
73.04297,1,1,263,2,142,5.79980469,115,28,38.59375,227.5,2.699707,0.89990234,0.69995117,138,7.429688,121,18,2360,0,0
77.08698,1,2,65,2,60,10.6992188,115,5,36.79688,251.40625,1,0.89990234,1.09985352,136,7.369141,141,7,3352,0,1
45.64499,0,2,415,1,48,22.3984375,175,28,39.89844,130,2.8999023,0.89990234,0.89990234,142,7.359375,178,18,1710,0,1
50.02597,0,2,415,1,108,15,70,4,36.09375,320,2.8999023,0.89990234,7.5,137,7.399414,121,47,0,0,0
78.72095,1,2,31,1,105,13.2988281,120,13,39.29688,193.3125,2.3999023,1.79980469,0.79992676,133,7.449219,105,20,3700,0,0
55.38898,1,2,79,2,49,5.5,0,0,39.29688,177,2.8999023,0.5,1.19995117,147,7.549805,312,28,4065,0,0
63.24399,1,1,66,2,77,15.0996094,84,20,36.09375,224,4.2998047,0.69995117,1.29980469,142,7.419922,92,26,1125,0,1
95.53699,1,2,4,0,107,71.6875,45,13,36.59375,251.84375,3.3999023,0.59997559,1.19995117,138,7.40918,79,23,2470,0,0
27.25299,0,1,412,0,115,14,105,24,37.79688,340,2.699707,0.89990234,0.79992676,136,7.469727,189,25,1935,0,0
53.728,1,2,7,1,103,8.69921875,55,12,36.59375,224,2.8999023,0.29998779,0.89990234,141,7.419922,128,14,850,0,1
50.73199,1,2,185,1,115,8.19921875,115,12,36.79688,142.5,3.2998047,0.89990234,1.09985352,135,7.359375,111,18,2080,0,0
44.89798,0,2,411,1,108,17.5,60,32,36.29688,286.625,1.8999023,0.59997559,1,140,7.459961,120,21,1180,0,0
39.90997,0,2,411,1,127,5.89941406,120,10,38.5,157.5,1.8999023,1.5,0.69995117,127,7.459961,99,10,5565,0,1
66.80896,1,2,11,2,72,6.79980469,75,32,35.29688,287.75,2.699707,0.39996338,1.29980469,126,7.419922,96,49,2555,0,0
40.129,1,2,14,0,42,22,155,37,34.69531,234.28125,1.3999023,1.69995117,1.39990234,144,7.199219,57,27,1260,0,0
40.24899,0,2,410,1,130,6.39941406,75,8,35,428.5625,2.0996094,0.79992676,0.69995117,134,7.469727,244,7,1968,0,1
66.50195,1,2,380,1,88,9.59960938,68,24,37.69531,224,2.8999023,0.89990234,1.5,142,7.419922,97,15,1968,0,1
58.55399,0,2,408,2,132,11.7988281,125,28,35.29688,224,2.199707,0.19998169,3.39990234,129,7.419922,237,38,1968,0,0
56.879,1,1,26,2,65,13.1992188,40,28,36,230,2.0996094,0.89990234,0.79992676,147,7.509766,292,25,3685,0,1
68.70398,0,1,407,1,135,13.7988281,115,40,36.79688,225,2.8999023,0.89990234,1,143,7.399414,154,17,4350,0,0
62.52698,1,2,36,1,128,23.296875,125,12,36.5,100,4,0.89990234,1.29980469,132,7.419922,201,49,2865,0,0
38.116,0,2,407,0,82,5.5,115,3,38.79688,255,2.699707,3.89990234,0.79992676,150,7.459961,98,10,4680,0,0
55.60599,0,1,406,1,80,20.5976562,88,24,36.39844,224,3.699707,0.59997559,0.69995117,135,7.419922,86,5,1968,1,1
32.75598,0,1,406,1,77,10.7988281,80,16,38.09375,224,4.5,0.69995117,0.79992676,145,7.419922,88,12,7275,0,6
58.51599,1,2,12,2,118,5.59960938,115,24,35.59375,120.40625,3,0.5,0.79992676,135,7.419922,91,10,2020,0,6
61.89999,0,2,405,0,102,7.09960938,55,8,36.59375,205,2.199707,4.29980469,0.59997559,138,7.339844,246,19,1090,0,0
30.467,0,2,405,2,108,15.8984375,110,22,36.79688,324,2.2998047,1.29980469,1.19995117,140,7.40918,98,33,2060,0,0
55.806,0,2,404,1,73,5.19921875,170,26,36.29688,224,2.8999023,2.59960938,1.09985352,140,7.419922,95,15,2160,1,2
39.28799,1,2,4,3,108,14.0996094,115,8,38.09375,160,2.3999023,1.39990234,8.69921875,139,7.40918,216,96,215,0,1
76.82397,0,1,404,1,72,16.6992188,65,10,37.5,120,2.8999023,0.89990234,1.29980469,139,7.479492,151,27,940,0,1
68.75598,0,1,404,1,95,11.5996094,55,29,35.69531,108.32812,2.5,2.29980469,2.89990234,123,7.349609,109,72,1290,0,0
70.66095,0,2,404,1,122,19.0976562,135,10,35.89844,247.5,5.0996094,5.09960938,5.89941406,148,7.389648,243,51,140,0,0
37.76898,0,1,403,3,107,9.8984375,80,20,36,224,2.8999023,0.59997559,3.89990234,132,7.419922,73,56,4025,6,1
22.905,0,2,403,0,135,37.6953125,135,10,38.89844,135.53125,2,1.29980469,1.19995117,134,7.429688,164,9,4413,0,0
72.73395,1,1,140,1,122,24.5976562,100,30,35.19531,436.625,2.8999023,0.59997559,1.19995117,144,7.369141,261,22,3005,0,0
72.80194,0,2,400,0,111,8,69,24,36.59375,224,2.8999023,0.89990234,1,139,7.419922,92,8,4450,0,0
70.68896,1,2,13,1,48,10.2988281,175,38,38.29688,260,1.8999023,0.89990234,10.8984375,131,7.279297,89,68,0,0,0
73.771,1,2,5,1,108,11.0996094,75,34,39.59375,142.5,3.199707,0.89990234,0.89990234,139,7.439453,146,24,3140,0,1
67.77295,0,2,400,2,71,19.3984375,72,36,35.79688,296.625,2.699707,0.69995117,0.79992676,137,7.439453,86,11,900,0,0
72.97498,0,1,399,2,124,17.796875,69,28,36,447,2.8999023,0.89990234,1.19995117,136,7.509766,203,19,750,0,3
53.01599,1,2,10,1,65,17.296875,52,29,35.5,396,2.8999023,41.59375,5.69921875,143,7.189453,60,80,180,0,0
66.92694,1,1,50,1,80,4,80,12,37.89844,224,4.2998047,0.59997559,0.79992676,137,7.419922,93,12,1968,2,1
64.05695,1,1,3,2,187,8.3984375,55,40,38.69531,254.28125,2.8999023,0.89990234,0.79992676,145,7.449219,123,13,1930,0,1
66.30499,1,1,66,2,58,12.2988281,80,30,39.29688,147.5,2.8999023,0.89990234,1.29980469,144,7.269531,293,34,1800,2,4
77.06,1,2,49,2,112,9.59960938,105,30,37.59375,380.9375,3.2998047,1.29980469,0.5,137,7.439453,78,3,2560,0,0
73.93799,1,1,66,2,58,10.3984375,135,22,38.29688,111.42188,2.8999023,0.59997559,0.79992676,136,7.379883,170,14,1520,0,1
57.60999,1,1,42,1,73,4.79980469,100,36,36,214.8125,3.0996094,0.39996338,0.69995117,125,7.419922,78,7,1310,0,1
63.74298,1,2,8,1,143,13,75,28,35.89844,280,2.5,0.59997559,9.59960938,131,7.379883,338,58,0,0,6
68.94196,1,1,5,0,70,9.3984375,80,30,35,224,2.8999023,1.5,1,131,7.419922,99,26,1560,0,1
22.196,1,1,33,0,83,7.59960938,112,20,36.39844,224,2.8999023,0.89990234,0.5,138,7.419922,105,5,1968,0,0
71.98395,1,1,7,0,115,10.7988281,125,38,38.39844,160,1.6999512,4.19921875,6.79980469,136,7.429688,181,68,3890,0,0
65.58795,1,2,62,2,58,10.5,125,36,36.79688,92.5,2.8999023,1,1.59985352,143,7.349609,95,36,2365,0,0
46.18799,1,1,153,2,127,13.8984375,160,8,36.79688,165,2,1,4.69921875,142,7.429688,164,76,4200,0,1
75.27997,1,1,158,2,77,12.7988281,130,24,37.09375,323.75,2.8999023,0.39996338,0.5,134,6.989258,97,15,1968,3,1
59.06897,0,1,391,1,68,15.6992188,115,10,35.69531,174.0625,2.8999023,2.69970703,2.89990234,145,7.469727,128,117,2360,0,1
40.91397,1,2,5,0,52,23.8984375,145,8,38.69531,200,1.5,0.59997559,0.5,130,7.429688,109,6,2645,0,6
49.41498,1,2,6,2,55,16.8984375,145,31,38.19531,162.5,2.7998047,0.39996338,1.09985352,142,7.369141,117,32,527,0,0
33.76297,0,2,389,0,74,1.89990234,108,24,37.5,227.5,2.8999023,0.89990234,1,132,7.549805,93,10,1968,0,1
65.54999,1,2,47,1,128,13.5996094,125,10,36.09375,556,1.1999512,1.69995117,0.79992676,134,7.259766,214,5,2175,0,1
53.15799,1,1,20,1,80,2.09960938,60,20,36.5,224,4.2998047,0.59997559,1.09985352,139,7.419922,82,6,3650,0,1
73.39899,0,2,389,2,123,7.5,128,12,35.59375,224,3.699707,1,1.79980469,145,7.419922,199,36,450,1,1
55.13797,1,1,5,2,40,12.8984375,55,37,39.69531,303.3125,2.8999023,3,5.79980469,136,7.379883,70,67,7,0,0
74.935,0,2,388,0,109,4.09960938,72,18,37.69531,224,3.699707,0.5,0.79992676,136,7.419922,92,4,2550,0,0
65.68097,1,2,13,3,100,62,100,24,37.59375,224,2.8999023,0.39996338,0.79992676,142,7.419922,94,10,1100,0,6
66.185,1,2,3,1,75,16.796875,115,30,38.29688,140,2.8999023,1.59985352,1.29980469,137,7.519531,181,27,5480,0,1
51.14297,0,2,386,1,140,10.2988281,105,26,36.29688,492,3.3999023,0.89990234,8.3984375,135,7.419922,282,48,390,0,0
61.28998,1,2,11,0,142,14.6992188,115,33,35.69531,210,2.8999023,0.89990234,0.59997559,123,7.439453,181,18,1400,0,0
33.32199,0,2,385,2,107,14.7988281,60,14,36.79688,306.625,2.3999023,0.69995117,1.39990234,142,7.40918,184,36,600,0,0
84.66498,0,2,384,1,142,16,65,30,39,191.40625,2.8999023,0.89990234,1,140,7.469727,115,9,3525,0,0
62.06198,1,2,37,1,57,6.29980469,60,16,38,224,2.8999023,0.59997559,0.69995117,133,7.419922,120,120,2050,0,0
47.48297,1,1,5,0,73,20.796875,125,16,38.59375,570,2.8999023,1.5,0.79992676,137,7.289062,288,14,1460,0,0
44.79398,0,2,384,0,108,10.3984375,140,36,36.19531,224,2.699707,1.09985352,1.5,143,7.419922,134,53,1968,0,0
60.698,1,1,7,1,102,7,120,24,38.69531,168.5625,2.199707,0.89990234,1.09985352,150,7.469727,98,20,2425,0,5
75.49597,1,1,14,3,78,8.3984375,80,20,36.5,471.375,2.8999023,0.89990234,1.29980469,134,7.459961,77,23,1850,0,5
72.422,0,2,382,1,117,17.0976562,80,20,36.69531,376,2.8999023,0.5,6,139,7.369141,64,53,2450,0,1
85.01599,0,1,382,3,75,21.5976562,125,44,34.79688,212.5,2.8999023,22.3984375,0.89990234,139,7.429688,76,9,395,0,1
76.00299,1,2,51,1,75,13.7988281,115,38,35.39844,338.0625,2.8999023,0.69995117,0.69995117,134,7.5,185,22,2410,0,0
58.24197,0,2,382,2,117,7.5,72,20,36.79688,224,3.8999023,0.5,0.69995117,136,7.419922,168,9,6100,0,1
64.84094,1,2,28,0,65,10.3984375,115,29,38.59375,243.3125,2.8999023,1,1.79980469,138,7.509766,117,24,4410,0,2
45.23199,1,2,369,2,128,12.7988281,115,12,36.09375,360,2.0996094,0.19998169,11.8984375,138,7.399414,240,111,600,0,0
78.836,1,1,370,1,112,21.296875,125,40,38.39844,256,2.199707,10.5996094,2.19970703,132,7.459961,183,28,3040,0,1
67.53497,0,1,381,0,95,27.796875,125,38,37.59375,263.3125,4.1992188,0.89990234,1,140,7.459961,192,28,1065,0,0
34.75699,0,2,380,1,58,13.1992188,118,50,38.39844,206.65625,2.8999023,1.59985352,1.19995117,135,7.449219,351,37,3605,0,0
71.20599,0,2,379,2,58,10.1992188,65,10,36.89844,190,2.8999023,0.89990234,2.59960938,132,7.399414,160,81,4690,0,5
69.78796,0,1,379,1,49,20.5976562,200,12,37.69531,140,3,13.5,4.09960938,151,7.279297,41,68,0,0,0
51.33499,0,2,365,2,68,11.7988281,55,11,38.89844,165,2.8999023,0.89990234,0.69995117,135,7.439453,149,17,3270,0,0
72.08197,0,1,363,1,68,12.2988281,125,36,36.39844,186.65625,3.3999023,0.59997559,1.09985352,138,7.419922,331,24,565,3,0
79.38397,1,2,4,3,138,16.5976562,195,35,41.09375,296.375,2.8999023,0.89990234,0.89990234,131,7.449219,181,11,1587,0,5
73.71698,1,2,12,2,107,5.29980469,80,20,36.69531,224,2.699707,1.5,2.29980469,144,7.419922,89,32,675,0,0
73.81494,0,2,362,1,28,12,0,0,38.39844,306.625,3.8999023,0.89990234,11.7988281,153,7.40918,192,87,0,0,1
48.39999,0,1,361,0,111,19.5,124,22,36.29688,224,2.8999023,0.89990234,0.59997559,143,7.419922,236,15,1968,0,0
80.29297,1,2,34,0,65,7.59960938,75,23,37.79688,203.3125,2.8999023,0.89990234,3,135,7.509766,131,112,4060,0,0
86.55194,0,1,360,0,62,8.19921875,120,42,36.79688,157.5,2.2998047,1.39990234,0.69995117,150,7.469727,112,33,1730,0,1
37.57999,0,1,360,1,65,28.8984375,125,9,36.79688,205,2,0.89990234,1.29980469,144,7.229492,104,31,1165,0,0
56.38098,0,1,359,1,73,12.5,148,24,36.19531,224,2.5996094,6.09960938,0.89990234,129,7.419922,172,31,465,0,6
69.47595,0,1,358,1,132,8.69921875,105,13,38.59375,230,2.8999023,0.89990234,0.5,137,7.539062,180,7,2945,0,1
61.79599,1,2,15,1,108,46.59375,140,12,38,356,1.1999512,3,1.59985352,130,7.299805,140,39,1385,0,5
75.92297,1,2,23,2,48,17.796875,170,33,38.59375,128,2.8999023,0.89990234,5,131,7.369141,110,111,235,0,0
83.23297,1,1,3,2,80,32.8984375,70,6,39.39844,150,2.5996094,0.89990234,1.09985352,131,7.479492,104,30,5145,0,4
71.31598,1,1,7,1,107,9.5,72,24,36.39844,224,3.7998047,0.39996338,0.5,141,7.419922,210,3,1975,0,1
59.59198,0,2,355,2,77,16.3984375,66,22,36.19531,150,2.8999023,0.89990234,0.79992676,133,7.449219,82,17,2650,0,1
42.49698,0,1,355,0,80,18.3984375,80,20,36.59375,314.25,2.8999023,0.89990234,1.19995117,141,7.379883,109,33,1925,0,0
49.78,0,1,355,1,58,11.0996094,115,26,35.29688,224,2.8999023,0.89990234,1.5,130,7.129883,290,110,990,0,1
66.11395,0,1,353,0,65,21.796875,125,22,36,148.875,2.3999023,0.29998779,2.39990234,138,7.299805,195,89,950,0,0
75.21997,1,2,8,1,108,6.89941406,115,32,38.5,304,1.7998047,0.89990234,6.79980469,142,7.379883,96,72,2225,0,1
75.61395,0,1,354,3,85,19.8984375,135,31,36.19531,132,2.8999023,4.89941406,1.59985352,130,7.359375,149,51,1210,0,1
87.71497,1,1,340,2,45,13.1992188,135,28,38.09375,220,2.8999023,0.89990234,0.89990234,133,7.40918,144,11,3160,0,1
65.008,0,2,352,1,68,10.5996094,78,26,36.59375,224,2.8999023,0.89990234,1.39990234,134,7.419922,97,30,2590,0,0
70.44495,1,2,39,0,107,13.3984375,65,25,35,276.625,2.8999023,0.89990234,0.59997559,132,7.459961,170,13,1550,0,0
76.23499,0,2,351,0,118,10.8984375,55,12,35.89844,190,2.8999023,1.59985352,1.59985352,136,7.399414,154,29,7560,0,1
37.689,1,1,8,1,68,12.8984375,110,9,38.5,217.125,2.8999023,0.89990234,1.19995117,142,7.329102,325,48,1460,0,1
71.22198,1,2,13,1,42,18.6992188,125,8,39.89844,166,2.8999023,0.89990234,3.69970703,143,7.259766,122,77,15,0,0
58.66699,1,2,196,1,95,6.79980469,68,20,37,224,3.8999023,1,0.89990234,138,7.419922,98,6,5060,0,7
56.91199,1,2,82,3,72,29.0976562,125,28,36.29688,192.5,2.5,3.5,1.69995117,138,7.449219,123,74,1645,6,1
33.59598,0,1,348,1,60,14.7988281,60,10,38.19531,283.3125,2.5996094,1.29980469,9.09960938,134,7.379883,249,39,0,0,0
66.82495,0,2,348,1,70,3,125,28,36.29688,125,2.699707,0.89990234,1.09985352,132,7.539062,140,42,3500,0,0
71.69299,0,2,348,1,112,11.3984375,135,31,38.29688,145,3.0996094,1.29980469,0.79992676,135,7.399414,133,12,1220,0,0
73.28699,0,2,348,1,118,8.29882812,135,38,35.5,226.65625,2.3999023,0.5,0.69995117,128,7.319336,103,10,3730,0,1
70.461,0,2,347,2,108,10.5996094,65,16,38.09375,224,2.8999023,0.89990234,0.69995117,138,7.429688,99,5,4280,0,0
69.74896,1,1,29,1,50,3.19970703,145,36,38.5,56.46875,2,0.89990234,1.19995117,142,7.25,94,11,1696,0,1
51.13199,0,2,347,2,103,7.79980469,66,26,36.69531,224,2.8999023,0.89990234,0.69995117,139,7.419922,237,24,1800,0,6
56.70898,1,2,43,2,115,6.5,101,28,36.79688,177.5,2.5996094,0.89990234,0.89990234,145,7.449219,87,21,1700,0,0
58.03998,1,2,141,1,83,7.79980469,75,18,36.79688,304,2.8999023,0.89990234,0.89990234,143,7.40918,125,23,1968,3,1
26.44199,0,2,346,1,118,11.3984375,75,8,36,316.625,1.8999023,5.19921875,1.29980469,134,7.359375,176,25,1325,0,1
45.71399,0,1,345,2,118,11,145,24,35.89844,162.5,2.8999023,0.5,0.69995117,135,7.439453,264,19,1775,0,0
65.89697,1,2,295,0,111,8.5,66,20,38.09375,224,4.1992188,0.69995117,0.79992676,139,7.419922,95,18,1968,0,1
42.28598,1,2,39,2,65,20,65,10,38.69531,191.40625,1.7998047,3.79980469,1.89990234,144,7.419922,247,68,3920,0,1
47.33197,1,2,26,0,90,10.5996094,105,12,36.39844,195.21875,3.2998047,0.29998779,0.89990234,142,7.269531,110,20,860,0,0
67.56995,1,2,55,1,45,11.5,115,13,39.19531,124.4375,2.7998047,0.89990234,0.89990234,134,7.469727,141,18,3810,0,0
46.92697,1,2,8,1,72,6.79980469,125,8,38.79688,230,2.5,0.89990234,1,137,7.359375,89,6,1910,0,1
83.10699,1,1,35,1,99,9.8984375,76,20,36.39844,332,2.8999023,0.89990234,0.89990234,136,7.399414,131,21,650,0,2
61.26999,1,2,377,2,73,5.79980469,100,28,35.39844,224,2.8999023,0.89990234,0.79992676,134,7.419922,135,23,1968,1,0
51.836,0,1,2029,2,93,3.5,80,26,36.39844,369,3,0.29998779,0.69995117,138,7.339844,135,23,1968,1,0
30.04799,1,1,540,1,68,8.8984375,116,7,36,246.46875,2.699707,0.5,0.5,135,7.449219,135,23,1968,0,7
56.88397,0,1,2026,3,137,10.2988281,157,13,38.09375,88,2.5996094,1.29980469,0.59997559,134,7.429688,135,23,1968,0,1
49.20499,1,1,24,4,67,11.1992188,104,26,35.79688,391.375,3.0996094,1.5,0.89990234,133,7.489258,135,23,1968,1,5
34.98398,1,2,31,3,73,10.1992188,105,32,36.59375,409.5,3.5996094,0.39996338,1.29980469,136,7.419922,135,23,1968,0,0
64.64899,1,2,4,4,57,33.59375,103,12,39.59375,135,2.8999023,0.89990234,2.19970703,138,7.449219,135,23,1968,0,1
40.44397,1,2,325,4,96,8.09960938,84,20,39,224,1.8999023,8.79882812,0.59997559,135,7.419922,135,23,1968,1,1
40.55899,1,1,586,6,145,5.59960938,82,30,36,336.0625,2.8999023,3.09960938,8.3984375,135,7.399414,135,23,1968,0,0
42.71597,1,2,791,2,97,11.3984375,115,22,36,457.125,3.5996094,0.79992676,1.19995117,131,7.40918,135,23,1968,5,5
30.407,1,2,230,2,107,0.31994629,176,32,39.59375,147.125,3.7998047,2.09960938,3.09960938,135,7.379883,135,23,1968,0,0
67.409,1,2,15,1,97,17.8984375,114,36,36.29688,430.4375,2.699707,1.79980469,2.29980469,130,7.209961,135,23,1968,0,1
62.49698,1,1,79,5,114,17.5976562,68,32,36.5,85.625,2.8999023,0.89990234,2.19970703,133,7.429688,135,23,1968,0,3
44.32898,1,1,7,2,70,25.296875,111,22,38.5,109.5625,2.5996094,0.39996338,1.69995117,133,7.389648,135,23,1968,0,0
37.84,0,2,2019,4,113,9.19921875,118,20,35.39844,254.53125,2,6.39941406,0.89990234,128,7.399414,135,23,1968,0,0
40.29797,1,1,94,3,61,5,102,20,36.69531,375.6875,4.5996094,1.89990234,1.5,129,7.449219,135,23,1968,2,4
79.69299,1,2,174,0,110,11,127,11,39.19531,305,1.8999023,5.19921875,2.29980469,133,7.459961,135,23,1968,0,0
35.49899,1,1,9,1,54,3.19970703,176,60,40,98.59375,2.5996094,1.09985352,0.89990234,145,7.289062,135,23,1968,0,2
77.30896,1,2,237,1,103,7.09960938,60,20,36.59375,224,3.0996094,0.79992676,1.39990234,133,7.419922,135,23,1968,0,0
67.64099,1,2,35,1,95,3.89990234,92,28,35.79688,224,2.8999023,0.89990234,1,141,7.419922,135,23,1968,0,2
62.56497,0,2,2016,2,98,7.59960938,100,28,36.19531,273.75,4.0996094,0.29998779,1.09985352,138,7.229492,135,23,1968,0,1
55.66898,1,2,400,4,75,8,76,22,36.29688,284.75,2.8999023,0.5,1.19995117,142,7.429688,135,23,1968,0,1
64.70099,1,1,70,1,72,2.69970703,128,28,36,199.625,3,1,3.19970703,131,7.429688,135,23,1968,0,1
69.37195,1,1,17,3,83,10.6992188,110,28,36.19531,466.625,2.5996094,0.59997559,1.09985352,138,7.389648,135,23,1968,0,1
78.35498,1,2,291,5,73,15.8984375,120,24,36,224,3.199707,1,1.59985352,132,7.419922,135,23,1968,6,3
24.931,0,2,2014,1,51,21,46,10,35.69531,87.5625,2.8999023,0.89990234,0.5,135,7.459961,135,23,1968,0,6
67.32898,1,1,145,3,60,4.59960938,58,20,36.19531,224,2.8999023,0.5,2.19970703,135,7.419922,135,23,1968,0,1
56.35599,0,2,2012,2,79,5,68,16,36.39844,224,2.8999023,0.89990234,1,134,7.419922,135,23,1968,2,1
28.435,0,2,2011,1,135,8.29882812,126,10,36.69531,200,3.2998047,0.5,0.69995117,137,7.429688,135,23,1968,0,6
44.74698,1,1,13,0,70,19,149,27,39.69531,75.70312,2.2998047,1.59985352,1.59985352,147,7.449219,135,23,1968,0,2
68.90094,1,2,21,1,73,4.89941406,94,20,36.59375,224,2,1.09985352,0.59997559,129,7.419922,135,23,1968,1,6
68.48199,0,2,2010,1,53,13.3984375,71,10,36.5,262.9375,1.8999023,0.19998169,1.69995117,135,7.399414,135,23,1968,0,0
60.52298,1,2,11,1,124,7,115,25,38.19531,304,2.7998047,0.5,0.89990234,135,7.459961,135,23,1968,0,0
28.55899,1,1,138,1,78,33.09375,127,36,38.39844,212.5,2.7998047,0.29998779,0.69995117,142,7.469727,135,23,1968,0,0
71.93195,1,2,8,1,36,17,187,14,37.59375,103.1875,3.2998047,1.09985352,1.69995117,142,7.419922,135,23,1968,0,0
61.78497,0,1,2007,1,44,10.8984375,116,40,37.79688,210.4375,3,0.89990234,0.5,135,7.519531,135,23,1968,0,6
19.82999,0,2,2005,2,73,31.5,111,43,38.59375,240,1.7998047,4.69921875,1.59985352,135,7.419922,135,23,1968,0,1
41.78,1,1,5,0,61,29.1992188,115,12,40.5,182.59375,0.7999268,2.39990234,2.69970703,133,7.459961,135,23,1968,0,2
32.81,1,2,8,4,123,9.8984375,136,30,35.89844,224,2.5,2.69970703,0.59997559,137,7.419922,135,23,1968,0,1
71.67999,1,1,295,4,77,7.5,136,30,38.39844,224,3.3999023,0.89990234,1,134,7.419922,135,23,1968,1,2
69.06494,1,1,316,4,63,7.69921875,52,18,35.29688,257.75,2.699707,5,1.79980469,121,7.449219,135,23,1968,0,1
47.31,1,2,75,3,63,10.8984375,70,20,36,351.375,2.699707,1.5,2.29980469,123,7.359375,135,23,1968,4,4
44.34497,0,2,2002,5,65,9.59960938,110,22,36.79688,224,2.199707,5.09960938,1,129,7.419922,135,23,1968,2,3
61.28998,1,2,92,4,79,7.59960938,110,36,35.79688,59.58594,3.699707,3.5,1.79980469,144,7.199219,135,23,1968,1,1
71.52899,1,1,62,2,157,14.0996094,155,34,36.79688,302.625,3.2998047,1,4.29980469,141,7.379883,135,23,1968,0,1
55.159,1,1,3,2,0,21.5,0,0,38.19531,311.875,2.8999023,0.89990234,0.59997559,145,7.40918,135,23,1968,0,1
58.431,1,1,218,7,60,16.296875,75,24,37.69531,203.65625,3.8999023,0.89990234,7.19921875,121,7.5,135,23,1968,0,2
68.20496,1,2,399,3,75,10.5,56,16,36.39844,224,2.8999023,0.89990234,2.09960938,135,7.419922,135,23,1968,1,0
31.95299,1,1,91,1,69,15.1992188,126,24,38.09375,132,2.5996094,3.29980469,1.09985352,143,7.349609,135,23,1968,0,7
36.62698,1,2,1338,4,68,6.5,68,20,35.79688,514.25,2.7998047,0.39996338,0.59997559,130,7.429688,135,23,1968,0,1
46.05298,1,1,4,1,108,10.3984375,122,28,37.5,224,3.0996094,0.5,1,141,7.419922,135,23,1968,0,1
49.26797,1,1,11,2,47,10.8984375,51,44,34.09375,251.65625,2.5996094,1.89990234,2.39990234,133,7.229492,135,23,1968,0,1
64.88196,1,2,16,1,73,13.0996094,75,26,35,224,1.5998535,1.09985352,0.5,133,7.419922,135,23,1968,4,1
87.64697,1,1,28,1,104,10.5996094,109,28,36.5,159.15625,2.699707,0.39996338,2,133,7.379883,135,23,1968,0,6
50.46997,1,1,1254,4,63,2.19970703,90,20,38.39844,224,4.0996094,4,1.79980469,136,7.419922,135,23,1968,0,0
67.19495,1,2,661,2,76,20.296875,150,9,35.79688,300,2.7998047,0.5,0.79992676,129,7.439453,135,23,1968,1,6
78.724,0,1,1994,3,72,7.19921875,63,29,36.39844,168.15625,3.0996094,0.39996338,0.69995117,136,7.419922,135,23,1968,0,6
48.45999,1,1,167,4,91,6.5,105,20,36.5,338.0625,2.7998047,4.59960938,1,134,7.429688,135,23,1968,1,1
55.66599,0,1,1993,4,113,6.59960938,70,23,35.79688,224,3.0996094,0.29998779,1.19995117,134,7.419922,135,23,1968,1,2
57.35797,1,1,1814,3,124,13,96,24,36.59375,232.25,2.8999023,0.89990234,1.39990234,134,7.379883,135,23,1968,5,2
78.54297,1,2,39,3,54,11,55,26,35.09375,101.65625,3.699707,0.69995117,1.09985352,147,7.399414,135,23,1968,3,1
61.142,1,2,149,3,108,18.3984375,116,34,36.39844,163.6875,3.3999023,0.5,1.19995117,132,7.399414,135,23,1968,1,0
54.43698,1,2,75,1,68,9.59960938,108,28,37.79688,361.875,3.699707,1,1.39990234,138,7.459961,135,23,1968,0,1
56.23798,0,2,1991,3,72,15.5,52,25,36.29688,224,2.0996094,1.39990234,0.89990234,140,7.419922,135,23,1968,0,2
76.64899,1,2,94,5,103,7.19921875,76,25,35.69531,283.875,3.3999023,0.39996338,1.09985352,128,7.509766,135,23,1968,0,1
60.00497,1,1,1552,5,105,7.79980469,65,15,36.5,247.59375,2.8999023,0.89990234,1.69995117,141,7.40918,135,23,1968,0,0
37.89499,1,2,11,4,55,13.6992188,113,32,38.09375,88.10938,2.5996094,3.39990234,0.59997559,131,7.549805,135,23,1968,0,0
54.92999,0,2,1987,2,71,11.5996094,114,34,37.69531,167.5,2.3999023,1.09985352,0.69995117,137,7.469727,135,23,1968,0,1
66.51099,1,1,802,2,75,5.39941406,73,25,35.09375,203.96875,3.699707,0.39996338,1.19995117,138,7.319336,135,23,1968,0,1
61.28998,0,1,1985,2,73,5.39941406,96,24,36,401.875,3.0996094,0.59997559,0.89990234,138,7.419922,135,23,1968,1,1
61.952,1,1,72,5,127,9.19921875,107,30,37.89844,168.75,3.0996094,1,1,136,7.469727,135,23,1968,0,5
69.15295,0,1,1984,1,61,3.5,64,32,36.29688,204.75,4,0.59997559,0.69995117,137,7.40918,135,23,1968,1,1
73.53296,1,1,20,1,125,18.8984375,118,9,36.69531,239.3125,1.8999023,0.79992676,0.79992676,131,7.439453,135,23,1968,3,0
64.73395,1,2,35,1,110,7.19921875,60,20,36,224,2.8999023,0.39996338,6.69921875,141,7.419922,135,23,1968,0,0
72.14496,1,1,5,2,115,9.3984375,106,30,36,418.5625,2.5996094,0.19998169,0.69995117,126,7.209961,135,23,1968,0,6
67.59998,0,1,1979,2,63,15.0996094,140,40,35.39844,126.6875,1.8999023,0.5,2.29980469,129,7.449219,135,23,1968,0,1
51.33698,1,1,181,3,68,8.09960938,76,22,35.5,224,3.0996094,0.39996338,1.5,135,7.419922,135,23,1968,0,1
56.14798,1,2,374,3,63,0.09999084,120,24,38.5,224,3.0996094,0.59997559,0.89990234,126,7.419922,135,23,1968,0,0
71.82196,0,2,1977,3,60,5.69921875,64,24,35.5,309.5,3.8999023,0.69995117,1,138,7.419922,135,23,1968,2,0
38.45599,0,2,1977,3,82,13,122,22,38,403.3125,3.2998047,4.09960938,0.5,131,7.449219,135,23,1968,0,7
69.51099,0,2,1976,7,73,6.39941406,58,20,36,224,3.3999023,0.39996338,1.19995117,135,7.419922,135,23,1968,1,1
74.21198,1,1,3,4,0,2.79980469,0,0,39,99.15625,2.5996094,1.19995117,1,137,7.289062,135,23,1968,0,0
64.81299,1,1,488,4,58,8.69921875,44,16,36.09375,224,3.5996094,1.09985352,1,140,7.419922,135,23,1968,0,0
58.21997,0,2,1976,2,87,11.1992188,72,16,36.59375,238.09375,4.2998047,0.89990234,1,140,7.40918,135,23,1968,0,1
46.98398,1,1,4,2,79,2.19970703,124,36,38.79688,224,2.699707,0.79992676,1.09985352,130,7.419922,135,23,1968,0,4
58.267,1,2,379,0,75,8,74,24,35.59375,139,2.8999023,1.89990234,1,124,7.459961,135,23,1968,1,1
67.89294,1,2,1157,3,115,10.5996094,104,24,37,224,2,2.79980469,1.29980469,134,7.419922,135,23,1968,2,0
33.65399,1,2,897,3,89,14.0996094,100,28,35.5,210.96875,3,0.79992676,1,133,7.439453,135,23,1968,0,0
50.62799,1,1,37,3,69,5.69921875,118,26,36.29688,224,3.2998047,0.59997559,0.69995117,132,7.419922,135,23,1968,0,1
62.65799,1,1,20,3,113,5,133,12,36.19531,120,2.199707,4.19921875,1.39990234,135,7.40918,135,23,1968,0,1
65.83197,1,1,434,3,105,5.09960938,94,24,37,226.65625,2.8999023,0.89990234,1.69995117,138,7.479492,135,23,1968,5,1
31.30199,0,2,1971,1,77,5,82,15,36.19531,167.34375,3.0996094,0.5,0.79992676,137,7.379883,135,23,1968,6,6
41.18799,0,2,1970,1,117,21.0976562,157,20,39.29688,79.23438,2.5,0.89990234,0.29998779,129,7.449219,135,23,1968,0,0
67.10199,1,2,1776,6,77,6.5,50,20,35.79688,275.1875,2.8999023,0.89990234,1.69995117,144,7.419922,135,23,1968,0,1
75.10498,1,2,1172,3,122,3.79980469,42,26,36,331.375,3.3999023,1,1.29980469,139,7.449219,135,23,1968,1,1
63.98898,1,2,1304,1,61,11.5,126,38,36.5,240.78125,2.8999023,0.59997559,0.59997559,137,7.349609,135,23,1968,2,1
64.36694,1,1,151,2,71,10.5996094,80,24,36.39844,224,2.8999023,0.69995117,0.89990234,131,7.419922,135,23,1968,2,4
32.85098,1,1,1659,2,160,12.5,126,20,36,300,2.199707,0.79992676,2,134,7.389648,135,23,1968,0,6
72.15094,1,2,169,3,109,19.0976562,112,24,36,349,3.3999023,0.39996338,0.89990234,136,7.459961,135,23,1968,2,1
60.89499,1,1,8,2,119,26.6992188,112,32,36.19531,164.84375,3.0996094,0.59997559,0.89990234,132,7.469727,135,23,1968,0,6
77.95795,1,2,3,2,87,9.09960938,112,16,35.59375,224,2.8999023,0.89990234,3.69970703,139,7.419922,135,23,1968,0,4
69.35797,1,2,124,2,71,5.69921875,80,24,36.5,224,3.0996094,1.09985352,1.79980469,131,7.419922,135,23,1968,0,0
65.98999,1,2,3,3,0,10.8984375,0,0,37.69531,114.28125,2.8999023,2.59960938,1.09985352,129,7.429688,135,23,1968,0,5
55.12698,0,2,1959,1,109,8.09960938,60,20,36.69531,310,3.2998047,0.79992676,0.79992676,132,7.439453,135,23,1968,0,0
71.73395,0,1,1954,3,143,14.6992188,138,40,39.19531,202.5,2.3999023,0.39996338,0.69995117,147,7.509766,135,23,1968,1,0
76.97498,1,1,21,2,55,61.1953125,119,14,36.29688,266.625,1.7998047,0.69995117,0.39996338,143,7.25,135,23,1968,0,0
71.784,1,1,257,3,97,10.6992188,105,24,36.5,323.75,2.8999023,0.29998779,0.79992676,130,7.459961,135,23,1968,0,1
59.35098,1,2,161,2,57,10.5996094,67,28,38.5,208.15625,1.2998047,1,1.59985352,156,7.449219,135,23,1968,0,6
73.51099,0,1,1952,1,47,9.5,122,36,36.09375,227.5,2.5,0.39996338,1.09985352,134,7.529297,135,23,1968,0,0
44.61099,1,2,25,1,149,5.69921875,156,40,39.09375,234.28125,2.2998047,5.69921875,0.79992676,133,7.40918,135,23,1968,0,0
56.94199,1,2,18,3,112,20.6992188,130,31,35.89844,128.78125,1.5998535,3.59960938,0.69995117,131,7.399414,135,23,1968,0,3
57.46997,1,1,183,4,66,11.0996094,70,24,35,191.8125,3.0996094,1.89990234,0.89990234,130,7.459961,135,23,1968,0,2
71.13495,1,1,47,3,118,21,80,32,38.39844,317.0625,2.0996094,2.39990234,2.39990234,144,7.419922,135,23,1968,0,1
68.75299,1,2,45,2,52,2.59960938,122,28,36.79688,132.71875,1.5998535,1.59985352,1.29980469,142,7.329102,135,23,1968,0,1
66.08398,1,2,98,2,148,20.3984375,132,52,37.39844,93.32812,2.199707,0.29998779,1.09985352,139,7.439453,135,23,1968,0,1
58.086,0,2,1948,3,76,11.8984375,104,24,36,224,3.3999023,0.89990234,1.09985352,134,7.419922,135,23,1968,0,1
19.674,1,2,33,0,105,22,146,14,39.19531,252.5,1.8999023,9.69921875,7.89941406,148,7.419922,135,23,1968,0,1
69.09497,1,2,187,4,79,9.79882812,107,24,36,128.75,2.8999023,0.89990234,1.09985352,126,7.329102,135,23,1968,1,1
70.11096,1,2,165,2,66,26.3984375,110,24,38.89844,207.5,2,0.39996338,1.09985352,127,7.439453,135,23,1968,0,0
61.17499,1,2,21,1,54,23.5976562,73,12,36.5,173.3125,1.1999512,0.39996338,4.09960938,131,7.399414,135,23,1968,0,3
52.33899,0,1,1944,3,99,5.19921875,102,20,37,224,3.5996094,1.39990234,0.89990234,132,7.419922,135,23,1968,0,7
69.63196,1,2,385,4,149,12,74,34,36,224,3.699707,1.09985352,2.39990234,140,7.419922,135,23,1968,1,2
59.08798,1,2,310,2,107,6.19921875,120,25,36.5,238.09375,3.7998047,0.5,1,141,7.359375,135,23,1968,0,1
74.35999,0,2,1940,1,63,20.6992188,118,36,38.59375,152,2,2.59960938,1,139,7.439453,135,23,1968,0,1
78.45599,1,1,1445,3,66,9.5,76,20,35.59375,224,2.8999023,0.89990234,0.89990234,133,7.419922,135,23,1968,2,1
81.02399,1,2,11,2,67,9.3984375,102,26,38.19531,137.125,3.699707,0.69995117,0.89990234,128,7.399414,135,23,1968,0,7
58.18997,1,1,231,1,121,15,158,27,38.39844,182,2.8999023,0.29998779,1.89990234,156,7.369141,135,23,1968,0,3
59.96198,1,1,17,1,71,7.69921875,55,28,36.5,190,2.5996094,0.29998779,0.59997559,131,7.359375,135,23,1968,0,1
53.47299,1,2,322,5,106,9.69921875,118,36,36.79688,191.40625,2.699707,0.29998779,1.5,134,7.399414,135,23,1968,0,3
42.46997,1,2,536,2,77,14,74,20,36.79688,224,2.2998047,14.5,0.39996338,123,7.419922,135,23,1968,1,1
97.51099,1,1,6,2,72,11.3984375,60,38,35.29688,204.75,4,0.89990234,1.09985352,137,7.439453,135,23,1968,0,4
53.81497,1,1,82,1,66,13.2988281,132,30,35.79688,274.0625,3.0996094,0.29998779,0.5,138,7.449219,135,23,1968,7,6
67.10199,1,2,969,6,105,18.8984375,115,20,37.39844,351.5625,1.2998047,0.29998779,2.69970703,144,7.419922,135,23,1968,0,5
55.09698,1,2,5,2,118,16.796875,129,32,38.79688,295.1875,2.7998047,1.79980469,1,137,7.459961,135,23,1968,0,1
54.81497,1,1,236,1,122,14.3984375,69,34,38.5,121.82812,2.199707,0.39996338,4.69921875,131,7.279297,135,23,1968,1,1
44.24597,1,2,473,5,74,11.1992188,114,25,35,163.96875,3.3999023,1.29980469,0.79992676,133,7.339844,135,23,1968,2,6
65.77399,1,2,24,1,75,7.19921875,138,32,36,214.96875,3.3999023,0.29998779,0.79992676,135,7.419922,135,23,1968,2,1
81.22095,1,2,23,2,106,15.1992188,99,30,36,183.84375,2.7998047,0.59997559,1.19995117,137,7.299805,135,23,1968,5,2
60.68698,1,1,17,1,114,0,136,32,39.59375,293.3125,2.2998047,2.39990234,0.5,137,7.539062,135,23,1968,0,1
58.26099,1,2,310,2,77,13.5996094,100,24,36.19531,423.75,2.5,1.59985352,1.89990234,133,7.40918,135,23,1968,5,5
81.17999,0,1,1928,3,81,7.59960938,113,16,36.5,302.375,3.199707,0.59997559,1.59985352,138,7.479492,135,23,1968,0,0
44.63498,0,1,1928,3,65,6,94,20,36.5,224,1.5998535,2.79980469,1.19995117,133,7.419922,135,23,1968,0,1
43.28497,1,2,431,2,100,7,76,15,36.69531,224,1.7998047,1.29980469,0.69995117,137,7.419922,135,23,1968,0,1
54.48898,0,1,1926,4,95,7,110,20,36.09375,337,3.8999023,1,1,130,7.389648,135,23,1968,3,1
72.29297,1,1,3,3,59,7.69921875,118,24,35.69531,375.875,2,4.69921875,3.89990234,133,7.389648,135,23,1968,0,1
61.25098,1,2,497,4,74,15.2988281,111,35,36,205.65625,2.5996094,2.39990234,1.09985352,129,7.469727,135,23,1968,7,1
63.02499,1,2,521,2,124,13,126,32,38.19531,224,2.8999023,0.89990234,1.89990234,140,7.419922,135,23,1968,0,1
68.05695,1,1,3,3,45,18,131,40,36.19531,111.65625,2.8999023,0.89990234,1.59985352,135,7.129883,135,23,1968,1,0
62.25598,1,2,10,2,99,3.29980469,136,30,35.5,281.875,2.8999023,1.5,1.69995117,133,7.319336,135,23,1968,0,1
69.10596,1,2,217,2,87,10.6992188,60,26,36.5,328.5625,3.699707,0.69995117,0.89990234,135,7.419922,135,23,1968,0,1
80.08496,1,2,83,3,120,9.29882812,50,24,36.5,224,2.5996094,4.29980469,1,141,7.419922,135,23,1968,0,7
35.09399,0,2,1918,0,107,9.5,108,12,38.5,305,1.7998047,1.59985352,0.69995117,134,7.519531,135,23,1968,0,1
62.67798,1,1,3,1,108,13.1992188,96,20,36.5,233.3125,3.2998047,0.79992676,0.79992676,132,7.359375,135,23,1968,0,1
66.23096,1,2,862,5,62,8,141,28,35.59375,147.5,3,0.89990234,1,136,7.319336,135,23,1968,2,6
60.71698,1,2,211,2,61,10.3984375,118,10,37,164.4375,3,1.39990234,1,137,7.399414,135,23,1968,0,1
56.63199,0,1,1918,2,124,16.8984375,72,12,39.09375,185.375,3.3999023,0.79992676,0.69995117,135,7.449219,135,23,1968,0,0
70.16296,1,1,1192,3,58,8,72,24,36.19531,232,3.5996094,0.89990234,1.79980469,138,7.439453,135,23,1968,2,2
79.98395,1,1,778,3,70,6.59960938,110,24,35.09375,224,3.5996094,0.59997559,1.39990234,133,7.339844,135,23,1968,0,1
57.36099,1,2,83,2,77,10.3984375,81,24,35.09375,366.625,3.5996094,0.69995117,1.39990234,134,7.459961,135,23,1968,1,1
82.63696,0,2,1915,0,71,20,62,24,35.69531,287.5,2.2998047,0.89990234,7.19921875,146,7.419922,135,23,1968,0,1
71.42499,1,2,965,3,88,10,98,24,36.39844,189.5,3.2998047,2.89990234,1.5,134,7.369141,135,23,1968,0,1
81.03198,1,1,19,2,42,20.3984375,102,10,36,266.625,3.699707,1.59985352,2.09960938,137,7.459961,135,23,1968,0,2
71.10498,1,2,179,1,80,6.09960938,116,20,36.79688,416.1875,2.5996094,0.19998169,1.09985352,131,7.389648,135,23,1968,0,2
42.116,0,2,1914,2,119,4.5,113,20,36.59375,224,2.2998047,6.39941406,0.59997559,133,7.419922,135,23,1968,0,0
35.45499,1,2,491,3,73,6.29980469,109,35,38.69531,300,2.199707,2.59960938,0.79992676,133,7.429688,135,23,1968,0,1
65.11694,1,1,534,5,108,5.79980469,62,28,36.09375,224,3.2998047,0.59997559,2.79980469,135,7.419922,135,23,1968,5,5
64.50098,1,2,16,2,0,14.5996094,103,6,36.69531,220,2.5,0.89990234,0.59997559,135,7.509766,135,23,1968,0,0
81.37396,1,2,664,2,119,18.1992188,107,24,36,165.6875,3.3999023,0.69995117,0.89990234,138,7.389648,135,23,1968,1,1
49.659,1,1,5,1,79,41.8984375,110,28,36.59375,304.75,2.7998047,0.59997559,0.79992676,119,7.469727,135,23,1968,1,1
54.57397,1,2,5,2,83,2.39990234,128,24,35.29688,91.01562,3.0996094,2.19970703,0.79992676,130,7.479492,135,23,1968,1,0
36.392,1,2,1185,4,96,4.79980469,104,32,37.59375,224,2.5996094,1.79980469,2.69970703,133,7.419922,135,23,1968,0,2
75.48297,1,2,12,1,66,19.296875,114,12,39,160,1.7998047,5.29980469,3.69970703,136,7.40918,135,23,1968,0,0
71.53497,0,2,1908,3,108,12.0996094,68,26,38.09375,242.84375,2.5996094,2,1.5,134,7.399414,135,23,1968,0,7
77.95996,1,2,26,2,117,5.29980469,60,22,35.5,224,3,0.19998169,0.69995117,128,7.419922,135,23,1968,1,1
38.86398,0,1,1907,4,117,6.09960938,122,12,38.89844,167.5,3.2998047,0.5,1.59985352,134,7.439453,135,23,1968,0,0
37.29999,1,1,6,1,63,0.59997559,108,22,36.29688,224,2.2998047,13.0996094,2.5,128,7.419922,135,23,1968,0,4
83.96997,1,1,199,3,60,6.19921875,80,20,36,318.0625,3.7998047,1.19995117,0.79992676,138,7.459961,135,23,1968,0,1
46.48898,0,2,1905,5,67,6,62,20,36.79688,438.0625,2.199707,4.89941406,0.69995117,134,7.269531,135,23,1968,2,1
75.23096,0,1,1904,0,180,18.5976562,116,10,38.09375,262.5,4.0996094,0.69995117,0.89990234,135,7.399414,135,23,1968,0,0
40.76898,1,1,368,2,64,6,114,20,38.19531,224,2.699707,1.89990234,0.59997559,124,7.419922,135,23,1968,2,2
72.55597,1,2,14,2,115,11.8984375,68,32,36.59375,224,2.5996094,0.5,0.89990234,135,7.419922,135,23,1968,0,0
68.02197,1,1,17,4,102,1.59985352,116,12,38.89844,344.3125,1.6999512,0.69995117,1.09985352,162,7.349609,135,23,1968,0,7
45.98798,1,1,74,1,114,5.39941406,136,28,36,304.4375,3.0996094,3.79980469,7.5,134,7.379883,135,23,1968,2,4
81.62097,1,2,60,4,71,6.59960938,65,20,36.5,224,3.199707,0.5,5.59960938,133,7.419922,135,23,1968,1,1
63.00897,1,2,150,1,103,14.8984375,102,20,38.79688,224,3,0.39996338,1.09985352,132,7.419922,135,23,1968,0,0
69.35498,1,1,523,2,71,13.7988281,130,24,36.5,231.28125,3.199707,0.39996338,0.79992676,136,7.369141,135,23,1968,0,1
57.435,1,1,5,4,67,4.39941406,109,24,35,468,1.6999512,11,0.89990234,132,7.449219,135,23,1968,0,0
55.63898,1,2,14,5,77,24.0976562,124,30,37.39844,414.25,3.7998047,0.59997559,1.09985352,134,7.40918,135,23,1968,0,1
36.22198,0,1,1892,4,147,13.1992188,114,13,37.79688,294.625,3.2998047,2.79980469,0.5,141,7.379883,135,23,1968,0,1
57.91599,1,2,769,3,63,10.3984375,68,24,35.89844,143.3125,3.8999023,0.89990234,0.89990234,132,7.399414,135,23,1968,4,0
59.32397,1,2,1289,3,119,17.296875,111,28,36.5,232,2.8999023,0.5,0.79992676,119,7.359375,135,23,1968,2,1
71.07196,1,2,5,1,63,8.3984375,113,20,39.69531,140.59375,2.3999023,2,6.39941406,126,7.30957,135,23,1968,0,1
55.17297,1,2,29,3,60,0.10998535,103,24,36,198.75,2.5996094,2.79980469,1.59985352,135,7.5,135,23,1968,2,1
58.836,1,1,53,0,109,11.7988281,120,24,38.39844,113.23438,2,0.39996338,1,138,7.429688,135,23,1968,1,5
67.74298,1,2,221,6,79,11.8984375,100,12,38.29688,250,3.199707,1.29980469,1.09985352,134,7.429688,135,23,1968,0,4
44.47098,0,2,1886,3,108,13,129,36,38.59375,157.9375,2.2998047,0.29998779,0.79992676,130,7.389648,135,23,1968,0,0
19.44099,1,1,73,2,120,10.1992188,153,60,39.29688,217.65625,3,0.39996338,0.59997559,131,7.469727,135,23,1968,0,7
28.85699,0,2,1886,1,75,10.3984375,115,16,39.19531,93.28125,2.7998047,4.79980469,1.5,141,7.279297,135,23,1968,0,0
46.57098,0,2,1884,2,72,9.09960938,88,22,37.79688,331.875,2.199707,3.89990234,0.69995117,134,7.459961,135,23,1968,0,2
66.49396,1,1,21,3,103,8,77,24,36.5,224,2.8999023,0.19998169,1.89990234,126,7.419922,135,23,1968,0,1
68.69299,1,1,344,3,108,14.2988281,136,36,38.5,177.125,4.2998047,0.79992676,0.69995117,130,7.419922,135,23,1968,0,4
56.85397,1,1,236,2,131,12.6992188,83,31,35.69531,314.8125,2.199707,0.19998169,2.5,133,7.389648,135,23,1968,5,6
65.26495,1,2,5,5,46,18.5,160,38,39,111.625,2.7998047,1.19995117,1.5,131,7.349609,135,23,1968,0,0
38.43698,1,2,69,1,57,28.3984375,109,28,38.69531,124.4375,2,0.79992676,0.89990234,130,7.469727,135,23,1968,0,5
89.36096,1,1,607,2,99,6.69921875,66,20,36,442.8125,3.5996094,0.39996338,1.5,136,7.459961,135,23,1968,1,0
62.93997,1,1,32,4,110,6.19921875,62,34,36.29688,396.25,3.199707,0.5,1.39990234,136,7.449219,135,23,1968,3,5
65.55499,1,2,3,1,31,58.59375,0,36,38.29688,52,2.699707,5.69921875,0.59997559,132,7.119141,135,23,1968,0,1
57.62399,0,1,1879,0,115,19,136,12,38.79688,233.96875,2.8999023,0.5,0.39996338,131,7.339844,135,23,1968,0,4
77.77698,1,2,18,3,96,11.5996094,102,20,35,224,2.699707,0.19998169,0.79992676,127,7.419922,135,23,1968,0,7
57.16898,1,2,1548,0,55,20.1992188,68,24,36.89844,342.8125,2.3999023,0.39996338,3.29980469,133,7.289062,135,23,1968,0,6
70.64795,1,1,504,0,69,11,55,24,36.89844,185,3.699707,0.39996338,0.89990234,134,7.469727,135,23,1968,0,0
68.12897,1,2,24,3,63,9.8984375,77,12,36.39844,143.3125,4,1.5,1.89990234,133,7.379883,135,23,1968,0,1
19.17599,0,2,1876,1,74,22.3984375,111,48,36.59375,320,3.0996094,1.69995117,0.59997559,137,7.419922,135,23,1968,0,1
44.698,1,2,12,1,105,0.30999756,58,28,36.29688,224,3.0996094,1.19995117,1.89990234,130,7.419922,135,23,1968,2,0
68.13098,1,1,79,2,65,16.8984375,106,22,36,141.71875,2.0996094,0.69995117,0.79992676,139,7.189453,135,23,1968,0,0
75.64996,1,1,323,3,121,43.09375,114,36,36.39844,319.1875,2.3999023,0.79992676,0.89990234,140,7.419922,135,23,1968,0,6
50.90198,1,2,59,5,106,6.09960938,66,25,36,347.5625,3.7998047,1.69995117,1.89990234,130,7.439453,135,23,1968,2,2
61.46997,1,2,1423,6,81,4.29980469,65,24,35.19531,224,4.0996094,9.69921875,1.59985352,133,7.419922,135,23,1968,3,1
31.778,0,1,1871,0,85,13.5996094,107,16,35.5,360,2.699707,0.09999084,0.79992676,143,7.279297,135,23,1968,0,0
58.90997,1,2,469,5,107,7.89941406,72,20,36.19531,224,2.5996094,0.39996338,2.09960938,134,7.419922,135,23,1968,1,1
59.94299,1,2,389,6,67,8.5,58,22,35.5,276.1875,3.699707,1,1.59985352,137,7.459961,135,23,1968,2,3
44.36697,1,1,7,1,119,9.19921875,122,44,38.29688,310,3.2998047,0.29998779,0.59997559,136,7.519531,135,23,1968,0,6
56.82397,1,2,4,3,40,18.5976562,104,42,36.69531,128.3125,1.8999023,1.5,4.79980469,128,7.279297,135,23,1968,0,0
69.81799,1,2,782,0,76,8,64,6,36.59375,190,2,0.79992676,1.09985352,127,7.439453,135,23,1968,0,0
40.82098,0,1,1870,1,62,27.1992188,157,12,37.59375,330,1.7998047,0.39996338,0.29998779,155,7.269531,135,23,1968,0,7
61.862,0,1,1867,2,65,18.0976562,78,24,36.59375,224,2.8999023,8.09960938,0.69995117,134,7.419922,135,23,1968,0,1
58.21799,1,2,392,1,93,6.09960938,82,20,36.59375,224,4.3994141,0.5,0.59997559,137,7.419922,135,23,1968,0,1
62.85797,0,1,1867,1,60,5.39941406,135,25,38.29688,92.84375,2,0.5,1.09985352,137,7.359375,135,23,1968,0,0
54.09198,0,2,1865,5,75,6.89941406,124,24,36,476.1875,2.5996094,3.89990234,1.69995117,142,7.5,135,23,1968,0,0
65.72797,1,1,33,3,104,7.29980469,60,32,36.19531,242.84375,2.8999023,0.89990234,1.89990234,142,7.419922,135,23,1968,0,1
76.38898,0,1,1866,1,103,15.8984375,101,20,36.29688,310,1.8999023,1.59985352,2.5,135,7.349609,135,23,1968,0,0
59.13498,1,1,1401,2,62,6.79980469,120,23,36.59375,224,2.5996094,2.09960938,1.29980469,135,7.419922,135,23,1968,0,2
55.474,1,1,257,0,61,11.1992188,133,36,38.5,426,2,2.29980469,2.09960938,136,7.469727,135,23,1968,0,3
54.146,1,1,524,1,91,0,140,28,39,224,2.5,1.39990234,0.79992676,125,7.419922,135,23,1968,0,6
54.883,1,1,261,4,113,8.29882812,104,24,36.29688,252.375,2.5996094,0.39996338,2.5,137,7.359375,135,23,1968,5,1
65.659,1,2,251,2,53,6.39941406,118,28,35.59375,133.25,2.0996094,0.39996338,1.69995117,130,7.489258,135,23,1968,0,1
72.13098,0,1,1859,4,76,6.09960938,114,24,36.59375,202,3.3999023,0.89990234,1,136,7.349609,135,23,1968,0,4
61.75998,1,2,15,3,71,6.19921875,104,22,36.29688,189.1875,2.8999023,0.89990234,1.39990234,137,7.239258,135,23,1968,2,6
59.61099,1,1,81,4,106,9.5,110,22,36,372,3.699707,1.19995117,0.79992676,134,7.379883,135,23,1968,6,4
61.76898,1,1,27,3,71,16.0976562,128,30,38,92.29688,2.3999023,3.89990234,1,143,7.5,135,23,1968,0,1
70.24194,0,1,1857,4,106,9.79882812,98,22,36,369.5,4.5996094,0.69995117,1.09985352,142,7.389648,135,23,1968,0,0
47.51297,0,2,1855,3,121,10.5,101,14,35.59375,480.4375,2.7998047,1.39990234,6.69921875,126,7.489258,135,23,1968,0,4
80.76898,1,1,20,0,48,16.6992188,101,20,36.19531,108.32812,1.6999512,2,0.5,126,7.389648,135,23,1968,0,1
59.995,0,1,1854,2,104,8.69921875,110,30,36.79688,288.875,2.699707,6.29980469,1,133,7.399414,135,23,1968,0,0
60.487,1,1,875,5,127,11.7988281,50,10,36.59375,146.25,2.8999023,0.89990234,3,134,7.40918,135,23,1968,0,1
75.58099,1,1,496,4,82,7.09960938,72,20,35.69531,394.75,3.3999023,4,2,134,7.40918,135,23,1968,3,1
77.44598,1,1,144,2,96,7.09960938,96,20,37,224,3.2998047,0.69995117,1.09985352,136,7.419922,135,23,1968,3,0
66.34399,1,1,14,1,59,15.5996094,106,40,35.29688,170,1.6999512,0.29998779,0.79992676,138,7.25,135,23,1968,0,0
48.76398,1,2,369,5,78,20.5976562,75,24,35.59375,208,4.5996094,0.69995117,1,136,7.229492,135,23,1968,0,1
47.64999,0,2,1847,3,107,15.6992188,110,28,36.29688,147.5,2.8999023,1.5,1,132,7.419922,135,23,1968,0,1
68.93896,1,2,326,2,106,10.5996094,106,38,36.09375,187.5,3,0.69995117,1.09985352,142,7.349609,135,23,1968,0,1
67.55896,1,2,44,2,139,17.5,100,24,35.09375,115,2.5996094,0.89990234,8,134,7.40918,135,23,1968,0,0
55.82999,1,1,124,2,76,5.89941406,94,22,37.59375,224,2,6,0.79992676,129,7.419922,135,23,1968,0,0
81.25098,1,1,285,4,67,14.0996094,68,32,36.69531,230.46875,3.8999023,1.19995117,2.89990234,130,7.369141,135,23,1968,0,1
48.92798,0,2,1839,5,129,3.79980469,80,16,36.29688,382.8125,3.0996094,0.5,3,135,7.349609,135,23,1968,0,3
77.73895,1,2,32,1,102,14.1992188,117,36,39.89844,433.3125,2.3999023,0.29998779,0.59997559,130,7.479492,135,23,1968,0,1
61.19897,1,2,60,5,103,15.1992188,111,12,37.79688,126,2.699707,0.69995117,6.69921875,143,7.449219,135,23,1968,0,2
64.34497,1,1,138,5,65,10.1992188,114,12,36.5,146.15625,2.3999023,0.5,1.59985352,138,7.539062,135,23,1968,0,0
29.62399,1,1,25,3,62,9.29882812,48,24,37,528.5,3,0.19998169,0.79992676,137,7.199219,135,23,1968,0,1
22.20399,0,1,1837,1,144,17.8984375,189,28,37.79688,157.5,3,0.59997559,0.59997559,133,7.65918,135,23,1968,0,6
43.064,0,1,1826,1,68,15.2988281,129,30,37.79688,118.71875,2.199707,0.79992676,1.09985352,134,7.379883,135,23,1968,0,0
56.23297,0,2,1826,3,68,9.8984375,80,16,35.89844,366.625,4,2,10.2988281,131,7.389648,135,23,1968,0,4
72.91998,1,1,17,3,101,19.6992188,108,20,36.29688,266.625,2,1,0.5,137,7.279297,135,23,1968,0,7
64.52594,1,1,1041,1,67,13.0996094,107,14,36.69531,356.625,1.7998047,3,2.89990234,139,7.329102,135,23,1968,0,1
66.11896,1,1,236,2,95,10.5,66,24,37.79688,257.125,3.199707,0.39996338,0.69995117,139,7.469727,135,23,1968,0,0
73.71698,1,1,26,1,76,7.09960938,114,24,36.39844,227.125,3,0.39996338,0.5,132,7.469727,135,23,1968,6,5
64.849,1,1,54,3,54,12.3984375,111,30,35,300,2.699707,1.59985352,2.79980469,142,7.40918,135,23,1968,5,5
68.85095,0,2,1821,2,85,11.1992188,56,20,36.09375,275,2.2998047,6.39941406,1.19995117,138,7.519531,135,23,1968,0,0
65.487,1,1,28,3,103,3.59960938,108,20,36.5,267.5625,4.0996094,0.69995117,0.89990234,139,7.389648,135,23,1968,0,1
73.32495,1,1,1070,5,119,7.59960938,78,24,36,386.1875,3.3999023,0.29998779,3.69970703,139,7.369141,135,23,1968,0,1
51.26099,1,2,1409,3,75,8.79882812,96,24,36,314.75,4.1992188,1.19995117,1,137,7.399414,135,23,1968,4,5
50.69098,1,1,79,4,60,0.89990234,112,30,39.19531,352.375,3.699707,0.59997559,0.89990234,138,7.389648,135,23,1968,4,0
66.67999,1,1,20,1,125,23,120,28,35.5,230.65625,2.7998047,11.2988281,2.09960938,128,7.40918,135,23,1968,0,0
67.27399,1,1,18,3,54,12.3984375,130,24,38.29688,98.79688,1.6999512,2.59960938,1.5,132,7.449219,135,23,1968,0,1
56.80197,1,2,1657,3,73,13.3984375,72,16,38.19531,224,3.0996094,8.59960938,0.59997559,130,7.419922,135,23,1968,5,4
62.672,0,1,1819,2,75,13.1992188,62,28,36.59375,342.8125,2.8999023,4.29980469,0.69995117,131,7.469727,135,23,1968,0,1
63.81897,1,2,4,4,141,17.5,144,50,38.69531,70.1875,2.5,0.89990234,4.69921875,131,7.239258,135,23,1968,0,1
54.13599,1,2,1363,2,119,17,131,30,38.59375,217.9375,2.5,0.39996338,0.59997559,139,7.389648,135,23,1968,0,6
70.52997,0,1,1816,4,131,16,114,30,36,114.28125,2.5,0.59997559,1.09985352,133,7.449219,135,23,1968,1,1
65.94397,1,1,43,2,119,5.29980469,104,20,36.39844,224,2.199707,6.89941406,0.89990234,138,7.419922,135,23,1968,0,0
61.69998,1,1,9,2,145,20.5976562,153,32,40.29688,242.71875,2.2998047,0.39996338,0.59997559,147,7.399414,135,23,1968,0,1
75.83295,1,1,11,2,70,11.7988281,72,32,32.39844,293.3125,2.199707,2.89990234,1.29980469,139,7.179688,135,23,1968,0,7
81.44598,0,1,1811,0,63,9.5,69,24,36,318.3125,4,0.69995117,1.29980469,135,7.439453,135,23,1968,0,0
77.008,1,2,11,5,126,6.59960938,67,24,36,328.5625,2.699707,0.79992676,0.89990234,132,7.449219,135,23,1968,0,7
46.20099,1,1,1527,4,114,5,118,28,36,300,2.5996094,3,0.5,135,7.419922,135,23,1968,0,1
66.16595,1,1,890,1,106,12.2988281,106,20,36.19531,224,2.199707,0.5,0.69995117,135,7.419922,135,23,1968,0,1
74.02295,1,1,5,3,61,16.0976562,54,22,34.89844,224,2.8999023,0.89990234,0.79992676,131,7.419922,135,23,1968,0,1
77.62897,1,1,403,3,63,3.89990234,86,28,36.19531,296,3.8999023,0.29998779,0.69995117,136,7.389648,135,23,1968,0,1
63.159,1,2,114,3,65,7,94,21,36.09375,224,3.199707,0.5,0.79992676,130,7.419922,135,23,1968,4,6
61.95999,0,1,1810,2,72,3.39990234,118,32,36.79688,520.875,2.5996094,0.29998779,0.09999084,135,7.389648,135,23,1968,6,6
74.38696,1,1,11,3,110,0,108,30,36,224,2,1.09985352,1.79980469,127,7.419922,135,23,1968,7,6
53.46997,1,2,31,1,142,11,68,10,38.19531,300,3.0996094,0.79992676,0.89990234,138,7.5,135,23,1968,0,1
64.31995,1,1,10,2,47,28,79,8,35.39844,166,2.3999023,0.79992676,1.29980469,134,7.319336,135,23,1968,0,6
25.56899,0,1,1808,2,106,11.0996094,113,26,37.5,224,2.8999023,2.19970703,1.29980469,136,7.419922,135,23,1968,3,2
90.79297,0,1,1806,4,114,5.59960938,104,24,36.39844,285.6875,2.8999023,0.39996338,1.39990234,136,7.289062,135,23,1968,3,1
49.34198,0,1,1807,1,115,19,75,32,35.79688,208,2.699707,19.5976562,7.39941406,138,7.269531,135,23,1968,0,1
28.674,1,2,122,1,71,15.3984375,113,28,39.09375,223.96875,2.5996094,2.89990234,0.79992676,136,7.399414,135,23,1968,0,1
40.67398,0,2,1805,0,81,18.5,104,32,38.19531,118.32812,2.7998047,1,8.8984375,137,7.289062,135,23,1968,0,0
61.20499,0,2,1805,2,75,17.0976562,120,24,36.39844,149.96875,2.7998047,17.296875,0.69995117,136,7.439453,135,23,1968,1,0
78.25897,1,1,9,1,67,27.5,172,40,37.89844,145,2.8999023,0.69995117,1.09985352,135,7.199219,135,23,1968,0,0
57.10098,1,1,9,1,68,12.6992188,68,22,36.19531,169.5625,3.0996094,0.79992676,0.39996338,127,7.459961,135,23,1968,0,6
70.67798,1,2,82,5,128,11.0996094,136,36,38.29688,323.3125,2.7998047,0.59997559,0.59997559,130,7.40918,135,23,1968,0,7
76.13397,0,2,1803,2,106,23.3984375,109,8,37.89844,61.09375,4.2998047,1,1.29980469,136,7.219727,135,23,1968,0,1
42.034,1,2,451,4,82,30,122,26,37.79688,476,2.699707,7.59960938,0.5,143,7.329102,135,23,1968,0,7
61.69998,1,2,12,3,93,15.2988281,112,24,37.5,233.3125,3.5996094,0.59997559,0.5,127,7.40918,135,23,1968,6,5
34.21997,0,1,1801,1,107,14,154,20,38.5,321.625,2.8999023,0.89990234,5,143,7.289062,135,23,1968,0,0
48.71198,1,2,942,2,63,16.8984375,141,48,39.69531,308.5625,2.3999023,0.39996338,2.09960938,135,7.25,135,23,1968,0,1
37.66699,0,2,1798,1,103,10.0996094,106,26,37.39844,240,2.5,0.5,0.5,140,7.399414,135,23,1968,0,0
80.40198,1,1,1598,3,101,9.69921875,69,30,36,367.125,4,0.59997559,1.39990234,132,7.339844,135,23,1968,1,2
54.58197,1,2,788,5,69,14.0996094,115,24,35,289,2.5,1.29980469,1.39990234,134,7.40918,135,23,1968,1,1
60.28198,1,2,4,1,114,17.3984375,57,8,38,102.84375,2.8999023,0.89990234,1.5,137,7.55957,135,23,1968,0,0
78.23096,0,1,1796,4,117,11.5,74,30,39.09375,274.25,2.699707,0.97998047,0.69995117,134,7.40918,135,23,1968,2,1
63.461,1,1,39,4,61,25.796875,107,36,36.19531,355.5,2.199707,1.59985352,11.2988281,125,7.379883,135,23,1968,0,7
46.03699,1,2,27,2,111,4.39941406,108,14,37.59375,191,1.8999023,0.69995117,2.09960938,134,7.449219,135,23,1968,0,1
70.44995,1,1,11,3,126,22,130,24,37.59375,480.9375,2.199707,2.59960938,3.69970703,141,7.399414,135,23,1968,0,7
60.93399,0,1,1792,3,74,10.1992188,100,16,36.09375,409.5,3.699707,0.79992676,1.29980469,137,7.429688,135,23,1968,0,1
38.32397,1,1,683,3,120,10.5996094,114,40,38.09375,111.65625,2.699707,4.09960938,0.89990234,137,7.459961,135,23,1968,0,0
51.72098,1,2,274,2,55,0.11999512,164,58,38.5,205,2.7998047,0.59997559,5.09960938,133,7.299805,135,23,1968,0,0
46.60098,1,2,745,2,83,8.69921875,120,24,39.79688,314.25,2.3999023,23.1992188,1,129,7.489258,135,23,1968,0,2
71.39795,1,1,3,1,141,30.5,167,0,35.79688,375.5,2.8999023,1,0.79992676,140,7.339844,135,23,1968,0,0
50.98999,1,2,695,2,120,5.89941406,81,24,36.79688,380.9375,2.3999023,2.5,0.59997559,141,7.489258,135,23,1968,0,1
64.97998,1,1,82,3,151,8.69921875,122,48,35.79688,224,2.7998047,3.59960938,2.59960938,142,7.379883,135,23,1968,0,6
60.44098,1,2,435,4,61,17.8984375,66,10,38.09375,150,1.5998535,0.5,1.79980469,142,7.30957,135,23,1968,0,1
29.37199,0,1,1788,1,76,8.5,64,44,36.19531,206.65625,2.3999023,3.29980469,0.5,124,7.439453,135,23,1968,5,1
56.77499,1,1,478,1,63,10.8984375,120,12,35.5,576,3.3999023,1.69995117,2.5,139,7.40918,135,23,1968,0,5
38.51297,1,2,1265,3,83,11.1992188,78,28,35.39844,224,3.0996094,0.79992676,1.09985352,134,7.419922,135,23,1968,0,0
60.504,0,1,1786,3,63,5,76,22,37,317.5625,4,0.5,0.79992676,141,7.389648,135,23,1968,2,0
66.89697,0,1,1783,2,107,9.3984375,55,22,35.59375,390.75,3.2998047,2,0.5,123,7.429688,135,23,1968,1,0
77.20496,1,2,139,4,101,5,60,22,36,224,2.8999023,0.89990234,2.09960938,131,7.419922,135,23,1968,0,6
65.19397,1,2,52,2,140,7.79980469,160,50,38.39844,66.65625,2.5996094,2.09960938,1.39990234,138,7.359375,135,23,1968,0,0
58.71597,1,2,409,7,117,11.3984375,76,24,35.79688,345.6875,4.2998047,0.5,1.19995117,137,7.359375,135,23,1968,0,0
39.53998,1,2,137,3,68,0.79992676,110,28,38.59375,224,3.199707,0.69995117,1.09985352,136,7.419922,135,23,1968,1,1
77.09198,1,2,228,1,76,1.5,72,20,36.5,224,3.5996094,1.29980469,1.39990234,137,7.419922,135,23,1968,0,1
63.35397,1,1,570,2,95,18.5976562,100,28,36.69531,224,4.3994141,0.59997559,0.79992676,141,7.419922,135,23,1968,1,1
69.07898,1,1,30,4,64,7.29980469,116,24,35.19531,220,4.6992188,0.79992676,6.09960938,135,7.319336,135,23,1968,0,1
64.79095,0,1,1778,0,114,10,100,28,38.09375,188,2.8999023,0.5,1.29980469,139,7.389648,135,23,1968,0,4
40.54999,0,2,1777,1,107,13,57,12,36.79688,416.625,4.1992188,0.79992676,0.69995117,137,7.419922,135,23,1968,0,0
68.03296,1,1,62,4,67,24.5976562,130,36,36.5,161.40625,2.8999023,0.89990234,0.59997559,136,7.489258,135,23,1968,7,1
65.23999,1,1,15,1,71,30.296875,116,28,36.89844,218.3125,1.8999023,3.89990234,0.89990234,135,7.389648,135,23,1968,0,7
80.383,1,2,14,2,64,2.39990234,114,32,38.59375,114,2.2998047,4.79980469,2.79980469,138,7.329102,135,23,1968,0,0
79.79199,1,1,658,1,101,11.7988281,116,24,36.79688,321.1875,2.7998047,0.5,0.59997559,131,7.319336,135,23,1968,0,6
40.93399,0,1,1776,2,74,4,113,14,36.69531,595.125,3.3999023,1.5,0.79992676,135,7.509766,135,23,1968,6,5
32.50699,1,2,136,3,93,4.89941406,80,14,36,224,3.699707,2.39990234,0.69995117,140,7.419922,135,23,1968,0,0
58.40097,1,1,346,4,99,3.29980469,80,20,36.19531,224,2.699707,0.69995117,3.69970703,135,7.419922,135,23,1968,1,1
47.76498,0,1,1774,3,77,14.6992188,126,32,35.59375,168.5625,2.8999023,0.89990234,0.79992676,138,7.279297,135,23,1968,0,1
61.72498,1,2,1177,4,99,6,68,24,35.59375,309.5,3.2998047,1.29980469,1.09985352,141,7.389648,135,23,1968,0,1
36.99899,1,2,8,1,69,14.0996094,111,23,38.39844,127.26562,3.699707,63,5.59960938,139,7.439453,135,23,1968,0,1
58.28897,1,1,25,1,67,5.19921875,106,16,38.19531,224,3.8999023,1,0.39996338,130,7.419922,135,23,1968,1,0
86.72998,0,1,1772,1,71,5,141,28,38.69531,220,2.8999023,0.39996338,0.39996338,125,7.429688,135,23,1968,4,6
62.09399,0,1,1771,3,122,13.3984375,124,28,37.39844,203.3125,4.5996094,1.29980469,0.39996338,131,7.399414,135,23,1968,0,1
49.10098,0,2,1769,0,67,21.1992188,126,9,39.59375,177.5,2.0996094,3.5,1.39990234,145,7.509766,135,23,1968,0,0
68.14795,1,2,14,3,113,17.6992188,76,24,38.29688,182,2.7998047,1.09985352,2.59960938,145,7.439453,135,23,1968,0,0
64.87897,1,2,6,1,65,14.2988281,180,40,39.19531,146.25,2.2998047,4.39941406,3.39990234,130,7.40918,135,23,1968,0,1
53.55197,0,2,1765,2,70,10.0996094,111,28,38.69531,122.84375,2.7998047,2.89990234,0.59997559,147,7.449219,135,23,1968,0,0
66.74298,0,1,1764,1,71,10.8984375,74,24,36,144.875,2.3999023,2.69970703,1.59985352,139,7.389648,135,23,1968,6,5
19.351,0,2,1763,1,71,15.8984375,152,30,39.59375,210,3,0.5,0.29998779,128,7.449219,135,23,1968,0,0
64.85095,1,2,58,2,67,18.296875,48,28,38.19531,132.375,2.3999023,2.39990234,2.59960938,143,7.509766,135,23,1968,0,0
69.91394,1,2,42,6,76,8,104,22,36.19531,224,2.8999023,0.89990234,0.79992676,141,7.419922,135,23,1968,0,2
34.905,1,1,217,1,95,12.5,116,24,37,224,2.5,3.59960938,0.5,134,7.419922,135,23,1968,0,1
56.46799,1,2,18,3,69,9.79882812,138,32,38.19531,186.375,1.5998535,14.5996094,2.59960938,133,7.419922,135,23,1968,0,1
78.90997,1,1,7,0,122,17.6992188,116,20,39.09375,318,2.699707,0.39996338,1.29980469,151,7.399414,135,23,1968,0,1
48.715,0,1,1759,1,61,14,68,26,35.29688,175,2.3999023,0.59997559,1.09985352,151,7.229492,135,23,1968,0,7
53.16098,1,1,56,4,63,19.296875,136,8,36.79688,234,1.5998535,7.69921875,2.79980469,136,7.379883,135,23,1968,0,1
41.418,1,1,7,1,59,16.796875,78,12,35.19531,271.375,1.5,0.59997559,2.69970703,133,7.279297,135,23,1968,0,3
42.67499,1,1,4,2,38,6.19921875,153,10,36.59375,387.125,3.3999023,0.79992676,9,144,7.189453,135,23,1968,0,0
82.88599,1,2,27,3,66,8.8984375,71,12,38,246,2.699707,1.29980469,2.29980469,157,7.439453,135,23,1968,0,1
63.49298,0,2,1752,1,73,20.796875,114,12,38.19531,208.5625,2.199707,1.39990234,1.79980469,140,7.459961,135,23,1968,0,0
64.41895,1,1,64,5,133,8.69921875,113,48,36.59375,122.5,2.699707,0.59997559,0.89990234,132,7.209961,135,23,1968,0,7
38.98398,1,2,425,2,109,25.6992188,108,16,37.89844,434.25,1.7998047,0.59997559,0.79992676,139,7.449219,135,23,1968,1,0
62.41199,1,1,9,3,61,20.6992188,110,34,39.19531,388,2.8999023,1.39990234,1.29980469,136,7.489258,135,23,1968,0,0
56.22699,1,1,37,1,81,12.5996094,106,24,36.5,304.75,2.7998047,0.69995117,1,136,7.469727,135,23,1968,1,0
60.82098,1,2,4,0,127,16.796875,144,10,40.39844,288,3.2998047,0.39996338,1.19995117,130,7.489258,135,23,1968,0,0
59.96997,1,2,55,1,77,10.7988281,84,22,36.79688,407.125,2.5,1.69995117,0.69995117,132,7.439453,135,23,1968,1,0
59.63898,1,2,18,3,101,12.7988281,56,16,36.19531,890.375,2.7998047,0.29998779,1.29980469,158,7.419922,135,23,1968,0,7
27.44099,0,2,1747,0,75,7.09960938,126,16,38.69531,157.5,1.6999512,1.79980469,0.69995117,135,7.379883,135,23,1968,0,0
76.73895,1,2,8,0,72,22.1992188,108,44,38.19531,112.32812,1.7998047,2.59960938,5.39941406,146,7.449219,135,23,1968,0,1
66.26099,0,1,1747,2,112,16.1992188,69,16,35,495.1875,2.5996094,0.29998779,1.39990234,151,7.349609,135,23,1968,0,2
47.14899,1,2,209,5,69,8.5,75,20,36,437.5625,3.199707,0.79992676,1.09985352,134,7.489258,135,23,1968,0,1
51.04199,1,2,944,1,94,0,104,24,36.69531,224,2.5,3.19970703,1.09985352,127,7.419922,135,23,1968,0,0
43.49298,1,1,40,6,60,8.8984375,70,24,36.19531,224,2.8999023,0.89990234,1.19995117,134,7.419922,135,23,1968,6,5
54.63898,0,2,1745,3,121,16.6992188,130,24,36.29688,350,2.8999023,0.69995117,0.69995117,133,7.429688,135,23,1968,0,6
56.48999,1,2,1383,1,60,2.69970703,70,22,36.5,224,3.699707,1.09985352,0.89990234,133,7.419922,135,23,1968,0,1
77.63397,1,2,78,0,65,3.5,73,34,38.59375,183.21875,1.6999512,2.89990234,1.69995117,145,7.429688,135,23,1968,0,1
76.03796,1,2,236,2,99,3.29980469,64,16,36.19531,224,3.5996094,0.39996338,1.19995117,136,7.419922,135,23,1968,0,6
68.48199,1,2,910,6,138,11.5,57,12,36.79688,224.46875,3.2998047,1.09985352,3,140,7.389648,135,23,1968,0,1
20.58899,0,1,1739,4,83,12.2988281,155,36,39,336,4.0996094,0.59997559,11.1992188,135,7.349609,135,23,1968,1,0
72.13696,1,2,253,2,62,0.25,108,23,38.09375,361.875,1.7998047,10.8984375,2.29980469,140,7.329102,135,23,1968,2,1
66.77899,1,2,35,4,114,4,120,34,37.79688,213.3125,2.199707,1.29980469,0.79992676,139,7.449219,135,23,1968,0,1
61.37997,1,1,748,2,154,8.59960938,141,30,37.69531,150,3.0996094,0.59997559,0.59997559,141,7.319336,135,23,1968,1,0
56.392,0,1,1736,4,97,6.59960938,114,24,35.39844,261.875,2.8999023,0.5,1.19995117,136,7.449219,135,23,1968,0,1
81.44598,1,1,15,1,73,29.8984375,136,54,38.59375,186.25,2.2998047,2.79980469,0.69995117,127,7.40918,135,23,1968,0,6
70.10498,1,1,418,3,65,0,74,22,35.79688,341.375,2.5996094,3,1.09985352,138,7.40918,135,23,1968,0,1
58.29398,0,1,1733,1,103,9.69921875,108,24,36.19531,376.1875,2.5,0.59997559,0.59997559,139,7.319336,135,23,1968,0,1
51.29398,1,1,64,1,69,11.8984375,108,20,36.19531,224,1.7998047,6.79980469,0.69995117,123,7.419922,135,23,1968,3,0
66.48895,1,2,351,1,82,23.296875,111,24,36.19531,289.9375,3.8999023,0.5,1.09985352,132,7.25,135,23,1968,0,1
52.28497,1,2,9,1,57,19.0976562,103,43,35.69531,108.32812,1.7998047,4.5,1.09985352,131,7.319336,135,23,1968,0,6
93.008,0,1,1731,2,98,4.79980469,110,28,36.29688,329.5,4.3994141,1.09985352,1.89990234,138,7.379883,135,23,1968,0,1
69.24597,1,2,11,3,119,2.19970703,73,10,36.5,214,1.8999023,0.79992676,4.59960938,136,7.369141,135,23,1968,0,0
54.92999,1,1,430,3,103,12.8984375,104,40,39.29688,127.26562,2.0996094,0.19998169,6,135,7.349609,135,23,1968,0,5
73.55499,1,2,421,4,68,22.3984375,77,29,37.79688,210.46875,2.2998047,0.29998779,1.79980469,145,7.419922,135,23,1968,0,1
73.72198,1,1,168,4,71,10.5996094,66,26,36.5,224,2.8999023,0.89990234,1.59985352,139,7.419922,135,23,1968,0,4
84.08496,1,2,728,2,82,8.19921875,76,32,36.5,323.75,3.3999023,0.59997559,1.19995117,139,7.429688,135,23,1968,0,1
89.52496,0,1,1725,1,62,8.59960938,66,26,36,327.625,2.699707,1.19995117,2.19970703,140,7.359375,135,23,1968,0,1
34.53299,1,2,708,4,71,11.5,51,24,36.19531,102.84375,3.0996094,2.69970703,0.5,136,7.489258,135,23,1968,0,0
45.103,1,2,3,4,33,15.0996094,0,30,37.79688,88.09375,2.199707,6.5,3.69970703,154,7.069336,135,23,1968,0,1
26.75699,0,1,1722,0,80,19.8984375,139,24,38,255.96875,1.7998047,1.39990234,0.79992676,138,7.399414,135,23,1968,0,0
83.31299,1,2,560,5,115,5.89941406,66,28,35,368.5625,3.8999023,0.69995117,1.09985352,139,7.429688,135,23,1968,0,1
64.45398,1,1,972,4,96,6,65,22,36.19531,390.4375,2.8999023,0.59997559,1.69995117,137,7.459961,135,23,1968,1,1
58.87997,1,1,41,3,60,26.8984375,125,24,38.19531,445.9375,2.3999023,1.59985352,7.29980469,130,7.459961,135,23,1968,0,2
65.172,0,1,1719,2,70,12.1992188,74,32,36.39844,385.6875,2.5996094,0.79992676,1.39990234,145,7.379883,135,23,1968,0,7
64.69299,1,1,1099,1,79,16.8984375,54,36,36.19531,296,2.8999023,0.89990234,5.5,129,7.419922,135,23,1968,0,0
35.461,1,2,61,2,80,23.0976562,128,40,40.09375,319,2.2998047,1.09985352,1.09985352,131,7.469727,135,23,1968,0,0
80.88696,1,2,9,1,131,19.5,126,10,38.09375,58,2.8999023,6,1.09985352,147,7.339844,135,23,1968,0,0
67.47699,1,2,17,4,54,9.8984375,103,24,36.39844,129,2.7998047,4.59960938,1.59985352,133,7.439453,135,23,1968,0,7
26.752,1,1,22,1,62,6.09960938,131,22,38.79688,376.1875,2,0.29998779,0.39996338,134,7.389648,135,23,1968,4,1
64.34796,1,1,27,1,63,13,122,28,38.09375,176,2.699707,0.29998779,0.79992676,138,7.429688,135,23,1968,0,0
61.62598,1,2,334,1,70,0.2199707,80,22,37.79688,224,2.199707,1.09985352,1.19995117,136,7.419922,135,23,1968,1,0
57.771,0,2,1717,4,114,9.3984375,124,27,37.69531,206.4375,3.0996094,1.39990234,1.09985352,137,7.40918,135,23,1968,6,6
68.06598,1,2,5,2,59,39,103,38,39.19531,166,2,10,6,141,7.419922,135,23,1968,0,6
48.35898,1,1,14,4,43,11.1992188,164,36,39.79688,89,2.3999023,1.89990234,0.69995117,137,7.389648,135,23,1968,0,0
61.284,1,2,129,3,81,14.0996094,70,25,36.39844,224,3.5996094,0.89990234,1,131,7.419922,135,23,1968,0,1
54.86899,1,2,1050,1,48,27,118,10,36.39844,260,2.7998047,4.29980469,1.19995117,140,7.359375,135,23,1968,0,6
55.86298,1,2,136,1,103,8.59960938,60,20,36.5,224,3.699707,0.29998779,0.69995117,139,7.419922,135,23,1968,0,1
29.05699,1,1,61,2,57,22.5976562,164,72,38.39844,288.3125,3.699707,0.59997559,0.39996338,125,7.459961,135,23,1968,0,7
55.27399,1,2,3,2,58,12.7988281,30,22,41.69531,127.14062,2.8999023,2.89990234,3.39990234,134,7.389648,135,23,1968,0,0
33.57999,1,1,4,1,58,20.0976562,157,43,36.39844,46,2.5996094,1.09985352,0.59997559,144,7.25,135,23,1968,0,1
45.89697,1,2,54,3,73,10.8984375,104,22,36.79688,224,2.7998047,29.296875,1,130,7.419922,135,23,1968,0,1
38.83398,1,1,55,3,63,8.8984375,60,15,35.59375,421.375,2.0996094,17.296875,0.39996338,128,7.389648,135,23,1968,7,2
55.37,0,2,1710,2,54,13.5996094,74,28,38.19531,297.5625,2.3999023,17.296875,0.69995117,133,7.5,135,23,1968,0,1
55.34299,1,2,131,2,120,5.59960938,134,20,38.19531,224,2.7998047,0.79992676,1,132,7.419922,135,23,1968,2,1
58.81998,1,2,68,2,95,12.3984375,86,21,35.19531,224,3.5996094,0.5,0.69995117,141,7.419922,135,23,1968,0,1
51.50198,1,1,446,0,109,22.0976562,66,30,36.09375,319.625,1.5998535,4.5,3.5,133,7.359375,135,23,1968,0,0
55.51797,1,2,156,4,121,26.6992188,150,56,36.09375,259.25,2.8999023,0.89990234,0.89990234,136,7.419922,135,23,1968,0,1
70.41998,1,2,280,1,131,11.3984375,84,28,37.19531,277.8125,3.699707,0.29998779,0.69995117,136,7.289062,135,23,1968,0,6
65.08997,1,1,71,1,115,7.19921875,113,14,36.09375,286.625,2.699707,1,1.19995117,133,7.509766,135,23,1968,0,2
25.69699,1,2,891,3,100,15,78,24,36.39844,404,3.199707,3.39990234,7.89941406,129,7.349609,135,23,1968,0,0
70.14099,1,2,76,2,94,14.5,86,20,36.59375,224,3.2998047,0.5,0.89990234,139,7.419922,135,23,1968,0,0
56.34198,1,2,226,2,105,0.29998779,122,22,36,224,3.0996094,1.59985352,0.89990234,124,7.419922,135,23,1968,0,1
74.33496,0,2,1703,2,117,15,70,24,36,261.1875,4,0.59997559,0.79992676,141,7.389648,135,23,1968,2,4
69.37994,1,1,1171,3,71,9.5,107,20,36.79688,224,1.8999023,3.5,0.69995117,129,7.419922,135,23,1968,0,0
65.36298,1,1,365,3,71,8.5,82,20,36.5,266.625,2.8999023,0.89990234,1,135,7.509766,135,23,1968,4,0
50.97299,1,2,1258,4,76,7.39941406,68,20,36.79688,228.09375,2.7998047,0.09999084,1,134,7.429688,135,23,1968,0,0
59.18698,1,2,6,2,76,7.69921875,112,24,36,371.375,3.3999023,0.69995117,1,140,7.369141,135,23,1968,0,0
79.88794,1,2,70,4,73,5.59960938,121,29,36.79688,200,2.5996094,1.09985352,1.79980469,134,7.369141,135,23,1968,0,7
40.62698,0,2,1697,0,105,15.2988281,100,12,36.5,165.6875,2.3999023,3.89990234,1.09985352,132,7.419922,135,23,1968,0,0
79.05298,0,1,1697,0,72,16.1992188,73,24,35.79688,212.5,1.5998535,1.29980469,0.79992676,136,7.299805,135,23,1968,1,0
56,0,1,1697,0,71,22.6992188,73,28,38.09375,278.8125,2.8999023,0.89990234,0.89990234,139,7.459961,135,23,1968,0,0
51.23099,1,1,4,2,35,22.0976562,55,4,36,75.32812,3,0.39996338,0.5,138,7.189453,135,23,1968,0,1
41.435,1,1,41,3,109,44.8984375,116,28,36.39844,309.9375,2.2998047,0.5,1.69995117,130,7.519531,135,23,1968,0,3
80.18298,1,2,13,2,47,32,120,40,38.89844,163.3125,1.7998047,0.5,0.69995117,138,7.40918,135,23,1968,0,1
69.57697,1,1,320,5,73,11.3984375,82,21,36.5,404.75,2.5,2.89990234,2.39990234,130,7.40918,135,23,1968,0,0
74.95398,1,2,24,2,97,9.09960938,68,20,36,224,3.5996094,0.69995117,2.09960938,137,7.419922,135,23,1968,5,5
51.81897,0,1,1690,5,77,8.09960938,71,24,36.79688,258.9375,3.3999023,0.29998779,3.79980469,136,7.399414,135,23,1968,1,1
41.24298,0,1,1690,4,128,19.5,131,20,38.59375,404,4.0996094,0.89990234,1,137,7.339844,135,23,1968,0,1
68.04095,1,1,3,2,33,14.1992188,34,32,36.29688,98.32812,2.3999023,2,2.19970703,135,6.969727,135,23,1968,0,1
60.95297,0,2,1689,1,110,10.3984375,133,12,38.69531,120,2.7998047,0.5,1.29980469,138,7.449219,135,23,1968,0,4
42.75198,1,2,1090,1,137,12.6992188,68,24,36,296.25,1.5998535,0.39996338,6.19921875,139,7.339844,135,23,1968,0,7
56.01898,0,1,1689,0,104,23.3984375,108,30,37.79688,240,2.7998047,0.59997559,0.79992676,139,7.389648,135,23,1968,1,0
64.53699,1,2,68,1,67,11,111,22,35,235.53125,3,2.69970703,0.89990234,121,7.469727,135,23,1968,0,0
64.73895,1,2,17,2,67,32.8984375,94,28,35.79688,224,3.2998047,0.29998779,0.69995117,132,7.419922,135,23,1968,0,0
59.02499,1,2,1312,2,82,6.69921875,83,22,36.39844,204.15625,2.8999023,0.69995117,0.59997559,136,7.419922,135,23,1968,1,1
81.87,1,2,4,4,103,15.8984375,116,32,36.19531,175.90625,3.2998047,1,1.19995117,146,7.389648,135,23,1968,0,1
20.99399,0,2,1682,1,109,6.19921875,113,48,38.89844,251.96875,2.5996094,0.19998169,0.69995117,145,7.319336,135,23,1968,6,6
58.409,1,2,33,3,54,19.5,120,8,36.19531,173.3125,2.8999023,0.89990234,3,134,7.389648,135,23,1968,0,1
39.48798,1,1,112,2,67,8.09960938,122,31,36.5,118.32812,2,0.39996338,1.59985352,150,7.449219,135,23,1968,0,5
62.66898,0,1,1677,2,79,7.19921875,101,18,36,309.5,4.3994141,0.79992676,0.79992676,135,7.469727,135,23,1968,0,0
73.36597,1,2,19,4,66,11.0996094,109,24,36.09375,210,2.5,1.5,5.69921875,136,7.419922,135,23,1968,0,0
78.71295,1,1,1029,1,92,6.69921875,64,24,36.29688,250,3.699707,0.29998779,0.69995117,140,7.339844,135,23,1968,0,1
63.54797,1,2,647,2,72,7.39941406,76,24,38.19531,252,3.5996094,1.59985352,1.09985352,133,7.449219,135,23,1968,0,0
67.59998,1,1,14,0,124,21.1992188,118,24,38.5,290,4.6992188,0.5,0.59997559,127,7.579102,135,23,1968,0,0
73.98499,1,2,31,1,101,6.5,98,24,36.89844,224,2.7998047,0.69995117,0.69995117,136,7.419922,135,23,1968,0,0
42.25299,1,2,122,1,112,3.69970703,104,20,37.59375,224,2.5,0.79992676,0.69995117,138,7.419922,135,23,1968,0,6
68.04395,0,2,1670,1,64,4.69921875,144,24,35.59375,224,2.2998047,0.29998779,0.39996338,131,7.419922,135,23,1968,0,0
60.56699,0,1,1670,6,87,6.59960938,87,20,36.69531,224,2.3999023,1.29980469,1.19995117,137,7.419922,135,23,1968,0,1
49.13098,1,1,945,1,102,1.29980469,126,22,38.5,224,2.8999023,0.89990234,0.5,131,7.419922,135,23,1968,0,0
50.32397,1,1,27,2,69,10.2988281,131,10,38.39844,197.125,3.0996094,0.39996338,1.09985352,132,7.349609,135,23,1968,0,1
45.69699,1,1,355,3,69,5.5,78,18,36.59375,400,3.699707,0.19998169,1.89990234,142,7.419922,135,23,1968,0,1
62.689,1,1,16,1,112,17.1992188,117,27,38.69531,89.85938,2.0996094,5.59960938,0.59997559,128,7.449219,135,23,1968,0,4
72.98297,1,1,880,5,103,5.79980469,65,20,36.19531,366.1875,3.8999023,0.39996338,6.59960938,135,7.389648,135,23,1968,1,1
87.55597,1,1,509,3,110,6.79980469,96,24,36.09375,224,3.699707,0.89990234,1.09985352,142,7.419922,135,23,1968,5,6
48.30399,1,1,116,1,96,16.296875,122,24,39.19531,442.8125,2.699707,9.8984375,0.39996338,132,7.449219,135,23,1968,1,1
68.39197,1,2,5,3,108,9.79882812,71,12,36.29688,380.375,1.7998047,2.39990234,1.89990234,131,7.449219,135,23,1968,0,5
49.93597,1,2,97,1,73,3.5,104,22,36.19531,224,3.0996094,0.29998779,0.5,136,7.419922,135,23,1968,5,5
71.461,1,2,6,1,67,17.0976562,117,12,36.19531,132.28125,2.8999023,0.89990234,3.39990234,138,7.5,135,23,1968,0,1
63.46298,1,2,20,2,68,10.7988281,120,32,36.29688,276.1875,2.8999023,0.69995117,0.79992676,132,7.5,135,23,1968,0,0
76.91998,0,1,1657,1,106,16.3984375,75,60,36,127.98438,2.8999023,1.59985352,0.79992676,131,7.439453,135,23,1968,0,1
71.84094,0,2,1655,1,109,22.1992188,106,32,36.09375,196.28125,3.3999023,0.59997559,1.09985352,137,7.479492,135,23,1968,0,1
73.14197,1,2,104,3,69,10.5996094,98,23,38.39844,224,2.8999023,0.89990234,1.19995117,140,7.419922,135,23,1968,0,1
50.431,0,1,1654,3,74,17.296875,113,24,36.29688,144.875,3.7998047,0.89990234,1.89990234,142,7.419922,135,23,1968,0,0
45.01797,0,2,1654,2,111,8.5,106,22,36.09375,423.75,2,2.09960938,1.19995117,130,7.509766,135,23,1968,0,0
81.86694,1,1,623,4,83,13.1992188,94,16,35.5,257.125,3.5996094,0.5,1.29980469,136,7.369141,135,23,1968,1,1
68.25494,1,1,9,2,71,26.0976562,176,8,36.5,198,2.7998047,0.59997559,7,131,7.379883,135,23,1968,0,0
66.98199,0,1,1651,1,105,10.5996094,70,30,37.79688,207.125,2.8999023,0.89990234,1,142,7.369141,135,23,1968,1,0
37.35498,1,2,386,2,62,21.5,129,30,37.5,124.48438,2,0.29998779,1.89990234,139,7.349609,135,23,1968,0,6
89.61499,1,1,393,3,90,6,70,20,36.5,395,3.5996094,1,1.29980469,141,7.349609,135,23,1968,4,1
91.18994,1,1,634,2,70,6.79980469,62,24,35,476.625,4,0.79992676,1.29980469,136,7.479492,135,23,1968,2,3
66.86896,1,2,448,3,59,16.5976562,122,40,35.39844,326.625,2.7998047,1.29980469,2,116,7.429688,135,23,1968,0,0
64.17499,0,2,1647,3,81,6.39941406,98,20,37,428.5625,3,0.59997559,0.79992676,132,7.459961,135,23,1968,1,0
79.01697,1,1,30,2,105,6.39941406,60,22,36.39844,224,4,0.39996338,1.59985352,132,7.439453,135,23,1968,0,1
83.15399,1,2,127,1,66,1.09985352,58,22,35.5,224,2.699707,0.89990234,0.89990234,134,7.419922,135,23,1968,0,0
93.22699,1,1,101,3,79,9.19921875,76,24,36.5,556.625,2.8999023,0.5,0.59997559,133,7.469727,135,23,1968,0,7
64.909,1,1,5,2,41,0.09999084,180,24,36.29688,224,2.3999023,1.39990234,1.79980469,133,7.419922,135,23,1968,0,2
35.06097,1,1,118,1,72,0.1499939,96,22,38.29688,224,2.8999023,0.89990234,0.59997559,136,7.419922,135,23,1968,1,0
60.452,1,1,3,1,53,27.796875,100,12,36.89844,125,1.2998047,5.59960938,1.5,137,7.349609,135,23,1968,0,1
69.93799,0,2,1639,0,68,9.69921875,73,32,37.59375,300.375,2.199707,2.09960938,2,138,7.449219,135,23,1968,0,1
52.73398,1,1,74,1,61,37.796875,47,14,37.59375,122.21875,2.8999023,0.79992676,0.59997559,139,7.229492,135,23,1968,0,0
58.90198,1,2,1598,3,127,4.89941406,60,22,35.89844,224,8.5996094,0.69995117,0.79992676,142,7.419922,135,23,1968,0,1
45.57999,1,1,27,2,63,16.5976562,72,24,35.79688,224,3.5996094,0.29998779,0.89990234,136,7.419922,135,23,1968,0,1
74.63098,1,2,10,3,67,18.0976562,138,16,36.39844,224,2.8999023,0.89990234,2.09960938,121,7.419922,135,23,1968,7,7
76.58899,0,1,1635,1,126,1.79980469,64,20,36.39844,224,2.8999023,0.89990234,0.59997559,134,7.419922,135,23,1968,4,1
60.98599,0,2,1636,0,108,9.8984375,107,30,38.39844,337.5,1.8999023,23.5976562,0.89990234,138,7.439453,135,23,1968,0,0
72.31799,1,2,158,2,63,5.79980469,60,16,36.5,224,1.8999023,1.29980469,1.39990234,137,7.419922,135,23,1968,0,1
44.02499,1,1,278,2,110,16.0976562,131,29,35.39844,136.71875,3.0996094,1.09985352,3.69970703,134,7.349609,135,23,1968,0,1
57.49799,0,1,1634,1,65,2.19970703,108,14,36.59375,316,2.199707,0.59997559,0.69995117,132,7.519531,135,23,1968,0,1
62.47198,0,2,1636,1,108,5.79980469,76,14,36.39844,336,2.8999023,0.89990234,0.79992676,135,7.469727,135,23,1968,0,0
47.89297,1,2,1567,3,123,3.29980469,94,24,36.09375,327.125,3.2998047,0.39996338,7.29980469,140,7.389648,135,23,1968,0,1
47.47699,0,2,1635,1,53,12.7988281,112,14,36.79688,290,1.2998047,0.89990234,0.69995117,148,7.489258,135,23,1968,0,1
66.07495,1,1,274,1,57,14,105,36,38.09375,180,1.5998535,0.29998779,1.19995117,141,7.40918,135,23,1968,0,6
71.95599,1,1,22,2,72,0.79992676,79,22,35.39844,224,2.8999023,0.89990234,0.5,143,7.419922,135,23,1968,0,6
27.85799,0,1,1634,2,67,15,102,20,37.19531,350,2.0996094,4.29980469,0.29998779,127,7.469727,135,23,1968,4,2
73.81,1,2,218,2,103,7.59960938,189,30,36.19531,222.21875,3.0996094,0.29998779,0.79992676,137,7.479492,135,23,1968,1,1
40.77798,0,2,1633,3,118,8,110,40,35.09375,269.5,4,2.09960938,1.39990234,140,7.40918,135,23,1968,0,1
62.80399,1,2,1503,4,104,5.59960938,136,25,36.29688,447.5625,2,12.8984375,0.5,136,7.459961,135,23,1968,1,2
83.76996,0,1,1630,1,125,12.8984375,83,34,36.39844,226.65625,2.699707,0.79992676,1,138,7.529297,135,23,1968,0,2
39.56998,1,1,6,2,66,13.2988281,70,24,35.09375,224,1.3999023,0.59997559,0.39996338,147,7.419922,135,23,1968,0,1
81.90594,1,1,1489,3,103,10.1992188,64,16,36.09375,281.875,4.5,1.29980469,1.19995117,134,7.489258,135,23,1968,0,5
55.01199,0,1,1629,2,65,9.09960938,104,30,36,115,3.5996094,0.29998779,0.59997559,139,7.40918,135,23,1968,1,1
36.97699,0,2,1627,1,103,10.5996094,75,14,37,433.3125,2.5996094,0.69995117,0.59997559,139,7.439453,135,23,1968,0,0
82.32196,1,1,568,1,145,15.0996094,60,14,36.69531,229.15625,2.699707,0.39996338,0.59997559,137,7.399414,135,23,1968,0,1
40.59698,0,2,1627,1,138,18,93,20,35.69531,485.6875,3.3999023,0.79992676,0.69995117,137,7.709961,135,23,1968,1,1
43.95599,1,2,28,3,70,29.296875,100,20,36.5,152.375,2.7998047,21.5976562,3,126,7.479492,135,23,1968,6,6
66.80396,1,2,116,2,65,21.296875,128,29,38.79688,215,1.3999023,4,1.5,131,7.379883,135,23,1968,0,1
89.38495,1,1,20,2,55,9.3984375,112,24,38.19531,580,3,2.79980469,1.79980469,143,7.40918,135,23,1968,0,7
57.60699,1,1,163,0,115,16.296875,124,32,38.69531,311.1875,2.0996094,2.09960938,2.29980469,138,7.339844,135,23,1968,0,1
31.20099,1,1,13,1,70,9.5,122,34,39.29688,59.19531,2.3999023,0.69995117,0.79992676,135,7.399414,135,23,1968,0,0
37.91397,1,2,58,1,103,6.79980469,128,24,38.69531,224,2.8999023,0.89990234,3.5,137,7.419922,135,23,1968,1,2
73.02899,0,1,1617,2,104,10.0996094,160,28,37.79688,297.5625,2.7998047,0.39996338,0.5,143,7.429688,135,23,1968,0,7
61.34698,1,2,15,0,67,37.3984375,118,38,40.19531,131.40625,2.5,4.19921875,2.59960938,143,7.459961,135,23,1968,0,0
78.98199,1,1,148,4,110,16.5976562,97,24,36.39844,460,2.8999023,0.79992676,1.59985352,134,7.509766,135,23,1968,0,1
78.40698,1,1,21,2,68,9.79882812,61,10,38.79688,240,2.5996094,0.59997559,1,145,7.449219,135,23,1968,0,1
88.59998,0,1,1614,2,100,13.6992188,126,20,36.5,231.1875,4.1992188,0.39996338,0.69995117,143,7.379883,135,23,1968,2,1
74.396,1,1,260,6,59,6,110,20,37.69531,470,2.2998047,3.79980469,1,132,7.429688,135,23,1968,1,1
61.711,1,1,113,3,121,8,98,20,37.5,224,2.8999023,0.89990234,0.69995117,140,7.419922,135,23,1968,0,1
46.97598,1,1,128,1,97,6.5,66,22,37.09375,224,3.699707,0.5,0.59997559,139,7.419922,135,23,1968,0,1
49.48099,0,1,1613,1,57,4.69921875,100,22,37.39844,224,2.699707,5.39941406,0.59997559,130,7.419922,135,23,1968,0,1
82.20898,0,2,1613,2,117,6.89941406,69,26,36.09375,339.5625,3,0.29998779,2.5,140,7.40918,135,23,1968,0,0
77.46997,0,1,1613,3,135,7.89941406,63,16,36.69531,71.42188,2.8999023,0.89990234,0.89990234,141,7.359375,135,23,1968,0,7
42.09399,0,1,1612,4,69,13.1992188,98,24,36.19531,224,2.0996094,3.79980469,0.59997559,125,7.419922,135,23,1968,0,1
37.51099,1,2,8,2,66,3,140,14,38.79688,150,1,0.89990234,1.09985352,154,7.419922,135,23,1968,0,6
91.60297,1,2,14,3,38,18,82,10,35.39844,189.3125,2.2998047,0.69995117,1.69995117,132,7.459961,135,23,1968,0,5
64.06299,1,1,23,3,79,20.3984375,102,24,36.5,224,2.2998047,1.19995117,0.5,133,7.419922,135,23,1968,0,6
62.34097,1,1,14,1,38,4.79980469,120,24,37.59375,224,2.5996094,17.8984375,10.3984375,134,7.419922,135,23,1968,0,1
80.66498,1,1,5,2,68,12.3984375,70,26,38.79688,180,2.0996094,0.5,4.19921875,126,7.469727,135,23,1968,0,3
65.48395,1,1,104,2,61,22.8984375,70,12,34.79688,160,2.199707,0.89990234,1.09985352,134,7.279297,135,23,1968,0,7
57.69199,1,1,927,4,72,0.59997559,97,36,38.09375,252.375,2.5996094,3.19970703,1.09985352,132,7.469727,135,23,1968,0,0
67.06598,0,1,1605,2,130,15.0996094,114,28,35.69531,233.3125,4.3994141,0.39996338,0.69995117,133,7.449219,135,23,1968,5,6
37.40698,0,2,1602,1,82,11.0996094,100,24,36.19531,384.25,2.0996094,3,0.39996338,138,7.399414,135,23,1968,2,1
77.84497,1,2,44,1,70,0.69995117,112,42,39.79688,523.75,2.7998047,1.69995117,0.79992676,138,7.539062,135,23,1968,0,6
25.40999,0,1,1602,0,69,17.0976562,106,26,39.39844,271.375,2.2998047,1,1.39990234,134,7.30957,135,23,1968,0,2
65.06494,1,2,1590,3,102,13,122,10,36.5,188,2.7998047,0.79992676,0.79992676,138,7.389648,135,23,1968,0,6
27.61699,0,1,1600,1,128,12.5,122,54,38.09375,192.5,2.3999023,4.89941406,0.39996338,140,7.419922,135,23,1968,0,0
86.45294,1,1,3,2,75,14.6992188,80,12,35.09375,224,2.8999023,0.89990234,4.09960938,133,7.419922,135,23,1968,0,6
64.59094,0,1,1598,0,108,20.1992188,59,24,36.69531,278.5625,2.8999023,0.89990234,0.89990234,128,7.419922,135,23,1968,0,0
65.547,0,2,1598,0,123,10.7988281,53,16,36.89844,205.6875,3.199707,0.5,1.5,140,7.439453,135,23,1968,0,0
72.474,1,2,591,4,93,6.39941406,84,32,35.5,274.25,3.5996094,1.5,3.29980469,136,7.429688,135,23,1968,1,1
88.28699,1,2,13,1,111,20.1992188,142,28,37.89844,169.09375,2.199707,1.89990234,0.79992676,145,7.479492,135,23,1968,0,2
79.23297,1,2,68,4,62,66.796875,129,9,35.5,187.5,1.5998535,0.59997559,2.89990234,129,7.359375,135,23,1968,0,7
59.56998,0,1,1591,1,126,10,114,14,35.29688,350.375,2.0996094,0.39996338,1.39990234,146,7.379883,135,23,1968,0,7
79.13995,1,2,136,2,106,11.0996094,111,28,36,224.46875,3.0996094,0.59997559,1.09985352,140,7.389648,135,23,1968,3,4
57.05698,1,1,112,2,60,7.09960938,80,20,36.59375,224,3.5996094,0.29998779,0.39996338,138,7.419922,135,23,1968,0,0
62.47198,1,2,28,1,83,9.09960938,110,24,36.29688,224,3.199707,0.39996338,0.59997559,135,7.419922,135,23,1968,2,1
51.68198,1,2,662,1,93,0,136,24,39.79688,224,2,0.59997559,1.59985352,130,7.419922,135,23,1968,0,1
77.65594,1,2,16,1,64,4.09960938,129,36,38.39844,107.09375,2.199707,3,3.79980469,120,7.419922,135,23,1968,0,1
41.45099,0,2,1585,3,111,14.2988281,100,32,38.79688,248.375,2.699707,0.59997559,0.79992676,127,7.369141,135,23,1968,0,1
53.465,1,2,37,2,121,10.2988281,126,22,36.59375,224,3.2998047,1.09985352,1.19995117,130,7.419922,135,23,1968,0,0
83.39996,1,1,4,1,97,11.2988281,104,42,36.39844,162.3125,3.8999023,1.09985352,1.59985352,143,7.25,135,23,1968,0,1
56.83499,1,2,30,2,64,7.5,144,40,34.89844,203,1.3999023,4.89941406,0.79992676,135,7.439453,135,23,1968,0,1
48.65399,1,2,20,2,80,8.5,110,26,35.69531,352.375,2.199707,0.39996338,0.59997559,130,7.459961,135,23,1968,5,5
58.50198,1,1,4,1,42,27.0976562,105,8,36,87.14062,2.8999023,0.89990234,0.79992676,136,7.5,135,23,1968,0,1
52.25699,1,1,4,0,105,26.3984375,141,28,39.5,220,3.3999023,0.79992676,0.79992676,133,7.469727,135,23,1968,0,1
72.08197,1,1,122,4,67,10.5,108,24,35.69531,302,4.3994141,0.59997559,0.59997559,133,7.369141,135,23,1968,3,5
36.85098,0,2,1579,2,79,7.19921875,80,16,37.09375,224,2.699707,4.59960938,0.39996338,134,7.419922,135,23,1968,1,1
30.66899,0,2,1577,1,70,19,129,34,39.19531,98.59375,2.199707,1.5,1.69995117,143,7.369141,135,23,1968,0,0
73.43195,1,1,18,2,108,13.8984375,118,28,36.39844,314.25,3.3999023,1.29980469,1,143,7.429688,135,23,1968,0,6
62.215,1,2,74,2,73,17,131,26,38.09375,87.14062,2.5,1.79980469,0.79992676,147,7.419922,135,23,1968,0,0
55.431,1,2,100,4,60,7.29980469,45,24,36.09375,156,2.5996094,6.69921875,2.69970703,132,7.479492,135,23,1968,0,0
69.34998,1,2,974,4,80,18.6992188,102,22,36.29688,295.1875,4.2998047,0.59997559,0.69995117,142,7.379883,135,23,1968,1,1
24.63499,1,2,9,0,62,42.3984375,122,32,40.09375,115,1.5,2.69970703,1.19995117,142,7.369141,135,23,1968,0,0
62.93198,1,1,546,0,58,17.5,129,30,36.39844,150,2.199707,0.39996338,0.79992676,141,7.459961,135,23,1968,0,0
63.75897,0,2,1572,4,61,6.89941406,103,20,35.79688,224,4.2998047,1.19995117,1,138,7.419922,135,23,1968,0,1
69.23999,1,2,19,1,93,9.09960938,122,32,36.69531,247.40625,2.5,0.89990234,0.89990234,124,7.399414,135,23,1968,0,0
61.58197,1,2,40,2,101,15.0996094,76,20,37.89844,224,3.3999023,0.69995117,1.09985352,133,7.419922,135,23,1968,0,0
60.90298,1,2,250,1,98,6.09960938,76,20,38,224,3.199707,0.69995117,0.69995117,136,7.419922,135,23,1968,1,1
82.92395,1,2,10,2,70,16,125,10,38,164,1.6999512,5.29980469,3.09960938,145,7.429688,135,23,1968,0,0
66.31598,0,2,1565,3,127,11.8984375,72,24,35,364,2.5,1,1.79980469,144,7.359375,135,23,1968,0,0
69.54095,1,2,110,6,98,8.69921875,77,20,36,224,2.5996094,4.29980469,1.79980469,133,7.419922,135,23,1968,4,6
59.37299,1,2,60,3,95,0.18997192,110,28,38.19531,224,2.8999023,0.89990234,2.59960938,142,7.419922,135,23,1968,2,5
59.20898,1,2,101,3,77,4.29980469,93,24,38,280.9375,3.2998047,0.5,0.79992676,140,7.529297,135,23,1968,0,0
61.202,1,2,1112,4,118,15,77,10,36.39844,241.3125,2.0996094,0.5,8.19921875,136,7.389648,135,23,1968,0,0
65.04895,0,1,1560,1,49,24.1992188,76,13,36.89844,124.65625,2.2998047,2,1.39990234,127,7.449219,135,23,1968,0,0
75.78094,1,1,33,3,76,9.8984375,78,24,36,536,3.5996094,1.19995117,1.29980469,137,7.589844,135,23,1968,0,0
66.24799,1,1,1086,2,125,10.0996094,80,24,36.59375,272.9375,3.3999023,0.5,5.29980469,139,7.349609,135,23,1968,0,0
61.61499,1,1,9,2,113,6.89941406,133,42,38.39844,360,2.7998047,0.5,1.09985352,144,7.5,135,23,1968,0,7
63.73398,1,1,94,5,75,4.29980469,118,28,35.79688,288,3.3999023,1,1.5,134,7.5,135,23,1968,0,4
71.73999,1,2,50,0,61,12.2988281,130,32,37.89844,135.53125,2.0996094,0.59997559,0.79992676,137,7.429688,135,23,1968,0,1
54.12698,1,2,22,2,111,19.8984375,129,12,36.5,246.65625,3,1,0.59997559,128,7.469727,135,23,1968,0,0
62.78699,1,2,52,4,69,4.5,107,9,36.09375,345.6875,1.8999023,18.1992188,1.5,146,7.469727,135,23,1968,4,2
73.48096,1,1,1373,2,104,25.8984375,107,22,38.59375,136,2.3999023,0.59997559,1.5,145,7.379883,135,23,1968,0,5
56.13699,0,1,1550,1,68,12.5996094,111,24,36,256.625,2.199707,0.59997559,2.79980469,157,7.209961,135,23,1968,0,2
68.698,0,2,1548,4,104,11.2988281,109,28,36,437,3,0.59997559,0.89990234,141,7.439453,135,23,1968,7,1
44.73599,0,2,1547,2,123,29.5976562,136,28,39.19531,108.75,2.7998047,2.39990234,6.39941406,137,7.359375,135,23,1968,0,0
66.40698,1,2,4,5,50,14.7988281,200,40,34.79688,223.3125,2.8999023,16.6992188,2.29980469,128,7.349609,135,23,1968,0,1
69.31396,1,1,46,1,125,11.6992188,120,46,38.59375,208.5625,1.5998535,0.69995117,0.79992676,131,7.40918,135,23,1968,0,1
51.54797,0,2,1544,2,80,6.09960938,110,22,36.39844,285.6875,2.2998047,2.09960938,0.79992676,136,7.439453,135,23,1968,0,1
31.099,0,1,1544,2,118,7.19921875,111,24,36.29688,497.75,2.3999023,2.39990234,0.79992676,143,7.459961,135,23,1968,2,1
92.73895,1,1,719,1,69,9.09960938,60,24,36,164,2.8999023,0.89990234,1.89990234,139,7.40918,135,23,1968,1,1
66.17395,1,2,27,1,108,12.5996094,100,10,38.39844,237.5,2.2998047,0.39996338,1.39990234,138,7.429688,135,23,1968,0,0
53.57999,1,1,170,2,111,9.5,77,28,35.89844,228,3.7998047,0.19998169,1,141,7.339844,135,23,1968,0,0
70.396,1,2,5,1,39,15.6992188,158,26,37.89844,81.29688,2.3999023,5.89941406,2.59960938,136,7.30957,135,23,1968,0,1
63.159,1,1,4,1,139,16.0976562,132,10,38.89844,247.46875,2.8999023,1.29980469,0.89990234,138,7.419922,135,23,1968,0,0
57.46198,1,1,546,4,113,7.79980469,55,20,36.19531,457.125,3,0.5,2.19970703,138,7.489258,135,23,1968,0,4
77.659,1,2,56,2,100,18.296875,64,25,36.39844,252.5,1.7998047,21.0976562,3.89990234,146,7.389648,135,23,1968,6,2
49.86697,1,1,5,1,45,27.5976562,46,12,33,473.3125,2.699707,0.39996338,0.79992676,127,7.40918,135,23,1968,0,1
73.08099,1,2,216,5,73,8.3984375,113,28,36.29688,338.0625,2.8999023,2.59960938,1.19995117,134,7.429688,135,23,1968,1,6
71.04199,1,1,37,2,59,13.8984375,164,12,38.19531,162,2.0996094,5.69921875,2.79980469,139,7.359375,135,23,1968,0,1
43.82199,1,2,3,2,14,36.296875,32,30,35,166,1.8999023,23,9,118,7.109375,135,23,1968,0,1
92.34198,1,2,64,2,97,8,72,20,35.39844,316,3,0.29998779,1.09985352,132,7.439453,135,23,1968,2,1
39.31,0,2,1533,0,144,15.8984375,59,10,34.59375,130,3.5996094,0.5,0.69995117,136,7.5,135,23,1968,0,0
68.73596,1,2,1007,1,130,11.2988281,70,10,38,316.625,2.8999023,0.89990234,1.09985352,136,7.449219,135,23,1968,0,0
51.099,1,2,3,0,0,15,0,0,40.29688,58,3.7998047,0.89990234,0.69995117,128,7.259766,135,23,1968,0,1
62.12198,1,2,170,2,121,5.29980469,98,24,36.79688,224,2.5,3.39990234,0.69995117,136,7.419922,135,23,1968,0,1
76.10394,1,2,207,3,73,5.69921875,111,22,36.5,224,4.6992188,1.39990234,1.89990234,141,7.419922,135,23,1968,3,1
76.48199,1,1,1424,4,102,6.29980469,83,24,36.19531,224,3.5996094,1.69995117,1.09985352,139,7.419922,135,23,1968,0,1
81.18298,0,2,1529,3,104,5.89941406,65,28,36.19531,271.375,3.199707,0.69995117,1.5,140,7.399414,135,23,1968,0,1
83.17596,1,2,614,2,96,4.69921875,73,24,35,395.1875,3.0996094,1.39990234,1.59985352,134,7.40918,135,23,1968,4,0
72.28699,1,2,156,3,129,10,60,28,36.19531,178.96875,2.5,1.69995117,1,137,7.379883,135,23,1968,0,0
68.01099,0,2,1524,2,59,11.5996094,107,12,36.59375,126.82812,1.1999512,1.5,1.39990234,147,7.319336,135,23,1968,0,0
65.07599,1,2,1416,6,103,11.0996094,80,24,35.79688,314.25,3.7998047,2.69970703,1.39990234,144,7.459961,135,23,1968,3,4
72.04895,0,2,1523,2,143,11,64,16,36.19531,220,4,1.39990234,1.29980469,137,7.619141,135,23,1968,0,1
40.63498,0,2,1522,3,102,4,130,24,38.39844,224,2.0996094,8.8984375,0.59997559,133,7.419922,135,23,1968,1,1
51.57599,1,2,62,2,82,14.1992188,118,22,36.79688,233.3125,2.3999023,5.79980469,1,126,7.479492,135,23,1968,0,1
78.21198,1,2,5,1,63,9.29882812,138,40,39.59375,187.5,2.7998047,0.69995117,1,137,7.469727,135,23,1968,0,3
50.90198,1,1,438,5,62,12.2988281,131,28,36,131.09375,2.5,0.59997559,5.39941406,135,7.369141,135,23,1968,1,1
37.86398,1,1,13,1,108,1.19995117,146,56,36.19531,143.3125,2.699707,0.5,0.79992676,137,7.459961,135,23,1968,0,1
65.97095,0,1,1519,5,67,21.8984375,78,32,38.19531,118.35938,3.0996094,0.39996338,4.89941406,144,7.299805,135,23,1968,0,0
44.33899,0,2,1518,3,86,10.5996094,122,20,36.5,224,2.8999023,3.69970703,0.69995117,136,7.419922,135,23,1968,0,0
59.69299,1,2,13,1,57,23.796875,114,30,35.39844,278.3125,2.8999023,2.5,1.89990234,135,7.519531,135,23,1968,0,6
65.75995,1,2,180,1,114,19.296875,129,34,35.79688,173.6875,4.3994141,0.19998169,1.39990234,142,7.259766,135,23,1968,0,1
52.44397,1,2,16,2,79,5,122,20,38.09375,224,1.7998047,2.79980469,0.79992676,129,7.419922,135,23,1968,4,3
52.82098,0,1,1516,3,113,14.5996094,131,32,38.69531,162.84375,2.5,0.39996338,1.29980469,134,7.40918,135,23,1968,3,2
64.08197,1,1,714,2,60,8.69921875,77,20,35.79688,224,2.8999023,1.89990234,1.39990234,138,7.419922,135,23,1968,0,1
32.28497,1,2,70,4,101,6.79980469,65,20,35.79688,566.625,3,1.69995117,0.5,128,7.529297,135,23,1968,1,6
35.96698,0,1,1511,2,137,24.8984375,108,20,36.69531,342.8125,2.3999023,0.39996338,5.29980469,130,7.459961,135,23,1968,7,7
46.61499,1,1,41,1,152,14.0996094,120,26,33.89844,186,1.6999512,2.79980469,0.39996338,119,7.299805,135,23,1968,0,0
72.40796,1,1,84,5,108,13.3984375,80,23,36.29688,560,2.8999023,4.89941406,1.69995117,138,7.40918,135,23,1968,2,7
70.67999,1,2,1126,2,128,7.29980469,130,34,39.19531,118.75,2.5,1.59985352,0.89990234,138,7.5,135,23,1968,0,0
64.45996,1,1,1266,2,91,12.5,106,22,36.89844,219.03125,2.8999023,0.39996338,0.69995117,130,7.439453,135,23,1968,0,1
62.45297,1,2,1458,2,106,6.69921875,126,24,36.39844,261.875,3.8999023,0.5,1.09985352,139,7.449219,135,23,1968,1,0
71.62799,0,1,1508,2,66,8.09960938,0,28,36.79688,272,3,0.69995117,1.19995117,130,7.389648,135,23,1968,0,0
83.81396,0,1,1507,1,111,5.5,109,28,36.5,206.09375,2.5996094,0.79992676,1.39990234,137,7.439453,135,23,1968,0,0
66.15198,1,2,3,1,9,3.5,0,32,35,55,2.8999023,0.79992676,1.5,145,7.229492,135,23,1968,0,1
61.87299,1,2,167,2,128,12.5,212,10,37,170,3.3999023,0.69995117,1.5,135,7.529297,135,23,1968,0,0
55.42499,0,1,1503,0,125,27.796875,109,28,35.69531,464,2.5,7.89941406,1.59985352,133,7.419922,135,23,1968,0,0
78.88599,1,1,70,1,115,13.1992188,153,24,38.29688,192.5,3.0996094,1.89990234,1.29980469,132,7.5,135,23,1968,0,1
57.27597,0,2,1499,1,110,17.0976562,130,32,36.79688,130,3,0.29998779,0.59997559,146,7.349609,135,23,1968,1,0
50.37598,1,2,151,1,76,7.59960938,63,24,36.89844,224,3.199707,0.39996338,0.79992676,143,7.419922,135,23,1968,0,0
62.41998,1,2,1088,2,104,10.3984375,98,24,36.29688,328.5625,4.0996094,0.29998779,2.69970703,130,7.359375,135,23,1968,0,1
35.13797,0,1,1498,3,67,17.5976562,118,24,38.09375,112.71875,2,1.79980469,0.79992676,137,7.549805,135,23,1968,0,1
64.08496,1,1,92,2,116,5.89941406,126,20,37,428.5625,3.199707,0.39996338,0.59997559,140,7.459961,135,23,1968,7,7
60.44397,1,2,360,2,144,10.3984375,78,20,37.59375,224,4.0996094,0.29998779,1.19995117,134,7.419922,135,23,1968,0,1
35.07498,0,1,1495,2,151,31.296875,133,41,34.29688,403.3125,2.699707,1.69995117,5.79980469,133,7.489258,135,23,1968,0,5
59.21997,1,1,41,4,118,7,61,28,36.79688,62,4,4.09960938,0.69995117,121,7.489258,135,23,1968,0,1
65.63196,0,1,1494,3,119,8.8984375,81,28,36.39844,458.75,4.3994141,1.39990234,1.79980469,130,7.449219,135,23,1968,1,0
86.93195,1,2,7,1,45,22.0976562,120,36,38.69531,94.4375,1.7998047,0.89990234,1.19995117,143,7.449219,135,23,1968,0,0
67.07697,0,1,1493,3,101,23.796875,120,28,35.39844,195.21875,4.3994141,0.39996338,0.79992676,132,7.25,135,23,1968,1,1
26.05299,0,2,1492,0,102,13.6992188,124,44,36.69531,122.5,2.0996094,1.69995117,1.39990234,132,7.349609,135,23,1968,0,0
21.30899,1,1,219,1,133,27.5976562,52,10,39.59375,120,2.8999023,0.89990234,0.79992676,144,7.479492,135,23,1968,0,0
57.284,1,1,23,2,51,20,108,10,35.5,172,1.1999512,0.69995117,0.39996338,137,7.509766,135,23,1968,0,5
42.478,1,2,5,4,120,14.6992188,124,42,39.79688,156,2.5996094,36.8984375,2.5,134,7.459961,135,23,1968,0,4
51.59198,0,1,1487,2,57,26.296875,76,20,36.5,224,2.3999023,17.296875,1.39990234,131,7.419922,135,23,1968,1,0
61.78,1,1,11,1,62,4.09960938,55,25,35.19531,752.375,2.3999023,0.29998779,0.19998169,136,7.5,135,23,1968,0,1
51.67398,1,2,67,1,92,10.7988281,90,20,36.19531,224,3.2998047,0.59997559,1.09985352,136,7.419922,135,23,1968,0,1
71.54596,1,1,10,2,74,11.5996094,104,32,36.5,180,2.2998047,1,2.5,133,7.429688,135,23,1968,0,1
44.56097,1,2,352,2,78,11.7988281,77,24,35.09375,314.25,3.3999023,1.39990234,0.79992676,129,7.509766,135,23,1968,0,1
83.02295,1,1,214,3,95,10,100,28,36.09375,233.3125,2.8999023,0.39996338,1.09985352,136,7.359375,135,23,1968,5,4
47.29398,0,1,1485,1,80,6.39941406,100,24,36.29688,376.1875,2.8999023,1.09985352,1,136,7.489258,135,23,1968,1,0
51.15698,1,2,3,1,75,0,130,36,37.19531,120,2.8999023,0.5,1.5,142,7.209961,135,23,1968,0,1
53.47299,1,1,395,3,113,8.3984375,79,28,36.19531,319,3.3999023,0.39996338,2.89990234,141,7.449219,135,23,1968,0,0
63.98599,1,1,7,4,60,17,136,42,36.09375,67,4.1992188,11.6992188,2.39990234,149,7.359375,135,23,1968,0,0
65.14398,1,2,3,2,83,19.796875,110,12,35,224,2.7998047,11,2.59960938,142,7.419922,135,23,1968,0,3
41.26498,1,2,27,6,160,0,116,8,34.19531,210,2.699707,9.19921875,1.5,143,7.469727,135,23,1968,0,0
58.245,1,1,13,1,125,15.3984375,107,29,35.5,57,2.7998047,2.29980469,1.29980469,130,7.469727,135,23,1968,0,5
74.75696,1,2,36,4,109,13.5996094,80,22,35.89844,140.8125,3.5996094,1.09985352,2.89990234,133,7.30957,135,23,1968,0,6
68.64099,1,2,471,2,68,0.89990234,85,28,38.89844,224,1.8999023,1.29980469,0.69995117,138,7.419922,135,23,1968,0,6
75.01398,1,2,137,3,59,21.5976562,96,38,35.69531,290.4375,3.2998047,1,1.29980469,126,7.469727,135,23,1968,3,4
69.77698,0,1,1475,2,99,6.39941406,101,26,36.5,130,2.8999023,0.5,0.79992676,142,7.379883,135,23,1968,3,3
28.02499,1,2,5,1,59,21.5976562,150,14,39.89844,98.875,2.5,1.5,0.69995117,135,7.429688,135,23,1968,0,6
67.461,1,1,536,3,125,7.79980469,70,20,36,100,3.2998047,0.5,3.89990234,135,7.349609,135,23,1968,0,1
41.61298,1,2,716,3,57,7.19921875,145,20,36.5,357.125,3,2.59960938,0.59997559,134,7.479492,135,23,1968,0,1
41.50897,1,1,180,0,65,28.5,140,43,39.19531,448.875,2.2998047,1.79980469,1.19995117,145,7.389648,135,23,1968,0,0
73.41498,1,2,30,2,110,9.19921875,171,32,36.29688,193.59375,2.3999023,0.5,0.59997559,134,7.419922,135,23,1968,0,7
78.28595,0,1,1474,2,57,9.19921875,61,16,36,224,4.3994141,0.79992676,1.5,135,7.419922,135,23,1968,0,0
69.56897,1,2,174,3,113,13,121,24,36.59375,224,2.8999023,0.89990234,1.19995117,138,7.419922,135,23,1968,5,5
65.01599,1,2,11,4,63,24.5976562,126,28,35.79688,200,3.3999023,0.69995117,2.19970703,139,7.369141,135,23,1968,0,6
74.29999,1,2,9,1,109,13.7988281,117,8,38,280,1.2998047,12.6992188,3.89990234,136,7.379883,135,23,1968,0,1
39.73199,0,2,1458,4,95,8.79882812,66,24,36,183.65625,4.2998047,1.19995117,0.89990234,138,7.399414,135,23,1968,1,0
30.88599,1,2,40,1,65,6.19921875,120,30,38.79688,116.65625,2.2998047,2.5,10.5996094,148,7.379883,135,23,1968,0,0
75.86597,1,1,69,2,61,19.8984375,131,10,36.09375,400,2.8999023,0.89990234,1.89990234,132,7.30957,135,23,1968,0,0
64.33099,1,1,23,1,79,8.19921875,110,24,38,224,2.699707,0.29998779,0.69995117,128,7.419922,135,23,1968,2,3
66.64197,0,2,1454,2,109,16.3984375,81,32,35.29688,208,3,0.79992676,0.79992676,138,7.389648,135,23,1968,1,3
64.62695,0,1,1452,2,53,20.3984375,58,48,36.09375,207.75,2.8999023,0.59997559,4.29980469,146,7.229492,135,23,1968,0,0
80.02698,1,2,4,1,29,9.09960938,232,46,36,159.15625,2.699707,0.39996338,1.19995117,137,7.40918,135,23,1968,0,1
60.87097,1,2,4,3,34,15.5996094,136,30,35.29688,42,2.199707,3.19970703,5.59960938,132,7.119141,135,23,1968,0,1
61.81799,0,2,1450,2,102,10.7988281,71,36,36.19531,320,2.5996094,0.59997559,1.19995117,141,7.479492,135,23,1968,0,0
66.98395,1,2,99,3,87,13.0996094,114,24,36,213.5625,2.8999023,0.39996338,1.29980469,139,7.369141,135,23,1968,1,0
71.88995,1,1,783,2,75,4.39941406,68,26,36.59375,291.25,3.5996094,0.69995117,0.79992676,138,7.389648,135,23,1968,2,0
63.34,0,2,1448,5,62,7.39941406,81,28,36.39844,318.5,2.7998047,1,1.19995117,136,7.399414,135,23,1968,0,0
69.99896,1,1,4,4,121,5.39941406,120,32,36.29688,100,3.0996094,0.5,2.5,145,7.149414,135,23,1968,3,5
43.29099,1,2,238,3,108,11.3984375,56,10,35.69531,280,2.8999023,3,0.39996338,128,7.389648,135,23,1968,0,0
66.81696,1,2,48,0,110,7.69921875,57,10,36.79688,190,2.2998047,5.5,1.29980469,153,7.429688,135,23,1968,0,0
53.66699,0,1,1444,3,100,8.8984375,118,22,36.29688,264,2.8999023,0.89990234,0.69995117,133,7.389648,135,23,1968,2,1
48.25198,0,1,1442,4,127,8.19921875,84,20,36.39844,361.875,2.7998047,0.69995117,1.69995117,137,7.449219,135,23,1968,0,1
87.836,1,1,209,0,123,12.3984375,113,8,38.69531,290,3,1,1.89990234,143,7.40918,135,23,1968,0,0
84.55298,1,1,31,3,112,15,114,24,36.19531,224,2.0996094,0.89990234,2.39990234,128,7.419922,135,23,1968,0,1
64.91998,1,2,47,1,107,12.7988281,118,20,36.69531,224,3.5996094,0.89990234,1,136,7.419922,135,23,1968,0,0
79.77295,1,1,7,2,76,15.3984375,107,24,36.09375,224,2.8999023,0.89990234,0.89990234,134,7.419922,135,23,1968,0,0
69.125,0,1,1440,4,64,4.39941406,72,12,36.19531,280.625,2.2998047,0.5,1.5,143,7.5,135,23,1968,0,1
54.62799,1,2,226,2,56,1.19995117,138,12,39,220,2.2998047,3.39990234,1.89990234,138,7.40918,135,23,1968,4,5
61.76599,1,1,4,3,135,26.6992188,144,12,39.5,130,3.0996094,0.39996338,0.89990234,149,7.399414,135,23,1968,0,1
28.50699,0,2,1435,1,121,21.1992188,69,22,36.29688,173.3125,2.699707,0.5,5.29980469,134,7.40918,135,23,1968,0,0
62.73798,1,2,7,1,45,12,157,24,38.19531,64,2.3999023,0.59997559,0.5,133,7.369141,135,23,1968,0,2
24.47899,1,1,18,0,113,15.2988281,138,24,39.69531,297.125,1.8999023,1.19995117,1.5,134,7.379883,135,23,1968,0,0
62.05899,1,2,213,4,97,10.5996094,74,24,35.59375,224,4.0996094,0.29998779,0.89990234,132,7.419922,135,23,1968,1,1
66.43396,1,2,128,4,105,24.3984375,124,25,37.79688,124,4.6992188,0.69995117,1.39990234,139,7.389648,135,23,1968,0,1
58.37097,1,1,230,2,96,15,107,28,36.19531,380,4.7998047,0.79992676,1,150,7.419922,135,23,1968,0,0
65.52997,1,2,421,5,96,2,112,20,36,224,3.0996094,6,0.89990234,135,7.419922,135,23,1968,0,1
66.90997,1,1,673,1,103,7.69921875,103,30,36.79688,247.5,2.699707,0.89990234,1.79980469,133,7.40918,135,23,1968,0,0
64.11499,0,2,1428,2,79,18.5,77,26,35.39844,188.5625,3.7998047,0.69995117,0.79992676,139,7.479492,135,23,1968,1,0
81.91095,1,2,907,0,110,9.29882812,124,25,37.59375,79,1.5,1.39990234,1.09985352,148,7.139648,135,23,1968,0,0
32.81299,1,2,154,0,58,24.6992188,156,14,38.09375,204,4.1992188,11.1992188,8.3984375,130,7.289062,135,23,1968,0,0
31.20299,0,2,1427,4,77,18,114,34,36.79688,574,2.8999023,0.59997559,0.79992676,137,7.349609,135,23,1968,0,1
82.58698,1,1,164,2,162,12.3984375,130,12,36.69531,325.6875,2.8999023,1.59985352,2,131,7.349609,135,23,1968,0,2
48.04398,1,2,16,2,85,11.7988281,72,28,36.69531,224,2.3999023,24.1992188,0.5,131,7.419922,135,23,1968,0,0
69.63696,1,2,6,2,64,12.3984375,131,39,36.19531,133.3125,2.0996094,1,0.89990234,135,7.539062,135,23,1968,6,1
34.116,1,1,98,4,104,6.39941406,107,28,38.19531,257.125,2.699707,2.59960938,0.89990234,139,7.509766,135,23,1968,0,1
73.39398,1,1,8,0,126,17.3984375,70,34,37.79688,256.625,2.5,0.59997559,0.69995117,136,7.5,135,23,1968,0,0
65.073,1,2,53,3,103,11.5996094,70,34,37.79688,124.48438,2.199707,0.39996338,0.69995117,133,7.449219,135,23,1968,0,4
42.905,1,2,41,0,51,13.5,111,10,36.59375,215,2.699707,2,3,136,7.269531,135,23,1968,0,1
79.09698,1,1,23,3,132,14.2988281,10,22,35.39844,132.625,3.3999023,0.69995117,1.19995117,140,7.5,135,23,1968,0,1
30.19299,1,2,74,0,132,24.0976562,131,24,37.79688,413.3125,3.3999023,0.39996338,1.09985352,146,7.399414,135,23,1968,0,0
41.66998,0,2,1416,2,129,9.09960938,131,26,38.79688,352,2.5,0.29998779,3.39990234,155,7.40918,135,23,1968,0,0
55.06897,0,2,1414,2,119,7.39941406,150,28,39.09375,471.375,2.8999023,6.5,0.79992676,129,7.469727,135,23,1968,0,0
31.24699,1,1,1083,3,57,6.19921875,79,16,35.79688,224,2.5996094,5.89941406,1.5,133,7.419922,135,23,1968,0,7
27.10699,0,1,1416,2,115,18.5,191,27,38.19531,285.6875,1.7998047,3.59960938,0.5,135,7.439453,135,23,1968,0,7
66.20398,1,2,22,4,64,14.3984375,141,48,38.39844,80,2.2998047,1.5,0.69995117,146,7.449219,135,23,1968,0,1
58.034,0,1,1410,1,103,13.6992188,114,10,39,202,2.0996094,2.79980469,0.69995117,144,7.399414,135,23,1968,0,6
35.44998,1,2,775,1,119,12.8984375,60,12,36.39844,372,2.2998047,0.89990234,0.89990234,143,7.449219,135,23,1968,0,0
52.909,1,1,27,2,63,12,78,8,36,185,1.5,21.5976562,4,135,7.369141,135,23,1968,0,0
28.23,0,1,1409,2,81,4.19921875,124,32,38.79688,480.9375,2.7998047,1.09985352,0.69995117,135,7.439453,135,23,1968,0,0
82.22595,1,2,206,3,63,4,101,9,39.19531,128,2.5996094,2.39990234,0.79992676,142,7.449219,135,23,1968,0,1
71.82495,0,1,1406,6,103,55.3984375,111,22,37,571.375,3.3999023,0.69995117,5.69921875,135,7.449219,135,23,1968,0,3
85.16394,1,1,10,2,52,8.19921875,122,20,38,198,1.7998047,25.296875,0.69995117,140,7.399414,135,23,1968,0,4
48.42398,0,1,1403,1,56,21.796875,116,30,38.80469,73.32812,1.7998047,0.89990234,0.59997559,143,7.40918,135,23,1968,0,0
75.44098,1,2,620,3,90,10,53,24,36,207.40625,3.699707,0.5,1.09985352,139,7.399414,135,23,1968,0,0
62.20898,1,1,3,0,60,27.3984375,136,8,36.29688,239.21875,3.2998047,0.5,1.19995117,145,7.069336,135,23,1968,0,0
35.93997,1,2,242,5,83,3.59960938,79,20,35,224,3.199707,3.19970703,0.89990234,139,7.419922,135,23,1968,0,1
61.25897,1,1,5,5,59,18.796875,117,12,35.69531,133.3125,2.0996094,11.3984375,1.19995117,146,7.219727,135,23,1968,0,1
70.84698,1,2,296,3,99,44.8984375,110,20,36.5,224,4.0996094,0.5,1.29980469,140,7.419922,135,23,1968,0,1
55.56998,1,2,477,6,140,1.09985352,200,32,36,290.4375,2.5,2.29980469,1.29980469,133,7.539062,135,23,1968,0,0
36.67899,0,1,1397,2,139,18.8984375,114,10,39.5,117.5,2.2998047,0.89990234,10.3984375,135,7.439453,135,23,1968,0,0
65.66199,1,2,75,1,56,0.59997559,122,28,38.19531,296,1.8999023,2.19970703,1.19995117,131,7.419922,135,23,1968,0,0
65.45898,1,1,449,1,79,8.19921875,107,28,36.5,292,3.699707,0.29998779,0.5,140,7.389648,135,23,1968,0,0
68.78894,1,2,450,3,65,5.59960938,61,20,36.69531,380.9375,3,2.39990234,1.69995117,134,7.5,135,23,1968,0,0
62.26099,0,2,1395,2,61,20.0976562,118,40,38,440,2,1,0.59997559,138,7.449219,135,23,1968,0,1
46.086,0,1,1392,1,112,3.89990234,98,20,37.39844,224,3.7998047,0.19998169,1.29980469,139,7.419922,135,23,1968,0,0
66.21198,1,2,4,3,69,12.5996094,96,28,35,90,2.8999023,1.09985352,0.59997559,130,7.209961,135,23,1968,0,6
65.44598,1,2,461,5,33,40.3984375,167,38,36,360,2.7998047,1.59985352,5.89941406,126,7.40918,135,23,1968,0,0
54.98199,1,2,393,2,129,21.8984375,178,34,36.79688,172,1.8999023,0.59997559,3.29980469,134,7.509766,135,23,1968,0,6
80.02197,1,1,6,2,72,1.19995117,116,10,36.89844,215,1.2998047,1.19995117,1.29980469,138,7.369141,135,23,1968,0,5
61.54099,0,2,1392,4,77,8.59960938,126,38,36.19531,233.3125,2.8999023,1.19995117,0.89990234,135,7.429688,135,23,1968,0,0
64.15295,1,1,60,3,115,10.3984375,67,24,38.19531,347.5625,2.2998047,0.59997559,1.09985352,132,7.469727,135,23,1968,0,1
62.04498,1,2,667,2,101,4.69921875,91,26,36.59375,377.75,3.3999023,0.59997559,2.39990234,143,7.25,135,23,1968,1,1
32.534,0,2,1390,1,117,3.09960938,147,50,40.5,126.25,2.8999023,0.59997559,0.79992676,133,7.269531,135,23,1968,0,7
70.836,0,1,1391,4,72,6.29980469,63,20,36.5,224,4.5,0.5,1.29980469,138,7.419922,135,23,1968,0,0
44.35599,0,2,1389,3,116,4.89941406,86,28,36.29688,157.125,3.0996094,0.5,1.09985352,140,7.369141,135,23,1968,0,1
63.80298,1,2,201,2,132,5.09960938,103,24,36.59375,182.5,1.2998047,0.69995117,9.3984375,138,7.349609,135,23,1968,2,1
45.90799,1,2,56,1,107,24.5976562,129,22,38.59375,245,2.0996094,9.29882812,2.69970703,144,7.40918,135,23,1968,0,3
63.52597,0,1,1386,1,50,22.0976562,114,22,38.79688,101.42188,2.0996094,1.29980469,1.59985352,130,7.429688,135,23,1968,0,1
42.17697,1,2,14,3,73,16.796875,104,12,36.19531,236.34375,1.6999512,2.5,0.69995117,136,7.379883,135,23,1968,0,0
71.50696,0,2,1386,1,74,1.59985352,58,24,34.89844,53.05469,3.3999023,4,1.09985352,138,7.459961,135,23,1968,0,1
76.78296,1,1,58,0,54,29.5976562,99,34,38.19531,225,2.5996094,1,2,126,7.419922,135,23,1968,0,1
44.353,1,2,3,5,30,45.59375,117,34,36.59375,116.92188,3,3.09960938,6.5,136,7.229492,135,23,1968,0,0
64.15295,1,2,290,5,142,24,134,10,38.29688,168.875,1.6999512,10.0996094,4.5,132,7.319336,135,23,1968,0,5
73.15295,0,2,1385,1,70,14.2988281,63,28,36.89844,395.1875,2.8999023,0.69995117,6.69921875,148,7.509766,135,23,1968,0,1
64.92297,1,1,8,2,54,6.79980469,101,12,36.19531,194.28125,1.8999023,0.59997559,1.29980469,135,7.40918,135,23,1968,0,3
64.56097,1,2,110,3,68,23.5,128,12,38.39844,215,2.5,1,1.59985352,134,7.399414,135,23,1968,0,7
60.19699,1,2,970,1,142,39.296875,136,14,37.79688,174,2.8999023,0.79992676,0.89990234,142,7.459961,135,23,1968,0,1
75.09698,0,2,1383,3,99,9.09960938,93,20,35.69531,338.0625,2.8999023,0.89990234,1.69995117,142,7.449219,135,23,1968,0,0
80.26794,1,2,3,1,0,19.3984375,0,0,36.69531,54,2,3.59960938,4.39941406,130,7.149414,135,23,1968,0,7
35.98398,0,2,1383,1,104,13.3984375,52,20,38.19531,371.375,3.3999023,1.09985352,0.89990234,139,7.5,135,23,1968,0,0
66.62799,0,1,1380,3,116,11.7988281,109,12,36.59375,360,3.2998047,0.5,1.5,140,7.449219,135,23,1968,1,1
56.909,1,2,9,0,54,11,115,6,36.09375,106.65625,2.8999023,0.89990234,1.09985352,126,7.5,135,23,1968,0,0
61.55197,1,2,7,2,103,0.69995117,104,36,37.79688,151,2.5,0.89990234,1.79980469,148,7.519531,135,23,1968,0,1
36.517,0,2,1377,1,75,20.3984375,129,22,36,200,2.7998047,7.19921875,5.5,128,7.429688,135,23,1968,1,2
22.76199,0,2,1376,0,100,10.8984375,118,33,36.59375,385.6875,3.699707,0.59997559,0.69995117,135,7.419922,135,23,1968,0,0
47.71298,1,1,970,3,85,4.79980469,116,24,36.5,314.25,1.0998535,1.19995117,1.79980469,136,7.379883,135,23,1968,6,6
48.05499,1,2,17,2,98,23.1992188,148,48,38,184.4375,2.8999023,0.89990234,1.29980469,145,7.379883,135,23,1968,0,0
77.94098,1,2,5,1,61,11.2988281,156,26,35.69531,53,2,6.79980469,1.39990234,140,7.199219,135,23,1968,0,2
90.22595,1,1,10,4,62,11.3984375,118,24,35.59375,192,3,0.39996338,0.79992676,153,7.379883,135,23,1968,0,7
66.03699,1,1,159,1,67,5.19921875,114,20,34.89844,224,3.0996094,0.5,1.59985352,132,7.419922,135,23,1968,0,0
67.86298,1,1,15,2,70,17.8984375,144,12,39.09375,225,2.5,0.59997559,0.89990234,131,7.459961,135,23,1968,0,7
70.59796,1,2,8,2,44,16.5,116,12,35.09375,105,1.2998047,2.89990234,4.59960938,146,7.219727,135,23,1968,0,1
52.38898,1,1,540,1,61,0.06999207,122,24,38.79688,224,3.0996094,1.09985352,2.09960938,132,7.419922,135,23,1968,0,2
63.64999,1,1,44,2,105,2.29980469,104,24,36.19531,224,3,0.59997559,7.39941406,123,7.419922,135,23,1968,2,1
84.06598,1,1,1067,3,94,9.29882812,74,28,36,385.6875,2.8999023,0.89990234,1.59985352,140,7.609375,135,23,1968,0,4
46.40097,0,1,1369,3,119,27.796875,114,22,36.5,537,2.8999023,0.89990234,0.89990234,128,7.419922,135,23,1968,0,0
59.14899,1,2,331,5,123,20,100,24,38,224,2.5996094,0.29998779,1.79980469,138,7.419922,135,23,1968,2,3
47.58899,0,2,1369,4,110,10.6992188,110,22,35,224,2.8999023,3.69970703,1.5,135,7.419922,135,23,1968,2,3
76.96399,1,1,32,2,65,21.8984375,62,12,36.19531,300,2.5996094,0.89990234,1.5,131,7.369141,135,23,1968,0,0
68.56396,1,1,56,5,101,11.3984375,70,24,36,231.40625,3.5996094,0.5,6.19921875,132,7.489258,135,23,1968,0,7
73.01794,0,1,1365,0,106,27.796875,113,24,36.89844,292,3.5996094,0.39996338,1.09985352,138,7.429688,135,23,1968,0,0
41.25897,0,2,1366,1,68,13.2988281,103,22,38.09375,182.5,2.8999023,0.79992676,0.89990234,139,7.5,135,23,1968,0,0
79.04999,0,1,1366,1,65,12.1992188,75,32,36.19531,295,2.0996094,0.5,3.5,136,7.419922,135,23,1968,0,3
42.59799,1,2,11,3,137,14,113,30,35.09375,55,1.0998535,5.5,0.39996338,134,7.399414,135,23,1968,0,6
37.073,1,2,76,5,86,10.7988281,118,22,36.69531,295.1875,2.5,0.5,2,131,7.479492,135,23,1968,0,1
70.11395,0,1,1363,2,67,4.59960938,53,20,36.29688,373.75,4,0.39996338,1.5,137,7.439453,135,23,1968,1,1
42.08899,0,2,1363,1,75,0.07998657,77,20,36.79688,224,2.8999023,2.59960938,1.09985352,128,7.419922,135,23,1968,0,2
43.92599,1,2,52,1,117,10.5996094,114,20,36.59375,224,3.5996094,0.89990234,1,136,7.419922,135,23,1968,0,0
69.51996,1,1,21,2,69,6.39941406,120,24,35,276.1875,2.5,1.09985352,1.59985352,141,7.509766,135,23,1968,4,5
32.487,0,2,1363,1,103,12.0996094,129,24,35.09375,344.4375,3.199707,2,0.69995117,129,7.519531,135,23,1968,0,0
48.00497,0,2,1363,3,97,6.89941406,114,20,36.69531,295.1875,2.8999023,4.5,0.79992676,132,7.439453,135,23,1968,3,4
52.09,1,2,841,1,142,38.8984375,68,10,36.5,134,3.199707,1.39990234,2.59960938,155,7.399414,135,23,1968,0,7
61.92999,1,2,56,3,117,9.59960938,133,48,35.5,195.8125,3.2998047,1.39990234,0.79992676,137,7.359375,135,23,1968,2,1
80.39398,1,2,40,2,144,18.0976562,120,24,38,224,2.8999023,1.09985352,1.29980469,129,7.469727,135,23,1968,0,5
32.51199,1,2,32,3,73,36.09375,104,22,36.29688,224,2.2998047,35.796875,3.09960938,129,7.419922,135,23,1968,0,0
68.83496,1,2,347,2,77,11.6992188,85,20,36.79688,224,4,0.5,1.69995117,137,7.419922,135,23,1968,0,1
36.94699,0,2,1356,3,153,11,44,40,35.89844,102.84375,2.2998047,4.89941406,1.5,135,7.389648,135,23,1968,0,1
71.55597,1,1,481,3,53,4.89941406,62,22,35.39844,285.6875,3.3999023,1.39990234,1,130,7.429688,135,23,1968,2,1
81.45898,1,1,120,1,83,22.8984375,112,24,35.69531,224,2.8999023,0.89990234,0.59997559,129,7.419922,135,23,1968,0,2
24.44399,0,1,1352,1,68,20.0976562,120,28,38.89844,376.1875,2.3999023,0.5,1,140,7.419922,135,23,1968,2,1
79.35699,0,1,1352,2,85,6.39941406,50,20,36.39844,224,2.8999023,0.39996338,2.39990234,129,7.419922,135,23,1968,1,1
76.93097,1,2,202,4,105,12.0996094,112,22,36.29688,248,4,0.39996338,1.19995117,145,7.429688,135,23,1968,0,7
56,0,2,1350,3,73,11.1992188,125,31,38,130,4.1992188,1.29980469,1.19995117,134,7.489258,135,23,1968,0,0
28.47099,1,2,235,1,96,10.5996094,74,20,37.69531,224,3.5996094,0.39996338,0.69995117,135,7.419922,135,23,1968,0,0
37.254,0,2,1351,2,76,33.3984375,118,32,38.39844,286.625,2.7998047,3.29980469,0.69995117,130,7.429688,135,23,1968,1,1
55.16498,1,2,30,2,53,18.5976562,117,29,39.19531,145,1.7998047,5.29980469,1.29980469,148,7.389648,135,23,1968,0,1
55.81699,1,1,116,2,71,15.8984375,114,12,36,111.65625,2.199707,0.5,0.59997559,142,7.469727,135,23,1968,0,7
60.34799,1,2,205,1,78,6.79980469,98,20,36.09375,224,3.5996094,0.19998169,1,135,7.419922,135,23,1968,0,1
76.89496,1,2,26,2,89,0.17999268,71,22,38.09375,224,2.8999023,0.89990234,1.39990234,135,7.419922,135,23,1968,0,6
57.55798,1,1,25,1,61,15.1992188,132,28,37.59375,106.65625,1.2998047,5.5,0.69995117,130,7.389648,135,23,1968,0,0
67.87396,1,2,36,3,114,11.5996094,67,30,36.59375,380,2.8999023,0.5,0.89990234,139,7.529297,135,23,1968,1,1
76.745,1,1,185,2,58,29.5976562,71,10,39.09375,166.65625,2.199707,0.69995117,0.79992676,141,7.439453,135,23,1968,0,0
71.29895,1,2,134,3,81,9.19921875,138,20,36.59375,283.3125,2.8999023,0.29998779,8.3984375,135,7.429688,135,23,1968,1,1
57.71698,1,1,14,1,116,2.39990234,118,20,36.39844,224,2.699707,0.79992676,5.69921875,138,7.419922,135,23,1968,5,6
41.306,0,2,1342,3,101,10.2988281,110,20,37.89844,338.0625,3,9.3984375,0.59997559,132,7.519531,135,23,1968,0,0
48.51999,0,1,1342,0,109,18.0976562,62,27,36.29688,596.25,4.2998047,0.19998169,0.59997559,145,7.40918,135,23,1968,0,7
30.70799,1,2,250,3,79,3.59960938,110,22,35.79688,446.625,3.5996094,1.59985352,1.69995117,133,7.539062,135,23,1968,0,1
68.29596,1,1,5,0,121,11.5996094,138,12,35.29688,212.5,2.5996094,0.5,1.19995117,150,7.489258,135,23,1968,0,1
57.98999,1,2,46,4,81,22.796875,73,28,36,224,2.2998047,3.79980469,0.59997559,134,7.419922,135,23,1968,0,3
86.22595,1,1,8,1,128,14.8984375,54,24,38,370,3.0996094,0.89990234,2.39990234,137,7.479492,135,23,1968,0,7
85.35498,1,1,311,3,53,21.1992188,137,36,37.79688,142.21875,2.8999023,0.89990234,1.19995117,132,7.459961,135,23,1968,0,7
44.25699,1,1,20,1,85,1.89990234,76,12,35.89844,342.8125,3.0996094,0.69995117,0.59997559,131,7.519531,135,23,1968,0,0
52.14798,1,1,72,3,58,0.06999207,141,32,39,215,2.7998047,0.79992676,1.59985352,155,7.419922,135,23,1968,0,0
47.79498,0,2,1339,4,113,18.0976562,118,28,36.09375,323.75,3.8999023,0.5,1.5,125,7.399414,135,23,1968,2,2
74.56494,1,1,4,2,57,9.5,130,32,35.39844,290,1.5,0.79992676,0.39996338,142,7.529297,135,23,1968,0,2
39.45798,1,2,1172,4,111,11.3984375,96,20,36.59375,224,2.5,0.39996338,3.89990234,132,7.419922,135,23,1968,5,3
61.31097,1,2,218,1,97,10.5996094,101,22,36.29688,224,4.2998047,0.5,1.39990234,135,7.419922,135,23,1968,0,1
81.224,1,1,30,4,75,3.59960938,70,20,35.79688,204.75,4.3994141,0.69995117,0.69995117,136,7.299805,135,23,1968,1,1
68.78296,1,2,22,5,71,12.7988281,106,26,36.79688,259.25,2.8999023,7.39941406,1,131,7.449219,135,23,1968,0,2
85.41498,1,2,4,3,36,13,46,32,39.5,98.32812,2.7998047,0.59997559,5.09960938,136,7.429688,135,23,1968,0,1
77.125,1,1,193,3,67,4.89941406,100,22,36.19531,224,3.7998047,1.69995117,1.19995117,136,7.419922,135,23,1968,1,0
76.22198,0,2,1330,1,113,15.2988281,60,28,37.59375,144.875,3.5996094,1,0.89990234,141,7.439453,135,23,1968,5,1
50.702,1,2,968,2,110,24.1992188,120,32,36.39844,145.6875,3.5996094,0.79992676,0.89990234,144,7.379883,135,23,1968,0,0
74.81696,0,1,1328,4,107,15.5996094,111,38,36.19531,164.5,3.2998047,0.59997559,1.89990234,138,7.339844,135,23,1968,1,0
77.57397,0,1,1328,1,131,0.08999634,76,24,39.39844,224,3.199707,1.69995117,1.69995117,132,7.419922,135,23,1968,0,1
66.77899,1,1,7,2,126,28,130,30,35.39844,138,2,3.09960938,0.5,127,7.429688,135,23,1968,0,0
65.13898,0,2,1326,3,104,4.79980469,77,28,36.79688,328,4.3994141,1.09985352,0.79992676,140,7.389648,135,23,1968,0,1
61.435,0,1,1325,2,74,35,126,10,36.59375,240,2.7998047,0.5,0.59997559,144,7.339844,135,23,1968,0,0
45.89999,1,1,90,2,78,10.0996094,110,24,37.79688,338.0625,2.7998047,30,0.79992676,134,7.479492,135,23,1968,4,0
29.073,1,2,1237,1,79,14.1992188,79,22,37,380.9375,3.8999023,2.19970703,0.89990234,134,7.429688,135,23,1968,0,1
28.81299,1,2,10,0,125,13.5,134,14,39.89844,146,1.8999023,10.7988281,2.89990234,146,7.319336,135,23,1968,0,0
63.17599,1,1,9,1,69,37.59375,120,40,33.19531,134.6875,2.699707,1.39990234,3,130,7.449219,135,23,1968,0,1
62.004,0,1,1324,4,141,8.5,65,20,36.79688,224,2.8999023,0.5,1.59985352,140,7.419922,135,23,1968,0,0
60.44098,1,2,4,1,36,11.5,72,22,34,188.5625,2.199707,0.39996338,0.79992676,135,7.509766,135,23,1968,0,1
69.50897,0,1,1322,4,116,13.2988281,81,20,37.89844,224,2.8999023,0.89990234,1.89990234,134,7.419922,135,23,1968,0,1
33.72998,0,1,1321,0,95,5,104,24,37.69531,253.03125,2,1.09985352,0.69995117,133,7.40918,135,23,1968,4,2
57.71399,1,1,31,4,89,40.09375,96,24,39.59375,261.875,2.5996094,0.5,1.09985352,141,7.489258,135,23,1968,0,5
70.40094,1,2,307,4,108,7.59960938,74,22,36.29688,380.9375,3.5996094,1,1.59985352,140,7.5,135,23,1968,0,1
26.26099,1,2,4,4,41,11.6992188,0,46,39.09375,167.5,2.5,0.89990234,1.69995117,143,7.199219,135,23,1968,0,1
70.79297,1,2,668,5,107,5.89941406,53,22,35.69531,224,4.3994141,0.69995117,1.39990234,141,7.419922,135,23,1968,0,1
63.56998,1,2,227,0,118,17.796875,136,8,39.19531,190,2,1.39990234,1.19995117,150,7.40918,135,23,1968,0,0
52.29797,1,2,25,1,57,22.5976562,136,32,39.19531,131.09375,2.3999023,0.69995117,1.09985352,147,7.569336,135,23,1968,0,6
50.10797,1,1,448,1,74,0,101,20,35.79688,224,2.5996094,0.5,0.89990234,133,7.419922,135,23,1968,0,0
40.57999,0,2,1316,0,60,12,132,14,38.39844,108,1.6999512,2.89990234,4.79980469,142,7.279297,135,23,1968,0,1
53.823,1,1,68,1,89,0.69995117,101,20,36.69531,224,2.8999023,0.89990234,0.89990234,135,7.419922,135,23,1968,1,1
74.22894,1,2,118,1,77,9.8984375,107,28,36.29688,276.625,2.5,1.69995117,1.39990234,131,7.479492,135,23,1968,3,6
76.61096,1,2,160,3,62,5.39941406,110,20,36.39844,376.1875,2.8999023,1.19995117,1.29980469,138,7.529297,135,23,1968,0,1
49.28699,1,2,28,1,115,34.09375,140,28,38,347.5625,2.3999023,3.39990234,0.5,137,7.489258,135,23,1968,0,1
69.37994,1,1,55,2,59,5.5,136,22,36.59375,224,2.5,1.5,1.19995117,130,7.419922,135,23,1968,1,0
70.88599,1,2,793,2,94,17.5976562,118,24,36.59375,280,4,1,1,136,7.369141,135,23,1968,1,0
62.59299,1,2,36,7,120,20.5,61,33,36,257.125,2.199707,3.09960938,1.29980469,129,7.399414,135,23,1968,0,0
36.98297,1,2,60,1,73,10.5996094,107,28,35.89844,280,2.3999023,2.39990234,1.29980469,127,7.449219,135,23,1968,0,0
52.19199,1,1,179,1,86,8.5,59,20,36.5,224,3.2998047,1,0.79992676,136,7.419922,135,23,1968,0,0
70.46997,1,1,100,1,50,29.296875,80,10,36.39844,115.54688,1.6999512,6.89941406,0.59997559,135,7.429688,135,23,1968,0,0
78.80597,1,2,15,1,66,17.5,71,20,35.89844,523.75,2.5,1.59985352,2.29980469,142,7.459961,135,23,1968,0,2
71.78894,1,2,937,2,82,24.1992188,106,15,38.09375,91.25,2.5,1.5,2.5,144,7.369141,135,23,1968,0,6
34.875,1,2,14,2,51,2.19970703,160,28,35.89844,123.75,2.2998047,1.5,0.69995117,132,7.419922,135,23,1968,0,0
78.97095,1,1,30,2,101,9.79882812,76,22,36.09375,224,2.8999023,0.89990234,1.19995117,129,7.419922,135,23,1968,0,1
62.74298,0,1,1302,4,132,11.7988281,96,24,36.69531,252.375,2.8999023,0.39996338,2.39990234,136,7.329102,135,23,1968,2,1
84.112,1,2,274,3,61,3.19970703,138,36,39,191.40625,2,1.09985352,2.5,150,7.329102,135,23,1968,0,7
59.23898,1,1,5,1,63,19.296875,122,24,37.79688,224,2.8999023,0.89990234,1.69995117,122,7.419922,135,23,1968,0,0
53.465,1,2,225,2,71,9.3984375,71,22,35.89844,152,4.1992188,0.59997559,1.59985352,138,7.099609,135,23,1968,0,1
47.439,1,1,323,2,104,17.296875,113,20,36.19531,566.625,2.5996094,12,0.5,144,7.489258,135,23,1968,1,1
41.91898,1,2,24,3,76,3.79980469,69,20,36,224,1.6999512,25.296875,0.5,135,7.419922,135,23,1968,3,4
71.04395,1,1,8,3,62,10.5,65,10,38.59375,346.625,2.699707,0.29998779,1.09985352,166,7.399414,135,23,1968,0,7
77.55194,1,2,163,2,155,17.8984375,125,28,38.89844,226.65625,2.199707,0.79992676,1.5,137,7.429688,135,23,1968,0,3
57.25699,1,2,230,2,95,10.5,58,24,37.5,224,2.8999023,0.79992676,0.79992676,138,7.419922,107,6,940,0,0
61.84,0,1,1090,3,65,9.5,105,28,38.09375,137.5,2.8999023,0.89990234,2,137,7.419922,126,29,4955,0,0
67.31,1,1,22,1,83,5.5,100,18,36.69531,274.0625,2.8999023,0.39996338,0.69995117,137,7.389648,242,10,1968,1,2
25.43199,0,1,1088,2,48,3.89990234,115,12,35.59375,388,2.5996094,1.5,9.79882812,126,7.449219,205,56,0,0,0
50.19598,1,2,13,2,83,7.79980469,74,24,36.79688,224,3,0.59997559,0.79992676,141,7.419922,106,11,1968,0,0
77.21295,1,2,434,2,121,14.5996094,74,20,36.09375,224,3.5996094,0.39996338,0.69995117,140,7.419922,73,7,2310,0,0
72.20795,1,1,6,1,122,26.5,125,8,38.09375,304,2.8999023,15.1992188,8.59960938,139,7.359375,166,78,0,0,0
79.10699,1,2,403,2,68,21.6992188,145,25,35.5,445,1.8999023,0.79992676,3.79980469,135,7.229492,151,54,1850,0,0
61.78198,0,2,1085,3,63,10.5996094,71,28,36,195,2.8999023,1.19995117,1.89990234,147,7.379883,106,41,1020,1,1
51.34299,1,2,493,1,127,19.796875,120,10,37.79688,171.40625,2.8999023,0.59997559,1.19995117,144,7.319336,260,35,1720,0,1
79.93994,1,2,10,5,55,14.3984375,60,34,38.79688,237.125,2,0.89990234,1.09985352,130,7.379883,251,17,480,0,7
54.853,1,1,14,4,113,20.6992188,75,11,38.79688,290,2.8999023,0.89990234,6.5,132,7.389648,85,44,230,0,2
58.349,0,1,1080,4,102,11.0996094,125,52,39.59375,152,2.8999023,0.69995117,0.69995117,131,7.419922,178,31,770,2,1
34.44199,0,2,1079,1,65,8.69921875,95,29,38.39844,159.15625,2.8999023,0.89990234,3.5,136,7.30957,151,77,1920,0,0
60.64899,1,1,92,4,0,12.1992188,0,0,36.09375,157,2.8999023,0.89990234,0.89990234,143,7.239258,141,15,3040,4,1
73.98199,1,2,4,3,53,21.296875,110,36,36.19531,205,2.8999023,0.89990234,2.19970703,139,7.349609,144,35,425,0,1
43.98898,0,2,1079,3,102,6.5,70,12,38.09375,266.625,2.8999023,0.89990234,0.59997559,135,7.459961,103,7,5570,3,1
34.56799,0,1,1077,0,113,18.3984375,105,35,38.59375,177.5,3.0996094,1.5,0.59997559,138,7.419922,86,48,3700,0,2
73.08997,1,1,5,0,62,6.79980469,65,10,35,596,2.8999023,1.29980469,0.59997559,135,7.389648,183,12,713,0,1
63.51297,1,2,25,3,115,11,65,48,38.5,170,2.8999023,0.5,0.79992676,131,7.40918,144,16,6820,0,0
51.431,1,2,11,1,113,7.59960938,95,16,36.29688,224,2.8999023,1.69995117,0.59997559,130,7.419922,193,25,1968,0,0
59.34598,0,1,1076,2,131,8.69921875,55,20,36.19531,253.03125,2.8999023,0.89990234,2.79980469,144,7.389648,84,49,800,0,0
78.448,1,2,5,2,96,5.39941406,126,24,38.29688,266.625,3.199707,0.89990234,1.19995117,142,7.439453,90,44,1350,0,1
52.189,1,2,284,1,74,7.69921875,72,20,38.5,224,2.8999023,0.89990234,0.79992676,130,7.419922,103,12,1550,2,1
66.62,1,1,217,3,115,11.7988281,60,10,36.59375,215,3.0996094,0.89990234,0.69995117,132,7.449219,189,16,5230,0,1
53.43698,1,2,295,5,107,8.79882812,115,22,37.89844,218.5,2.8999023,0.89990234,0.59997559,128,7.399414,116,4,2275,0,1
75.01697,0,1,1074,4,72,0.09999084,145,36,35.59375,250,2.8999023,0.39996338,1.19995117,136,7.439453,185,61,3070,3,3
37.34998,0,2,1073,1,62,14.1992188,120,34,38.29688,240,2.8999023,0.89990234,2.29980469,144,7.419922,308,83,4245,0,1
63.439,0,1,1073,1,78,4.79980469,80,6,36.39844,306.625,2.8999023,1.19995117,0.59997559,141,7.439453,148,7,6310,0,1
69.32794,1,1,411,1,63,7.09960938,75,28,36.09375,224,3.699707,1,3.19970703,143,7.419922,84,75,2400,1,2
59.86298,1,1,11,2,105,4.89941406,140,40,38.19531,176.65625,2.8999023,7.5,0.59997559,135,7.489258,115,11,2860,0,4
77.45697,1,2,27,1,77,5.39941406,59,20,35.89844,224,2.8999023,0.59997559,1.09985352,138,7.419922,80,15,1968,0,0
66.73798,1,2,397,2,130,13.0996094,65,10,36.5,356.625,2.8999023,0.59997559,1.29980469,138,7.339844,256,11,1968,0,0
35.35699,1,2,490,2,97,4.79980469,52,16,37.79688,224,2.8999023,0.59997559,1.39990234,139,7.419922,103,19,3120,0,0
40.94498,1,2,77,2,79,14.2988281,140,24,36.19531,357.125,2.5996094,0.79992676,1.89990234,135,7.439453,182,24,1700,1,0
81.38495,1,2,283,2,65,10.5996094,105,10,37.59375,145,1.5998535,0.89990234,3.19970703,138,7.439453,99,39,1105,0,1
80.21899,1,2,28,3,62,5.79980469,115,31,37.69531,142.5,2.0996094,0.79992676,0.69995117,136,7.479492,115,11,3090,0,0
64.13995,1,2,435,4,52,6.29980469,125,24,36.19531,224,2.8999023,1.59985352,1.39990234,133,7.419922,100,15,3540,0,0
41.383,1,2,519,2,103,5.69921875,120,24,36.59375,224,3.7998047,0.39996338,0.79992676,135,7.419922,120,4,925,5,4
66.28595,1,2,8,3,127,20.1992188,96,20,36.59375,428,2.8999023,0.89990234,3.59960938,132,7.239258,132,87,1968,0,0
54.12198,1,2,278,4,83,4.59960938,72,16,36.79688,224,3.8999023,0.79992676,1,137,7.419922,113,9,6000,0,1
60.69299,0,1,1062,3,0,10.1992188,70,22,36.59375,142,2.8999023,0.79992676,2.09960938,133,7.40918,98,38,2170,0,7
73.76599,1,2,17,2,137,14.7988281,59,12,36.29688,145,2.8999023,0.89990234,0.79992676,123,7.479492,157,29,1845,0,0
51.52399,0,1,1060,3,68,6.09960938,115,20,37.79688,324,2.8999023,0.79992676,0.69995117,137,7.439453,132,6,2450,4,4
74.51099,1,2,18,3,110,6.89941406,100,24,37.5,224,2.8999023,0.69995117,0.69995117,138,7.419922,105,14,6500,5,4
52.58899,0,2,1060,0,62,21.1992188,70,27,36.39844,132,2.8999023,0.5,0.79992676,145,7.5,228,27,1180,1,0
70.21997,0,2,1059,2,68,6.19921875,125,30,36.59375,122.21875,2.8999023,0.89990234,3,136,7.319336,118,57,1525,0,1
74.19598,0,2,1057,1,82,8.79882812,96,24,37.19531,314.25,4,0.59997559,1.19995117,141,7.479492,95,9,1968,0,0
45.60699,0,2,1057,0,80,10.5996094,104,20,36.5,260,2.8999023,0.79992676,1.09985352,143,7.469727,143,16,987,5,5
82.85797,1,1,11,6,99,8.19921875,114,20,35.79688,224,2.7998047,1.09985352,4.09960938,136,7.419922,83,62,850,0,2
69.83398,1,1,15,4,127,13.7988281,150,12,38.79688,133.3125,2.3999023,1,1.29980469,146,7.369141,148,20,2645,0,3
60.98297,1,1,97,1,132,16.0976562,118,34,38.5,63.32812,2.5,6.19921875,3.5,136,7.549805,251,36,218,3,0
48.08197,1,2,147,1,108,10.5996094,70,20,35.59375,448,3.8999023,0.5,3.19970703,138,7.40918,99,64,850,0,0
59.81097,1,2,9,3,105,20.0976562,114,12,40.59375,415,4.2998047,0.59997559,2,147,7.639648,402,56,1350,0,0
28.112,0,2,1055,0,72,4.79980469,79,20,35.59375,224,2.8999023,0.5,2.29980469,137,7.419922,99,45,3535,0,1
64.85999,0,2,1055,0,71,11.0996094,106,6,36.19531,140,2.8999023,0.89990234,2.29980469,121,7.419922,611,50,1175,0,1
55.38098,1,1,106,3,92,10.6992188,114,22,37.09375,134.6875,3.3999023,0.19998169,0.89990234,137,7.299805,152,35,1968,0,0
62.327,1,2,75,6,48,13.6992188,147,28,38,240,1.6999512,0.59997559,5.19921875,151,7.349609,104,102,2010,0,1
59.03598,1,2,204,2,69,24.0976562,129,22,38.09375,115,2.8999023,1.79980469,1.19995117,145,7.5,365,42,3327,2,4
84.53699,1,1,79,1,103,8.79882812,80,20,36.19531,224,2.8999023,0.39996338,1.29980469,131,7.419922,300,28,1968,0,7
44.931,1,2,5,3,60,13.1992188,61,28,36.19531,195,2.5996094,1.09985352,0.5,134,7.359375,94,16,1490,0,2
72.02496,1,1,735,2,105,24.5,114,24,36.39844,214.8125,4.2998047,0.69995117,0.79992676,138,7.429688,348,19,2300,0,1
50.461,1,1,730,2,24,17.5,0,34,38.39844,77,3.0996094,0.79992676,2,132,7.359375,199,33,129,0,1
62.724,1,1,117,1,71,13.1992188,79,20,36.79688,224,2.5,22,0.69995117,132,7.419922,339,5,1968,2,0
30.24199,0,2,1043,2,70,7.19921875,67,10,38.89844,222.5,2.2998047,1,1.19995117,133,7.419922,115,10,3270,0,7
74.47797,1,1,271,0,147,63.796875,157,34,40.19531,94,2.3999023,1.29980469,0.59997559,134,7.369141,184,23,1870,0,7
63.56198,1,1,546,1,61,19.5,118,29,38,206.65625,3.5996094,0.59997559,1.19995117,137,7.449219,89,18,560,7,6
50.05099,1,2,56,2,105,8.09960938,122,30,36.89844,132.5,3,13.3984375,1.09985352,137,7.339844,109,42,2155,0,0
70.60596,1,1,130,1,105,8.3984375,118,16,35.59375,273.3125,3.2998047,1.19995117,1,135,7.459961,214,32,2935,0,7
73.59296,1,2,25,3,53,21.796875,67,28,35.5,224,2.199707,0.19998169,0.69995117,131,7.419922,80,12,750,0,0
77.73596,1,1,18,1,83,10.5996094,76,18,36.5,224,2.8999023,0.89990234,1.19995117,135,7.419922,86,6,5050,0,5
49.56897,1,2,27,1,74,9.09960938,101,24,35.79688,224,4.5,1.79980469,2,137,7.419922,100,46,1968,0,1
62.05298,0,2,1039,2,103,10.6992188,68,14,36,247.59375,3.5996094,0.79992676,1.79980469,138,7.40918,122,35,4050,0,0
63.51498,1,2,914,0,70,3.33984375,150,22,36.5,303.3125,2.699707,0.69995117,2.5,133,7.419922,205,39,2520,0,0
76.73096,1,2,157,1,114,5.5,119,41,40.29688,296.625,2.5996094,1.5,1.89990234,147,7.399414,216,27,4517,0,0
76.62695,1,1,26,2,55,36.59375,190,24,36.39844,455.5,1.3999023,0.89990234,6.29980469,125,7.40918,89,68,1100,0,5
75.53699,0,2,1038,0,100,6.89941406,110,24,36.89844,224,3.7998047,0.29998779,1,139,7.419922,125,10,2520,0,0
36.73898,0,1,1036,1,47,0.79992676,124,36,35.79688,177.75,2.5,0.69995117,2.09960938,136,7.40918,99,54,1280,0,0
66.71594,0,2,1037,1,130,20.1992188,156,40,36.09375,220.40625,2.0996094,5.09960938,1.29980469,127,7.389648,57,26,1525,4,1
48.91699,0,1,1037,0,79,9.29882812,118,24,36,404.75,3.699707,0.59997559,2.19970703,132,7.489258,110,55,1645,1,1
80.73895,0,1,1036,1,81,0.04999542,104,22,40,224,2.5,1.79980469,1,132,7.419922,254,13,4725,0,0
71.01996,1,1,3,1,70,13.1992188,126,24,39.39844,224,2.5,0.5,0.89990234,132,7.419922,90,8,1968,0,1
30.765,1,2,832,0,83,10.5996094,135,20,35.89844,476,3.8999023,0.39996338,1.29980469,139,7.399414,404,22,3800,0,1
41.95999,1,1,5,3,76,7.89941406,124,24,36.39844,167.34375,2.3999023,6,3,133,7.359375,173,70,638,0,0
79.258,1,2,37,1,107,19.0976562,107,24,36.59375,165.28125,2.2998047,2,7.39941406,135,7.319336,242,80,790,0,5
79.159,1,2,15,5,75,5.29980469,104,40,38.29688,283.3125,2.5,1,0.79992676,143,7.399414,97,7,4550,0,7
70.38495,1,2,4,3,74,41.3984375,107,8,37.79688,247.5,2.2998047,5.5,4.5,146,7.359375,233,147,1955,0,1
91.86597,1,1,6,0,67,6.5,93,20,37.5,224,2.199707,1.19995117,3.59960938,140,7.419922,75,49,1968,0,1
71.81396,1,1,845,4,69,7.19921875,107,24,37.79688,224,2.8999023,0.39996338,0.79992676,140,7.419922,146,13,425,0,6
66.09998,1,1,34,4,62,3.69970703,106,27,38,224,2.5996094,38.8984375,1.19995117,126,7.419922,86,29,1465,0,0
42.31598,0,2,1030,0,119,10.2988281,114,32,36.19531,232.625,4.0996094,0.19998169,1.09985352,138,7.419922,182,19,2020,0,0
45.05698,0,2,1027,0,99,25.6992188,107,24,36.39844,228.5625,2.5996094,1.19995117,0.69995117,135,7.399414,84,15,1200,0,0
73.49194,0,2,1027,3,71,18.8984375,126,24,39,268,2.7998047,1,1.09985352,131,7.579102,107,13,4010,5,4
63.23599,1,2,33,3,100,11.6992188,82,20,36.19531,224,3.699707,1,0.89990234,138,7.369141,175,17,1550,0,2
38.59799,1,2,187,2,102,10.5996094,77,30,38.29688,224,3.0996094,1.59985352,1.09985352,139,7.419922,86,19,3100,0,1
66.05597,1,2,32,1,83,7.59960938,123,28,38.39844,265.6875,1.6999512,1.09985352,2.5,135,7.429688,132,51,2523,0,6
68.59399,1,2,758,4,123,9.69921875,70,20,35.79688,224,2.8999023,0.89990234,2.09960938,133,7.449219,116,41,1750,0,1
78.05298,0,2,1025,4,111,9.3984375,120,10,36,217.5,1.6999512,3.79980469,3.79980469,138,7.359375,80,55,435,7,5
67.86896,1,2,87,4,77,7.89941406,110,24,36.19531,224,3,1.5,0.89990234,131,7.419922,220,11,1350,5,1
65.24298,1,2,31,6,103,4.79980469,65,22,37.29688,224,2.8999023,0.5,3.69970703,132,7.419922,101,50,4700,3,1
94.70996,1,2,4,0,61,17.296875,115,14,38.69531,180,2,11.8984375,2.29980469,157,7.459961,368,72,2645,0,5
45.57999,1,1,9,0,121,22.6992188,136,27,39,232.5,3.199707,0.59997559,1.09985352,136,7.469727,128,10,2600,0,0
63.16199,1,1,12,2,118,8.09960938,64,12,38.69531,187.5,2,8,0.79992676,136,7.419922,79,12,4825,0,0
66.08899,1,1,154,1,79,8.29882812,110,24,35.79688,204.75,3.5996094,1.29980469,0.59997559,139,7.419922,262,8,1968,0,0
65.86395,1,2,8,3,139,17.296875,124,38,36,182.84375,4.0996094,0.79992676,0.89990234,142,7.509766,151,19,1968,0,0
51.96198,0,2,1019,1,72,5.89941406,65,28,35.39844,224,3.3999023,1,1.39990234,137,7.5,95,29,600,0,0
78.71295,1,1,61,4,72,13.7988281,110,32,38.09375,304,2.8999023,0.19998169,7,173,7.339844,98,148,525,0,1
77.87,1,1,232,1,72,22.5,167,12,37.09375,336.625,1.8999023,5.09960938,1.39990234,118,7.489258,219,57,842,0,0
56.86499,1,2,13,2,61,6.79980469,94,8,36.5,336.625,2.3999023,0.5,0.79992676,137,7.469727,160,15,1855,0,1
23.68799,0,2,1018,0,68,11.0996094,103,36,36.19531,293.3125,2.2998047,3.69970703,1.29980469,136,7.429688,277,23,2470,0,1
48.98798,1,1,501,2,123,23,136,26,36.39844,310,2.699707,1,3.29980469,142,7.459961,230,54,1546,0,2
19.70999,1,2,303,0,57,5,129,12,39.39844,108.32812,2.5,2.29980469,0.79992676,131,7.459961,91,6,3275,0,7
62.75198,0,1,1016,0,50,7.09960938,50,10,34.09375,380.9375,2.5,0.5,1.5,150,7.399414,47,33,2535,0,0
56.71698,1,2,437,1,96,1.19995117,69,20,36.29688,224,3.2998047,0.29998779,0.89990234,142,7.419922,170,10,2750,0,1
59.79498,0,1,1012,4,71,0.29998779,114,20,36.89844,224,3.7998047,1,1.69995117,133,7.419922,188,21,2575,1,4
85.284,1,1,42,3,73,40.6953125,77,38,35.69531,104,2,0.59997559,2.69970703,141,7.5,152,59,319,2,1
77.85596,1,1,7,2,64,12.2988281,120,37,39.09375,160,2.5,0.69995117,1.59985352,132,7.429688,114,22,1810,0,0
67.08295,0,2,1009,1,117,9.3984375,77,36,36.39844,224,2.8999023,0.89990234,0.79992676,126,7.419922,112,16,1850,0,1
67.836,0,2,1008,1,74,17.296875,65,36,37.69531,108.32812,2.3999023,9.69921875,1.29980469,129,7.469727,74,32,2419,0,0
78.05597,1,1,195,2,69,9.5,189,10,38.5,146,1.3999023,2,1.79980469,147,7.599609,208,37,2517,0,4
71.95599,0,1,1008,3,113,12.5996094,63,36,35.89844,286.625,2.3999023,2.59960938,1.29980469,136,7.40918,152,29,2150,1,0
65.88599,1,1,18,1,77,14,104,20,36.09375,203.3125,4.1992188,0.39996338,1.09985352,142,7.449219,145,21,3090,1,0
57.13898,1,1,35,3,120,16,48,10,35.29688,188,1.8999023,0.69995117,0.69995117,134,7.509766,138,17,2713,0,6
67.68195,1,1,9,2,53,17,120,26,38.79688,230,2.5996094,5.39941406,1.59985352,155,7.449219,143,46,2690,0,0
63.814,1,2,92,3,134,8.29882812,129,8,38,193.3125,2.7998047,1.69995117,0.89990234,147,7.5,62,11,7220,1,0
87.29095,1,1,23,1,74,10.5996094,116,16,36.19531,428,3.7998047,1,1.39990234,141,7.479492,74,23,4760,0,4
67.29895,1,2,706,1,130,10.8984375,71,32,38,202.5,3,0.69995117,1.39990234,143,7.469727,162,10,1305,0,2
53.88898,0,1,1002,2,116,10.5,72,8,36.59375,195,2.699707,1.19995117,1.29980469,139,7.389648,137,22,1760,0,6
51.43298,0,1,1002,0,31,18.5976562,63,36,36.29688,122.5,2.199707,2,0.89990234,138,7.459961,107,20,2030,0,0
74.47498,1,2,265,1,69,42.59375,101,24,37.89844,224,4.0996094,1.39990234,1.5,128,7.419922,99,30,2200,0,0
51.41699,0,1,1000,0,56,17,129,24,38.19531,72,2.5,5.5,5,146,7.289062,37,40,207,0,0
63.258,0,2,1000,5,68,4.79980469,71,24,36.39844,240,3.2998047,0.5,0.89990234,137,7.349609,97,12,1968,0,0
66.00098,0,2,1000,1,75,28.796875,96,24,35.39844,77.54688,1.7998047,0.69995117,4.79980469,145,7.449219,322,158,1430,0,0
56.88397,1,2,24,1,85,3.59960938,135,30,35.59375,112.23438,2.5,0.19998169,1.19995117,147,7.229492,180,27,1300,0,0
51.55399,0,1,998,3,147,16.1992188,153,28,38,93.32812,4.5996094,1.29980469,1.89990234,129,7.5,254,33,1495,0,1
77.96594,1,1,11,0,67,11.0996094,147,38,38.19531,180,2.0996094,0.59997559,1.39990234,134,7.40918,278,28,1310,0,1
41.405,0,2,998,3,47,18.3984375,150,34,39.5,306,1.3999023,2.19970703,1.5,146,7.379883,373,42,2545,3,2
59.41699,0,2,997,3,135,19.8984375,111,7,38.39844,340,3.2998047,0.89990234,0.79992676,136,7.449219,138,5,3625,4,1
78.76196,1,1,164,4,60,12.5,124,32,38.69531,245.6875,2.8999023,0.89990234,0.89990234,137,7.429688,164,20,1800,0,0
70.04199,1,1,92,4,77,9.79882812,70,12,36.19531,404.75,4,0.5,1.79980469,140,7.549805,83,22,900,1,0
57.366,1,1,156,1,143,26.3984375,118,30,37,278,2.3999023,1.19995117,1.89990234,154,7.429688,256,47,3655,0,1
70.69098,1,2,24,2,71,5,108,20,37.5,224,2.699707,2.39990234,1.29980469,132,7.419922,134,35,1968,0,0
70.17395,0,1,996,5,67,2.69970703,100,28,36.59375,371.375,2.8999023,0.89990234,2,147,7.489258,254,78,2375,0,1
37.71899,0,2,994,3,114,5.59960938,79,20,36.5,224,2.5996094,5.09960938,1,133,7.419922,112,7,1968,0,1
29.33099,1,1,36,2,64,11.0996094,110,28,36.69531,209.5,4.0996094,0.59997559,1.09985352,142,7.389648,176,22,1500,0,2
63.10199,1,2,24,0,107,11.0996094,107,28,35.39844,224,3.2998047,0.29998779,1.19995117,147,7.419922,161,7,1200,0,0
47.97299,1,2,3,0,68,11.0996094,77,22,36,224,4.0996094,1,1.19995117,122,7.419922,1051,22,1450,0,0
63.10199,1,2,8,5,97,4.29980469,50,16,35.79688,238.09375,3.0996094,0.29998779,2.5,146,7.289062,64,71,1535,0,0
67.64697,1,1,234,3,100,11.0996094,151,11,39,80,2,0.5,0.59997559,147,7.40918,77,7,2000,0,1
91.69598,0,2,989,1,61,24.3984375,99,10,38.29688,148.3125,2.0996094,40.09375,0.89990234,158,7.419922,135,54,433,0,2
68.24597,1,2,18,2,63,30.0976562,118,22,37.29688,310,1.1999512,0.5,0.5,127,7.429688,115,8,1980,0,3
43.754,1,1,4,1,47,15.0996094,150,30,36.59375,177.53125,2.8999023,2.79980469,1.29980469,154,7.369141,192,36,1670,7,5
54.08398,1,1,23,0,76,8.29882812,70,20,35.89844,224,3.699707,0.39996338,1.09985352,139,7.419922,98,11,3850,0,0
74.02899,1,1,16,3,59,18.0976562,77,28,36.09375,224,3.8999023,0.59997559,0.69995117,141,7.419922,115,4,590,0,0
52.93399,0,2,986,5,61,18.3984375,124,9,36.69531,133.3125,3,1.89990234,8.8984375,154,7.479492,165,111,744,0,3
69.74896,0,1,988,2,120,27.6992188,106,40,38.09375,224,3.2998047,1.19995117,10.2988281,135,7.389648,254,83,0,6,5
78.17896,1,1,46,5,45,18.296875,100,20,37.59375,300,2.8999023,0.89990234,0.89990234,138,7.399414,100,15,1355,0,7
45.862,0,2,985,2,60,4.39941406,113,14,36.69531,88.875,1.8999023,0.39996338,0.59997559,135,7.459961,388,10,5840,0,1
68.77795,1,2,34,4,64,6.29980469,120,42,39.09375,257.125,2.699707,0.89990234,0.29998779,132,7.55957,135,2,2415,0,5
49.41498,1,2,146,1,116,10.0996094,74,12,40,330,3,0.69995117,1.09985352,131,7.479492,117,13,2240,0,2
33.19897,0,2,984,4,128,19,116,40,37.69531,206.65625,2.5996094,0.69995117,0.59997559,142,7.439453,192,22,2370,0,4
61.314,1,1,47,3,109,9.09960938,78,24,37.09375,216,3.699707,0.5,0.89990234,141,7.369141,146,30,1968,0,1
53.71399,1,1,80,3,68,22.1992188,65,12,35.59375,158,3.5996094,0.5,3.89990234,136,7.329102,210,148,1325,3,5
57.383,1,1,11,1,63,10.5996094,60,24,36,292.5625,3.7998047,0.79992676,1.29980469,142,7.429688,103,29,1968,0,4
66.88599,0,1,982,1,64,6.09960938,75,9,37.79688,280,3.199707,1.09985352,1.39990234,137,7.489258,168,30,1698,0,0
78.00098,1,2,248,2,69,13,126,28,37.79688,151,2.199707,0.5,0.89990234,146,7.489258,95,13,1315,1,1
79.02295,1,2,26,4,63,9.3984375,116,10,38.19531,125,3.699707,1,0.69995117,147,7.419922,147,20,760,0,5
40.961,0,1,978,2,131,8.8984375,77,22,36.29688,163.25,2.8999023,0.39996338,5.39941406,135,7.359375,374,82,2250,0,0
55.96198,1,1,386,3,120,0.79992676,119,40,35.39844,224,2.8999023,0.89990234,1.5,142,7.419922,314,23,605,0,3
80.46295,0,1,978,3,58,23.296875,111,10,40.59375,337.125,3,0.79992676,9.09960938,134,7.259766,229,104,0,0,1
26.14099,0,2,978,0,64,12.7988281,147,22,39.09375,140,3.0996094,3.29980469,8,154,7.459961,287,70,374,0,0
62.56799,1,2,364,2,70,15.1992188,73,22,36.19531,183.3125,2.3999023,6.59960938,1,139,7.55957,287,14,1235,1,0
61.50299,1,1,28,1,64,12,118,36,39.59375,212,2.5,0.59997559,0.89990234,141,7.449219,121,13,1950,0,1
55.55099,1,2,21,2,45,10,107,36,38.79688,250,1.8999023,1.09985352,0.79992676,141,7.399414,125,11,1975,3,1
49.47598,0,1,972,1,124,14.5,113,38,38.39844,214,2.699707,0.5,2,141,7.449219,329,21,3580,0,1
60.28998,1,2,305,1,121,20.5,112,26,36.89844,409.5,2.8999023,0.89990234,0.89990234,138,7.459961,100,9,1968,0,2
87.50995,1,1,14,1,120,7.09960938,104,20,36.69531,224,2.8999023,0.59997559,1.79980469,136,7.419922,85,18,5050,0,0
44.94199,1,2,259,2,137,8.69921875,57,11,36.09375,176.1875,2.8999023,0.59997559,1.29980469,138,7.399414,99,34,2400,0,1
71.37897,1,2,220,1,68,18.3984375,99,28,36.29688,216,3.7998047,0.39996338,0.79992676,136,7.419922,272,19,1400,0,0
72.06,1,2,597,5,99,10.5996094,93,16,36.59375,224,3.2998047,0.89990234,1.39990234,139,7.419922,103,18,1968,0,0
83.75098,0,1,969,0,105,37.59375,112,28,34.69531,224,2.2998047,0.29998779,1.19995117,139,7.419922,78,12,3650,0,0
70.883,1,1,65,4,107,11.8984375,110,26,36.39844,196,2.8999023,0.89990234,0.79992676,143,7.449219,124,15,1225,0,6
29.599,0,1,969,0,63,6.29980469,104,10,36.39844,312.5,2.0996094,1.19995117,0.79992676,141,7.429688,206,6,3525,0,7
65.12299,1,1,70,4,97,45.6953125,96,22,36.29688,224,2.0996094,1.69995117,0.69995117,131,7.419922,76,7,1968,0,0
57.681,1,2,34,5,110,7,96,20,36.19531,224,4.0996094,1.09985352,1.5,137,7.419922,71,16,2300,0,1
44.94699,1,1,4,0,134,3.69970703,69,28,36.59375,130,2.7998047,0.79992676,0.69995117,133,7.419922,246,17,2475,0,1
82.12695,1,2,21,2,52,0.32995606,118,16,37.59375,224,2.8999023,0.89990234,0.79992676,130,7.419922,108,6,800,0,0
53.63397,0,2,965,0,88,10.5996094,79,24,36.89844,224,3.3999023,0.29998779,0.89990234,136,7.419922,112,9,3000,0,0
72.80499,1,1,66,1,77,19.796875,83,22,36.19531,153.03125,2.8999023,0.89990234,2,127,7.519531,119,39,1300,0,2
67.08295,1,1,233,6,126,10.5996094,70,26,36,276,3.7998047,0.5,1.09985352,134,7.479492,338,15,1300,7,6
53.48898,1,1,5,0,115,5.09960938,64,20,36.69531,224,2.8999023,3,0.89990234,136,7.419922,88,8,600,0,0
67.25494,0,2,960,2,107,19.6992188,122,11,36,320,1.8999023,0.39996338,1.89990234,126,7.439453,84,52,518,0,0
40.50897,1,2,69,1,143,6.89941406,130,10,38.29688,95.70312,2.199707,3.39990234,1.5,134,7.419922,145,20,2350,0,0
59.49298,0,2,960,4,30,43.3984375,40,12,37.89844,126.65625,2.199707,5.19921875,8.3984375,132,7.319336,112,92,0,3,0
37.25897,0,2,958,1,59,6.89941406,118,10,38.39844,110,3,1.5,2.09960938,134,7.479492,516,38,1989,1,1
54.60098,1,2,13,4,118,14,120,32,36.59375,330,2.8999023,0.69995117,4.5,132,7.449219,245,74,5045,0,6
59.84698,0,1,956,2,110,10.5996094,100,28,35.5,207.40625,2.8999023,0.89990234,1.19995117,140,7.399414,135,23,1968,0,0
68.47595,1,1,34,1,65,2.19970703,114,20,38.29688,224,2.5996094,3.79980469,2,133,7.419922,114,63,1968,0,5
27.51299,1,1,13,1,63,45.5,128,30,32.89844,224,2.7998047,0.89990234,0.5,128,7.419922,88,8,300,0,1
66.12695,0,2,951,0,140,21.6992188,70,28,37.59375,262.5,3.8999023,0.69995117,0.79992676,142,7.489258,152,12,2900,0,0
51.07999,0,2,951,0,51,27.5976562,150,7,39.19531,203.3125,2.199707,0.89990234,1.29980469,147,7.15918,92,76,2320,0,0
63.58398,0,2,952,2,113,17.5976562,72,24,36.19531,284,2.699707,0.59997559,2.59960938,127,7.449219,551,99,1968,1,1
64.38898,1,1,6,0,100,7,130,24,37.39844,207.125,3,1.79980469,0.69995117,141,7.369141,227,9,2875,0,1
74.086,0,2,948,2,39,36.796875,180,36,36.59375,148,2.5,0.29998779,0.59997559,133,7.399414,305,27,1006,6,4
30.37599,0,2,946,2,60,15.8984375,132,10,38.79688,116,2.0996094,3.19970703,0.79992676,134,7.369141,112,13,3050,1,1
52.16998,0,2,946,4,70,6.5,98,22,37.79688,196.65625,2.199707,1.89990234,1.59985352,138,7.429688,100,25,1968,0,1
74.76495,0,2,946,3,100,4.29980469,153,48,39.19531,274.0625,1.5998535,1.89990234,2.09960938,152,7.349609,238,41,3657,1,1
74.11896,1,1,622,4,124,11.2988281,100,14,36.59375,360,3.0996094,0.89990234,9.19921875,128,7.40918,370,82,0,0,5
76.79895,1,1,296,4,65,7.89941406,79,20,36,224,2.5996094,0.29998779,0.79992676,133,7.419922,115,13,1800,0,0
65.08099,1,2,363,1,67,16.296875,122,24,38.09375,224,3,0.59997559,0.5,132,7.419922,92,4,1968,1,1
65.659,0,2,943,4,109,23.6992188,70,16,36.39844,188,1.5998535,13.1992188,0.59997559,133,7.419922,103,17,2742,0,0
74.86395,1,2,884,2,125,10.6992188,90,20,38.09375,380,2.699707,0.39996338,0.79992676,139,7.479492,281,16,5410,4,3
63.46899,1,1,301,1,110,12.0996094,122,20,36.29688,218.5,4.7998047,0.69995117,0.89990234,136,7.319336,90,23,1400,4,4
68.12299,1,2,41,1,44,13.2988281,71,14,35.89844,224,2.3999023,0.69995117,3.39990234,129,7.419922,82,65,1532,0,1
76.28998,0,1,940,0,128,18.0976562,129,10,40.09375,273.3125,2.199707,1.69995117,5.5,147,7.369141,227,113,3695,0,0
45.952,1,1,138,2,81,6,80,20,35.59375,224,3.699707,0.89990234,2.19970703,137,7.419922,73,60,2250,1,1
41.83698,1,2,10,0,124,9.79882812,45,42,37.79688,105,2.7998047,0.59997559,1,137,7.459961,124,17,2945,0,1
62.25098,0,1,937,3,43,15.6992188,118,12,37.89844,185,2.199707,3.69970703,5.39941406,132,7.379883,93,92,4775,0,2
54.93997,1,1,800,2,101,8.8984375,77,20,36,224,3.8999023,0.39996338,1.19995117,131,7.419922,99,10,1968,0,1
65.24298,1,2,84,3,71,19.1992188,104,24,36.09375,280.9375,3.3999023,0.29998779,1.29980469,139,7.30957,133,31,1440,0,0
50.89398,0,1,936,0,105,7.5,96,24,35.89844,224,3.8999023,0.69995117,1.19995117,128,7.419922,103,15,900,0,0
57.94897,1,2,713,4,101,13.7988281,71,16,36,276.1875,4,0.29998779,0.89990234,139,7.399414,160,13,1968,0,0
62.71298,0,2,936,1,100,0.69995117,62,24,36.79688,224,3,0.69995117,0.89990234,126,7.419922,143,9,1968,0,0
44.07098,1,2,83,3,111,17.5976562,167,10,38.79688,215,2.0996094,0.39996338,1.09985352,149,7.519531,152,19,1195,0,0
58.349,1,2,71,3,67,9.5,126,24,35.79688,217.125,1.7998047,0.39996338,1.59985352,129,7.459961,576,32,3715,0,1
60.62097,1,1,752,2,99,0.59997559,77,20,36.69531,224,3,2.29980469,1.29980469,139,7.419922,133,14,4375,0,0
61.78799,0,1,932,3,77,10.5,44,16,36.29688,285.6875,2.8999023,0.5,3.09960938,136,7.479492,170,57,1000,2,6
52.82999,0,1,930,2,114,12.1992188,123,8,38.5,215.53125,2.699707,3.69970703,1.09985352,137,7.419922,125,24,1480,0,0
76.79395,1,2,18,1,107,14.5,113,14,37,94.28125,2.8999023,0.59997559,0.79992676,136,7.509766,317,20,2570,0,0
68.646,0,2,930,1,105,5.5,128,30,36.09375,390.4375,2.3999023,0.89990234,0.5,137,7.449219,71,16,1945,0,0
35.74799,1,1,16,0,63,5.79980469,120,22,36.5,296,2.7998047,0.59997559,1.09985352,142,7.439453,188,16,1700,0,1
82.80896,1,2,6,2,70,10.5996094,71,22,36.29688,371.375,2.8999023,0.89990234,1.19995117,140,7.469727,135,23,1025,0,3
62.81198,0,2,929,0,141,23.796875,129,10,39.29688,473,3.2998047,0.5,0.69995117,143,7.449219,211,8,3545,0,0
75.36499,1,2,40,2,63,10,69,38,37.59375,342,2.199707,2.39990234,0.79992676,136,7.319336,108,32,1797,0,4
52.98599,0,2,928,5,145,12.3984375,71,10,38.89844,257.125,4.0996094,1.09985352,2.89990234,136,7.239258,146,40,3450,1,1
76.27698,0,2,927,2,75,9.59960938,118,24,35.29688,123.32812,2.7998047,2.59960938,1.29980469,139,7.139648,133,35,1725,0,0
52.84299,1,2,95,2,105,8.79882812,98,22,36.89844,423.75,3.2998047,2,1.09985352,140,7.399414,95,14,1968,0,1
86.26099,1,2,5,2,158,8.3984375,61,10,36.69531,405.6875,2.8999023,0.5,1.29980469,136,7.449219,188,23,1770,0,0
67.34595,1,1,44,0,127,12.0996094,76,24,35.69531,348.125,3.199707,0.69995117,1.29980469,143,7.459961,74,26,1100,0,1
75.08795,1,1,84,1,72,49.296875,127,38,35.69531,158,2,3.5,2.09960938,147,7.429688,194,42,4266,0,6
78.35699,1,1,35,3,102,10.5996094,108,24,36.5,237.5,2.8999023,0.89990234,1.09985352,138,7.40918,167,19,3700,0,7
80.435,1,1,23,2,110,12.7988281,80,24,35.59375,276.1875,3.8999023,1,1.29980469,144,7.429688,80,25,2900,0,6
56.73599,1,1,811,3,110,36.59375,118,27,36.29688,57,1.8999023,0.5,0.59997559,136,7.369141,270,22,4155,0,0
74.95697,1,2,266,2,80,6.89941406,76,18,35.59375,295.1875,4.2998047,0.39996338,0.89990234,141,7.419922,260,15,1550,0,0
39.79199,0,2,918,2,53,17.1992188,130,8,38.69531,198.1875,1.6999512,1.19995117,0.79992676,133,7.449219,224,28,3180,0,0
19.34299,0,1,918,0,68,19.796875,164,44,36.09375,104.4375,2.0996094,0.39996338,0.79992676,139,7.339844,103,22,842,0,0
35.63599,0,2,919,2,143,16.1992188,67,26,36.59375,173.3125,2.7998047,0.79992676,2,144,7.479492,135,39,4320,0,0
69.07898,1,1,26,2,105,5.19921875,78,12,37.79688,185,3.2998047,7.5,0.89990234,150,7.439453,226,26,5165,3,1
94.48895,0,1,916,2,77,5.69921875,77,26,36.29688,214.28125,4.2998047,1,0.79992676,140,7.349609,122,12,1150,0,5
41.65399,1,2,234,3,114,12.6992188,63,32,39.19531,383.3125,2.8999023,0.89990234,0.5,133,7.449219,158,7,2285,0,0
40.84598,0,1,911,1,83,6.69921875,76,20,35.09375,323.75,2.699707,4.89941406,2.59960938,150,7.459961,176,102,1530,0,0
79.07495,1,1,15,0,98,8.19921875,118,22,37.69531,224,2.7998047,4.09960938,0.79992676,130,7.419922,89,3,1968,0,1
44.03,1,2,4,2,73,7.19921875,130,22,37.39844,233.3125,3.3999023,1.09985352,1.29980469,137,7.40918,85,15,3400,0,1
40.92499,1,1,125,1,112,9.8984375,48,24,36,272,2.8999023,0.89990234,1.69995117,138,7.439453,178,39,2400,1,3
63.15698,1,1,30,0,69,27.3984375,68,8,34.69531,244,1.8999023,4.79980469,3.69970703,132,7.40918,244,44,1544,0,0
44.29599,0,2,906,1,117,8.59960938,114,24,35.39844,295.625,3.7998047,0.69995117,0.89990234,142,7.449219,126,19,1968,0,1
43.88797,0,1,904,1,61,6.89941406,126,40,38.69531,316.625,2.5996094,1,1.29980469,134,7.469727,174,21,2149,0,6
95.40295,0,1,903,2,116,6.69921875,109,22,37.09375,296.625,4.3994141,0.69995117,18.3984375,141,7.439453,155,85,0,1,0
74.63397,0,2,901,4,85,6.19921875,96,24,36.09375,285.6875,3.699707,2.5,1.09985352,138,7.459961,110,19,1968,1,3
26.95699,1,2,5,1,106,0.19998169,122,24,39.19531,224,3.8999023,1,0.79992676,137,7.419922,119,6,1968,0,1
71.52399,1,2,183,4,66,10,58,10,37.79688,152,2.2998047,1.09985352,0.89990234,134,7.489258,106,21,1999,1,1
84.26599,0,1,901,2,128,15.2988281,98,8,38.79688,220,3,0.5,0.89990234,136,7.509766,207,17,3365,1,0
68.56396,0,1,901,3,40,8,66,30,35.79688,138.09375,3.199707,2.09960938,7.5,130,7.389648,108,64,0,1,1
64.03595,1,1,99,2,66,10.5996094,80,8,38,282.5,2.699707,1.5,0.59997559,135,7.399414,108,18,1430,0,0
28.50899,0,1,898,1,100,8.5,79,24,36.39844,376.1875,3.8999023,0.69995117,1.59985352,138,7.5,113,25,2900,0,0
66.85797,0,2,897,0,76,16.1992188,120,32,37.89844,167.84375,3.0996094,0.5,0.69995117,144,7.389648,172,11,1177,0,0
70.59796,1,1,4,2,95,12.0996094,65,16,35.79688,224,2.699707,2.89990234,1.39990234,136,7.429688,51,36,1968,0,1
58.86697,1,2,54,1,107,8.8984375,45,12,39.39844,265.6875,2.8999023,1.69995117,0.79992676,142,7.489258,163,10,1837,1,4
58.92398,0,1,896,1,99,5.5,135,20,36.09375,224,4.3994141,0.69995117,1.09985352,132,7.419922,112,8,2250,0,1
68.112,1,1,27,5,79,100,70,22,37.5,319,3.7998047,1,1.29980469,142,7.479492,84,21,1968,0,1
68.67096,1,1,86,2,77,5,60,20,36.5,224,2,7.89941406,0.89990234,126,7.419922,289,11,2606,0,6
67.97797,1,1,5,1,122,6.79980469,195,38,38.39844,176.65625,2.7998047,0.59997559,0.79992676,135,7.359375,99,11,1565,0,1
59.73999,1,2,12,2,136,18.8984375,111,8,39.69531,148,3,0.69995117,1.09985352,146,7.489258,139,7,1366,0,6
69.383,1,1,112,0,73,6.09960938,76,24,35,224,3.2998047,1.59985352,1.5,143,7.419922,45,33,1968,0,0
78.51294,1,1,58,0,64,12.5996094,120,32,36.5,240,2.3999023,0.5,5.29980469,130,7.339844,162,69,1079,0,1
69.16595,1,1,376,3,116,6.89941406,114,8,36.19531,136,3,1.09985352,2,144,7.40918,206,28,4115,0,2
84.27899,1,1,65,0,101,6,66,22,36.39844,224,3.5996094,0.89990234,2,141,7.419922,123,18,1968,0,1
76.36395,0,1,890,1,56,20.8984375,132,36,40,231.40625,1.2998047,0.89990234,0.79992676,143,7.349609,134,15,2505,0,2
72.57794,1,1,379,3,60,14.5996094,113,28,38.79688,324,2,3.09960938,0.89990234,137,7.419922,153,33,3.959961,4,2
75.30695,0,1,887,3,132,14.6992188,119,24,36.19531,233.3125,2.8999023,0.89990234,1,133,7.439453,159,19,2770,1,2
69.05695,0,2,886,2,52,10.5996094,173,38,37.5,142,2,1.79980469,1.79980469,135,7.449219,181,29,2810,0,0
41.89697,1,2,576,2,85,3.19970703,77,20,36.39844,224,2.2998047,0.69995117,1.19995117,135,7.419922,153,38,1660,0,1
74.69995,1,1,40,1,126,11.6992188,111,29,36.19531,162.84375,3.5996094,0.5,2.09960938,136,7.449219,280,41,1.019775,0,4
42.13599,0,2,885,2,117,13.1992188,124,34,39.09375,150,2.3999023,0.69995117,1.29980469,133,7.399414,204,14,2510,0,0
55.737,1,2,812,1,61,18,116,25,36.59375,266.625,1.6999512,1.09985352,2.19970703,129,7.339844,71,120,1380,1,1
68.50897,1,2,177,1,111,16.5,69,39,38.39844,176,2.8999023,0.89990234,0.89990234,136,7.459961,182,17,1874,1,0
55.82498,1,1,6,3,115,29.3984375,189,10,38.79688,224,3.5996094,0.89990234,1.69995117,141,7.419922,241,87,1929,0,0
38.59799,1,1,44,2,61,13.5,129,34,38.09375,172,1.5,2.59960938,1.59985352,136,7.299805,144,37,1710,0,5
68.36694,1,2,11,2,123,10.0996094,107,28,38.89844,262.5,2.5,0.59997559,0.59997559,145,7.429688,168,13,2575,0,0
66.5,1,2,133,2,64,5.29980469,69,20,36.39844,224,4.2998047,0.79992676,3,142,7.419922,86,45,3900,0,0
30.51599,1,1,6,0,73,10.5996094,107,20,36.09375,197.125,4.1992188,0.89990234,1.39990234,141,7.449219,89,27,1475,0,0
47.20297,1,2,11,1,107,4.19921875,138,28,39.39844,204,2.5,0.79992676,1.19995117,155,7.379883,113,22,2130,0,7
69.05396,1,1,15,5,67,9.59960938,91,34,38.39844,428.5625,2,0.59997559,1.09985352,133,7.399414,112,13,6370,0,3
39.03897,1,2,24,3,67,14,118,10,40.29688,185,2.5996094,3.29980469,1.59985352,136,7.429688,78,36,2261,0,1
65.91095,1,2,10,3,67,5.19921875,98,20,35.5,224,2.699707,2.19970703,2.59960938,140,7.419922,165,62,1415,0,1
72.07098,1,2,44,3,54,8.29882812,29,16,36.09375,259.25,2.8999023,0.59997559,3.09960938,129,7.30957,158,69,1575,0,6
74.81696,1,2,7,2,61,4.69921875,100,20,38,224,2.5,5.09960938,1,135,7.419922,176,31,900,0,5
77.89697,1,2,100,4,143,0.06999207,150,32,39.19531,124.28125,2.7998047,3.39990234,1.89990234,139,7.349609,198,28,4610,0,1
52.94498,0,1,873,3,48,2.59960938,105,12,38.09375,68,1.8999023,1.79980469,0.59997559,136,7.419922,102,17,1158,6,1
67.85797,0,2,872,3,65,21.6992188,129,28,35.39844,154,2.199707,1.19995117,6.19921875,138,7.429688,82,119,2200,0,1
53.01797,0,1,871,1,56,2.09960938,110,20,36.5,224,2,10,0.69995117,125,7.419922,93,5,2475,0,0
61.43997,1,2,62,2,57,12.5,74,11,36.79688,184,2.3999023,2.39990234,0.69995117,137,7.479492,109,16,2160,0,1
58.20398,0,2,871,2,114,6.19921875,97,20,36.29688,224,3.8999023,0.59997559,1.19995117,141,7.419922,145,10,1850,0,1
69.45697,1,1,706,0,127,19,104,36,37.69531,297.125,2.7998047,1,0.59997559,136,7.399414,101,13,2881,1,1
57.53299,1,1,223,3,76,4.79980469,73,16,36.09375,371.375,4.1992188,1,1.19995117,137,7.419922,106,23,1220,1,2
50.76797,1,1,3,0,65,7.09960938,107,24,36,100,3.2998047,0.69995117,2.5,137,7.369141,114,42,4150,0,1
82.63898,1,1,4,1,66,7.5,96,28,38.09375,224,3.3999023,1.59985352,1.29980469,144,7.419922,81,12,5872,0,1
39.04999,1,1,39,2,67,5.59960938,58,16,36.29688,224,3.8999023,1.19995117,1.69995117,131,7.419922,179,38,1580,0,0
67.25299,1,2,24,2,129,10.1992188,146,38,36.79688,436,2.8999023,0.89990234,1.29980469,141,7.419922,119,27,820,0,1
63.99698,0,2,867,0,76,10.5996094,70,22,36.59375,224,2.8999023,0.89990234,1.09985352,141,7.419922,95,20,1968,5,6
53.21298,0,1,864,0,116,16.5,122,9,36.09375,172.5,3.0996094,0.89990234,0.69995117,145,7.489258,267,18,3717,0,0
41.67599,1,2,208,3,74,12.2988281,98,20,38.59375,224,2.0996094,27.796875,1.09985352,129,7.419922,80,6,1968,0,0
62.15198,1,1,331,4,69,5.79980469,111,8,37.69531,66,2.7998047,0.89990234,1,133,7.519531,132,18,2585,0,1
61.37198,1,2,4,0,76,13.5,96,24,36.39844,224,1.6999512,0.69995117,2.29980469,139,7.419922,129,22,1750,0,0
78.74298,1,1,30,1,85,28.6992188,64,20,37.69531,224,3.7998047,0.69995117,1,130,7.419922,76,6,1875,1,1
23.493,1,1,4,0,69,16.1992188,64,24,36.59375,319,2.8999023,0.89990234,0.59997559,143,7.379883,90,11,1968,0,0
69.91895,0,2,859,2,106,22.1992188,122,20,36.59375,507.375,2.0996094,1.19995117,0.89990234,137,7.479492,203,17,2800,0,0
41.16599,1,2,66,4,174,7.59960938,116,40,38.69531,263.3125,2.5996094,0.5,0.59997559,136,7.479492,368,15,1807,1,0
41.29199,1,2,75,1,64,12.5,67,35,36.89844,250,2.8999023,0.89990234,0.69995117,134,7.479492,191,22,2258,5,1
86.36298,0,1,857,3,84,8.19921875,79,32,39.09375,224,2.5,0.89990234,0.89990234,127,7.419922,113,13,1550,1,4
68.36694,1,2,4,5,105,6.5,99,28,35.69531,210,2.8999023,0.89990234,1.89990234,126,7.239258,115,38,1893,0,1
55.047,0,2,857,0,111,16.1992188,136,12,35.89844,130,2,0.59997559,1.89990234,133,7.379883,73,61,2790,0,0
77.91394,0,1,856,1,133,22.0976562,141,42,36.69531,186.65625,3.2998047,0.59997559,0.69995117,125,7.399414,159,16,1316,0,1
75.05499,1,2,33,2,125,25.796875,131,26,36.69531,400,2.199707,5.19921875,2.59960938,146,7.299805,191,87,4825,0,5
58.82498,0,1,853,4,61,18.1992188,108,10,39,234,2.8999023,0.89990234,0.59997559,137,7.519531,116,9,3299,0,5
76.61298,1,2,57,3,109,1.69995117,63,20,35.5,224,2.5,0.5,1.59985352,130,7.419922,157,14,700,1,1
44.05499,1,2,602,2,73,16.8984375,70,16,35.89844,112.23438,3.0996094,0.59997559,1.19995117,129,7.479492,415,28,2500,0,1
73.79895,0,1,849,3,73,8.79882812,76,20,36.19531,342.8125,2,1.69995117,0.79992676,133,7.429688,127,20,2730,2,0
60.04898,1,1,14,2,73,12.5996094,114,26,38.5,224,2.2998047,3.59960938,0.69995117,134,7.419922,96,17,1840,3,5
34.59299,0,2,849,4,61,6.59960938,63,10,36.29688,195,3.3999023,0.59997559,0.79992676,140,7.129883,124,9,2067,1,1
60.81299,0,2,847,1,64,13.7988281,100,26,39,136,2.3999023,0.79992676,1.29980469,134,7.529297,211,9,4660,0,7
38.78198,0,2,846,2,110,13.1992188,122,24,38.79688,224,4.5996094,1,1.19995117,132,7.419922,159,6,1250,0,1
63.228,1,2,6,1,95,7.79980469,110,22,38.69531,251.40625,2.8999023,0.89990234,1.5,132,7.399414,193,17,1210,0,1
38.69397,0,2,845,0,101,6.5,170,28,36.69531,224,2.8999023,20.8984375,0.39996338,132,7.419922,327,15,1968,0,2
57.599,0,2,845,2,78,27.8984375,120,10,35.5,595.125,1.5998535,0.39996338,3.69970703,135,7.449219,89,40,0,0,0
69.67798,1,2,750,3,60,15.5996094,122,52,38.09375,140,1.8999023,1.19995117,4.89941406,138,7.389648,160,37,526,6,6
57.04898,1,2,19,0,138,26.796875,72,24,35,390.4375,2,5.29980469,1.39990234,152,7.40918,173,20,2800,0,0
76.66498,1,2,278,3,128,28.0976562,147,0,38.5,163.25,2.8999023,0.89990234,0.59997559,134,7.379883,101,13,3000,0,3
56.95798,1,2,674,3,106,15.1992188,121,32,37.79688,325,2.699707,1.29980469,1.79980469,161,7.329102,98,24,3150,0,1
68.94696,1,2,58,2,109,11.0996094,100,32,35.19531,224,3,1.19995117,1.19995117,134,7.419922,197,21,300,3,2
70.02899,0,1,839,3,125,6,120,8,38.19531,205.6875,1.3999023,5,0.69995117,129,7.539062,163,21,2174,0,0
39.29898,0,2,837,4,66,13.0996094,48,20,34.79688,224,2.7998047,0.29998779,1.69995117,138,7.419922,83,32,1968,0,0
63.13998,1,2,752,4,69,14,75,22,37.79688,142.5,2,1.19995117,1.29980469,132,7.509766,511,32,5660,3,1
65.69196,1,2,253,2,53,13.5,114,12,35.39844,226.65625,1.7998047,4.09960938,2.5,134,7.419922,194,30,362,0,0
58.23398,1,1,626,2,53,16.296875,63,10,35,132,2.2998047,0.59997559,8.19921875,125,7.299805,152,124,290,0,0
76.22998,1,1,5,1,61,16.3984375,72,22,36.29688,107.5,2.699707,0.39996338,0.59997559,139,7.379883,155,12,1615,0,7
34.49399,0,1,836,1,72,11.0996094,96,24,38.89844,303.6875,2.199707,0.89990234,1,133,7.489258,114,21,3.519531,0,0
72.62097,1,1,9,0,64,0.39996338,126,20,38.89844,224,2.8999023,0.89990234,1.59985352,135,7.419922,180,12,4400,0,1
83.66595,1,2,23,3,68,19,140,40,38.59375,150,3,8,2.09960938,136,7.399414,96,94,4435,0,0
65.71698,1,1,41,1,55,14.3984375,107,13,37.69531,154,1.3999023,1.19995117,1.59985352,136,7.349609,402,46,1577,0,0
57.88098,1,1,103,1,83,11.5,110,20,36.59375,268,3.3999023,0.59997559,0.89990234,149,7.419922,113,21,550,0,1
55.784,1,2,130,3,146,10.5996094,71,39,36.5,165,4.1992188,1.5,0.89990234,143,7.339844,135,14,4078,1,1
23.452,0,2,832,3,38,27.0976562,138,38,35.39844,39,2.8999023,1.09985352,1.19995117,134,7.319336,393,16,851,1,1
62.77298,0,2,831,2,58,39.09375,130,10,39.69531,180,2.5,4.19921875,4,147,7.399414,236,65,83,0,1
60.94699,1,2,21,2,70,2.39990234,104,20,37.59375,224,2.2998047,7,0.5,133,7.419922,78,2,950,2,4
66.5,1,2,269,1,56,4.69921875,101,20,34.5,224,2.3999023,5.39941406,0.79992676,131,7.419922,139,9,675,2,1
59.57797,0,1,829,1,133,11.7988281,100,10,35,257.125,2.3999023,0.39996338,1.5,142,7.439453,82,40,5210,6,6
81.55194,0,1,828,3,126,10.7988281,67,22,38.09375,185,4,1.09985352,0.5,133,7.379883,105,7,3980,1,1
44.35599,1,2,4,2,89,3.59960938,60,20,37,224,4,0.39996338,1.19995117,136,7.419922,122,9,1968,0,5
88.77997,1,2,5,0,70,7.19921875,114,16,36.39844,292,2.8999023,0.89990234,1.19995117,139,7.40918,198,18,1590,0,5
73.37695,1,2,21,4,49,11.3984375,60,18,39.89844,156,2.7998047,1.79980469,1.29980469,137,7.129883,216,23,1554,0,1
74.64996,1,2,36,1,101,41.796875,74,28,35.89844,219.03125,3.699707,2.39990234,0.89990234,137,7.519531,97,33,1968,0,0
82.41998,0,2,823,2,0,14.6992188,0,16,37.69531,55,1.6999512,0.59997559,2.89990234,121,7.269531,257,38,1968,0,1
71.48297,1,1,93,1,115,6.39941406,114,24,36.69531,216,3.699707,0.59997559,1.09985352,134,7.349609,103,17,1325,0,0
63.25299,0,2,823,1,57,8.69921875,109,36,36.19531,173.46875,2.199707,0.59997559,12.1992188,136,7.379883,115,83,0,0,0
69.82898,1,2,225,2,105,4.09960938,71,28,37,224,2.8999023,0.89990234,0.79992676,136,7.419922,79,9,1968,0,1
76.04895,0,1,822,5,114,15,69,26,38.69531,304.125,2.8999023,0.89990234,1.19995117,134,7.40918,109,18,2335,7,5
68.28198,1,1,228,4,114,19.5976562,140,28,37.59375,240,2.7998047,1.69995117,1.5,144,7.119141,199,49,1968,0,2
64.22198,1,1,173,7,109,43.59375,128,8,36.89844,290,1.3999023,1.89990234,0.79992676,135,7.449219,174,18,3067,0,1
83.64398,0,2,819,3,116,9.79882812,66,32,36,242.5,1.3999023,0.69995117,2.09960938,139,7.349609,170,18,1795,0,3
76.56396,1,2,4,6,107,20.6992188,103,34,35.59375,167.5,2.199707,0.39996338,1.29980469,142,7.359375,157,12,5360,0,2
70.94897,0,1,820,0,58,22.0976562,122,38,38.29688,176.65625,2.0996094,0.69995117,5.29980469,145,7.439453,138,68,617,0,0
44.112,1,2,369,2,63,6.5,61,24,36.19531,309.5,1.8999023,0.69995117,1.19995117,142,7.539062,113,39,1968,0,0
28.523,1,1,708,1,95,9.69921875,69,20,36.29688,442.8125,4.0996094,1,1.09985352,136,7.449219,123,10,2900,0,0
43.603,0,1,817,3,70,8.29882812,176,20,37.89844,224,4,1,0.79992676,134,7.419922,94,14,1500,0,0
79.55597,1,2,98,0,85,10.5996094,114,24,36.09375,136,2.8999023,0.89990234,0.89990234,136,7.299805,129,9,2175,0,1
62.29199,0,2,817,3,122,10.1992188,109,24,35.69531,229.625,3.7998047,0.79992676,0.79992676,136,7.30957,120,14,1900,0,1
90.52399,1,1,7,2,144,14.2988281,138,13,36.69531,134.65625,2.0996094,1.69995117,5.19921875,134,7.269531,178,63,1126,1,1
64.16699,0,1,813,4,101,3.89990234,68,24,36.79688,466.625,2.8999023,4.29980469,0.69995117,138,7.389648,92,5,1968,3,5
65.34998,1,2,44,3,123,0.69995117,140,32,35.89844,224,2.8999023,0.89990234,4.19921875,130,7.419922,119,42,1968,0,4
54.40399,1,1,28,2,112,26.1992188,140,12,38.5,222.5,1.3999023,3.89990234,0.69995117,139,7.40918,194,7,2250,0,0
58.995,0,2,810,6,118,10.5996094,53,28,38.29688,313.3125,1.5998535,1.09985352,2,145,7.459961,109,39,4210,0,0
55.702,1,2,84,3,89,10.5,79,20,36,224,3.699707,1,2,138,7.419922,113,45,1968,0,0
77.49799,1,1,6,0,113,17.0976562,152,10,39.79688,190,2.8999023,0.89990234,0.89990234,143,7.429688,176,22,3695,0,0
40.93399,0,2,804,1,107,10.5,121,9,36.5,184,2.3999023,1,1.29980469,132,7.429688,233,16,4575,0,0
74.146,0,1,803,2,116,6.5,116,24,36.39844,224.96875,3.199707,0.89990234,0.5,130,7.459961,102,4,3075,0,1
34.64798,1,1,3,2,103,21.796875,85,20,36.19531,224,3.0996094,0.59997559,13.3984375,140,7.419922,151,83,2450,0,5
74.19299,1,2,176,1,65,7.29980469,64,20,36.09375,224,4.2998047,0.59997559,1,138,7.419922,261,22,2475,1,1
84.10394,1,2,11,0,96,4.89941406,65,20,36.5,224,2.5996094,4.29980469,0.59997559,140,7.419922,80,7,860,0,1
69.71899,0,2,799,4,104,12,130,26,35.5,257.125,3.0996094,0.59997559,1,141,7.339844,202,7,1475,0,1
65.66998,1,2,13,0,153,11.2988281,63,24,36.79688,153.03125,2.2998047,0.79992676,1.29980469,142,7.329102,96,24,5565,0,0
85.48895,1,1,147,5,121,11.2988281,147,34,40,202,3.2998047,0.59997559,0.89990234,143,7.529297,398,14,2183,0,7
52.22198,0,1,799,3,123,11.3984375,124,36,38.79688,215,3.0996094,1,1.39990234,160,7.5,183,24,2885,1,1
61.59097,0,1,798,0,116,15.6992188,122,42,36.69531,126.65625,2.5,0.19998169,0.69995117,141,7.489258,78,8,9000,0,0
87.44696,1,1,248,4,54,18.5976562,117,35,39.5,328.5625,2,3.19970703,3.5,130,7.359375,187,44,853,0,1
74.64496,1,2,70,3,57,22.8984375,63,8,35.69531,325.6875,2.8999023,0.89990234,12,137,7.399414,117,154,0,0,0
70.85797,0,1,795,2,71,14.0996094,119,8,38.5,115,1.6999512,2.5,0.5,126,7.529297,122,15,1478,6,3
38.54898,0,1,795,1,69,9.3984375,130,28,36.59375,134.6875,2.8999023,1.5,0.69995117,137,7.40918,74,14,2368,1,0
77.29498,1,2,33,3,68,15.2988281,107,30,36.59375,224,2.699707,0.79992676,0.79992676,136,7.419922,286,6,2050,0,7
44.34998,1,2,42,2,118,6.89941406,61,22,36.59375,460,1.5,0.39996338,3.69970703,133,7.40918,383,50,2646,6,6
64.91699,0,2,794,0,131,9.79882812,77,43,36.29688,202.5,2.699707,1.59985352,0.5,149,7.539062,119,12,3795,0,0
71.81396,0,1,790,3,80,11.8984375,101,32,37.5,252.375,2.8999023,0.19998169,1.19995117,137,7.429688,87,18,2675,0,7
82.91296,1,1,9,2,82,5.5,85,24,36.39844,224,3.7998047,0.39996338,1,137,7.419922,141,13,6625,0,0
76.646,0,1,790,1,69,5,118,24,36.79688,161.65625,2.5996094,3.09960938,0.69995117,135,7.379883,96,6,1890,0,1
60.70398,0,1,790,4,85,6.59960938,88,24,37,270.3125,2.8999023,0.89990234,1.19995117,137,7.399414,118,25,100,0,0
62.71899,1,1,3,0,45,17.5976562,200,36,36.09375,114,1.8999023,21.8984375,2.59960938,124,7.30957,34,12,144,0,1
58.30798,0,2,789,2,71,10.3984375,76,24,35.79688,195,2.8999023,2.29980469,1.59985352,134,7.429688,98,54,1990,0,0
79.12396,1,2,42,3,84,6.19921875,72,20,34.89844,228.5625,3.199707,2.19970703,0.69995117,132,7.389648,89,10,545,1,1
74.724,1,2,17,3,102,43.1953125,107,36,36.09375,224,2.8999023,0.89990234,3,138,7.419922,94,33,1950,0,5
65.61499,1,2,25,1,102,6.39941406,75,38,35.5,288.875,2.0996094,0.89990234,1.69995117,141,7.429688,78,18,1830,0,0
75.24396,1,2,46,4,75,9.69921875,76,16,36,224,2.0996094,1.39990234,0.69995117,129,7.419922,135,16,1968,0,6
67.28296,0,1,785,3,75,20.296875,68,10,38.09375,231.40625,4.2998047,0.5,1,141,7.469727,107,16,704,0,1
64.55298,0,2,782,4,111,8.29882812,81,20,37.69531,224,2.8999023,0.89990234,1.09985352,140,7.419922,112,13,1968,0,1
76.271,1,1,8,2,107,6.79980469,74,20,35.29688,137.03125,4.1992188,1.29980469,1.89990234,136,7.339844,158,63,1485,0,1
74.93195,1,1,21,5,115,12.7988281,111,11,36.59375,160,2.7998047,3,4.09960938,137,7.549805,159,42,747,2,3
82.85596,0,1,780,4,68,10.8984375,104,24,36,157.5,3.8999023,0.89990234,2,139,7.209961,202,76,1675,0,6
63.63898,1,2,758,1,117,11.0996094,100,21,37.59375,203.6875,3.2998047,0.59997559,3.59960938,146,7.439453,103,63,2540,0,0
71.474,0,2,777,5,53,10.1992188,66,28,37,224,2.0996094,5.19921875,3.09960938,136,7.419922,98,45,190,0,4
73.45398,1,1,57,2,107,14.0996094,140,10,38,140,2.8999023,0.89990234,0.89990234,132,7.429688,86,13,2913,0,1
57.08398,1,1,32,1,96,6.79980469,130,20,36.5,400,2.0996094,7.39941406,0.59997559,131,7.419922,148,6,1968,0,1
27.91499,0,2,775,1,75,6.29980469,55,20,36.59375,224,2.8999023,0.89990234,0.89990234,138,7.419922,121,7,4200,0,0
43.31799,0,1,775,3,106,9.3984375,53,22,36.39844,224,4.0996094,1.09985352,1,138,7.419922,92,14,900,0,6
73.27594,1,1,4,3,110,17.6992188,68,10,38.29688,218,2.8999023,0.89990234,1.09985352,132,7.439453,158,25,1.569824,0,7
59.504,1,2,6,3,87,2.69970703,69,22,36.39844,224,2.199707,1.29980469,0.89990234,133,7.419922,91,5,1968,0,0
57.94699,1,1,171,1,64,5.5,69,24,35.89844,224,3.699707,0.29998779,1.69995117,138,7.419922,93,64,1275,4,6
60.91699,1,1,466,2,97,10.1992188,59,20,36.09375,195.21875,3.0996094,0.69995117,4.89941406,140,7.329102,178,59,1300,3,5
77.93799,0,1,773,3,113,10.5996094,76,20,36.5,224,2.8999023,0.89990234,1.09985352,146,7.419922,65,16,1968,1,0
53.85898,1,1,5,0,116,19.1992188,62,18,35.59375,390.4375,4.3994141,0.69995117,0.79992676,133,7.259766,330,18,3400,0,1
74.46698,1,1,634,2,67,9.5,116,12,35.59375,344,2.8999023,0.89990234,1.39990234,112,7.459961,168,16,2128,0,0
48.181,1,2,67,1,72,12.5,50,24,36.19531,282,4.1992188,0.69995117,1.59985352,141,7.299805,123,25,2260,2,1
49.96298,0,2,770,1,124,16.296875,180,37,38,367.5,2.2998047,0.79992676,0.89990234,135,7.459961,114,29,2024,0,3
62.48297,0,2,769,3,74,6.59960938,72,16,38.09375,224,2.0996094,4.89941406,0.89990234,138,7.419922,91,4,1750,1,0
41.37399,0,1,769,0,72,11.5996094,58,22,36.5,224,3.7998047,0.89990234,0.69995117,140,7.419922,91,11,475,0,0
68.73895,1,1,4,1,45,26.6992188,122,44,40.79688,305,2,1.69995117,6,134,7.299805,73,76,0,0,0
32.26599,0,1,766,0,114,5.5,60,20,36.19531,224,3.699707,1,1.39990234,145,7.419922,282,31,1968,0,0
77.27594,1,1,148,3,64,27.6992188,77,34,36,55,1.8999023,1.29980469,2.59960938,147,7.379883,90,62,1123,0,1
67.87396,0,1,763,1,112,14.1992188,74,32,36.39844,157.125,4.5,2.19970703,2,140,7.459961,124,39,1625,0,0
51.06598,1,1,58,1,143,16.5,72,10,38.5,221.65625,3.2998047,1.79980469,1.69995117,142,7.459961,155,46,3680,6,3
52.99399,1,2,13,2,118,6.89941406,76,20,35.59375,381.625,4.0996094,1.19995117,1.59985352,131,7.429688,120,55,1450,0,1
50.26999,1,2,397,3,97,12.5996094,65,24,36.5,309.5,4.5996094,2.5,1,136,7.40918,103,18,2000,2,3
46.86398,1,2,513,1,128,9.59960938,110,60,39.29688,98.5625,1.3999023,1.09985352,0.59997559,138,7.40918,121,4,4730,0,2
74.75195,1,1,78,3,142,5.19921875,70,24,35.89844,323.75,3.8999023,0.89990234,1.29980469,144,7.459961,172,30,1350,0,1
60.33099,1,2,24,3,67,9.5,110,32,35.79688,224,3.8999023,0.89990234,0.89990234,138,7.419922,149,9,850,0,5
90.31598,0,1,759,0,58,11.3984375,65,24,37.89844,152,2.199707,0.29998779,0.59997559,141,7.509766,121,20,2005,7,6
64.56897,1,2,387,1,143,23.5,128,32,36.19531,379.5625,2.699707,0.29998779,0.79992676,137,7.449219,104,14,3655,1,1
52.88199,0,2,759,3,119,21.5,115,8,38.19531,305.6875,2.0996094,5.5,1.89990234,149,7.459961,245,80,2510,0,1
57.69498,1,1,12,1,74,8.3984375,110,28,36,376.1875,3,0.89990234,0.69995117,133,7.489258,107,7,1968,0,0
75.14899,1,1,140,2,58,11.3984375,99,12,36.59375,126.25,2.7998047,0.59997559,1.5,139,7.389648,227,42,2110,0,0
70.28296,0,1,757,2,122,30.296875,300,12,36.29688,225,2,0.29998779,0.59997559,138,7.389648,171,28,2465,2,1
83.24194,0,1,757,0,59,6.79980469,58,24,35.19531,224,2.5996094,1.09985352,2.39990234,150,7.419922,181,32,1400,0,0
54.09998,0,1,756,3,115,4.39941406,69,24,36.39844,224,3.2998047,0.59997559,0.79992676,140,7.419922,85,15,1968,2,5
75.92297,1,1,68,2,113,6.59960938,82,20,37,224,2.699707,0.79992676,1,146,7.419922,115,16,3117,0,2
78.87994,0,2,754,2,42,20.6992188,66,3,34.39844,86,3,0.59997559,2,136,7.259766,111,29,10,0,0
47.41699,1,1,74,1,68,12.1992188,71,20,36.69531,352,2.5996094,5.39941406,1.09985352,128,7.489258,107,18,2750,0,0
25.659,1,1,16,0,47,16.1992188,66,24,36,224,2.8999023,0.89990234,1.59985352,132,7.419922,478,26,4150,0,7
68.27899,1,2,271,2,58,15.1992188,80,13,36,174.28125,2.199707,1.59985352,3.19970703,131,7.449219,144,158,400,0,3
58.04199,0,2,754,2,70,6.29980469,101,24,35.39844,360,3.8999023,1.09985352,2.5,136,7.40918,101,30,1848,0,1
64.534,1,1,195,2,126,21.1992188,124,34,39.89844,278,3,1.09985352,1.19995117,133,7.599609,329,16,3980,0,0
55.04999,0,2,752,2,102,12.3984375,77,14,37.89844,224,3,0.59997559,0.79992676,142,7.419922,96,31,1968,0,1
59.39999,0,1,751,2,93,13.0996094,108,16,36.5,316,4,0.59997559,1,139,7.359375,108,12,1968,0,0
83.92297,0,1,750,3,115,15.3984375,113,34,38.09375,224,1.8999023,0.79992676,1.89990234,147,7.359375,213,81,3130,0,7
67.71497,1,2,26,1,73,4.69921875,96,24,35.79688,588,3,6.19921875,3.69970703,140,7.319336,143,70,2825,0,2
57.35199,1,2,5,5,83,6.59960938,76,24,36.5,233.3125,3.3999023,0.79992676,1.09985352,137,7.459961,201,14,1.199951,0,1
80.44397,1,1,4,3,77,12.5996094,129,30,36,296,2.7998047,0.5,1,131,7.539062,96,10,2800,0,1
65.59595,1,2,499,3,83,6.09960938,93,20,37.59375,376.1875,2.8999023,1.29980469,2.19970703,137,7.519531,112,45,1325,0,6
77.98798,1,2,13,1,63,12.5,69,12,38.19531,275.6875,2.8999023,0.69995117,0.69995117,127,7.469727,172,15,2166,0,1
70.66095,0,2,748,2,109,26,80,10,36.5,303.3125,1.8999023,9,1.19995117,133,7.479492,67,29,1219,1,1
52.07098,1,2,89,1,69,25.296875,112,11,39.59375,116,2.2998047,0.29998779,0.89990234,144,7.419922,121,16,1206,7,1
67.07697,0,1,746,3,80,10.7988281,72,20,36.19531,224,3.5996094,1.19995117,1.69995117,122,7.419922,283,51,1460,2,1
46.35498,1,2,260,2,65,12.1992188,114,42,36.09375,314.25,4.2998047,0.89990234,2.19970703,132,7.419922,315,46,80,0,0
70.97894,0,2,746,2,56,12.0996094,65,30,34.09375,48,1.3999023,1,1.5,148,7.329102,259,15,855,2,1
68.91199,0,2,746,2,103,8,122,24,35.19531,224,2,0.5,0.5,132,7.419922,345,7,4215,0,0
85.26495,1,1,517,3,105,4.5,61,24,36.69531,252.375,2.8999023,0.79992676,2.29980469,140,7.389648,85,48,2200,0,6
45.02698,0,1,743,0,61,5.69921875,48,24,36.19531,319,4,0.69995117,1.39990234,142,7.379883,179,18,1968,0,3
48.33698,1,1,164,1,130,14.3984375,73,30,38.39844,372,2.8999023,0.89990234,0.89990234,140,7.419922,155,39,2475,0,6
38.58499,0,2,728,2,53,13.5996094,136,44,36.59375,127.5,3.5996094,1,2.29980469,135,7.439453,226,46,2537,0,0
30.754,1,2,7,1,107,13.5,64,20,36.19531,144.4375,2.0996094,2.19970703,0.5,131,7.529297,158,8,3600,0,5
34.93997,1,2,3,0,118,7,60,33,35.79688,134.6875,2.5996094,13,0.59997559,136,7.479492,180,15,1305,0,1
70.62598,0,2,726,3,63,27.3984375,96,22,36,157.5,2.199707,0.59997559,1.79980469,123,7.489258,307,7,3480,0,1
57.84299,1,1,5,1,68,13.5996094,69,28,39.89844,506.625,2.8999023,0.89990234,0.89990234,137,7.439453,161,12,2660,0,0
78.60394,1,2,186,0,37,28.296875,129,8,35.40625,188.5625,1.6999512,2.29980469,4.19921875,123,7.189453,111,48,115,1,2
42.41498,0,2,726,2,68,16,117,40,39,175,2,0.39996338,0.69995117,138,7.429688,104,7,2780,0,1
30.30299,0,2,725,0,105,6.39941406,112,32,35.19531,164.5,2.8999023,1.09985352,0.59997559,133,7.259766,150,16,680,0,7
62.66098,1,2,499,8,86,12.3984375,74,24,37,319,3.8999023,1,1,133,7.459961,111,14,1325,0,1
22.03099,0,2,724,0,103,5.29980469,110,20,36.19531,237.125,2.7998047,0.79992676,1.79980469,142,7.429688,74,34,1.899902,7,7
62.98398,1,2,32,1,69,4.89941406,106,32,37.69531,385.6875,1.8999023,36.6953125,1.39990234,149,7.379883,106,12,4580,0,0
54.793,0,2,721,2,85,10.2988281,104,28,37.5,109.51562,4.2998047,0.59997559,1.09985352,133,7.349609,76,11,1968,0,1
70.97296,1,1,74,3,101,5.59960938,74,20,37,224,3.7998047,0.5,1.09985352,137,7.419922,105,15,1968,0,2
53.40698,0,2,720,2,83,6.69921875,104,20,36.29688,224,2.5996094,1.09985352,1.29980469,133,7.419922,129,13,1968,1,2
57.57199,0,2,720,5,107,30.5976562,131,28,36.39844,371.375,1.7998047,3.19970703,1.09985352,130,7.449219,146,32,2284,0,1
81.32495,1,1,45,3,76,10.0996094,70,24,36.59375,307.375,2.7998047,0.69995117,2.09960938,147,7.359375,99,54,1010,0,7
50.58197,1,1,65,1,63,11.1992188,114,24,36.59375,224,3.7998047,0.89990234,1.89990234,139,7.419922,119,20,1650,0,1
62.51898,1,1,46,2,69,7.39941406,71,32,35.59375,224,4.2998047,1.29980469,1.5,139,7.419922,88,23,1968,7,2
80.08197,0,1,718,4,69,5.39941406,114,24,36.09375,224,2.8999023,0.89990234,0.79992676,142,7.419922,113,12,1968,2,3
45.42099,0,2,717,2,72,22.1992188,121,10,36,218,1.5998535,1.39990234,2.89990234,130,7.389648,393,49,473,0,0
77.52997,1,2,8,1,115,10.3984375,100,20,36.5,288.875,4.5996094,1.09985352,0.89990234,142,7.459961,103,12,1968,0,0
36.99698,1,1,6,2,71,10.5996094,70,22,36.29688,155.09375,2.8999023,0.89990234,1.69995117,136,7.429688,116,53,1390,0,0
37.18799,1,2,55,1,166,19.5,120,32,36.89844,264,3,0.5,2.29980469,142,7.539062,356,40,4598,0,2
72.68994,1,2,111,4,51,1,124,22,37.79688,125,2.5,2.69970703,2.19970703,133,7.379883,102,47,2105,0,6
81.24799,0,2,714,1,116,16.0976562,73,24,38.09375,233.3125,3,0.69995117,1.39990234,148,7.459961,186,31,1998,0,0
52.33398,1,2,391,3,68,19,122,24,38.39844,225,1.7998047,0.89990234,1.19995117,135,7.419922,98,31,2630,0,0
39.33499,0,2,713,1,65,13,124,30,37.79688,344,2.8999023,0.89990234,0.5,148,7.369141,119,6,4310,0,1
61.99298,1,2,18,2,66,8.5,101,40,38.69531,413.3125,2.2998047,1.69995117,0.89990234,142,7.479492,270,24,2620,0,0
56.41898,1,2,50,2,107,8.8984375,80,16,36.29688,319,4.2998047,0.5,1.79980469,137,7.469727,198,23,1968,1,1
33.63998,0,1,712,0,113,11.8984375,108,26,36.29688,276.1875,3.8999023,0.39996338,0.79992676,138,7.359375,153,18,1968,0,0
44.08798,1,2,492,3,120,10.0996094,112,12,38.89844,154.53125,2.7998047,2.09960938,1.09985352,131,7.399414,108,19,1562,0,0
50.95398,1,1,33,3,130,18.1992188,147,10,36.19531,182.125,3.0996094,0.5,0.79992676,133,7.219727,686,22,869,0,4
75.78094,0,2,711,0,65,34.8984375,101,22,39,376.1875,2.8999023,1.59985352,2,133,7.519531,151,61,1875,0,0
61.629,0,2,710,1,105,4.39941406,114,22,37.69531,358,1.5998535,9.29882812,0.69995117,138,7.479492,75,9,1166,0,0
53.37698,0,1,710,0,107,10.0996094,65,9,36,400,2.199707,1.29980469,10.2988281,142,7.5,156,101,0,6,1
64.23297,0,1,710,4,0,18.5,0,8,33.59375,260,2.199707,10.2988281,3.69970703,144,7.419922,74,60,3,1,1
80.07098,1,1,17,1,122,13.5996094,113,32,39.79688,165.6875,2.8999023,0.89990234,1,148,7.549805,114,22,3525,0,0
44.76398,0,2,708,4,69,17.5976562,146,9,37.89844,153.03125,2.3999023,1.79980469,1.5,140,7.289062,143,7,2620,1,0
57.90298,0,1,708,3,50,13.0996094,101,10,36.39844,150,3,1,2.69970703,126,7.459961,177,60,3116,1,1
53.96597,1,1,84,5,106,25.0976562,76,20,35.89844,224,4.5996094,0.79992676,1.19995117,128,7.419922,124,22,2865,2,0
89.58795,0,1,705,1,65,5.09960938,62,20,36.19531,224,2.199707,6.39941406,1.19995117,126,7.419922,209,31,1300,0,4
37.689,0,1,704,2,60,8.09960938,70,14,37.89844,224,1.3999023,3.09960938,0.89990234,132,7.419922,104,4,420,0,1
76.422,1,2,548,1,57,16,127,10,36.19531,152,1.5998535,3.29980469,1.59985352,135,7.419922,287,19,1185,0,1
34.69699,1,2,156,3,103,10.2988281,126,16,36.19531,224,3.699707,0.29998779,1.09985352,130,7.419922,90,12,1968,0,1
49.99899,0,1,702,4,107,6.89941406,70,24,36.39844,224,4.2998047,1.19995117,1.79980469,138,7.419922,88,28,1968,0,5
25.31999,0,1,699,0,77,8.19921875,52,16,36.19531,224,3.7998047,0.59997559,1.29980469,126,7.419922,86,18,2885,0,3
65.112,1,1,190,4,80,17.5,80,28,37.09375,240,2.3999023,0.19998169,1,136,7.489258,240,16,2200,0,4
55.797,0,1,699,4,65,13.6992188,144,36,36.29688,255.53125,1.7998047,0.5,0.79992676,133,7.489258,161,20,2875,0,1
58.97897,1,1,5,3,120,20.796875,133,10,39.29688,147.5,1.7998047,0.69995117,0.5,145,7.459961,335,14,2614,0,6
80.48499,1,2,310,2,106,0.09999084,128,30,38.89844,160,3.199707,6.59960938,4.79980469,136,7.369141,113,99,2075,1,1
33.60999,1,2,25,4,117,12.5996094,61,32,38.39844,176,2,0.69995117,0.89990234,138,7.519531,133,25,4059,0,1
60.375,0,2,696,5,62,18,101,26,35.89844,272,2.3999023,1.79980469,0.79992676,121,7.399414,111,57,725,0,1
62.67999,1,2,6,2,162,19,135,8,39,194,5.5996094,0.5,1.09985352,135,7.169922,146,17,3730,0,0
26.18199,1,2,207,3,116,13.6992188,65,38,36,340,2.8999023,0.89990234,2,138,7.369141,64,33,2300,7,7
64.20294,0,2,695,2,65,16.0976562,123,8,36.29688,188,2.8999023,0.89990234,0.59997559,128,7.489258,195,11,2930,1,1
54.26099,1,2,4,3,63,13.5996094,129,14,36.79688,177.125,2.8999023,0.39996338,1.19995117,138,7.299805,147,11,3565,0,1
76.59094,0,2,694,5,102,11.0996094,94,20,36,360,3.3999023,0.89990234,1.89990234,136,7.479492,100,34,1625,0,6
74.49396,1,1,163,1,57,7.39941406,133,8,35.59375,278,3,2.09960938,0.29998779,137,7.529297,86,18,700,0,1
63.01398,1,2,41,2,75,10.0996094,118,16,35.69531,372,3.3999023,0.79992676,1.79980469,136,7.469727,92,19,2675,0,0
58.87997,1,1,14,3,109,20.1992188,107,38,36.29688,208.5625,3.3999023,1.5,0.89990234,137,7.449219,133,26,2420,0,1
49.98798,1,2,137,1,82,14.6992188,107,28,38.69531,183.84375,3.2998047,3.29980469,1,128,7.399414,134,24,4100,0,1
72.28699,1,2,309,1,101,11.1992188,100,20,36.29688,261.875,4,1.39990234,0.79992676,136,7.40918,94,13,1968,2,1
38.66098,0,2,689,1,114,8.19921875,150,50,36,136,2.7998047,0.5,1,135,7.379883,248,20,2505,0,0
49.202,1,2,37,3,133,8.29882812,116,10,35.09375,167.71875,3.2998047,1.5,0.79992676,140,7.389648,114,19,2716,0,6
55.29099,1,1,18,0,99,4.69921875,88,20,36.89844,180,4.3994141,0.5,1.39990234,131,7.349609,105,16,1968,6,6
72.047,1,1,637,3,63,49.296875,77,22,36.19531,596,1.7998047,0.5,3.69970703,137,7.369141,205,53,1605,1,2
68.94995,1,2,46,4,128,13.7988281,133,6,38,155,3.2998047,0.5,1.09985352,142,7.319336,106,13,1492,1,4
35.918,1,1,549,4,126,6.59960938,107,20,36,224,3.0996094,1,1.29980469,134,7.419922,193,19,400,0,5
31.625,0,2,687,3,119,8.29882812,50,22,36.5,247.59375,3.5996094,0.59997559,1.09985352,137,7.439453,107,24,1968,0,6
66.81494,0,1,685,0,79,7.79980469,64,16,36.39844,224,4.5996094,0.69995117,0.89990234,135,7.419922,96,13,900,0,1
63.89899,1,1,17,1,53,21.0976562,132,12,38.5,108.32812,1.5998535,1,1.29980469,134,7.439453,296,36,2755,2,1
72.77197,1,2,226,3,139,1.39990234,167,32,32,154,4.2998047,0.79992676,2.09960938,132,7.419922,196,24,3685,1,1
59.62997,0,1,684,4,138,13.7988281,129,10,38.39844,66,3,12.2988281,0.79992676,135,7.469727,147,11,2385,1,1
56.60199,1,2,401,2,99,18.5,100,24,36.89844,137.5,3,1,2.29980469,142,7.349609,232,46,1175,0,1
69.21594,1,1,381,3,115,9.79882812,80,12,37.89844,171.09375,2.199707,1.79980469,2.79980469,137,7.509766,99,40,1253,0,1
79.81696,0,2,679,0,83,7.09960938,78,20,36.5,304.75,3.8999023,0.59997559,1.29980469,135,7.459961,395,13,1968,0,0
70.81195,1,1,245,1,139,17.6992188,131,35,39.09375,173.3125,2.5,0.39996338,1.19995117,153,7.419922,280,18,6520,0,1
57.88098,1,2,394,1,112,3,153,6,37.89844,160,3,0.5,1,150,7.539062,273,10,4029,0,0
91.64398,1,1,241,3,73,9.09960938,80,22,36.19531,512,2.8999023,0.89990234,1,138,7.449219,124,12,2050,0,1
82.06696,1,2,28,2,103,5.59960938,74,15,35.69531,182.84375,2.2998047,0.5,5.89941406,135,7.419922,147,56,2425,0,0
58.198,0,2,677,3,75,53.3984375,69,20,36.29688,224,2.5,0.69995117,2.39990234,132,7.419922,152,75,3200,0,0
67.71796,1,2,158,2,71,10.1992188,138,51,39.19531,142.5,2.3999023,0.89990234,1.5,147,7.419922,147,31,4132,0,1
51.04199,0,1,675,2,109,8.09960938,72,20,36,224,3.5996094,2,2.19970703,135,7.419922,84,45,2.47998,0,1
54.34399,0,2,675,3,78,10.6992188,120,20,36.89844,224,2.5,3.29980469,0.79992676,119,7.419922,426,15,1200,0,0
70.57898,0,1,675,0,61,15.3984375,126,42,36.59375,313.3125,2.0996094,0.59997559,6.5,144,7.359375,55,65,1860,0,0
69.36597,1,2,19,1,77,8.19921875,82,24,36.59375,230.53125,3.0996094,1.39990234,1.19995117,139,7.379883,105,14,2260,0,1
74.06696,1,2,36,4,99,15,118,28,38.19531,314.25,4.8994141,1.5,0.39996338,141,7.359375,95,7,770,0,6
74.51599,1,1,15,2,64,7.89941406,62,22,36.69531,266.625,3.8999023,0.69995117,0.79992676,148,7.399414,152,18,2950,0,0
76.87897,1,1,44,1,66,3,130,32,35.69531,334,1.3999023,1,1.5,143,7.489258,80,33,2026,0,7
74.133,0,2,671,4,106,5.39941406,101,30,36.59375,224,2.0996094,1.09985352,0.89990234,139,7.419922,105,11,1475,6,1
49.18799,0,2,670,1,69,11.1992188,105,24,35.59375,185.6875,3.5996094,0.89990234,0.89990234,133,7.269531,422,13,3490,0,1
72.81598,1,1,308,1,130,15.0996094,126,12,36.39844,140.71875,4.1992188,0.19998169,1.59985352,133,7.209961,240,33,1968,2,0
89.20996,1,2,667,1,120,11.7988281,124,10,37.19531,142.5,2.8999023,0.89990234,0.89990234,141,7.449219,140,30,1750,2,0
35.90399,0,1,669,1,105,11.3984375,104,24,36.19531,224,3.5996094,0.69995117,1.19995117,154,7.399414,437,19,1750,1,0
46.76199,0,2,669,0,74,12,122,22,38,357.125,2.3999023,3.5,1,135,7.429688,136,34,3530,0,0
59.00299,0,2,668,1,110,4,58,8,36.09375,285.6875,3.8999023,1.09985352,1,139,7.419922,141,22,1645,4,4
49.07599,0,1,668,1,115,7.09960938,72,20,35.39844,426.625,2.0996094,0.39996338,4.09960938,142,7.429688,102,34,1225,0,0
43.76999,0,2,667,2,115,7.59960938,68,24,36.19531,351.375,2.2998047,0.29998779,2.39990234,129,7.359375,74,45,1569,0,1
49.65598,1,1,18,2,97,7.89941406,60,20,36.29688,224,2.199707,0.39996338,3.29980469,136,7.419922,157,43,2450,0,1
56.07397,1,1,9,2,68,18,104,24,36.59375,224,3.199707,0.39996338,2,137,7.419922,116,83,4005,7,7
77.68695,0,1,665,1,82,10.5996094,101,24,36.39844,224,3.8999023,0.79992676,1.29980469,140,7.419922,130,30,2600,2,2
58.995,0,2,666,0,60,29,144,32,39.19531,411.375,2.0996094,1.89990234,0.89990234,135,7.509766,110,17,1583,0,0
51.73398,0,2,663,2,74,11.2988281,55,24,35,263.3125,4.0996094,1,1,142,7.439453,118,17,1320,0,1
69.54095,0,2,661,3,117,14.7988281,109,8,40.09375,186,2.699707,0.59997559,8,134,7.419922,287,55,128,0,1
54.25299,0,1,662,2,104,10.7988281,96,24,36.29688,200,2.8999023,1.59985352,1.19995117,130,7.399414,85,17,1968,0,1
69.62897,1,2,7,2,63,7.39941406,109,16,38.69531,93.75,2.5,4.79980469,0.69995117,132,7.389648,228,19,2093,0,2
32.06799,1,2,584,1,67,20.296875,79,24,38.59375,476.1875,2.7998047,2,10.5996094,133,7.439453,287,48,0,0,0
62.46399,0,1,660,3,99,9.59960938,80,20,36.09375,193.53125,4.7998047,1.39990234,1.39990234,143,7.389648,263,10,800,1,0
21.254,0,2,660,2,10,10.1992188,45,10,35.69531,440,2.699707,2.29980469,1.5,132,7.429688,141,26,5528,0,0
73.31396,1,2,24,3,81,4.59960938,70,24,36.69531,224,3.0996094,0.59997559,1.09985352,131,7.419922,73,31,1968,0,0
74.66095,0,1,660,2,77,15.8984375,78,22,35.59375,224,2.3999023,0.5,3.69970703,136,7.419922,85,73,2400,0,0
69.74396,1,2,18,1,126,12.2988281,148,45,39.09375,197.5,2.2998047,4,0.79992676,126,7.389648,435,15,2270,0,0
74.93799,1,2,17,4,51,13.7988281,80,23,38,92.29688,2.5996094,1.19995117,1.29980469,128,7.569336,373,36,2124,0,6
59.80298,0,1,657,3,105,9.19921875,98,20,36.79688,224,4.0996094,0.29998779,1,133,7.419922,108,8,1975,0,6
71.70697,1,2,17,2,77,16.0976562,72,24,36.5,138.75,3.0996094,0.39996338,1.19995117,138,7.019531,114,34,1575,0,0
82.60394,1,1,6,0,65,15.5996094,71,26,35.89844,242.84375,2.8999023,0.89990234,1.59985352,146,7.429688,202,48,1968,0,0
82.24799,0,2,656,1,61,16.796875,130,10,39,101.65625,2.7998047,0.69995117,1.09985352,138,7.429688,176,17,605,0,0
89.18799,1,1,4,2,78,10.5996094,72,28,36.59375,224,2.8999023,0.89990234,1.19995117,140,7.419922,135,23,1968,0,1
53.03998,1,2,40,2,52,3.39990234,121,8,37.5,204,1.7998047,0.5,0.69995117,143,7.40918,165,12,2700,0,1
57.87,1,1,104,2,60,12.5,106,28,35.19531,224,2.5996094,5.09960938,0.79992676,132,7.419922,53,21,1450,4,0
30.935,0,2,653,4,64,11.5996094,131,60,38.39844,234.28125,2.2998047,1.59985352,0.79992676,147,7.429688,261,18,3870,1,0
77.47797,1,1,171,1,99,9.59960938,60,20,35.69531,224,2.8999023,1.09985352,3.29980469,135,7.419922,233,68,1150,0,1
72.01599,1,2,25,1,116,13.5996094,77,37,38.39844,263.3125,2.5,1.79980469,2.5,148,7.489258,318,32,1777,0,6
48.52597,0,2,650,1,135,6.79980469,150,35,36.39844,112.23438,3.0996094,0.79992676,2.29980469,131,7.379883,245,34,1545,0,0
22.89899,1,1,127,0,67,11.5,116,10,38.09375,330,2.5996094,1,0.69995117,133,7.469727,217,12,3254,0,6
41.50598,1,1,85,3,97,10.0996094,76,24,36.5,261.875,4,1.19995117,0.79992676,136,7.40918,163,14,1968,0,0
62.987,0,2,650,2,79,15.5996094,100,14,36,312,2.3999023,0.29998779,0.89990234,131,7.369141,122,19,1968,6,6
77.34198,0,2,648,7,111,8.59960938,80,34,34.79688,428.5625,2.7998047,1.39990234,0.69995117,138,7.479492,128,7,1968,0,2
36.57199,1,2,251,1,89,8.3984375,80,16,36.19531,224,4.5,0.69995117,1.09985352,139,7.419922,138,19,1968,6,6
63.72598,0,1,644,2,120,21.0976562,120,8,38.89844,203.3125,2.2998047,0.39996338,0.69995117,146,7.399414,112,17,1693,1,3
50.40698,1,2,4,3,132,10.8984375,72,10,38.39844,183.3125,2.699707,1.89990234,1,139,7.469727,302,32,5990,0,2
56.64099,0,1,644,3,66,14.2988281,119,10,38.69531,112,2,2.39990234,1.39990234,148,7.399414,74,26,3252,0,7
89.00494,0,2,645,0,54,0.09999084,142,34,38.89844,140,2.8999023,0.69995117,7.59960938,151,7.359375,167,130,655,0,2
67.98395,0,2,643,5,102,7.5,71,22,36,224,4.0996094,0.29998779,1,133,7.419922,114,27,46.796875,5,6
61.24597,1,2,5,2,75,8.8984375,68,28,35.59375,224,4,1.69995117,1.79980469,136,7.419922,84,43,1968,0,0
67.98895,1,2,10,1,93,4.19921875,96,20,36.29688,371.375,3.3999023,2.09960938,2.29980469,138,7.459961,107,41,1968,4,4
69.21594,0,2,640,4,63,11.1992188,110,30,35,224,4.3994141,1.89990234,1.89990234,136,7.419922,97,35,1075,0,1
71.99695,1,2,12,3,124,8.69921875,68,22,36.29688,224,3.8999023,0.5,1.5,139,7.419922,86,14,1950,4,3
72.03796,0,1,639,3,91,9.5,96,22,36.39844,224,2.8999023,0.89990234,0.89990234,134,7.419922,88,9,1968,1,0
48.75,1,2,447,0,116,10,124,28,38.59375,170,1.5,0.5,0.89990234,134,7.399414,118,7,3225,0,0
47.57599,1,2,17,2,117,7.39941406,84,16,35.89844,224,3,0.39996338,3.29980469,133,7.419922,156,36,2830,0,1
52.38599,0,1,639,2,131,13.5996094,71,14,36.09375,359.25,2.8999023,0.89990234,0.5,134,7.419922,133,12,4336,1,0
35.38898,0,1,637,1,55,10.1992188,199,10,39.39844,110,2,4.59960938,2.09960938,138,7.359375,116,42,1124,0,0
51.086,1,2,66,0,71,9.69921875,56,8,36.89844,156.65625,3.199707,0.79992676,1.79980469,145,7.469727,162,44,1523,0,0
73.37396,1,1,29,0,54,6.89941406,122,8,38.09375,173.3125,2.0996094,0.69995117,6.09960938,137,7.399414,112,82,439,0,6
31.93199,0,1,638,2,110,12.5996094,69,8,38.39844,346,2.8999023,0.5,0.69995117,131,7.469727,120,17,3158,0,1
46.34399,0,2,633,1,124,10.3984375,104,24,36,257.125,2.8999023,0.39996338,1.19995117,133,7.429688,150,14,800,0,1
44.64899,0,2,634,3,58,3.5,96,20,38.69531,224,2.8999023,0.89990234,1,139,7.419922,143,4,2250,0,3
81.60199,1,1,114,3,108,8.8984375,87,28,36.79688,269.5625,2.8999023,0.89990234,1.09985352,136,7.339844,146,26,4750,0,1
48.84299,0,2,633,3,75,8,65,24,36.59375,224,3.2998047,0.5,0.89990234,137,7.419922,141,19,1968,0,0
66.31598,0,1,632,2,61,113.59375,63,20,36.69531,224,2.8999023,0.89990234,2,129,7.419922,76,39,1650,0,0
49.13599,1,1,94,2,131,8.59960938,118,20,37,224,5,0.69995117,0.69995117,135,7.419922,69,11,2350,5,5
39.99197,0,2,631,1,126,11.0996094,75,28,36.59375,385.125,3.699707,0.39996338,1,137,7.439453,125,18,4485,0,4
64.38898,1,1,51,4,63,26.0976562,122,24,35.19531,224,1.6999512,0.59997559,6,136,7.419922,74,66,230,0,0
50.22299,1,1,7,2,77,23.0976562,134,10,39,245,1.5998535,0.39996338,0.5,134,7.459961,117,6,3925,0,6
74.75397,1,2,335,1,92,5.89941406,100,20,36.89844,224,2.199707,10.3984375,0.89990234,133,7.419922,95,8,3720,0,1
43.66098,1,1,117,1,70,27,126,12,36.59375,133.3125,2.5996094,1.09985352,3.29980469,128,7.40918,347,66,1089,1,4
71.77295,1,2,213,1,43,11.7988281,120,28,35.5,295.1875,3.2998047,0.5,0.59997559,137,7.489258,112,16,3275,0,0
67.71497,0,1,629,4,109,10.8984375,122,26,35.89844,122.21875,2.5,1.19995117,1.5,133,7.449219,71,42,2400,0,0
65.28094,0,2,628,2,127,12.7988281,124,10,39.69531,184,2.0996094,4.39941406,1.29980469,144,7.40918,189,31,1478,0,0
89.58197,1,2,179,2,114,17.796875,107,24,36.29688,292,3.3999023,0.5,0.89990234,137,7.179688,165,13,1750,0,1
62.79498,0,2,626,0,55,14.5,112,12,38.69531,120,2.8999023,0.89990234,0.69995117,134,7.419922,105,7,3385,0,0
57.448,0,1,622,4,100,7.5,118,24,36,224,4,1.29980469,1.19995117,136,7.419922,100,14,1968,0,0
51.409,0,2,622,2,83,13.2988281,100,10,36.89844,158,4.0996094,2.09960938,0.59997559,132,7.389648,116,13,2690,0,0
78.41199,1,2,274,0,52,20.0976562,128,28,40,106.65625,1.7998047,3.39990234,2.69970703,134,7.299805,54,29,885,0,5
60.56897,0,2,621,0,79,0.69995117,71,24,36,224,3.3999023,0.89990234,0.89990234,136,7.419922,87,10,3250,0,6
69.69995,1,2,592,2,66,16.296875,65,40,36.5,261.25,3.5996094,0.59997559,0.89990234,138,7.40918,129,30,1700,0,1
22.68599,0,1,621,0,121,18.5,129,38,39,172.5,3.0996094,0.89990234,1.19995117,141,7.379883,148,23,4995,0,0
24.241,0,1,620,0,71,15.2988281,141,14,36.89844,238,2.699707,1.29980469,1.59985352,140,7.519531,158,35,2860,0,0
68.18896,1,1,237,2,45,13.3984375,127,10,35.89844,185,1.7998047,8.29882812,1.19995117,145,7.389648,304,25,1938,0,0
64.63495,1,2,525,2,106,7.09960938,100,32,35.59375,283.3125,3.5996094,1.39990234,1.29980469,143,7.469727,213,28,2600,0,1
68.37195,1,1,551,3,110,8.09960938,141,30,36,177.5,2.5996094,0.5,1.39990234,144,7.419922,203,40,2558,0,1
68.39398,0,1,618,3,132,22.296875,114,8,36.59375,140,3.3999023,1,1.19995117,140,7.429688,180,20,3085,0,0
75.81396,0,2,618,3,61,0.59997559,77,28,36.29688,224,2.2998047,1.09985352,1.5,128,7.489258,110,21,1968,0,0
77.90295,0,2,617,1,36,35.5,118,10,36,140,1.0998535,0.79992676,2.59960938,131,7.359375,211,48,1935,0,0
79.54797,1,2,58,3,76,36.3984375,64,24,36.5,230,3.199707,1.39990234,1.19995117,137,7.529297,90,25,1968,0,0
79.67694,0,2,616,2,105,11.0996094,75,37,36.69531,298,2.5996094,0.29998779,1.39990234,138,7.40918,244,48,1280,0,0
70.409,1,1,277,2,77,14.5996094,77,14,36.29688,116,2.199707,9.59960938,5.59960938,127,7.339844,80,88,48,0,1
66.146,1,1,11,0,109,10.2988281,122,24,37,224,2.8999023,0.89990234,0.59997559,119,7.419922,321,7,4450,0,0
52.71997,1,1,13,3,132,15.0996094,116,22,36.5,343.3125,2.8999023,1.29980469,8.09960938,132,7.449219,94,78,240,0,0
72.20294,1,2,51,2,69,13.0996094,63,24,37.59375,268,3.699707,0.89990234,1,139,7.209961,194,16,1795,1,0
30.508,0,2,613,0,62,19.5976562,164,35,38.19531,126.65625,1.3999023,0.5,1.29980469,143,7.369141,57,64,2025,0,0
74.24194,0,2,613,6,115,15.3984375,117,10,38.59375,216.65625,2,0.79992676,5.89941406,141,7.319336,261,75,2905,0,0
21.681,0,2,613,4,50,10.8984375,141,30,38.89844,170,2.3999023,0.5,0.59997559,130,7.479492,217,10,1469,0,6
59.12698,0,1,613,4,47,7.29980469,133,26,36.09375,422.1875,4,1.09985352,0.89990234,137,7.479492,98,14,1200,0,1
75.15399,1,2,276,1,114,13.5,113,20,36.39844,452,2.2998047,0.39996338,1.39990234,144,7.299805,282,46,2420,0,0
52.31998,0,2,612,0,100,5.19921875,104,28,35.29688,224,4.0996094,1,2,142,7.419922,142,27,1968,2,0
79.52594,1,2,66,3,66,8.69921875,118,12,38.19531,377.5,2.699707,1.09985352,0.19998169,137,7.459961,86,12,1969,0,6
65.78497,1,1,137,3,114,12.6992188,72,20,35.59375,224,2.7998047,1.69995117,2,130,7.419922,113,47,625,0,1
46.77298,0,2,609,4,26,68,200,43,36.29688,93,1.3999023,4.5,2.5,139,7.189453,51,26,33,0,1
68.34796,0,2,610,1,115,24,122,40,38.59375,200,3.7998047,0.5,0.79992676,143,7.489258,181,14,3230,0,1
47.78598,0,2,608,2,83,16.5,72,24,35.5,238.09375,2.5,0.89990234,1.19995117,148,7.539062,104,12,1968,0,7
75.18396,1,1,4,0,87,10.2988281,83,18,36.29688,152.375,4.1992188,0.69995117,1.09985352,138,7.369141,170,24,1968,0,1
78.57397,1,1,7,0,104,19.5,110,24,36.39844,295.1875,2.3999023,0.39996338,1,146,7.519531,105,13,1250,0,7
47.75098,0,2,608,4,84,4.69921875,104,24,38.29688,224,4,3.69970703,1.89990234,133,7.419922,83,34,2120,0,0
56.94199,1,1,410,4,80,7.09960938,74,30,36.5,390.4375,3.8999023,0.79992676,1.59985352,138,7.469727,35,171,1968,0,3
63.30197,0,2,609,5,100,13.1992188,100,26,35.89844,129.625,4,0.5,1.69995117,141,7.379883,140,28,2200,0,0
58.69098,0,1,608,1,121,8.19921875,72,40,36,262.5,3.7998047,0.5,1.19995117,146,7.389648,107,20,542,2,1
71.92096,0,1,607,4,114,12.7988281,126,52,38.59375,280,2.8999023,0.59997559,2.79980469,152,7.449219,181,54,1645,2,1
75.47699,1,2,130,1,114,25.796875,157,24,38.89844,55,2.5996094,1,0.89990234,141,7.359375,219,19,3484,1,1
62.69098,0,1,606,0,125,5.89941406,80,20,36.39844,385.6875,2.8999023,0.29998779,5.89941406,137,7.349609,109,70,1968,0,0
56.435,0,1,605,1,116,21,118,14,38.29688,295,3.3999023,0.39996338,1,136,7.399414,111,6,2161,0,2
59.39999,1,1,29,3,69,12.5,129,32,39,207.5,2.2998047,9.3984375,0.89990234,143,7.419922,115,18,3345,2,1
29.084,1,1,4,1,53,14.0996094,121,10,39,254,3.199707,0.69995117,3.79980469,129,7.489258,105,50,388,0,1
39.84097,0,2,603,3,115,20.796875,122,10,38.69531,133.3125,2.199707,0.69995117,1.19995117,132,7.429688,309,24,2365,0,1
45.008,0,1,602,0,110,8.79882812,65,8,38.39844,108.32812,3,1.39990234,0.89990234,155,7.30957,118,18,1506,0,7
45.37198,1,2,113,6,115,11.1992188,98,28,35.79688,214.28125,3.199707,0.5,1.19995117,141,7.30957,90,10,1968,0,1
33.50598,1,1,4,1,90,9.5,93,18,36.09375,224,4.0996094,1,1.59985352,133,7.419922,122,31,900,0,1
59.89899,1,1,4,0,110,6.69921875,58,14,36.19531,172,3.0996094,0.59997559,0.79992676,144,7.259766,128,19,1355,0,1
39.47699,1,2,191,3,57,24.3984375,97,12,38.09375,96.25,2.199707,0.69995117,1.39990234,145,7.389648,198,35,2305,2,1
57.16898,1,2,237,6,79,11.2988281,98,20,37.89844,224,2.3999023,15.1992188,0.5,133,7.419922,118,4,4600,0,2
63.90097,1,2,47,0,116,15.2988281,129,32,38.19531,228.5625,3,0.69995117,1.09985352,136,7.379883,119,9,816,0,7
57.01797,1,2,106,1,119,11.2988281,150,28,36.19531,200,2.8999023,0.89990234,1.79980469,136,7.469727,290,35,3800,0,1
61.65399,1,2,12,0,51,1.69995117,167,46,34.79688,170,2.5996094,20.5976562,2.69970703,157,7.419922,278,75,3470,0,0
34.86697,0,1,597,3,128,6.09960938,56,27,35.19531,122.5,1.5,0.39996338,0.89990234,147,7.349609,143,30,6755,1,1
48.44098,1,2,365,1,78,11,74,20,36.89844,224,2.8999023,0.89990234,0.89990234,136,7.419922,107,8,3400,0,0
63.10498,1,2,16,0,123,11.2988281,114,26,39.19531,148.375,3.0996094,0.79992676,1.5,139,7.449219,160,33,1555,0,0
43.64099,0,2,594,0,117,12.5996094,106,42,35.09375,233.3125,3.199707,1,0.89990234,150,7.429688,123,16,3410,0,1
64.64899,1,1,53,1,119,19.1992188,111,10,36.5,80,3.3999023,0.29998779,1.79980469,138,7.419922,292,35,4150,1,0
68.64099,1,1,124,4,65,5.69921875,69,24,36.09375,220,3.0996094,0.79992676,0.79992676,136,7.469727,98,10,1968,0,5
21.131,0,1,592,1,106,12.0996094,111,25,37.29688,180,3.2998047,1.29980469,0.89990234,136,7.5,175,23,1091,0,1
58.11899,0,2,590,3,101,8.19921875,98,22,36.79688,307.375,4.3994141,0.69995117,0.79992676,137,7.229492,255,7,700,0,0
54.00998,0,2,590,1,127,19.0976562,71,12,36.59375,144,1.1999512,1.79980469,0.79992676,143,7.239258,201,19,3019,0,0
66.48895,1,2,95,2,60,18.3984375,109,26,38.09375,116.65625,2.199707,4.89941406,2.09960938,138,7.389648,152,44,1675,5,1
83.17896,1,1,4,0,63,10.3984375,116,24,38,180,1.8999023,0.19998169,0.89990234,130,7.439453,277,32,1150,0,1
27.409,1,2,146,2,140,8.5,60,48,38.09375,263.3125,3.3999023,0.79992676,1.09985352,137,7.319336,109,16,1681,0,1
69.88898,0,2,589,2,84,12.1992188,72,26,36.09375,190,3.8999023,1.19995117,0.69995117,135,7.399414,209,12,1968,0,0
58.79498,1,1,130,1,111,37,139,14,39.09375,90.65625,2.699707,1.19995117,1.5,146,7.40918,252,35,23.546875,0,0
74.27795,1,1,243,3,47,11.3984375,140,14,39.5,128.75,1.0998535,0.89990234,1.5,132,7.279297,102,15,2970,1,1
86.396,1,2,13,0,100,4.09960938,85,22,36.79688,224,2.8999023,0.29998779,1,137,7.419922,97,8,1968,0,0
44.271,0,2,587,2,124,19.5976562,112,38,36.59375,290,3.199707,0.19998169,0.79992676,138,7.469727,146,12,2206,0,2
38.73499,0,2,586,2,162,10.1992188,118,24,35.29688,137.5,3.0996094,1,0.89990234,144,7.479492,132,20,4346,0,0
77.95996,1,1,12,1,125,8,133,24,36.39844,224,3,0.89990234,2.09960938,137,7.419922,169,48,3867,0,7
70.98395,1,2,13,1,104,16.796875,112,22,36.59375,296,2.8999023,0.79992676,0.89990234,135,7.5,96,22,900,0,6
61.478,0,1,584,1,82,11,125,24,36,257.125,3,0.79992676,0.89990234,135,7.469727,96,15,1025,0,0
53.15799,0,2,584,3,117,31.8984375,65,28,38.19531,144,1.5998535,2.89990234,1,135,7.349609,199,25,3110,0,2
85.28094,1,1,11,0,110,12.5996094,75,8,35.39844,412.5,2.8999023,0.89990234,0.69995117,131,7.519531,169,10,3800,3,3
66.17896,1,1,11,1,73,14.2988281,110,28,38.29688,274.5,1.6999512,2,2.09960938,147,7.469727,232,60,1124,0,1
42.43399,1,2,11,5,109,5.79980469,108,26,36,268,3.7998047,3.69970703,1.19995117,137,7.379883,173,24,1968,0,0
78.73798,1,1,12,4,65,1.5,76,20,35.39844,224,3.199707,1.29980469,2,141,7.419922,109,14,1800,7,1
61.09497,1,1,248,3,131,20.5,126,12,39.19531,224,3.8999023,0.69995117,0.69995117,138,7.509766,197,17,2270,1,1
47.50699,0,2,577,2,118,18.6992188,129,40,39.19531,157.5,3.3999023,1.89990234,0.79992676,138,7.459961,234,17,3132,0,0
73.60394,1,1,333,4,75,8.79882812,129,32,36.5,288.875,2.8999023,0.89990234,3.19970703,137,7.479492,111,40,2512,1,0
82.78198,1,2,90,3,63,9.69921875,66,8,36.59375,272.5,2.7998047,1.19995117,0.5,139,7.439453,136,15,2677,0,6
54.853,0,1,577,1,63,12,114,28,39.29688,224,2.699707,1,1.09985352,133,7.419922,102,10,4125,0,1
62.5,0,1,576,1,103,5.09960938,60,21,35.09375,224,3.0996094,0.69995117,1.5,137,7.419922,187,16,1525,0,0
84.646,0,1,576,4,119,6,77,20,36.59375,224,4.2998047,0.59997559,1.59985352,140,7.419922,122,17,3550,3,2
50.53799,1,2,5,2,69,12.8984375,131,24,37.79688,336.625,2.8999023,1.29980469,0.19998169,132,7.489258,118,3,1594,0,1
75.59796,1,1,5,0,77,12.2988281,96,18,36,224,2.199707,6.5,0.69995117,131,7.419922,81,8,1968,0,0
68.96594,0,2,573,6,120,17.796875,69,12,38.5,224,2.5,1.5,0.89990234,142,7.459961,96,27,2210,4,3
71.72095,0,2,572,1,70,24.796875,107,11,36.69531,252.5,2,6.39941406,1.39990234,132,7.479492,137,36,3431,0,0
79.53198,1,1,178,3,56,11.0996094,101,42,38.79688,177.5,2.5,1.19995117,0.69995117,140,7.449219,110,17,2700,0,0
64.23798,0,1,569,1,62,16.5976562,114,24,38.19531,350,1.6999512,0.59997559,1.09985352,133,7.40918,102,24,1808,0,0
32.76398,1,2,47,2,117,4.5,51,24,38.59375,118.35938,3.199707,3.19970703,0.69995117,141,7.469727,146,19,2688,0,4
48.92499,1,1,5,3,66,10.2988281,128,10,37.59375,170,2,2.19970703,1,138,7.449219,111,15,1830,0,1
61.39398,0,1,566,4,65,4.19921875,106,28,36,283.3125,2.5996094,0.39996338,0.59997559,132,7.289062,320,34,2275,0,1
48.87299,0,2,566,5,53,14.0996094,131,15,39.19531,308,3.0996094,1.09985352,1.29980469,134,7.439453,147,41,975,0,0
62.02298,1,2,490,2,67,9.5,64,40,35.29688,356.625,4.0996094,1,0.5,123,7.5,96,17,2323,0,1
67.79199,1,1,32,4,76,6.39941406,122,22,36.19531,460,4.1992188,2.29980469,2.29980469,134,7.349609,105,25,5105,0,0
38.35999,1,2,319,1,66,15.2988281,146,40,36,177.125,3.0996094,1.09985352,0.89990234,146,7.30957,229,20,1900,0,0
76.82397,0,1,565,2,129,7.69921875,136,10,38.5,130,2.5,0.39996338,0.79992676,143,7.469727,141,21,3895,0,1
34.63699,1,2,384,1,58,3.89990234,77,21,36.09375,120.40625,2.8999023,0.79992676,0.69995117,137,7.429688,198,6,1968,0,1
73.19397,1,1,157,3,117,8.19921875,71,24,36.09375,224,4.1992188,0.69995117,1.39990234,144,7.419922,95,26,1050,0,1
85.95197,0,2,564,1,70,4.79980469,114,16,37.79688,224,4.0996094,0.39996338,1,133,7.419922,178,12,1968,5,4
87.90399,0,2,563,1,133,10.6992188,144,28,36.59375,157.5,2.2998047,0.5,2.39990234,164,7.319336,402,42,3100,0,0
85.89697,1,2,124,1,58,10.5996094,107,24,36.89844,224,2.8999023,0.89990234,1.19995117,140,7.419922,135,23,3475,0,7
46.71899,1,2,413,1,72,0.69995117,76,20,37.5,224,2.5,0.69995117,1.19995117,127,7.419922,136,13,2000,0,0
76.34497,1,2,25,1,129,15.5,60,26,36.09375,347.5625,2.8999023,0.89990234,0.59997559,154,7.479492,208,8,3715,0,0
47.00598,1,2,155,1,65,10.0996094,143,24,37.59375,304.75,2.8999023,0.89990234,0.79992676,128,7.389648,122,8,2010,4,6
55.80798,0,1,554,3,130,16.3984375,150,28,36.29688,235.6875,3.699707,0.39996338,0.69995117,141,7.459961,124,14,715,5,0
63.60797,1,2,58,2,172,18.6992188,195,8,41,336,3.5996094,0.79992676,1.19995117,143,7.269531,120,14,3976,6,3
65.599,1,2,31,3,101,3.79980469,72,16,36.69531,224,2.5,4.89941406,0.69995117,136,7.419922,107,8,1968,0,2
53.26199,0,2,553,0,116,9.8984375,104,11,37.69531,118.32812,2.7998047,0.59997559,0.5,141,7.369141,95,5,1963,0,1
22.648,0,2,554,0,67,11.8984375,122,12,37.89844,246.65625,3.699707,1.09985352,1.89990234,132,7.539062,234,70,2095,0,0
59.17297,0,2,555,3,123,22.5,176,44,39.19531,420,2.7998047,1.59985352,4.69921875,153,7.489258,185,68,1415,0,1
53.24799,0,1,550,0,137,19.3984375,70,9,39.5,177.5,3.699707,0.5,1.39990234,144,7.469727,156,18,4134,0,0
51.836,0,2,548,0,77,4.59960938,104,16,37.69531,224,2.8999023,9.29882812,0.69995117,137,7.419922,93,8,2500,0,0
74.58997,1,1,6,1,119,13.7988281,120,23,36.19531,104,3.3999023,0.59997559,2.19970703,134,7.469727,160,33,1725,0,1
63.34299,1,2,203,3,28,9.8984375,62,28,38.59375,324.9375,3.3999023,1,0.69995117,138,7.439453,137,11,1213,1,1
55.34598,1,2,53,4,123,15.8984375,108,30,39.5,380,3.2998047,2.29980469,1,143,7.489258,147,28,1600,0,5
38.58197,0,2,546,4,162,10.2988281,113,12,38.59375,172,2.8999023,0.89990234,2.89990234,138,7.399414,151,49,4455,1,1
64.70398,1,2,143,4,70,4,106,28,37.69531,224,2.2998047,0.59997559,0.79992676,140,7.419922,91,8,2500,1,2
36.71198,1,2,19,0,131,11.2988281,120,10,38.19531,140,2.8999023,10.5,0.79992676,136,7.509766,112,21,2050,0,5
72.48499,1,1,22,1,145,14.1992188,62,8,36.29688,390.4375,2.5,0.79992676,1.89990234,152,7.489258,107,82,2561,1,1
56.49298,1,2,235,4,124,8,113,10,39.39844,130,2.7998047,2.89990234,1.19995117,139,7.40918,115,13,2421,0,1
49.34698,0,1,543,4,74,18.5,118,20,35.79688,224,1.8999023,0.59997559,0.69995117,122,7.419922,70,14,1750,0,0
53.24298,0,2,543,2,111,3.39990234,88,20,37.09375,275,3.199707,2.09960938,1.29980469,133,7.439453,72,22,2470,0,1
68.21899,0,1,542,3,80,8.19921875,108,28,37,485.6875,3.699707,4.79980469,1.29980469,139,7.429688,88,14,2000,0,0
66.18195,0,1,541,1,63,7.19921875,75,12,38.29688,231,1.7998047,1,1.09985352,138,7.339844,271,18,1525,0,1
72.28699,1,2,541,2,136,12.8984375,70,11,38.5,317.5,3.2998047,1.59985352,0.79992676,134,7.40918,167,14,2965,0,0
71.797,1,2,15,1,61,5.69921875,80,22,35.79688,242.84375,2.0996094,1.09985352,0.79992676,127,7.579102,203,18,1968,0,0
76.75299,1,1,6,5,173,27,22,8,35.89844,193.3125,2.8999023,1.79980469,1.09985352,140,7.459961,331,21,1554,0,1
64.16394,0,2,537,1,78,10,124,24,35.79688,224,3.0996094,2,0.5,128,7.419922,83,27,425,0,1
44.20297,0,1,536,5,80,10.0996094,60,22,36,224,3.699707,1.79980469,1.59985352,140,7.419922,96,21,1968,0,7
72.81897,1,2,346,5,47,31.796875,158,28,36.59375,354.8125,3.2998047,3.19970703,3.89990234,136,7.349609,165,62,2534,0,1
63.94498,0,2,535,3,141,8.8984375,132,24,38.5,295.1875,3,0.69995117,1.29980469,137,7.529297,216,23,1965,1,0
73.336,1,1,100,4,114,19,111,40,35.79688,190,3,0.69995117,2.79980469,144,7.40918,204,50,910,0,0
61.72198,1,2,93,3,122,17.796875,120,36,38.39844,134,2.5,0.5,0.29998779,145,7.379883,74,14,1979,0,1
68.07098,0,2,531,6,126,11.2988281,120,32,38.89844,167.5,2.2998047,4.59960938,0.69995117,142,7.519531,96,17,1045,0,2
64.99896,0,2,531,1,123,15.3984375,59,6,36.19531,293.3125,4.2998047,0.59997559,1.5,146,7.439453,202,24,4240,0,1
57.96298,1,2,13,3,69,13.6992188,107,28,37.5,185.6875,2.7998047,0.39996338,1.5,130,7.429688,119,26,7.5,0,2
53.82599,0,1,530,0,125,23.8984375,107,34,36,260,3,1,0.69995117,134,7.509766,156,16,1685,0,4
26.91299,0,2,529,2,79,3.5,76,20,36.5,224,3,5.29980469,1.09985352,130,7.419922,97,7,3050,0,5
57.79599,0,2,528,5,111,13.2988281,103,22,36,386,2.2998047,0.59997559,1.19995117,133,7.469727,71,18,2295,0,6
65.94397,0,1,527,0,67,11.8984375,157,36,38.69531,97.5,1.7998047,0.5,0.59997559,133,7.529297,198,10,3160,0,0
71.35394,1,2,350,3,118,8.5,120,28,37.69531,306.625,2.5,14.6992188,0.69995117,145,7.489258,74,10,4655,0,1
39.15399,0,1,526,3,49,5.29980469,68,20,35,224,3.199707,0.5,1.29980469,143,7.419922,159,58,1220,0,7
63.211,1,2,12,2,115,8.69921875,80,28,36.39844,186.9375,4,1.79980469,1.19995117,139,7.40918,170,32,3030,0,0
58.53,1,2,155,1,115,14.6992188,67,42,39.39844,142,3.0996094,7.59960938,0.69995117,142,7.429688,96,11,4586,0,1
41.97098,1,1,7,0,87,7.29980469,72,24,37.59375,224,2.8999023,0.89990234,0.89990234,136,7.419922,211,17,1968,0,0
42.31097,1,2,8,1,118,22,113,25,35.5,165,3.0996094,1.19995117,11.6992188,141,7.389648,145,111,4,0,2
72.60498,1,1,29,3,99,4.69921875,76,20,37.89844,224,4.6992188,1,0.89990234,141,7.419922,97,14,1968,0,1
48.27399,1,1,45,0,60,12.6992188,64,30,38.5,134,2.699707,0.79992676,0.59997559,140,7.5,104,5,2444,0,0
65.40698,0,1,518,1,77,10,68,28,36.39844,224,2.8999023,1,1.19995117,136,7.419922,369,26,1968,0,4
54.31097,0,1,517,6,144,13.3984375,65,36,39.19531,178,3.2998047,0.89990234,1.59985352,133,7.469727,184,16,2137,2,1
61.03198,0,1,516,3,121,19.5976562,144,48,38.39844,197.9375,2.7998047,0.79992676,2.79980469,142,7.419922,170,39,2525,0,1
45.55499,1,2,320,2,113,7.09960938,96,24,35.29688,224,2.8999023,0.59997559,2.29980469,137,7.419922,66,35,3550,0,1
76.41595,0,2,513,2,66,9.5,78,26,36,212.875,3.0996094,0.89990234,1.39990234,131,7.40918,137,33,2581,1,0
55.73999,1,2,46,3,81,5.39941406,68,18,37,224,3.199707,0.39996338,4.29980469,141,7.419922,81,60,1968,0,1
49.008,0,1,509,4,109,10.8984375,111,40,37.69531,142.5,2.8999023,0.89990234,0.89990234,135,7.389648,131,6,883,1,1
31.55399,0,1,507,3,63,200,156,32,39.09375,224,3.199707,0.89990234,1.19995117,140,7.419922,101,9,4600,2,0
56.616,0,2,507,3,157,17.796875,179,41,39.59375,215,3.3999023,0.69995117,1.29980469,133,7.519531,315,18,1264,1,1
66.78699,0,1,507,1,105,11.0996094,60,20,38.29688,224,3.3999023,0.5,1.59985352,137,7.419922,463,29,1968,0,7
74.13599,0,1,507,6,121,19.796875,63,64,35.5,288,2.3999023,1.69995117,0.79992676,141,7.469727,257,12,5725,5,0
30.39,1,2,26,1,85,8.59960938,92,20,37.39844,224,2.3999023,1.59985352,0.89990234,132,7.419922,100,12,1968,1,0
26.35999,0,1,506,4,97,4.79980469,100,28,36.79688,91.42188,3.699707,0.59997559,0.79992676,134,7.369141,162,10,2100,0,4
43.03897,1,1,227,2,101,6.79980469,96,16,36,224,3.0996094,0.79992676,1.09985352,135,7.419922,80,27,2050,0,0
79.02496,1,1,83,2,71,18.3984375,80,20,36,308.6875,2.8999023,0.89990234,1.19995117,140,7.439453,108,23,1968,5,5
23.11299,0,2,503,0,107,11.7988281,76,24,37.89844,224,3.5996094,0.5,3.09960938,135,7.419922,104,33,5300,0,0
44.42999,0,2,503,3,113,7.29980469,104,24,39.59375,224,2.8999023,0.5,0.79992676,134,7.419922,379,4,3700,0,0
64.12,0,2,503,7,125,3.89990234,72,22,36.29688,309.5,2.8999023,0.89990234,1.19995117,146,7.429688,108,27,2075,0,1
54.19299,1,2,55,3,80,4.89941406,50,22,36.19531,224,3.5996094,0.89990234,1.5,152,7.419922,94,16,1695,3,4
18.77599,0,2,501,0,94,17.0976562,100,32,37.89844,46.66406,3.3999023,1.09985352,1.69995117,142,7.549805,125,42,795,0,0
72.97998,0,1,501,3,81,8.5,58,20,36.19531,224,4.1992188,1,1.19995117,137,7.419922,84,12,1968,0,1
70.43695,1,1,7,3,109,6.5,74,20,36.09375,224,3.0996094,6.59960938,1,134,7.419922,109,11,1968,0,6
67.86597,1,2,32,4,153,4.69921875,54,38,37.89844,319,3.199707,0.5,0.89990234,142,7.459961,107,7,3154,0,0
25.54099,0,2,498,0,121,20,60,24,36.69531,392,2.8999023,0.39996338,3.89990234,137,7.399414,376,57,1968,0,1
67.61896,1,2,58,2,69,2.39990234,66,20,34.5,280.9375,3.2998047,0.79992676,0.79992676,141,7.55957,166,11,1968,0,0
44.09299,0,2,496,3,124,6.39941406,146,36,35.69531,261.875,2.2998047,2.79980469,6.89941406,143,7.209961,54,40,2036,0,1
33.741,0,2,494,3,119,14.5996094,131,33,40.09375,131.09375,2.8999023,0.89990234,1.59985352,151,7.479492,180,26,2735,0,0
49.09,0,1,493,1,76,33.1953125,124,10,38.79688,86.65625,1.8999023,4.39941406,1,143,7.459961,89,17,4050,0,1
63.88797,0,2,492,4,100,4.79980469,72,16,36.09375,504.75,5.1992188,5.29980469,1.09985352,135,7.439453,155,13,4150,0,0
73.88599,1,1,12,0,167,8.8984375,122,10,38.09375,200,1.5,8.59960938,0.79992676,137,7.189453,197,27,1548,0,1
32.65198,0,2,491,0,155,10.6992188,72,32,39.19531,370,3.199707,0.89990234,3,142,7.40918,126,32,1715,4,1
92.65399,1,1,8,1,53,5.5,78,10,39,124,3.699707,0.59997559,1.39990234,130,7.279297,225,29,2125,0,1
33.46997,0,2,490,1,124,12.5,116,24,38.59375,276.625,3,0.5,1.09985352,143,7.429688,135,20,1288,0,0
39.62198,0,2,489,1,99,7.29980469,120,24,36.59375,212.5,2.8999023,0.89990234,2.29980469,139,7.389648,90,10,1400,0,6
74.39294,1,1,16,1,73,7.59960938,64,24,35.59375,442.8125,2.7998047,1.89990234,1.09985352,136,7.509766,73,26,2375,0,2
60.51199,0,1,488,0,63,5.79980469,152,16,39.09375,224,2.5996094,3.89990234,0.79992676,127,7.419922,94,6,1450,0,1
68.12,1,2,25,1,108,6.89941406,96,22,35.39844,224,2.5996094,4.79980469,0.5,126,7.419922,94,1,1968,0,1
60.04398,1,2,169,3,136,11.7988281,133,36,36.5,125,2.0996094,0.39996338,3.79980469,139,7.329102,120,72,1237,0,0
70.56799,0,2,481,4,69,8.79882812,80,20,36.79688,224,3.5996094,1.19995117,1.29980469,143,7.419922,65,33,850,1,0
50.543,1,1,39,2,66,6.29980469,109,25,36.29688,202.21875,2.699707,1,1.09985352,132,7.389648,126,33,1115,7,7
72.50696,1,2,119,1,116,14.0996094,147,26,36.79688,328.5625,4,0.69995117,1,135,7.469727,109,16,1750,0,1
66.672,1,2,183,2,77,6.29980469,77,20,36.19531,404.75,4.2998047,1.09985352,2.09960938,134,7.399414,100,16,1968,0,0
61.13898,1,2,283,0,60,18,74,10,36.39844,63,1.2998047,2.59960938,2.79980469,146,7.319336,97,56,992,0,7
69.36896,0,1,484,2,109,14.6992188,125,22,36.5,353.3125,1.7998047,0.5,1.5,132,7.369141,107,12,3120,6,4
72.96594,1,2,49,1,137,10,122,12,38.09375,240,1.8999023,1.19995117,0.89990234,149,7.539062,194,27,1232,0,0
68.54797,0,2,481,4,61,104,176,26,39.29688,105,2.199707,2.39990234,2.89990234,141,7.319336,376,70,1113,0,1
79.12396,1,1,3,4,66,6.69921875,50,30,35,404.0625,2.0996094,0.59997559,2.69970703,136,7.279297,81,108,337,0,1
62.883,0,1,480,2,71,21.6992188,109,26,38.29688,134.6875,2,0.79992676,1.59985352,134,7.429688,100,30,5752,0,1
78.31897,0,1,480,2,60,9.5,118,40,36.19531,285.6875,2.3999023,2.19970703,1.39990234,130,7.379883,124,50,966,0,5
69.21295,1,2,118,2,99,6,72,20,35.79688,224,3.199707,1.39990234,1,138,7.419922,331,13,2600,0,1
58.76797,0,2,479,1,109,4.69921875,64,20,36.09375,224,3.8999023,0.69995117,1.59985352,140,7.419922,153,22,1700,0,0
38.11899,0,1,479,1,133,19.5,133,36,36.19531,223.0625,3.0996094,0.89990234,0.5,141,7.389648,161,9,1425,0,0
66.91296,1,1,26,3,103,7.59960938,80,24,35.89844,220,3.699707,0.29998779,1,132,7.399414,139,16,1850,0,0
36.80798,0,2,476,4,69,15.5,67,10,35.69531,502,1.8999023,1.79980469,0.69995117,136,7.419922,182,13,1915,0,0
76.57996,1,2,7,2,69,11.5996094,171,55,38.79688,142.5,2.7998047,0.89990234,1.39990234,144,7.519531,107,17,1092,0,0
71.24396,0,1,474,4,126,6.39941406,134,32,38,106.65625,2.199707,11.1992188,0.89990234,128,7.549805,134,5,575,0,2
67.25,0,2,473,4,69,24,126,22,36.69531,220,2.8999023,0.59997559,1.19995117,137,7.369141,160,40,1560,0,1
52.698,0,1,472,2,127,16.296875,107,24,38.19531,288,2.5996094,1,2.09960938,140,7.329102,81,63,3993,0,3
52.00497,1,2,7,1,0,11,150,31,38.79688,297.5,1.7998047,4.19921875,3.69970703,125,7.379883,42,66,5930,0,0
59.89297,0,1,468,4,135,14.8984375,105,5,38.39844,356.625,2.8999023,0.89990234,0.69995117,131,7.479492,144,13,1618,0,1
57.98499,1,1,415,6,120,3.79980469,77,20,37,224,3.2998047,1,1,134,7.419922,176,10,1968,0,1
72.31494,0,1,468,3,64,4.5,111,8,38.19531,523.75,2.5996094,0.39996338,0.59997559,137,7.429688,83,10,4105,0,0
54.32397,0,2,466,5,110,3.5,122,28,37.89844,224,2.699707,0.39996338,1.5,133,7.419922,112,30,1275,1,4
60.30698,1,2,14,4,83,0.69995117,101,20,35.79688,224,3.5996094,0.59997559,1.29980469,133,7.419922,108,18,1968,6,2
63.258,1,2,51,3,140,15.0996094,150,25,38.69531,314,2.8999023,0.89990234,1.19995117,149,7.429688,163,31,3680,0,3
65.01599,1,2,10,1,69,0.79992676,146,24,36.39844,224,2,1,0.69995117,131,7.419922,117,11,5050,0,1
32.12299,0,1,463,3,90,10.6992188,76,20,35.89844,224,2.2998047,0.5,1,131,7.419922,127,17,1968,0,1
73.98999,0,1,463,1,120,17.5976562,71,26,38.69531,190,2.699707,0.79992676,5.59960938,144,7.319336,99,65,1517,1,1
75.98395,0,2,463,4,118,9.59960938,55,10,37.69531,363.3125,2.8999023,0.89990234,0.5,134,7.419922,120,11,2285,0,7
64.26599,0,1,461,2,76,9.79882812,130,20,36.5,200,3.2998047,1.09985352,1,137,7.449219,102,18,1968,1,1
67.95898,0,2,461,2,90,10.1992188,116,20,36.29688,224,3.5996094,0.39996338,1.09985352,136,7.419922,106,17,1700,0,0
57.383,0,2,461,1,131,5.89941406,53,38,38.59375,158,2.5996094,7,0.79992676,137,7.399414,176,28,1868,0,0
65.51398,0,2,460,3,110,16.3984375,71,22,36.19531,172,2.8999023,0.5,0.89990234,138,7.269531,97,13,2190,0,0
76.72296,1,1,245,1,99,8.29882812,106,16,35.5,500,3.4399414,5.29980469,1.39990234,130,7.509766,51,42,1968,0,0
60.76398,1,1,89,2,101,10.0996094,72,24,36.59375,224,4.2998047,0.59997559,1.5,138,7.419922,107,17,1925,0,0
75.92297,1,2,47,1,128,16,78,32,36.59375,228.5625,3,1,1.29980469,114,7.379883,188,19,4805,0,0
24.69299,0,2,455,1,126,3,77,28,38,267.8125,2.5996094,5,0.89990234,136,7.439453,85,13,2975,0,0
57.24799,0,1,455,1,99,0.69995117,120,40,38.29688,224,2.0996094,1.19995117,0.89990234,137,7.419922,164,7,1600,0,1
72.19995,1,2,9,2,117,4.19921875,60,22,36.29688,196,2.0996094,0.19998169,2.29980469,138,7.319336,117,62,1150,0,7
40.06598,0,2,453,1,71,17.8984375,84,20,36.89844,224,2.3999023,20.3984375,1,127,7.419922,70,13,1968,0,7
66.26398,1,2,114,3,69,10.2988281,61,10,37.89844,190,3.0996094,1.39990234,1.09985352,143,7.389648,118,11,4375,0,0
50.155,0,2,450,2,73,15.2988281,122,36,35.89844,276.1875,2.5996094,1,0.89990234,135,7.579102,82,10,5220,0,2
59.05798,1,2,21,1,93,3.69970703,120,16,36,224,3.0996094,0.29998779,1.29980469,136,7.419922,86,20,1968,0,1
58.49399,1,1,57,1,117,10.5996094,149,36,40.19531,410,2.8999023,0.89990234,1.09985352,139,7.459961,119,18,2016,0,1
78.30499,1,2,70,1,97,6.89941406,97,20,35.69531,224,3.699707,0.69995117,1.29980469,135,7.419922,140,18,2500,0,0
80.18298,1,1,44,0,130,24.6992188,98,24,38.59375,348,3.3999023,1,0.79992676,137,7.479492,348,28,1200,0,7
72.13995,0,2,449,3,77,13.7988281,200,30,36,224,1.5998535,5.19921875,1.39990234,128,7.419922,59,31,1275,0,1
64.05499,1,2,7,1,97,13.6992188,72,20,36.29688,252.375,2.8999023,0.89990234,1.09985352,138,7.369141,141,25,2150,6,6
56.50897,1,2,169,2,112,19.8984375,107,23,38.69531,71.10938,2.5,0.29998779,1.5,133,7.489258,141,16,3316,4,6
101.84796,0,1,447,4,65,8,69,24,35.5,224,3.699707,1.5,1.69995117,139,7.419922,124,29,2000,0,4
66.22595,1,1,31,4,118,24.5,114,30,36.29688,200,1.7998047,3.59960938,5.09960938,136,7.479492,344,38,0,5,5
55.38699,1,2,6,2,128,7.59960938,83,24,36.59375,312,3.7998047,0.5,2.79980469,134,7.479492,277,34,1625,0,6
71.82495,1,2,3,4,129,24.1992188,129,36,38.59375,132.625,4.1992188,1,1.09985352,137,7.449219,116,8,2900,0,1
79.15094,1,1,326,4,63,10.5996094,109,6,37.79688,172.5,1.8999023,1.5,1.39990234,129,7.519531,189,27,1705,0,4
36.13397,1,2,8,1,72,4.5,61,20,36.09375,224,3,0.5,0.79992676,135,7.419922,97,7,3050,0,7
38.021,0,1,445,2,103,17,141,28,38.5,190,2.0996094,2.89990234,0.69995117,128,7.509766,99,17,7495,0,1
77.72998,1,1,8,2,80,20.5,68,28,36.5,247.59375,2.7998047,1,0.59997559,110,7.419922,194,8,1850,0,0
42.17899,1,2,16,2,112,6.79980469,73,28,36.19531,236,3.0996094,0.79992676,0.69995117,135,7.489258,216,11,2700,0,1
39.81897,0,1,443,1,51,18.8984375,156,12,35.79688,105,2.0996094,1.5,1.5,134,7.25,245,16,508,0,1
53.86697,0,2,441,1,112,12.8984375,128,36,36.19531,200,2.8999023,0.29998779,0.69995117,145,7.359375,128,11,1145,0,0
51.17297,0,1,440,2,74,12.5996094,69,26,38,196.65625,2.8999023,0.89990234,0.89990234,136,7.40918,233,36,2640,0,0
64.43799,1,1,4,3,107,9.29882812,65,20,36.29688,224,3.3999023,0.69995117,1.09985352,139,7.419922,89,16,1968,0,6
76.84296,0,2,440,3,108,15.5,126,13,39.29688,212,2.3999023,0.39996338,1.09985352,143,7.329102,101,27,1958,0,0
35.19199,0,1,439,1,65,11.2988281,107,26,36.69531,224,2.8999023,0.89990234,0.79992676,133,7.419922,77,18,1968,0,1
61.33298,0,1,439,1,109,4.5,72,16,36.39844,224,3.3999023,2.09960938,1.09985352,141,7.419922,99,15,2925,1,1
73.03497,0,1,438,2,83,10.1992188,76,18,36.69531,224,2.699707,29.0976562,2.19970703,128,7.419922,94,43,380,2,4
48.564,0,2,440,3,149,15.8984375,120,12,38.29688,150,3,0.59997559,14.6992188,139,7.419922,123,46,408,0,1
62.95099,1,1,8,0,73,16.296875,109,24,36,131.65625,4.5996094,1.89990234,0.79992676,139,7.239258,110,24,1350,0,0
56.65399,0,2,437,4,67,0.10998535,114,20,35.39844,224,2.699707,0.89990234,1,132,7.419922,193,10,5550,0,1
33.72998,1,2,108,3,73,10.5996094,120,32,36.29688,224,3.199707,0.39996338,1.29980469,135,7.419922,95,23,2025,2,3
73.03796,0,2,436,3,108,14.5996094,79,30,36.89844,252,3.3999023,1.59985352,1.59985352,142,7.5,168,29,2515,0,1
65.34998,0,2,436,4,74,10.5996094,98,24,34.5,224,3.2998047,0.79992676,1.19995117,131,7.419922,121,19,725,1,1
81.27295,1,1,6,6,51,22,64,16,36.09375,295.1875,2.8999023,1.19995117,1.29980469,134,7.539062,254,29,1300,0,6
51.11298,0,2,435,2,74,10.1992188,92,36,36,380.9375,2.7998047,5.29980469,1.69995117,132,7.419922,108,38,1625,0,3
59.61899,0,1,434,2,65,8.5,104,24,39,200,2.8999023,16.0976562,1.39990234,136,7.489258,127,22,2250,0,0
74.02899,1,1,6,1,61,7.69921875,122,10,38.09375,150,1.1999512,1.5,1.19995117,131,7.379883,103,12,1120,0,2
59.38397,1,1,91,3,0,14.5,0,0,38.89844,79,2.5996094,1.19995117,6.79980469,140,7.029297,136,45,0,4,5
62.612,1,1,12,3,93,11.7988281,94,24,36.19531,237.03125,4,0.29998779,0.79992676,135,7.439453,144,9,1275,0,6
73.91595,0,1,433,5,152,8.8984375,73,28,35.69531,191.40625,3.3999023,0.89990234,1.5,138,7.459961,134,40,1200,1,0
79.88794,1,2,16,2,111,4.19921875,83,24,36.09375,224,2.8999023,0.5,1.09985352,135,7.419922,133,8,1968,0,0
62.81998,1,2,424,3,167,16.796875,120,24,38.69531,275,3.7998047,1.19995117,1.19995117,137,7.529297,231,27,1518,0,0
62.08099,1,1,44,1,109,4.89941406,107,10,38,112,2.199707,0.69995117,0.59997559,136,7.469727,192,6,2145,0,0
54.45599,0,2,431,3,141,13.0996094,126,10,36.29688,268.5625,3.5996094,0.29998779,0.69995117,136,7.399414,167,24,1590,2,1
79.33197,1,1,146,0,115,5.79980469,171,34,38.5,180,2.5996094,2.89990234,0.59997559,127,7.469727,103,16,6990,4,0
61.45898,0,2,429,2,134,11.5996094,105,8,38.79688,192.5,2.699707,0.59997559,2.5,143,7.429688,284,51,1386,0,1
85.80194,0,1,427,2,67,12.0996094,66,15,36.39844,224,3.5996094,0.59997559,0.79992676,131,7.419922,348,10,3300,0,0
69.96899,0,2,428,2,70,23.296875,106,40,38.09375,795.125,1.7998047,0.89990234,0.59997559,134,7.469727,88,12,2290,0,1
49.80698,1,1,32,1,83,14.1992188,122,22,35.89844,347.5625,4,1,1.59985352,136,7.469727,140,44,1968,1,1
54.57898,1,1,163,5,108,15.0996094,120,8,36.89844,147.5,3.8999023,1.29980469,2.29980469,143,7.419922,192,64,1968,2,1
49.94397,1,1,120,3,129,20.1992188,67,28,38.5,224,4.0996094,0.89990234,1.19995117,139,7.489258,100,39,1062,0,0
78.59296,0,1,425,1,70,10.5996094,72,22,35.19531,224,3.8999023,0.79992676,1,138,7.419922,141,12,1600,0,1
22.894,0,1,425,2,67,9.8984375,68,24,36.59375,180.9375,3.699707,1.79980469,0.69995117,136,7.40918,240,18,1925,0,1
46.06198,0,1,424,1,73,10.2988281,73,24,36.09375,224,4,0.5,1,136,7.419922,137,20,1968,1,1
76.70898,1,1,42,3,123,13.5996094,124,20,36.79688,193.53125,4.3994141,0.39996338,1.5,142,7.429688,200,36,1675,0,7
64.21899,1,2,4,2,123,2,141,36,38.59375,157.125,2.2998047,2.79980469,0.79992676,144,7.259766,344,22,2710,0,1
46.53497,0,1,422,1,120,13.3984375,129,28,37.59375,245.6875,2.0996094,0.69995117,0.79992676,137,7.439453,298,11,1594,6,5
72.04095,1,2,36,3,69,4.5,140,44,38.5,277.75,2.7998047,2.29980469,1.69995117,127,7.509766,194,32,1968,0,0
61.28998,1,2,8,2,77,11.1992188,120,20,35.69531,304.75,2.8999023,0.89990234,0.89990234,139,7.359375,159,23,3100,0,1
72.01398,1,2,40,4,70,9.19921875,64,28,37.59375,485.6875,2.5,2.29980469,0.59997559,135,7.419922,170,9,3075,0,3
39.228,1,2,230,1,122,15.8984375,116,38,38.69531,245.6875,2,0.69995117,3.5,131,7.509766,95,61,1175,0,0
79.81097,1,2,254,3,72,15.0996094,110,26,36.59375,191.65625,3.7998047,0.79992676,0.69995117,134,7.289062,298,16,3935,0,0
68,1,1,3,1,102,7.69921875,104,20,36,290.4375,4,0.5,1.19995117,141,7.439453,93,12,1968,0,1
82.82794,1,1,23,3,77,16.8984375,61,24,35.79688,266.625,2.8999023,0.89990234,1.09985352,131,7.509766,223,19,1968,0,2
38.98199,1,1,274,6,113,9.29882812,78,20,36.29688,224,4.0996094,0.79992676,2.09960938,137,7.419922,105,35,2275,5,6
55.91498,1,2,58,2,107,17.1992188,133,10,39.19531,170,3.0996094,9.69921875,2.59960938,144,7.469727,166,67,1820,0,0
86.72699,0,1,415,3,105,16.0976562,137,26,37.89844,217.125,3.3999023,0.5,1.09985352,135,7.399414,166,19,1100,1,1
57.40997,0,2,415,1,66,1.79980469,118,22,39.09375,224,2.5996094,0.79992676,1.5,138,7.419922,90,8,1968,0,1
41.84,0,1,413,1,70,18.1992188,107,10,36.69531,267.5,2.2998047,0.39996338,0.59997559,134,7.359375,156,8,1584,0,0
59.439,1,1,97,4,66,8.79882812,127,27,38.59375,246.65625,2.699707,1.09985352,5.09960938,139,7.40918,128,67,270,0,1
68,0,1,413,0,76,7.89941406,129,30,36.59375,220,2.5996094,1.39990234,0.59997559,136,7.469727,118,9,4375,0,0
57.91898,1,2,78,3,80,10.5996094,76,20,38.5,224,2.8999023,0.89990234,1.19995117,140,7.419922,135,23,4100,0,5
50.51599,0,2,413,2,74,1,57,24,38,224,2.199707,0.69995117,1.19995117,130,7.419922,163,24,1968,0,0
63.92599,0,1,410,3,59,13.3984375,129,36,38.5,151.40625,2,0.79992676,0.59997559,134,7.439453,316,5,5730,0,1
67.70398,0,1,407,5,82,17.3984375,72,24,36.69531,228.5625,3.199707,0.29998779,1.09985352,134,7.279297,322,16,2250,0,1
54.93997,1,1,54,2,132,6.09960938,73,27,38.19531,177.5,2.3999023,0.69995117,6.29980469,139,7.5,176,80,1390,0,3
64.68695,1,2,250,6,67,19.5,112,35,38.79688,266.625,1.7998047,1.29980469,1.19995117,145,7.469727,154,31,1881,0,5
41.29797,1,2,21,0,106,6.39941406,73,20,36.39844,357.125,3.5996094,11.8984375,0.59997559,152,7.469727,137,12,4010,0,0
69.06195,0,2,405,4,114,13.5996094,127,47,38.59375,263.3125,1.5998535,3.5,0.89990234,137,7.479492,201,30,2010,0,0
69.79095,0,2,404,2,59,14.5,116,40,38.09375,200,2.7998047,0.29998779,1,130,7.459961,156,21,1564,7,1
64.047,1,1,345,2,71,5.69921875,83,20,35.5,224,2.8999023,0.89990234,1.89990234,137,7.419922,181,24,1968,4,0
82.47498,1,2,350,3,122,3.09960938,212,44,36.29688,98.32812,2.0996094,1.29980469,0.69995117,134,7.379883,114,16,1750,0,1
64.745,0,2,401,4,64,14.5,118,45,36.09375,153.5625,4,0.5,0.69995117,138,7.299805,143,10,830,3,3
49.54999,1,1,395,4,83,9.79882812,72,20,35.79688,225.90625,3.0996094,0.69995117,1.89990234,132,7.419922,92,25,1968,0,4
79.27197,0,2,398,4,119,6.69921875,120,24,35.79688,92,4,0.39996338,0.79992676,139,7.40918,166,17,1025,0,1
33.19098,0,1,398,0,75,10.5996094,118,12,35.89844,224,2.199707,0.39996338,0.69995117,136,7.419922,108,6,2200,0,1
79.55096,1,2,240,6,62,19.0976562,118,20,38.39844,315.6875,3.199707,1.29980469,1.09985352,136,7.469727,92,7,1968,1,1
58.40097,0,1,397,2,131,5.19921875,128,28,38.5,115.98438,2.3999023,0.79992676,1.79980469,135,7.359375,123,51,3845,1,1
70.784,1,2,135,1,52,7.79980469,232,43,39.09375,67,2.5,0.39996338,0.5,144,7.30957,172,16,584,0,0
47.09698,1,2,45,2,85,9.19921875,70,20,36.79688,224,3.8999023,0.39996338,1.39990234,137,7.419922,104,14,1968,0,6
48.74698,0,1,396,2,112,0.52990723,135,24,39.79688,224,3.199707,1.19995117,1,128,7.419922,236,11,1968,0,0
73.74896,1,2,22,0,165,17.3984375,144,40,35,54,1.8999023,5.5,1.5,134,7.189453,206,11,1013,0,1
61.85397,0,2,396,0,98,5.5,76,24,36.29688,224,2.699707,3,0.69995117,139,7.419922,64,7,2100,0,0
70.771,1,2,19,4,77,7,68,24,36,186.65625,2.8999023,0.89990234,0.69995117,139,7.429688,167,16,3800,0,7
40.159,0,2,396,0,106,9.59960938,67,24,36.59375,182.375,3.699707,0.5,0.59997559,131,7.349609,113,12,1968,0,0
71.47699,1,2,13,3,63,33.5,140,44,40.29688,224,2.7998047,0.29998779,1.39990234,146,7.419922,244,32,1450,0,0
37.60397,0,1,392,1,117,8,61,24,36.59375,224,2.8999023,0.89990234,1.09985352,138,7.419922,139,19,1650,0,0
64.57996,0,1,393,4,62,8.79882812,76,24,36.69531,263.875,2.5,0.29998779,4.89941406,135,7.389648,138,57,3680,1,1
54.62799,0,1,391,1,57,7.79980469,100,24,35.5,309.5,2.8999023,0.5,1.39990234,141,7.449219,122,23,1968,0,0
66.61499,0,2,391,2,114,14.0996094,118,24,36.29688,263.75,4.2998047,0.29998779,1.39990234,137,7.429688,355,30,1000,0,1
58.11099,1,1,13,1,107,6.59960938,67,20,36.19531,407.5625,4.0996094,1.39990234,0.89990234,141,7.429688,197,13,1968,0,4
42.51599,0,2,388,3,117,11.5,77,36,38.39844,200,2.5996094,0.59997559,1,150,7.469727,232,23,2753,0,0
71.34296,0,2,386,2,98,13.2988281,96,20,37.19531,285.6875,4.0996094,1,1.09985352,136,7.389648,158,21,1968,0,1
53.51999,1,1,265,5,77,7.5,101,20,35.39844,224,3.0996094,0.39996338,0.59997559,138,7.419922,114,9,1968,6,1
39.75098,0,1,385,3,106,8.79882812,67,10,38,263.3125,2.5996094,1,0.79992676,135,7.419922,120,12,1711,0,0
72.35596,1,1,24,1,120,6.29980469,80,20,36.59375,224,4.0996094,1.5,1.19995117,138,7.419922,156,24,4595,0,1
33.58798,1,2,56,2,46,32.09375,61,16,35.69531,248.5625,1.5998535,1.09985352,5.59960938,148,7.359375,172,89,0,0,7
64.99896,1,1,174,3,122,9.29882812,120,40,36.09375,162.5,3.199707,0.29998779,1.29980469,140,7.439453,323,25,2371,0,0
56.86499,0,2,384,3,134,5.89941406,122,28,36.5,143.3125,2.5,0.59997559,0.69995117,139,7.479492,154,12,320,0,1
48.008,0,2,384,2,135,13.7988281,135,40,36,350.6875,2.2998047,1.79980469,0.89990234,147,7.439453,108,17,1890,1,1
50.78699,0,1,384,1,53,7.89941406,118,20,38.69531,224,2.699707,0.29998779,0.69995117,137,7.419922,128,7,2425,0,1
52.05698,1,1,183,1,50,2.79980469,113,14,35.69531,294,1.7998047,3,1.89990234,133,7.40918,231,25,307,0,0
71.00897,1,2,23,1,123,4.19921875,70,24,35.89844,224,2.5996094,0.69995117,1.29980469,137,7.419922,151,20,1968,0,0
75.62799,1,2,6,4,132,13.8984375,59,10,36.09375,149.46875,3.0996094,0.39996338,0.89990234,141,7.529297,215,17,1494,0,6
71.45496,1,1,345,4,113,7.09960938,80,20,36.5,224,4.6992188,1.19995117,2.89990234,135,7.419922,319,47,5200,0,7
62.94299,0,2,381,5,116,14.0996094,130,35,38.19531,218.28125,4.1992188,0.79992676,0.79992676,133,7.479492,162,12,1980,0,0
65.93597,1,2,154,4,113,10.5996094,77,26,36,205.59375,3.5996094,0.29998779,0.79992676,137,7.30957,190,14,1350,1,0
80.03796,1,2,180,4,68,10.2988281,110,24,35.29688,172.5,2.3999023,1.29980469,0.69995117,139,7.489258,204,23,2260,1,6
35.01999,0,2,365,2,138,17,110,28,36.09375,226.65625,4,0.79992676,1.09985352,142,7.389648,150,21,1968,1,0
71.79999,0,2,363,2,68,8.8984375,124,24,36.79688,417.375,3.2998047,0.39996338,1.19995117,134,7.429688,94,23,1300,0,5
21.37999,1,1,8,0,108,21.5,84,24,36.29688,265,3.699707,0.79992676,2.19970703,134,7.429688,154,31,1968,0,0
66.41797,1,2,358,3,121,48,126,20,34.29688,224,2.699707,0.89990234,0.79992676,145,7.419922,141,11,1968,0,5
60.62698,0,1,361,3,81,8.3984375,64,20,36.89844,224,1.7998047,3.69970703,0.69995117,132,7.419922,101,3,1800,2,3
84.50696,1,1,71,2,103,19.1992188,66,20,38.59375,224,2.699707,1,1.89990234,128,7.419922,116,36,1550,0,4
53.29797,0,1,360,2,53,9.5,107,40,36.39844,280.3125,2.5996094,0.5,0.59997559,131,7.469727,96,12,3035,0,0
37.69998,0,2,360,2,142,19.296875,130,12,36.5,418.625,1.7998047,1.19995117,10,138,7.359375,79,80,2136,0,1
24.57199,0,1,360,0,67,0.79992676,72,20,38.89844,224,2.8999023,0.5,1,133,7.419922,145,7,2550,0,0
54.91299,1,2,340,4,66,28.1992188,107,20,34.89844,271.375,1.3999023,0.79992676,0.5,130,7.369141,147,17,1983,6,6
33.96597,0,2,358,1,49,10.6992188,107,24,35.89844,224,1.5998535,9.19921875,1.29980469,137,7.419922,25,58,1968,0,4
59.754,1,2,12,3,103,17.1992188,136,32,39.29688,247.59375,3.0996094,0.5,0.69995117,133,7.5,72,9,1275,0,7
42.883,0,2,356,5,73,9.5,100,20,37.69531,224,3.2998047,0.59997559,2,136,7.419922,125,43,2050,0,5
62.44199,1,2,193,4,101,16,93,32,36.79688,224,3,1.39990234,2.19970703,134,7.419922,168,48,1975,0,1
60.89499,1,2,194,1,82,11.1992188,72,20,36.09375,521.5,2,4.5,0.69995117,127,7.519531,178,11,850,0,1
68.20294,1,2,3,5,134,14.6992188,148,8,36.79688,160.96875,2.8999023,0.89990234,0.59997559,126,7.429688,165,3,2265,0,1
67.17297,0,2,355,4,69,5.79980469,76,24,36.19531,308.0625,3.699707,1.39990234,1.59985352,137,7.439453,112,14,1968,5,1
71.35895,1,2,79,6,100,14.7988281,65,10,38.09375,254.65625,2.8999023,0.89990234,1,149,7.359375,280,29,1712,0,5
58.17398,0,1,355,1,79,7.89941406,80,22,36.09375,224,2.199707,5.29980469,2.19970703,132,7.419922,164,52,450,1,1
59.70999,0,2,351,1,133,9.29882812,72,12,36,385.6875,1.6999512,15,6.59960938,145,7.289062,183,59,2490,0,0
65.45099,1,1,9,1,111,17.6992188,142,28,39,334.8125,2.5,0.69995117,2.59960938,146,7.329102,182,43,3735,1,6
69.19098,0,1,351,1,63,18.796875,64,18,36.39844,224,4.1992188,0.89990234,1.19995117,139,7.419922,175,27,875,0,2
57.88397,1,2,8,4,67,12.5996094,104,10,36,191.40625,2,1,1.39990234,149,7.379883,338,22,8040,0,0
72.23798,0,1,349,3,63,11.5,103,12,39.89844,170,2.8999023,0.89990234,0.69995117,141,7.459961,93,13,1762,1,1
59.56998,0,2,347,3,69,9.5,106,24,35.79688,271.875,2.3999023,0.89990234,0.79992676,148,7.40918,315,12,4685,1,1
79.76697,0,1,346,2,126,14.6992188,65,10,39.09375,317.6875,2.3999023,0.69995117,0.79992676,142,7.379883,120,9,2653,0,0
64.62994,1,2,298,7,55,17.296875,66,6,36.59375,251.40625,2.199707,0.39996338,4.09960938,144,7.399414,279,58,1418,2,1
39.84399,1,2,76,2,133,10.6992188,75,27,37.59375,224,2.8999023,0.89990234,0.79992676,139,7.419922,130,25,2300,0,1
62.17099,0,2,344,2,85,11,72,20,36.79688,224,2.8999023,1.29980469,0.89990234,133,7.419922,114,7,1968,0,0
78.198,1,1,20,2,118,9.69921875,70,24,36.19531,200,3.2998047,1.09985352,1.19995117,137,7.349609,441,23,4465,0,6
76.07898,1,2,4,0,125,10.8984375,130,44,39.19531,206.65625,3.5996094,0.39996338,0.89990234,143,7.589844,135,23,1968,0,1
83.66296,0,2,2029,2,76,9.8984375,63,24,35.79688,366.625,2.8999023,0.89990234,1.29980469,139,7.469727,135,23,1968,0,1
75.01196,1,2,372,3,109,10.2988281,73,28,36.39844,276.1875,2.8999023,1.09985352,3.69970703,139,7.449219,135,23,1968,0,0
78.65594,1,1,1439,2,113,8.8984375,103,24,39.19531,222.5,2.3999023,0.59997559,1.5,131,7.509766,135,23,1968,0,0
64.758,1,2,790,1,61,4.29980469,130,28,38.79688,224,2.8999023,0.89990234,1.59985352,136,7.419922,135,23,1968,0,1
73.88397,1,2,773,2,99,12.3984375,52,24,36.39844,320,3.7998047,1.09985352,1.19995117,142,7.449219,135,23,1968,0,1
70.771,1,1,192,1,111,5,73,18,36.59375,224,3.8999023,0.29998779,1.19995117,130,7.419922,135,23,1968,0,1
61.478,0,2,2020,1,55,21.6992188,66,12,36.69531,182.84375,3.199707,0.89990234,1.29980469,140,7.469727,135,23,1968,0,0
73.27295,1,2,66,2,65,11.1992188,63,26,34.89844,366.625,2.3999023,0.59997559,0.79992676,134,7.509766,135,23,1968,3,1
55.198,1,2,552,0,110,18.8984375,106,10,38,270,3.699707,0.79992676,1.19995117,145,7.469727,135,23,1968,0,0
67.10999,1,2,9,1,69,26.6992188,108,22,39.09375,250,4.5996094,3.69970703,5.69921875,144,7.359375,135,23,1968,0,0
66.79498,1,2,10,1,115,24.3984375,120,28,37.79688,192.5,3.2998047,1.09985352,1.39990234,145,7.489258,135,23,1968,0,1
26.73499,0,2,2016,1,75,0.29998779,64,32,36.29688,120,2.8999023,0.89990234,3.39990234,137,7.419922,135,23,1968,0,0
67.46594,1,2,60,1,109,4.19921875,100,24,35.5,224,3.199707,0.29998779,1.09985352,136,7.419922,135,23,1968,0,0
73.95197,1,2,399,1,108,9.5,110,24,37,285.125,2.8999023,0.89990234,0.69995117,125,7.419922,135,23,1968,1,2
74.75195,1,1,336,2,69,10.2988281,93,22,35.69531,295.1875,3.2998047,1.09985352,1.29980469,130,7.469727,135,23,1968,0,4
65.69196,1,2,26,1,151,15.7988281,146,32,39.19531,282,2.199707,0.89990234,4.59960938,141,7.429688,135,23,1968,0,1
69.28094,1,2,53,1,128,12.5,116,20,35.39844,224,2.8999023,1.39990234,1.09985352,139,7.419922,135,23,1968,1,2
83.30695,1,2,167,2,73,7.5,76,20,36.89844,371.375,2.5996094,2.59960938,1.5,139,7.619141,135,23,1968,0,1
81.44299,0,1,2009,2,83,8.79882812,59,24,35.69531,447.5625,2.8999023,0.89990234,1.5,139,7.579102,135,23,1968,4,1
54.93198,1,1,107,2,96,20.5976562,83,24,35.39844,224,3.699707,0.29998779,0.89990234,133,7.419922,135,23,1968,0,1
21.92699,1,2,3,0,33,1.69995117,170,30,39,55,3.0996094,1.29980469,2.09960938,142,7.269531,135,23,1968,0,1
72.33398,0,2,2006,2,99,7.89941406,60,20,35.79688,257.125,4.1992188,0.69995117,1.69995117,143,7.439453,135,23,1968,0,0
82.96198,1,2,6,1,127,13.7988281,148,50,40.09375,100,2.8999023,0.89990234,1.09985352,147,7.269531,135,23,1968,0,0
43.603,1,1,1356,1,121,14.1992188,102,22,38.79688,80,2.8999023,0.89990234,0.79992676,137,7.40918,135,23,1968,0,2
58.49698,1,1,134,1,93,9.29882812,77,22,36.59375,224,2.8999023,0.89990234,1.5,136,7.419922,135,23,1968,2,4
59.01199,1,2,77,1,75,17.6992188,135,40,39.19531,176,4,1.29980469,1.69995117,145,7.459961,135,23,1968,0,0
69.57697,1,1,23,0,101,27.3984375,102,22,37.19531,83.0625,2.2998047,0.5,2.69970703,134,7.339844,135,23,1968,0,0
34.83899,0,1,1999,1,72,10.8984375,58,24,38.79688,224,5,0.5,0.69995117,135,7.419922,135,23,1968,0,7
77.06494,1,1,1539,4,69,9.29882812,114,24,35,380.9375,3.7998047,0.5,2.39990234,136,7.529297,135,23,1968,1,0
69.862,1,2,18,2,118,23.8984375,140,46,39.69531,240,2.2998047,3.79980469,2.09960938,130,7.479492,135,23,1968,0,0
70.29999,0,1,1995,2,76,10.5996094,74,24,37.89844,271.375,2.2998047,4.5,0.89990234,134,7.519531,135,23,1968,3,1
41.50299,1,2,1036,1,102,10.5996094,76,20,36.79688,224,2.8999023,0.89990234,1.19995117,140,7.419922,135,23,1968,0,0
50.10797,1,2,5,0,116,10.5996094,130,40,36.39844,224,2.8999023,0.89990234,1.19995117,140,7.419922,135,23,1968,2,0
77.25897,1,2,1699,2,99,6.29980469,64,32,36.29688,244,3.5996094,0.89990234,1.69995117,137,7.399414,135,23,1968,1,3
75.56494,1,1,1152,0,121,8.59960938,52,8,38.39844,195.90625,2.2998047,0.69995117,4.19921875,135,7.379883,135,23,1968,0,4
63.12097,1,2,39,0,150,11.0996094,56,16,35.59375,224,2.8999023,0.89990234,3.89990234,138,7.419922,135,23,1968,0,0
39.25497,1,1,700,2,50,11.2988281,155,30,38.69531,224,2.8999023,0.89990234,12.8984375,136,7.419922,135,23,1968,0,0
61.19397,1,2,214,3,71,10.3984375,59,24,36,380.9375,3.7998047,1.69995117,1.5,127,7.419922,135,23,1968,0,1
74.396,1,2,917,2,64,16.5,118,24,36.79688,216,3.0996094,0.39996338,1.19995117,131,7.429688,135,23,1968,5,6
59.02298,1,1,496,2,79,6.79980469,73,24,37.69531,309.5,2.8999023,0.89990234,1,139,7.479492,135,23,1968,0,1
88.82697,1,1,207,1,64,4.39941406,59,24,36.29688,224,3.699707,0.79992676,1.29980469,139,7.419922,135,23,1968,0,0
60.26297,0,2,1988,2,111,12.1992188,120,8,38,130,2.5996094,1.59985352,1.39990234,133,7.539062,135,23,1968,0,1
81.41296,1,2,41,4,69,16.796875,118,32,37.29688,81.625,3.2998047,0.29998779,1.29980469,126,7.379883,135,23,1968,0,2
68.96399,0,2,1990,1,114,8.59960938,43,28,37.89844,202.84375,3.699707,0.59997559,1.19995117,140,7.40918,135,23,1968,1,1
72.28497,0,2,1988,0,117,12.6992188,68,46,39.19531,288.5625,3.0996094,2.39990234,1,145,7.449219,135,23,1968,0,0
69.25098,0,1,1987,2,69,10.5996094,76,24,36,217.375,2.8999023,0.89990234,0.79992676,141,7.349609,135,23,1968,0,1
63.392,1,1,105,1,102,7.29980469,76,20,36.59375,224,4,0.39996338,0.89990234,136,7.419922,135,23,1968,0,1
72.20795,1,1,31,1,84,9.3984375,81,24,36.19531,224,3.7998047,0.29998779,1,137,7.419922,135,23,1968,0,1
71.64996,1,2,50,3,61,18.8984375,116,8,36.59375,253.3125,2.8999023,1.29980469,7.19921875,141,7.419922,135,23,1968,0,6
77.112,1,2,465,2,110,20.5,120,34,38.79688,152,2.8999023,0.89990234,1.89990234,135,7.489258,135,23,1968,0,1
64.39996,1,1,963,3,95,14.0996094,104,20,36.59375,224.4375,3.2998047,0.69995117,0.59997559,132,7.469727,135,23,1968,0,1
29.06799,0,2,1984,1,65,20.8984375,130,32,35.59375,350,2,0.59997559,1,128,7.5,135,23,1968,0,3
84.271,1,1,5,1,69,9.29882812,80,44,36.39844,285.125,4.0996094,0.39996338,0.59997559,143,7.189453,135,23,1968,0,3
75.51794,1,2,77,1,112,10.5996094,73,16,37,224,2.8999023,0.89990234,1,136,7.419922,135,23,1968,2,1
79.17297,1,1,56,1,73,11.2988281,120,28,38,272.5,2.7998047,0.29998779,1,138,7.089844,135,23,1968,1,1
52.45398,0,2,1980,2,59,6.69921875,46,24,36,224,4.2998047,0.39996338,1.19995117,137,7.419922,135,23,1968,0,1
47.978,0,2,1980,2,60,10.5996094,67,16,36.29688,224,2.8999023,0.89990234,1.39990234,132,7.419922,135,23,1968,0,0
78.09998,1,1,185,1,77,7.19921875,74,28,36.19531,336,3.3999023,0.09999084,0.79992676,137,7.379883,135,23,1968,1,1
64.40198,1,2,23,2,76,10.5996094,74,20,36.59375,224,2.8999023,0.89990234,1.19995117,140,7.419922,135,23,1968,0,1
52.57797,1,1,17,1,100,23.5,68,26,35.39844,280.9375,2.7998047,0.5,0.89990234,137,7.529297,135,23,1968,5,4
64.112,1,2,895,2,70,8.79882812,56,20,36.19531,224,2.8999023,0.89990234,1.19995117,137,7.419922,135,23,1968,0,2
35.25497,0,2,1978,1,110,7.09960938,71,20,36,300,3.2998047,0.69995117,1.19995117,138,7.469727,135,23,1968,0,1
75.08795,1,1,188,1,97,4.39941406,80,24,36.59375,224,2.7998047,4.69921875,0.69995117,141,7.419922,135,23,1968,3,1
61.16098,1,2,24,1,113,3.39990234,96,24,35.89844,392.5625,2.8999023,0.89990234,1.59985352,137,7.489258,135,23,1968,2,5
60.62399,0,2,1973,1,78,10.5996094,63,16,36.29688,224,2.8999023,0.89990234,1.39990234,138,7.419922,135,23,1968,0,0
38.18997,1,1,274,1,97,10.5996094,93,16,36.59375,224,2.8999023,0.89990234,0.89990234,140,7.419922,135,23,1968,3,0
60.52298,1,2,146,2,103,10.5996094,118,28,37,224,2.8999023,0.89990234,0.89990234,133,7.419922,135,23,1968,1,1
63.52597,1,1,71,2,102,6,64,24,35.89844,224,3.3999023,0.39996338,0.69995117,137,7.419922,135,23,1968,1,2
51.62997,1,1,195,0,62,14.0996094,81,20,35.79688,252,5.1992188,0.29998779,1,131,7.429688,135,23,1968,0,1
53.24799,1,2,18,0,129,16.5,99,28,37.79688,145.4375,2.8999023,0.89990234,0.89990234,134,7.449219,135,23,1968,0,0
69.23798,1,2,529,1,83,10.5996094,107,20,36.09375,224,2.8999023,0.89990234,0.79992676,137,7.419922,135,23,1968,0,1
64.08997,1,1,9,1,119,21.1992188,106,10,36.89844,260,2.5996094,0.39996338,1.39990234,130,7.459961,135,23,1968,0,3
71.56696,0,2,1964,1,97,16.1992188,104,16,37.59375,116,4.1992188,1,1.59985352,137,7.429688,135,23,1968,0,0
64.64899,1,2,75,4,82,10.5996094,96,16,36.29688,224,2.8999023,0.89990234,1,135,7.419922,135,23,1968,0,0
33.03497,0,2,1958,0,63,11,168,40,39.39844,250,2.0996094,0.09999084,0.59997559,136,7.479492,135,23,1968,0,4
37.84799,1,2,60,1,107,0.89990234,112,12,39.39844,232.5,3.2998047,4.79980469,6.5,141,7.40918,135,23,1968,0,4
72.54999,0,2,1956,0,62,23.796875,130,10,36.69531,198,2.0996094,4.79980469,1.5,142,7.399414,135,23,1968,0,1
47.15399,1,1,130,1,74,3.69970703,104,16,36.89844,224,3.5996094,0.39996338,1.09985352,137,7.419922,135,23,1968,0,0
46.74298,1,2,484,4,63,6.09960938,51,24,36.09375,361.875,3.5996094,3.19970703,0.59997559,135,7.419922,135,23,1968,0,0
66.69397,1,1,17,1,67,10.7988281,156,8,37.79688,116,2.8999023,0.89990234,2.29980469,132,7.589844,135,23,1968,0,1
71.24695,1,2,4,1,63,7.09960938,98,12,39.59375,150,2.8999023,0.89990234,7.69921875,129,7.419922,135,23,1968,0,1
74.78998,1,1,213,2,63,18.1992188,106,12,38,120,2.5996094,0.69995117,0.79992676,142,7.469727,135,23,1968,0,0
59.32098,1,2,7,1,111,5.79980469,122,32,36.69531,160.84375,4.0996094,0.29998779,1.09985352,140,7.449219,135,23,1968,4,6
33.19397,1,2,1253,0,99,11.2988281,118,36,38.59375,98.32812,3,0.5,0.79992676,139,7.30957,135,23,1968,0,7
54.31897,1,1,6,0,79,11.7988281,70,30,38.39844,148,3.5996094,2.19970703,0.69995117,137,7.479492,135,23,1968,0,2
71.13794,0,1,1943,2,61,8.3984375,64,28,35.89844,447.5625,2.8999023,0.89990234,2.5,137,7.459961,135,23,1968,3,0
57.681,1,2,28,1,77,13.6992188,120,20,38.19531,272,2.5996094,0.89990234,0.69995117,133,7.479492,135,23,1968,0,0
78.27795,0,2,1941,1,128,20.796875,64,26,36.69531,180.9375,4.2998047,0.69995117,2.39990234,138,7.379883,135,23,1968,0,1
53.5,1,1,139,2,98,15.5,74,20,36.09375,224,3.8999023,0.5,0.89990234,132,7.419922,135,23,1968,2,0
83.17596,1,2,14,2,67,13.5,102,28,38,278.25,4.3994141,0.39996338,1.29980469,137,7.419922,135,23,1968,1,1
76.65399,1,1,673,4,105,10.5996094,68,24,36,186,2.8999023,0.89990234,2,136,7.40918,135,23,1968,0,1
65.54095,1,1,231,3,60,7,24,36,35.39844,271.375,3.5996094,0.69995117,1.39990234,131,7.479492,135,23,1968,0,1
60.36697,1,2,499,2,100,3.5,100,20,36.19531,224,3.199707,0.19998169,0.69995117,139,7.419922,135,23,1968,5,5
73.86694,1,2,1474,1,71,9.29882812,64,16,36.59375,224,3.699707,0.29998779,0.89990234,136,7.419922,135,23,1968,1,1
71.60596,0,1,1931,1,68,8.8984375,120,28,38.19531,192.5,2.699707,2,0.69995117,127,7.439453,135,23,1968,0,1
70.54095,1,1,42,4,62,10.5996094,5.299805,32,38.19531,224,2.8999023,0.89990234,1.69995117,133,7.419922,135,23,1968,0,1
83.66895,1,1,9,3,103,5.39941406,112,32,37.5,238.09375,3,0.19998169,1,141,7.40918,135,23,1968,0,2
67.74298,1,1,9,4,71,7.79980469,110,8,37.79688,100,3.7998047,0.79992676,1.29980469,133,7.469727,135,23,1968,0,0
57.71899,1,1,448,1,106,4.29980469,76,76,36.79688,224,3.7998047,0.29998779,1,132,7.419922,135,23,1968,0,0
68.55597,0,1,1924,0,75,13.2988281,76,24,36.29688,74.0625,2.8999023,0.89990234,1.19995117,140,7.299805,135,23,1968,4,5
29.50899,1,1,11,0,78,6.5,104,24,38.59375,100,2.8999023,0.69995117,0.59997559,136,7.509766,135,23,1968,0,0
74.32697,1,2,77,2,97,7.29980469,104,20,36.39844,224,4,0.89990234,1.5,133,7.419922,135,23,1968,1,0
83.047,1,1,76,2,60,8.69921875,58,28,35.79688,142.84375,3.0996094,1.29980469,1,129,7.429688,135,23,1968,0,1
66.57397,0,2,1921,2,107,12.1992188,122,24,36.19531,232,4.2998047,0.5,1,130,7.30957,135,23,1968,0,0
67.521,0,2,1922,3,100,10.5996094,114,40,39.29688,136.71875,2.2998047,0.69995117,1.5,134,7.399414,135,23,1968,0,3
71.59497,1,2,90,2,67,4.5,43,18,36.19531,224,4.3994141,0.69995117,0.69995117,128,7.419922,135,23,1968,1,0
68.93396,1,2,75,0,50,13.7988281,130,12,38.39844,146.125,2.0996094,0.89990234,0.89990234,140,7.489258,135,23,1968,0,2
69.61499,1,2,7,0,111,12.2988281,67,36,39,198.5625,4.2998047,0.69995117,1,140,7.379883,135,23,1968,0,1
78.91595,1,2,23,3,56,12.1992188,77,32,35.59375,323.75,3.7998047,0.29998779,3.29980469,132,7.529297,135,23,1968,1,5
58.18799,1,2,187,2,107,6.39941406,76,24,35,147.5,2.8999023,0.89990234,0.59997559,138,7.339844,135,23,1968,6,5
79.56696,1,2,9,2,76,7.59960938,70,6,38.09375,313.3125,3.2998047,5.5,2,139,7.509766,135,23,1968,0,1
84.75598,1,2,11,1,71,12.0996094,106,24,38.59375,280,3.5996094,0.69995117,1.79980469,132,7.419922,135,23,1968,0,5
77.23199,1,1,19,1,65,20.0976562,107,28,35.59375,200,1.5998535,1.79980469,0.89990234,136,7.509766,135,23,1968,0,5
76.38098,1,2,25,1,98,8.69921875,82,20,36.59375,224,2.8999023,0.89990234,1.29980469,136,7.419922,135,23,1968,1,0
64.05194,1,2,1789,2,72,7.69921875,83,22,36.59375,372,4.0996094,1.39990234,1.29980469,136,7.509766,135,23,1968,0,0
80.03595,1,2,536,3,107,5.89941406,78,24,35.59375,380.9375,3.5996094,1.59985352,1.29980469,136,7.459961,135,23,1968,0,0
72.02197,0,2,1897,0,63,29.0976562,116,46,38.89844,240.8125,3.199707,0.79992676,2.29980469,133,7.399414,135,23,1968,0,1
62.543,1,2,196,1,80,10.5,68,28,36.19531,224,2.8999023,0.89990234,1,134,7.489258,135,23,1968,0,1
54.31097,1,2,17,0,72,8.29882812,77,36,38.69531,122,2.8999023,0.89990234,0.59997559,130,7.439453,135,23,1968,0,1
86.32397,1,1,14,0,56,18.296875,105,24,36.19531,224,2.7998047,3.79980469,1.19995117,133,7.419922,135,23,1968,0,1
61.23199,1,1,198,3,65,12,126,24,38.09375,180,4.0996094,0.39996338,1,136,7.519531,135,23,1968,5,1
74.22894,1,1,61,4,101,8.79882812,83,28,36.29688,285.6875,4,0.5,1.29980469,137,7.549805,135,23,1968,3,2
71.01996,0,1,1889,2,69,10.3984375,80,24,36.29688,191.28125,3.5996094,0.69995117,0.79992676,138,7.379883,135,23,1968,1,1
72.50696,1,1,9,1,125,16.5976562,135,10,38.5,198,2.5996094,3.69970703,1.09985352,138,7.479492,135,23,1968,0,0
85.90594,1,2,6,0,69,33.59375,74,27,36.19531,224,2.0996094,11.5,2,144,7.419922,135,23,1968,0,1
59.754,0,2,1887,0,77,22.0976562,118,24,38,376.1875,2.5,0.89990234,0.69995117,134,7.539062,135,23,1968,0,0
66.34595,0,1,1887,4,66,16.0976562,128,28,37,195.8125,3.8999023,0.5,0.79992676,138,7.419922,135,23,1968,1,3
80.45697,1,2,1062,1,77,7.59960938,112,28,37.79688,228.5625,2.8999023,0.89990234,2.29980469,150,7.509766,135,23,1968,0,1
72.83496,0,2,1885,6,78,23.0976562,126,44,37.5,247.8125,4.2998047,0.5,1.19995117,139,7.439453,135,23,1968,0,1
81.51398,0,1,1884,3,61,9.69921875,104,24,35.59375,172,2.8999023,0.89990234,1.29980469,138,7.509766,135,23,1968,4,5
78.396,1,2,12,2,124,5.59960938,114,24,36.59375,200,3.7998047,0.39996338,1.19995117,133,7.369141,135,23,1968,0,1
68.60498,1,2,226,1,99,10.5996094,61,24,36.39844,224,2.8999023,0.89990234,1.19995117,140,7.419922,135,23,1968,1,0
61.47299,1,2,1546,0,80,16.796875,67,20,36.29688,126.51562,4.6992188,0.59997559,1.29980469,138,7.319336,135,23,1968,0,0
56.07397,1,1,958,1,63,29.6992188,138,13,38.29688,196.65625,3.7998047,13.7988281,5.09960938,142,7.379883,135,23,1968,0,0
57.42099,1,2,591,1,107,6.69921875,101,20,38.09375,224,2.8999023,0.89990234,1,135,7.419922,135,23,1968,0,1
54.98398,1,2,11,4,139,15.6992188,62,30,35.39844,266.625,2.199707,21.1992188,3.59960938,140,7.419922,135,23,1968,0,1
75.422,0,2,1875,2,123,6.19921875,56,24,35.69531,342.8125,4,0.79992676,1.39990234,138,7.509766,135,23,1968,0,0
84.97998,1,1,31,2,99,26.5976562,96,40,39,224,3.199707,0.59997559,2.69970703,141,7.419922,135,23,1968,0,7
59.45798,1,2,107,2,107,6.09960938,24,24,36.09375,457.125,4,0.29998779,1.19995117,136,7.639648,135,23,1968,0,6
44.25998,1,1,1143,2,62,11.6992188,62,24,36,271.375,3.0996094,0.19998169,0.59997559,141,7.449219,135,23,1968,2,1
55.55899,0,1,1872,4,65,14,65,26,36.79688,309.5,4.6992188,0.69995117,0.69995117,135,7.429688,135,23,1968,0,1
67.95099,1,1,82,2,81,22.296875,110,32,35.79688,147.5,2.1396484,0.79992676,0.69995117,134,7.40918,135,23,1968,0,6
74.15698,1,2,1009,3,63,8.3984375,60,24,35.69531,224,3.699707,0.69995117,1.39990234,139,7.419922,135,23,1968,2,0
75.73999,0,1,1867,3,81,12.7988281,78,6,36.39844,420,2.8999023,0.39996338,0.69995117,127,7.479492,135,23,1968,0,1
69.67596,1,2,12,3,87,11.0996094,98,22,36.39844,224,3.199707,0.19998169,0.89990234,133,7.419922,135,23,1968,1,4
60.49597,1,1,10,2,113,21.6992188,138,32,38.29688,540,2.0996094,1.89990234,0.79992676,143,7.379883,135,23,1968,0,0
86.185,1,1,606,3,66,6.69921875,79,22,36.79688,382.5625,2.8999023,0.89990234,1,139,7.40918,135,23,1968,2,1
87.25,1,1,6,1,93,7.79980469,96,24,37.5,276.1875,4,0.59997559,1.29980469,136,7.449219,135,23,1968,0,1
70.93994,1,1,19,2,69,15,73,28,35,224,3.3999023,0.59997559,0.59997559,128,7.419922,135,23,1968,0,1
66.74597,1,1,5,3,52,11.3984375,110,30,36,157.125,3.0996094,0.79992676,0.79992676,143,7.459961,135,23,1968,0,1
71.745,1,1,10,0,110,10.5996094,76,12,38.59375,135.53125,3.8999023,0.69995117,0.69995117,136,7.5,135,23,1968,0,0
69.26196,0,1,1860,1,129,11.8984375,156,10,38.59375,168,4.5,0.29998779,1,134,7.339844,135,23,1968,0,0
76.909,1,2,320,2,63,6.39941406,76,24,36.39844,224,2.8999023,0.89990234,1.39990234,135,7.419922,135,23,1968,0,1
60.57999,1,1,4,3,77,13.6992188,106,22,35.5,224,3.2998047,2.89990234,1.09985352,131,7.419922,135,23,1968,0,2
70.10498,0,2,1858,1,73,8.69921875,118,24,38.59375,285.6875,2.8999023,0.89990234,1,143,7.479492,135,23,1968,0,2
58.793,1,2,51,2,77,35.09375,102,26,38.89844,129.0625,2.5,1.79980469,0.59997559,136,7.519531,135,23,1968,0,1
75.13495,1,2,13,2,85,10.5996094,107,24,36.19531,204,2.8999023,0.89990234,1.19995117,140,7.349609,135,23,1968,0,2
77.60394,1,2,10,0,63,10.3984375,74,26,37.89844,265,2.8999023,1,2.69970703,138,7.379883,135,23,1968,0,4
72.75,1,1,447,4,82,7.39941406,60,24,36.79688,240,2.8999023,0.89990234,0.5,137,7.40918,135,23,1968,0,5
97.26495,1,1,1038,2,113,12.5,110,40,36.09375,388,4.3994141,0.39996338,1,139,7.349609,135,23,1968,0,6
75.31299,1,2,12,2,76,5,122,28,36.09375,224,2.2998047,0.89990234,0.59997559,132,7.419922,135,23,1968,0,5
60.93399,1,1,306,1,102,6.89941406,72,20,36.59375,347.5625,4,0.5,0.5,125,7.399414,135,23,1968,0,2
74.30298,0,2,1849,1,102,8.79882812,84,28,36.39844,264,2.8999023,0.89990234,1.19995117,138,7.379883,135,23,1968,0,1
86.26398,1,1,1466,3,110,7.09960938,65,32,36.39844,224,3.3999023,0.69995117,1.19995117,134,7.419922,135,23,1968,0,1
63.017,0,2,1848,0,127,8.8984375,102,26,38.19531,200,3.199707,1.19995117,0.69995117,133,7.449219,135,23,1968,0,1
78.073,1,2,1664,1,68,7.09960938,122,40,36.19531,234.78125,3.449707,0.5,1,140,7.369141,135,23,1968,0,1
74.00397,1,1,217,1,68,10.3984375,71,24,37.29688,224,4,0.59997559,1.09985352,138,7.419922,135,23,1968,1,1
57.51099,1,2,6,3,63,6.89941406,57,20,35.69531,224,2.8999023,0.89990234,1.29980469,130,7.419922,135,23,1968,1,2
63.06897,0,1,1845,4,63,10.5996094,53,20,35.59375,224,2.8999023,0.89990234,1.19995117,140,7.419922,135,23,1968,0,1
71.90698,1,2,27,5,126,12,104,29,36.39844,220,3.7998047,0.79992676,1.39990234,136,7.479492,135,23,1968,0,4
71.79498,0,2,1840,1,103,8,58,28,36.89844,224,4.7998047,0.5,1.59985352,145,7.419922,135,23,1968,0,0
74.75397,1,1,48,1,64,7.09960938,62,24,36.39844,224,2.8999023,4.69921875,0.89990234,140,7.419922,135,23,1968,0,1
66.86096,0,2,1838,2,57,11.2988281,116,36,40,276.625,2.699707,0.79992676,0.59997559,133,7.439453,135,23,1968,0,0
61.16898,1,1,60,4,145,11,154,24,39.59375,236.65625,2.199707,0.29998779,0.59997559,152,7.319336,135,23,1968,0,5
80.76398,0,2,1833,1,66,8.29882812,118,24,36.09375,270.3125,4,0.89990234,1,137,7.439453,135,23,1968,0,1
58.14099,1,1,41,1,62,6.79980469,132,40,40,252.375,3.7998047,1.29980469,1,140,7.519531,135,23,1968,0,0
50.74597,0,2,1832,2,77,8.69921875,98,20,36.79688,183.3125,2.8999023,0.89990234,1,142,7.439453,135,23,1968,0,1
71.28296,1,2,139,2,65,10.5996094,79,28,38,182.5,2.8999023,0.89990234,1.19995117,140,7.429688,135,23,1968,0,2
64.74194,0,1,1830,1,127,10.1992188,104,42,39.19531,84,2.5,3.39990234,2.09960938,137,7.399414,135,23,1968,0,0
83.05798,1,2,39,4,101,11.3984375,60,24,35.69531,224,2.8999023,0.5,2.09960938,133,7.419922,135,23,1968,0,1
62.37399,1,2,7,2,73,15,114,10,35.89844,224,3.5996094,0.29998779,0.89990234,127,7.419922,135,23,1968,0,1
85.15796,1,2,99,1,73,11.6992188,115,32,38,190,3.699707,0.89990234,2.29980469,136,7.459961,135,23,1968,1,2
74.31097,1,2,8,0,72,12.0996094,116,42,38.19531,192.5,3.5996094,0.69995117,2.09960938,131,7.40918,135,23,1968,0,1
60.78299,1,1,52,1,96,11.3984375,118,16,37,280.9375,2.8999023,0.89990234,0.5,130,7.469727,135,23,1968,1,3
63.41397,1,1,66,2,112,13.8984375,174,28,36,285.6875,2.8999023,0.89990234,1.29980469,139,7.419922,135,23,1968,0,1
58.22897,1,2,6,2,75,8.59960938,81,28,36.39844,224,2.5996094,1.29980469,0.79992676,136,7.419922,135,23,1968,0,1
61.42398,0,2,1827,2,109,6,46,24,35.89844,313.3125,3.8999023,0.29998779,0.69995117,141,7.379883,135,23,1968,0,0
74.52698,1,1,92,3,59,10.1992188,76,14,36.29688,224,2.8999023,0.89990234,1.5,134,7.589844,135,23,1968,0,1
70.78699,1,2,129,3,68,14.0996094,69,32,36.29688,224,2.8999023,0.89990234,1.5,132,7.419922,135,23,1968,0,0
40.17798,0,2,1825,2,59,10,98,20,36.69531,224,2.7998047,0.69995117,1.19995117,128,7.419922,135,23,1968,0,2
63.439,1,1,15,5,66,12.7988281,104,28,35.29688,224,2.8999023,0.89990234,1.89990234,124,7.419922,135,23,1968,0,1
56.99399,0,2,1823,4,59,17.8984375,93,24,35.69531,284,4.1992188,0.5,1.89990234,135,7.419922,135,23,1968,1,0
56.68399,1,2,11,1,69,18.1992188,122,26,38.59375,176.65625,2.8999023,0.89990234,0.79992676,136,7.369141,135,23,1968,2,1
63.23099,1,2,1250,4,82,7.5,65,24,36.19531,224,3.8999023,0.79992676,1.29980469,140,7.419922,135,23,1968,0,1
51.49597,1,2,69,6,68,8,79,15,36.29688,224,2.0996094,3,1.09985352,132,7.419922,135,23,1968,2,4
75.422,1,2,755,1,53,15.5,78,20,38.19531,107.5,2.8999023,0.89990234,1.19995117,139,7.459961,135,23,1968,0,1
63.88797,1,2,155,2,81,10.5996094,77,12,36.89844,224,2.8999023,0.89990234,1.19995117,141,7.419922,135,23,1968,0,0
73.89996,0,2,1818,2,78,12.5996094,106,26,38.59375,80,2.8999023,1.09985352,1.19995117,139,7.469727,135,23,1968,0,1
73.19098,1,2,5,1,103,16,82,36,39.19531,94.65625,2.8999023,0.89990234,0.59997559,137,7.429688,135,23,1968,0,1
71.37598,1,2,285,4,77,24.5,106,28,36.19531,288,2.8999023,0.79992676,4.69921875,133,7.359375,135,23,1968,0,6
60.931,1,2,4,2,56,18.8984375,126,24,36.39844,319,3.199707,1.39990234,1.29980469,143,7.379883,135,23,1968,0,1
58.75198,1,2,109,4,65,6.5,114,20,36,224,4.0996094,0.59997559,1.09985352,133,7.419922,135,23,1968,0,1
73.69196,1,2,30,4,69,16.5976562,160,28,38.5,297.125,3.699707,0.19998169,1,130,7.389648,135,23,1968,1,0
67.68195,1,2,500,2,65,6.09960938,101,24,35.79688,224,4,0.39996338,0.89990234,131,7.419922,135,23,1968,2,1
66.57599,1,1,17,3,72,10.5996094,68,24,36.39844,306.625,4,1.29980469,0.89990234,135,7.5,135,23,1968,1,3
57.46698,1,1,122,2,74,8.09960938,87,20,36.69531,596.25,2.7998047,1.89990234,1.69995117,134,7.369141,135,23,1968,5,4
57.75998,1,1,743,1,119,11.3984375,150,28,36.39844,222.4375,3.3999023,0.39996338,0.59997559,133,7.399414,135,23,1968,0,0
82.56299,1,1,4,0,123,13.0996094,59,24,39,114,2.8999023,0.89990234,0.89990234,141,7.429688,135,23,1968,0,1
61.27298,1,2,503,4,79,9.29882812,83,20,36.89844,224,4.1992188,0.19998169,0.89990234,137,7.419922,135,23,1968,0,0
46.44498,1,1,78,3,83,7.59960938,76,20,36.79688,224,2.3999023,6,1.09985352,136,7.419922,135,23,1968,0,1
77.46698,1,1,261,1,67,11.5996094,104,32,38.09375,285.6875,4.0996094,0.89990234,1,139,7.319336,135,23,1968,2,4
74.86694,0,1,1802,1,77,12.8984375,71,32,36.39844,233.3125,2.8999023,0.89990234,0.89990234,139,7.379883,135,23,1968,0,1
78.297,1,2,1063,1,147,11.3984375,110,42,36.79688,240,3.5996094,0.39996338,1.29980469,140,7.399414,135,23,1968,0,0
70.14099,1,2,13,2,41,4.59960938,122,44,39.69531,309.0625,2.8999023,0.69995117,14,130,7.05957,135,23,1968,0,1
81.19098,1,1,99,2,51,33.6953125,73,28,35,295.1875,2.8999023,0.89990234,1.29980469,135,7.5,135,23,1968,0,1
68.69299,1,2,7,0,103,12.0996094,104,34,37.89844,250,2.5,1,1.69995117,149,7.439453,135,23,1968,0,1
72.35596,0,1,1798,1,60,26.6992188,160,8,39.39844,191.09375,2.699707,0.69995117,1.19995117,148,7.459961,135,23,1968,0,2
68.68396,1,2,7,4,72,13.3984375,110,26,36.5,224,2.199707,1.59985352,6.19921875,129,7.419922,135,23,1968,0,0
77.26794,1,1,710,2,81,10.5996094,76,20,35.79688,224,2.8999023,0.89990234,0.69995117,140,7.419922,135,23,1968,0,1
69.02399,1,2,15,2,114,12.3984375,106,24,38,414.25,2.699707,3.19970703,1.69995117,136,7.529297,135,23,1968,0,7
63.39499,1,2,810,2,69,7.39941406,76,24,36,224,2.8999023,0.89990234,1.5,134,7.419922,135,23,1968,0,1
62.63898,1,2,735,1,111,8.19921875,65,24,35.79688,328,2.8999023,0.89990234,1.5,139,7.379883,135,23,1968,0,0
75.75598,1,1,1143,3,65,15.5996094,93,20,36.19531,206.65625,4.2998047,0.79992676,2.29980469,130,7.489258,135,23,1968,0,1
45.021,0,1,1795,3,65,19,130,12,36.19531,226,2.3999023,4,1,147,7.439453,135,23,1968,6,1
79.47198,1,2,228,1,68,7.79980469,78,22,35.79688,224,2.8999023,0.39996338,0.89990234,138,7.419922,135,23,1968,5,1
82.91895,1,2,738,4,70,15.6992188,102,12,36.59375,114,3.8999023,0.69995117,1.59985352,139,7.369141,135,23,1968,0,0
61.24298,0,2,1795,1,113,10.7988281,46,24,35.69531,224,3.199707,0.39996338,2.5,132,7.419922,135,23,1968,0,1
71.72095,1,2,757,1,71,6.79980469,60,20,35.59375,224,4.3994141,0.59997559,1.19995117,140,7.419922,135,23,1968,0,1
54.366,1,2,18,2,106,11.5996094,73,20,36.19531,224,4.2998047,0.39996338,0.79992676,135,7.419922,135,23,1968,0,1
85.36896,1,1,6,1,67,8.09960938,72,44,38.19531,134.28125,3.8999023,1.39990234,1.39990234,153,7.269531,135,23,1968,0,1
71.12897,1,2,396,2,118,10.5996094,81,36,35.69531,224,2.8999023,0.89990234,1.59985352,138,7.419922,135,23,1968,0,1
43.12097,1,2,11,3,148,6,160,42,39,340,2.5996094,0.39996338,0.89990234,144,7.40918,135,23,1968,0,1
59.715,0,1,1783,3,101,13.5,96,20,36.29688,161.21875,3.8999023,0.5,2.79980469,136,7.399414,135,23,1968,1,1
75.25299,1,2,1224,1,98,4.59960938,79,24,35.09375,224,3.699707,0.69995117,1.5,135,7.419922,135,23,1968,0,1
81.85895,1,2,8,2,134,11.6992188,120,10,38,266.625,3.0996094,0.5,1.19995117,140,7.5,135,23,1968,0,1
58.30499,0,2,1777,1,101,4.19921875,76,22,35.89844,224,4.2998047,0.69995117,1.19995117,136,7.419922,135,23,1968,0,1
66.99194,1,2,289,1,101,12.0996094,71,24,35.59375,261.875,3.699707,0.69995117,0.89990234,137,7.479492,135,23,1968,0,1
73.63397,1,2,1018,2,66,25.296875,104,28,38.79688,142.84375,4,1,1.09985352,130,7.519531,135,23,1968,0,1
68.45398,1,1,22,2,50,5.39941406,72,10,37.89844,330,2.699707,2.39990234,1.89990234,137,7.439453,135,23,1968,0,1
79.04395,1,2,1184,1,103,16.1992188,104,28,38.59375,224,2.8999023,0.89990234,1.29980469,136,7.419922,135,23,1968,1,1
84.89795,1,2,24,1,70,21.296875,130,10,35.79688,113.32812,3.199707,1.29980469,1.39990234,140,7.469727,135,23,1968,0,2
71.685,0,2,1771,2,56,22.5976562,122,10,38.69531,262.5,3,2.19970703,1.59985352,145,7.459961,135,23,1968,0,1
64.24597,1,1,117,3,70,6.39941406,130,28,38.59375,224,3.5996094,0.29998779,0.69995117,132,7.419922,135,23,1968,0,1
59.26099,1,2,107,3,55,7.79980469,76,20,36.09375,224,4.1992188,1.59985352,1.5,129,7.419922,135,23,1968,6,1
70.43695,0,2,1769,2,82,8.29882812,63,24,35.89844,385.6875,4.0996094,0.69995117,1.19995117,132,7.429688,135,23,1968,0,1
74.85596,1,1,17,1,73,0.89990234,82,28,36.19531,347.5625,2.8999023,6.5,1.69995117,133,7.429688,135,23,1968,4,7
51.23099,1,1,94,3,149,7.29980469,112,40,38.89844,110,2.2998047,1,2.59960938,148,7.429688,135,23,1968,0,4
78.57397,1,2,1524,1,109,7,120,32,36,280.9375,4,0.29998779,2.89990234,131,7.359375,135,23,1968,0,0
42.88599,1,1,240,1,62,2.39990234,81,16,36.39844,224,4.6992188,0.39996338,0.89990234,138,7.419922,135,23,1968,0,0
58.19299,1,2,49,1,104,6.89941406,110,24,37.59375,224,4.6992188,0.59997559,1.29980469,131,7.419922,135,23,1968,0,1
66.47998,0,1,1762,1,103,0.39996338,118,24,36.69531,224,2.5,1.19995117,0.79992676,131,7.419922,135,23,1968,0,0
69.08398,1,2,38,4,70,18,112,9,36.09375,256,2.7998047,1.29980469,1.09985352,143,7.479492,135,23,1968,0,1
82.05298,1,1,144,3,74,12.6992188,120,36,39.69531,187.09375,3.2998047,0.79992676,1.19995117,137,7.439453,135,23,1968,0,1
73.21295,1,2,1087,2,61,10.7988281,118,32,34.5,409.5,3.5996094,2.29980469,2.19970703,136,7.519531,135,23,1968,0,1
55.17899,1,2,296,3,82,5.29980469,69,28,35.69531,224,4.5,1.39990234,1.59985352,133,7.419922,135,23,1968,0,1
77.31696,1,2,554,4,67,7.79980469,107,28,36.39844,432,4.3994141,0.39996338,0.89990234,145,7.359375,135,23,1968,0,1
88.62695,1,2,202,1,62,6.59960938,77,28,36.19531,146.65625,3.199707,0.29998779,1.19995117,136,7.359375,135,23,1968,0,3
65.23798,1,2,923,5,110,7,59,28,35.69531,428.5625,3.3999023,0.39996338,2.09960938,133,7.439453,135,23,1968,1,0
64.68994,1,2,201,2,100,5.09960938,74,20,36.39844,224,3.7998047,0.39996338,1.19995117,136,7.419922,135,23,1968,0,0
69.78198,1,2,447,2,108,3.69970703,120,20,36.89844,224,4.6992188,0.39996338,1.29980469,137,7.419922,135,23,1968,1,0
71.27197,1,2,20,2,120,11.1992188,112,28,35.89844,256,4.5996094,0.5,1.29980469,138,7.299805,135,23,1968,0,1
72.29797,1,1,9,0,77,16.5,130,36,38.59375,140,2.8999023,0.79992676,2.29980469,137,7.459961,135,23,1968,0,7
76.25696,1,2,44,1,100,4.89941406,93,24,36.19531,185.6875,4.3994141,0.39996338,1.19995117,140,7.389648,135,23,1968,0,4
66.97595,1,2,709,2,100,9.8984375,77,20,35.79688,224,4.1992188,0.29998779,1.39990234,137,7.419922,135,23,1968,5,1
47.60797,0,2,1748,2,80,7.39941406,78,28,38.09375,133.3125,4.0996094,2.19970703,0.89990234,137,7.30957,135,23,1968,0,1
60.85699,1,1,76,0,137,9.59960938,62,14,36.19531,166.65625,3.7998047,0.5,8.29882812,128,7.349609,135,23,1968,4,0
64.50098,1,1,830,4,118,6.19921875,79,20,36.89844,414.25,3,0.59997559,1.29980469,137,7.449219,135,23,1968,1,1
84.32898,1,2,667,4,108,11.7988281,74,24,36.09375,240,2.8999023,0.89990234,1.09985352,136,7.469727,135,23,1968,0,2
72.745,1,2,1734,4,86,10.5996094,60,24,36.19531,224,3.5996094,0.69995117,1.39990234,139,7.419922,135,23,1968,0,1
68.45697,0,2,1744,2,68,11.2988281,82,24,35.5,280.9375,4.5996094,0.69995117,1.19995117,136,7.459961,135,23,1968,0,0
78.00696,1,2,611,4,72,3.39990234,102,28,35.79688,211.09375,3.699707,0.59997559,1.29980469,137,7.439453,135,23,1968,0,1
89.57397,1,1,11,2,147,18.296875,122,42,36.09375,426.625,4.2998047,0.39996338,1.19995117,127,7.40918,135,23,1968,0,4
50.50198,0,2,1744,0,113,7.89941406,67,30,36.19531,165.6875,3.699707,0.89990234,1,138,7.40918,135,23,1968,1,0
73.02399,1,2,10,0,70,20.5976562,122,40,37.79688,148.96875,2.5,11.1992188,1.89990234,141,7.509766,135,23,1968,0,1
60.991,0,2,1736,2,117,11.7988281,70,40,36.09375,133.3125,2.3999023,1.59985352,1.29980469,139,7.5,135,23,1968,0,0
71.72095,0,1,1734,1,60,17.5976562,103,28,36.59375,209.5,3.2998047,1,1.5,137,7.40918,135,23,1968,0,2
19.21999,0,2,1734,0,81,8.3984375,66,42,38.79688,380,2.8999023,0.89990234,0.89990234,135,7.419922,135,23,1968,0,0
78.57098,1,2,1661,1,101,12,72,26,36.29688,144.875,3.3999023,1.69995117,1.39990234,140,7.479492,135,23,1968,0,0
65.84497,1,2,27,0,63,11.1992188,127,10,39.29688,198,2.8999023,3.89990234,2.69970703,135,7.389648,135,23,1968,0,0
62.70999,1,1,194,3,53,10.5996094,44,24,35.79688,224,2.8999023,0.89990234,1.79980469,134,7.419922,135,23,1968,0,1
77.00494,1,1,408,4,58,8.69921875,124,44,35.39844,366.625,2.8999023,0.89990234,1.39990234,132,7.449219,135,23,1968,0,1
52.92499,1,2,262,1,73,9.19921875,62,20,36.89844,224,2.8999023,1.29980469,0.79992676,131,7.419922,135,23,1968,0,1
59.96997,1,2,812,2,113,13,55,40,36.39844,371.375,2.8999023,0.89990234,1,133,7.469727,135,23,1968,0,1
59.18399,1,2,366,1,105,7.5,69,16,36.39844,224,3.7998047,0.39996338,0.79992676,137,7.419922,135,23,1968,0,1
65.53894,0,1,1728,0,68,7.5,64,28,39.29688,54.53906,2.199707,0.79992676,0.79992676,134,7.449219,135,23,1968,0,0
81.79895,0,1,1720,3,64,7.69921875,98,28,36.09375,295.1875,2.8999023,0.29998779,0.69995117,142,7.469727,135,23,1968,5,1
58.42599,1,2,65,2,85,6.29980469,83,20,36.69531,224,4,0.29998779,1.19995117,137,7.419922,135,23,1968,0,1
75.72595,1,2,15,3,67,5.29980469,106,30,38,140,2.7998047,4.5,1.09985352,142,7.429688,135,23,1968,0,2
73.58197,1,2,59,2,72,17.3984375,119,44,38.79688,170,2.8999023,0.89990234,0.69995117,142,7.429688,135,23,1968,0,5
75.18994,1,2,803,1,119,13.2988281,82,10,39,217.75,6.2998047,0.5,0.79992676,129,7.429688,135,23,1968,0,3
59.68198,0,2,1714,1,79,5.79980469,104,32,36.29688,182.5,2.8999023,0.89990234,1.19995117,133,7.5,135,23,1968,0,0
27.57599,0,1,1713,2,114,14.3984375,156,8,39.79688,90,2.5,0.79992676,0.79992676,141,7.419922,135,23,1968,0,0
78.17896,1,2,13,3,160,10.5996094,55,10,38.69531,224,4.3994141,1.39990234,1.09985352,136,7.419922,135,23,1968,0,1
83.71497,1,2,24,4,113,11,98,32,36.19531,328.5625,3.2998047,0.59997559,1.59985352,145,7.469727,135,23,1968,0,1
56.87299,1,1,339,1,120,10.5996094,70,16,37.39844,224,2.8999023,0.89990234,0.89990234,136,7.419922,135,23,1968,0,1
81.23798,1,2,172,3,66,6.5,67,26,35.09375,314.25,2.8999023,0.89990234,3.19970703,138,7.389648,135,23,1968,1,0
70.11597,1,1,356,3,111,6.19921875,60,20,36.19531,432,4.1992188,3,2.19970703,142,7.449219,135,23,1968,0,1
75.56696,1,2,445,2,63,10.0996094,62,28,36.19531,224,2.8999023,0.89990234,1.79980469,129,7.419922,135,23,1968,0,0
71.70398,1,2,382,1,119,4.39941406,70,20,36.19531,224,4.0996094,0.29998779,1.09985352,134,7.419922,135,23,1968,0,1
47.836,1,2,35,1,65,19.8984375,64,24,36.79688,187.75,2.8999023,0.89990234,1.19995117,140,7.459961,135,23,1968,0,0
80.24896,1,2,54,2,68,15.2988281,60,24,36.19531,328.5625,2.8999023,0.29998779,1.29980469,133,7.489258,135,23,1968,0,0
64.61896,1,2,1194,4,104,5.19921875,114,24,36.39844,230.40625,4.3994141,0.69995117,0.69995117,127,7.289062,135,23,1968,0,3
76.74194,1,2,335,2,116,12.5,101,28,36.19531,166.65625,2.8999023,1.29980469,1,140,7.439453,135,23,1968,1,5
68.19397,1,1,582,2,67,14,79,30,38.59375,297.125,3.699707,0.39996338,2.79980469,137,7.459961,135,23,1968,0,1
49.74899,1,2,941,1,112,18.796875,71,20,36.29688,224,4.1992188,0.69995117,1,135,7.419922,135,23,1968,0,1
60.63797,1,2,41,1,106,13,70,26,37.39844,224,2.8999023,0.89990234,0.89990234,157,7.419922,135,23,1968,0,7
75.12097,1,2,7,1,106,15.0996094,120,10,35.89844,185.6875,2.8999023,0.89990234,1.19995117,149,7.519531,135,23,1968,0,1
60.31198,0,2,1698,3,119,10.5996094,80,22,37.89844,236.65625,2.8999023,0.89990234,1.19995117,140,7.40918,135,23,1968,0,0
46.16299,0,1,1697,1,72,15.8984375,101,24,37.79688,385.6875,2.7998047,0.19998169,0.69995117,138,7.469727,135,23,1968,2,0
81.383,1,2,1119,1,115,9.5,104,32,36.29688,200,3.699707,0.89990234,1.59985352,141,7.289062,135,23,1968,0,1
64.797,1,2,15,3,85,12.5,74,28,35.59375,216,2.8999023,0.39996338,1,135,7.519531,135,23,1968,0,1
60.50699,0,1,1693,3,101,8.19921875,98,20,37.59375,224,2.5,4.69921875,1.19995117,133,7.419922,135,23,1968,0,1
74.30499,1,1,95,3,144,9.5,57,36,35.69531,224,3.3999023,0.69995117,10.6992188,138,7.419922,135,23,1968,1,1
58.58499,1,2,137,1,107,5.79980469,74,20,36.39844,224,4.6992188,0.39996338,0.79992676,141,7.419922,135,23,1968,0,3
69.63995,1,2,252,1,84,2.59960938,69,16,36.59375,224,4.1992188,0.29998779,0.79992676,140,7.419922,135,23,1968,0,1
77.74896,1,2,307,2,107,6.69921875,107,36,35.69531,292.25,4.0996094,0.69995117,1,136,7.399414,135,23,1968,0,1
50.92999,1,2,30,4,63,17.8984375,64,26,36.29688,174.4375,5,0.29998779,1.29980469,133,7.269531,135,23,1968,1,1
52.797,0,2,1689,2,69,4.79980469,81,24,35.89844,371.375,3.7998047,1.29980469,1.5,138,7.449219,135,23,1968,0,3
31.713,0,2,1688,0,99,13.6992188,112,34,38.39844,122,3.8999023,0.39996338,1.09985352,135,7.429688,135,23,1968,0,0
69.29199,1,1,136,4,69,23.0976562,74,30,39.29688,135.375,3.7998047,0.39996338,1.59985352,136,7.269531,135,23,1968,0,0
73.52496,1,1,52,1,76,8.69921875,83,16,35.79688,224,2.8999023,0.89990234,1,140,7.419922,135,23,1968,0,1
86.29199,1,1,1507,1,55,3.89990234,66,16,36.29688,409.5,3.8999023,0.39996338,1.5,137,7.329102,135,23,1968,0,1
62.245,0,1,1685,1,83,9.5,56,16,36.29688,383.3125,4.0996094,0.39996338,0.69995117,138,7.389648,135,23,1968,0,1
82.461,1,2,97,3,76,14.0996094,94,32,38.19531,224,4.0996094,0.79992676,1.5,140,7.419922,135,23,1968,2,1
77.32495,0,1,1682,2,68,20.1992188,38,8,36,98,3.199707,0.79992676,2.09960938,132,7.569336,135,23,1968,0,0
62.35699,1,1,26,2,125,6.79980469,98,20,36,224,3.7998047,0.5,0.5,128,7.419922,135,23,1968,0,1
63.81897,1,2,989,3,114,3.59960938,77,28,36.39844,395.1875,2.199707,5.09960938,1,132,7.439453,135,23,1968,0,1
84.40198,0,2,1680,1,108,13.2988281,114,34,38.5,165,2.5,5.79980469,1.19995117,140,7.399414,135,23,1968,0,0
54.83899,1,2,608,0,113,0.59997559,78,28,38.19531,224,2.8999023,0.89990234,1.09985352,134,7.419922,135,23,1968,0,0
78.00397,1,2,1320,1,115,6.19921875,114,40,36.39844,200,4.2998047,0.59997559,1.29980469,133,7.30957,135,23,1968,0,1
80.65399,1,2,56,2,117,14.7988281,76,32,37.69531,212,3.5996094,0.29998779,1.09985352,136,7.419922,135,23,1968,0,4
61.84799,1,2,1263,3,117,12,52,20,36.29688,224,2.8999023,0.89990234,1.79980469,142,7.419922,135,23,1968,0,0
67.92096,1,2,1293,2,115,15.5996094,73,28,36.09375,316,3.8999023,2.19970703,1.09985352,138,7.489258,135,23,1968,1,2
81.32495,1,2,1082,3,153,14.7988281,180,30,37,260,2.8999023,0.59997559,1.29980469,137,7.439453,135,23,1968,0,1
82.034,1,1,9,1,70,13.2988281,104,34,36.89844,108.15625,3,1.89990234,0.59997559,138,7.40918,135,23,1968,0,1
18.16299,1,2,13,2,99,0.39996338,162,30,35.59375,224,2.8999023,1.09985352,0.89990234,128,7.419922,135,23,1968,0,0
62.05099,1,2,1289,0,75,5.89941406,120,28,36,180.9375,4.3994141,0.59997559,1.19995117,144,7.399414,135,23,1968,1,1
71.95898,0,1,1671,1,109,8.5,80,14,36.79688,263.3125,2.8999023,0.89990234,0.89990234,136,7.419922,135,23,1968,0,1
73.46198,0,2,1671,4,121,11,77,24,36.29688,224,4.2998047,0.89990234,3.29980469,137,7.419922,135,23,1968,0,0
84.95599,1,1,812,1,67,14,98,14,37.09375,152.5,2.7998047,0.29998779,0.79992676,128,7.489258,135,23,1968,0,6
69.27594,0,1,1667,0,121,10.5,48,12,37.59375,224,3.5996094,0.39996338,0.79992676,132,7.419922,135,23,1968,0,1
60.11499,1,1,275,7,67,4.59960938,106,24,36.69531,695.625,2.8999023,0.89990234,1.19995117,141,7.379883,135,23,1968,2,0
71.38397,1,2,338,3,97,10.5996094,64,22,36.39844,224,2.8999023,0.89990234,1.19995117,140,7.419922,135,23,1968,0,6
28.38599,0,2,1665,0,104,13.5996094,130,36,38.69531,291.375,3.5996094,1.69995117,1,129,7.429688,135,23,1968,0,0
49.98499,1,2,678,5,77,0,118,28,36.79688,226.0625,2.8999023,0.5,1.29980469,139,7.339844,135,23,1968,0,1
76.29797,1,1,42,1,115,7.5,108,24,36.19531,65.32812,3,1.19995117,3.5,128,7.289062,135,23,1968,0,1
75.15399,1,1,195,2,113,8.79882812,122,8,37.89844,165.6875,2.8999023,0.29998779,0.69995117,137,7.429688,135,23,1968,0,4
84.36395,1,1,5,2,65,17.3984375,68,10,38.09375,134.28125,2.8999023,0.89990234,0.69995117,139,7.329102,135,23,1968,0,1
64.21899,1,1,470,2,61,10.7988281,101,22,36.39844,224,4.0996094,0.19998169,0.59997559,138,7.419922,135,23,1968,0,0
80.10095,1,1,35,3,111,10.2988281,69,26,36,224,3.699707,1,1,134,7.419922,135,23,1968,0,1
72.14197,0,1,1657,3,124,12,67,44,37.59375,132.125,4.0996094,0.5,1,142,7.359375,135,23,1968,0,1
70.74298,1,1,52,1,118,8.5,76,20,36.89844,224,3.3999023,1.09985352,0.79992676,136,7.419922,135,23,1968,0,1
76.92297,1,1,683,0,102,9.69921875,76,24,36.09375,300,2.7998047,0.5,1.19995117,128,7.379883,135,23,1968,0,3
71.461,0,2,1655,0,73,8.69921875,60,24,36.29688,128.5625,4.3994141,1.79980469,1.19995117,139,7.469727,135,23,1968,0,2
70.15997,1,2,3,1,113,10.2988281,109,26,38.29688,414.8125,2.8999023,0.89990234,1.09985352,147,7.489258,135,23,1968,0,1
83.33496,1,2,226,2,103,31.796875,118,38,39.19531,143.3125,2.8999023,0.89990234,1.39990234,144,7.429688,135,23,1968,0,0
65.23499,1,2,26,2,82,16.5976562,126,26,36.09375,196,4.8994141,0.5,0.89990234,134,7.439453,135,23,1968,3,4
68.74695,1,2,19,1,131,12.7988281,71,24,39,224,5.0996094,0.59997559,2,136,7.419922,135,23,1968,0,0
67.67694,1,1,112,1,63,10.5,124,10,36.29688,440,2.8999023,0.89990234,1.59985352,126,7.519531,135,23,1968,0,0
72.68195,1,2,666,6,62,7.79980469,74,32,36.09375,357.125,2.8999023,0.59997559,1.79980469,131,7.399414,135,23,1968,0,1
71.15094,1,2,425,4,107,7.59960938,96,36,35.79688,370,3.3999023,0.39996338,3.79980469,129,7.519531,135,23,1968,1,0
80.98297,1,2,151,3,98,10.7988281,73,40,35.79688,274.0625,4,1,1.5,136,7.369141,135,23,1968,3,1
70.79297,1,2,386,1,103,4.69921875,101,18,36.09375,224,3.7998047,0.39996338,0.89990234,137,7.419922,135,23,1968,0,1
42.50497,1,2,20,2,107,24.3984375,140,28,36.09375,214.28125,3,0.59997559,0.89990234,135,7.489258,135,23,1968,2,3
75.06897,0,2,1641,2,107,9.29882812,60,24,35.69531,304.75,3.8999023,1.09985352,2.69970703,141,7.479492,135,23,1968,0,1
66.30298,1,1,68,4,67,12.2988281,104,10,38.29688,310,2.8999023,0.89990234,2.39990234,139,7.399414,135,23,1968,0,1
64.91394,1,2,1312,4,119,13.3984375,69,30,37.89844,155.53125,4.0996094,0.29998779,1.5,139,7.329102,135,23,1968,0,1
76.06598,0,1,1639,0,114,12.2988281,75,32,39.09375,151.40625,4.5996094,0.5,0.79992676,131,7.339844,135,23,1968,0,0
84.50098,1,2,833,3,105,13.0996094,69,20,36.19531,344.4375,3.699707,0.19998169,0.89990234,141,7.479492,135,23,1968,1,1
62.35498,1,2,41,2,52,6.39941406,148,31,36.39844,210,2.8999023,0.89990234,0.59997559,130,7.369141,135,23,1968,0,2
71.07196,0,2,1631,3,57,15.6992188,102,12,38.09375,178,2.5,1.79980469,2.69970703,139,7.339844,135,23,1968,0,6
50.51599,0,1,1633,0,74,19.6992188,110,24,36.59375,261.875,3.2998047,0.5,1.39990234,139,7.429688,135,23,1968,5,4
79.99695,1,2,32,1,140,12.1992188,138,15,38.59375,224.4375,2.8999023,0.89990234,0.79992676,125,7.439453,135,23,1968,0,0
56.99399,1,2,24,1,51,5.19921875,74,24,36.69531,224,3.699707,0.29998779,0.89990234,136,7.419922,135,23,1968,0,4
70.09399,1,2,1388,4,80,10.7988281,77,20,36.39844,309.5,4.3994141,0.39996338,1.59985352,139,7.439453,135,23,1968,0,1
84.30396,1,2,29,3,78,5.89941406,71,15,36.5,93.32812,2.8999023,0.89990234,2,138,7.379883,135,23,1968,0,1
79.69897,1,2,71,5,110,21.1992188,118,28,35.59375,304.75,4.1992188,0.39996338,1.19995117,139,7.459961,135,23,1968,0,1
51.27197,1,1,338,1,75,10.5996094,89,22,36.19531,224,3.8999023,0.29998779,0.79992676,136,7.419922,135,23,1968,0,0
64.62695,1,1,1531,2,63,11.6992188,73,32,36.39844,200,4.1992188,0.5,0.69995117,134,7.299805,135,23,1968,2,2
70.21796,1,1,18,2,115,6.39941406,60,24,35.59375,224,3.3999023,0.29998779,0.89990234,143,7.419922,135,23,1968,0,6
76.22699,1,2,5,3,85,13.5996094,138,10,38.09375,170,4.2998047,0.29998779,1.19995117,139,7.399414,135,23,1968,0,4
76.159,1,2,257,2,67,18.5976562,66,24,36.29688,224,2.8999023,0.89990234,1,132,7.419922,135,23,1968,0,1
64.71698,1,2,38,2,67,10,57,24,36.09375,224,3.5996094,1.79980469,2.39990234,129,7.419922,135,23,1968,0,1
83.474,0,2,1622,2,106,10,69,24,35.39844,224,2.8999023,0.89990234,1.29980469,140,7.419922,135,23,1968,0,0
44.34799,1,1,118,1,101,5.5,132,20,38.19531,224,2.8999023,0.89990234,0.59997559,128,7.419922,135,23,1968,1,0
57.36099,1,2,6,2,72,11.0996094,101,24,38,224,2.8999023,0.89990234,1.39990234,148,7.419922,135,23,1968,0,1
78.89899,1,1,807,1,68,7.29980469,67,16,36.79688,224,3.5996094,0.39996338,0.69995117,141,7.419922,135,23,1968,0,1
60.76099,1,2,176,3,122,12.7988281,108,28,36.29688,525.875,2.5,0.89990234,11.5,132,7.419922,135,23,1968,0,0
58.54099,0,2,1618,1,103,34.3984375,98,24,37.89844,219.96875,2.8999023,0.89990234,1.5,145,7.419922,135,23,1968,0,1
67.39996,1,2,7,6,115,35.296875,114,32,36.09375,69.375,3.2998047,0.69995117,0.5,128,7.269531,135,23,1968,0,3
65.57397,1,1,8,4,44,12.1992188,78,8,38,170,2.699707,0.29998779,0.89990234,131,7.449219,135,23,1968,0,4
79.10199,1,1,37,1,107,8.79882812,84,28,36.59375,342.8125,3.3999023,0.59997559,1.19995117,134,7.469727,135,23,1968,0,1
68.383,1,2,64,5,53,13,70,24,36.79688,214.8125,4,0.79992676,2.29980469,130,7.419922,135,23,1968,1,0
78.95697,0,1,1610,4,54,5.59960938,59,24,36.89844,224,3.2998047,1,1.29980469,142,7.419922,135,23,1968,0,0
73.04596,1,1,77,1,129,4.5,93,16,37.89844,224,3.7998047,1.69995117,1,134,7.419922,135,23,1968,0,1
40.39697,1,2,23,2,64,0.09999084,146,34,40.09375,224,2.8999023,2.5,1.19995117,133,7.419922,135,23,1968,0,1
42.133,1,1,75,0,103,15.5,120,12,39.69531,103.32812,2.3999023,0.5,0.59997559,137,7.479492,135,23,1968,0,0
74.95697,1,2,52,1,119,14.5996094,87,20,36.09375,224,3.7998047,0.29998779,1.19995117,138,7.419922,135,23,1968,0,1
73.04297,1,1,1164,2,107,19.296875,65,28,36,216,3.7998047,0.59997559,1.09985352,138,7.389648,135,23,1968,2,0
80.78894,1,2,644,4,70,7,114,28,35.69531,460,2.8999023,0.79992676,1.19995117,138,7.339844,135,23,1968,0,1
78.02295,0,1,1604,3,109,6.19921875,76,28,36.79688,204.75,3,0.19998169,0.59997559,140,7.369141,135,23,1968,2,4
74.25598,1,1,111,1,104,7.29980469,74,24,38,224,4,0.5,1.09985352,136,7.419922,135,23,1968,0,0
71.02295,1,1,170,1,107,10.5996094,98,28,36,452,2.8999023,0.89990234,1.19995117,140,7.379883,135,23,1968,0,1
68.44897,1,2,70,1,80,10,107,24,38.59375,224,3.5996094,0.5,1,133,7.419922,135,23,1968,0,1
64.698,0,2,1600,2,70,10.5996094,73,16,35.39844,224,2.8999023,0.89990234,1.19995117,140,7.419922,135,23,1968,0,1
82.99799,1,2,4,7,106,9.29882812,60,40,37.89844,300,3.199707,0.89990234,1.5,145,7.349609,135,23,1968,0,1
54.79498,0,1,1598,2,110,12.0996094,76,32,36.79688,193.3125,2.8999023,0.89990234,0.89990234,140,7.379883,135,23,1968,0,0
75.09399,1,2,60,2,117,12.1992188,42,49,36.29688,224,3,2.69970703,1.19995117,136,7.419922,135,23,1968,0,0
57.88098,0,1,1596,0,49,7.59960938,138,39,39.39844,195,2.8999023,4.89941406,1.59985352,148,7.389648,135,23,1968,0,1
72.56097,1,2,49,2,53,7.89941406,74,28,34.69531,545.625,4,2.89990234,1.89990234,139,7.339844,135,23,1968,0,5
70.26398,1,1,22,2,60,12.8984375,77,20,38.69531,224,3.2998047,0.19998169,0.79992676,134,7.419922,135,23,1968,0,6
70.66095,1,1,1269,1,142,5.89941406,138,16,36,452,3.8999023,0.5,1.89990234,142,7.369141,135,23,1968,0,1
74.97595,0,2,1590,0,117,7.19921875,66,24,36.79688,163,4.3994141,0.59997559,0.89990234,138,7.429688,135,23,1968,0,0
61.61499,1,1,5,1,100,10.5996094,93,20,36.19531,224,2.8999023,0.89990234,1.19995117,140,7.419922,135,23,1968,0,1
66.97894,1,2,528,2,111,8,72,20,35.19531,224,4.2998047,0.59997559,1.09985352,134,7.419922,135,23,1968,0,1
53.91599,0,1,1588,1,119,16.296875,42,10,38.39844,262.5,4.1992188,0.59997559,0.79992676,143,7.489258,135,23,1968,0,0
47.07498,1,1,119,3,75,12.6992188,127,8,38.79688,116,3.5996094,0.39996338,0.89990234,141,7.169922,135,23,1968,0,1
89.54095,1,1,4,0,58,9.09960938,110,40,38.5,140.8125,4.5,0.79992676,3,143,7.169922,135,23,1968,0,1
91.34595,1,2,7,1,47,15.5996094,160,9,39.69531,123.32812,2.5996094,1.39990234,1.69995117,133,7.429688,135,23,1968,0,2
88.79895,1,2,5,1,61,8.19921875,66,10,38.79688,352.375,4.0996094,1.69995117,2,138,7.429688,135,23,1968,0,3
78.02295,1,1,10,2,107,0.39996338,120,26,36.39844,268,2.8999023,0.89990234,0.59997559,131,7.479492,135,23,1968,0,0
82.31299,1,2,4,0,42,15.0996094,114,20,35.89844,12,3,0.59997559,1.39990234,145,7.389648,135,23,1968,0,0
63.12097,1,2,89,2,103,5.5,104,22,36.29688,224,4.1992188,0.69995117,0.79992676,134,7.419922,135,23,1968,0,1
75.88995,1,2,58,3,69,11.5996094,104,24,35.5,157.125,3.8999023,0.59997559,1.59985352,135,7.369141,135,23,1968,0,3
75.87695,1,2,977,2,63,9.8984375,73,28,35.79688,295.1875,3.8999023,0.79992676,1.09985352,140,7.399414,135,23,1968,0,0
64.45996,1,1,1179,3,87,34.3984375,132,24,38.29688,285.125,4.0996094,0.79992676,0.69995117,134,7.419922,135,23,1968,0,2
60.42999,1,1,1513,1,72,3.5,70,20,36.19531,224,4.1992188,0.39996338,0.79992676,136,7.419922,135,23,1968,0,1
67.16498,1,2,898,3,101,21,120,24,35.69531,209.0625,2.8999023,0.89990234,1.09985352,138,7.40918,135,23,1968,0,0
52.95798,1,2,686,2,107,7.79980469,77,24,36.79688,224,2.8999023,0.89990234,1.39990234,136,7.419922,135,23,1968,0,1
82.57898,0,1,1572,4,106,10.5996094,54,24,35.59375,342.8125,2.8999023,0.89990234,1.19995117,135,7.459961,135,23,1968,0,0
54.883,1,2,296,3,58,8.69921875,50,22,36.39844,224,4.0996094,0.59997559,2.59960938,130,7.419922,135,23,1968,2,0
70.57098,1,2,254,2,69,6,81,24,36.59375,224,4.3994141,0.39996338,1.09985352,142,7.419922,135,23,1968,0,1
82.06696,1,2,356,2,77,6.09960938,77,22,35.59375,224,3.699707,0.39996338,1.09985352,134,7.419922,135,23,1968,0,1
68.17798,1,2,101,3,92,10.5996094,56,20,35.59375,224,2.8999023,0.89990234,1.19995117,140,7.419922,135,23,1968,0,1
84.03796,0,1,1566,5,59,11.8984375,69,26,36.19531,268,3.8999023,0.29998779,1,137,7.379883,135,23,1968,0,4
66.31299,0,2,1566,1,62,10.5996094,105,20,38,145,2.8999023,0.89990234,1.19995117,135,7.429688,135,23,1968,0,3
58.883,1,2,4,0,167,15.5996094,182,8,39,164,4.5996094,0.39996338,0.79992676,155,7.569336,135,23,1968,0,1
81.88397,1,1,1045,2,61,4.59960938,80,28,36,252.375,2.8999023,0.89990234,1.09985352,136,7.519531,135,23,1968,0,1
70.034,0,2,1566,0,133,18.796875,106,10,38.09375,140,2.8999023,0.89990234,1,143,7.529297,135,23,1968,0,0
45.06497,0,1,1564,2,74,10.5,126,20,35.59375,224,4.2998047,1.29980469,1.09985352,139,7.419922,135,23,1968,0,1
81.85394,1,2,1083,5,112,7.89941406,76,20,36.19531,238.09375,3.699707,0.79992676,1.79980469,133,7.509766,135,23,1968,5,5
61.71399,1,1,65,0,123,19.296875,68,8,38,210,4.7998047,0.89990234,1.09985352,147,7.439453,135,23,1968,0,0
71.461,0,1,1562,4,68,28,134,28,35.19531,224,3.199707,0.5,5.89941406,132,7.419922,135,23,1968,0,5
80.84094,0,1,1563,3,63,6,52,20,36.69531,224,2.8999023,0.89990234,1.19995117,141,7.419922,135,23,1968,0,1
71.58099,0,2,1560,1,117,5.5,62,24,36.09375,224,3.5996094,0.5,1.5,139,7.419922,135,23,1968,0,1
59.49298,1,2,59,1,73,40,101,20,36,338.0625,2.8999023,0.59997559,0.79992676,130,7.40918,135,23,1968,1,3
74.55695,0,2,1560,3,71,9.29882812,60,20,36.19531,376.1875,4.7998047,0.5,1.29980469,141,7.459961,135,23,1968,0,1
70.11096,1,2,10,1,105,36.3984375,110,36,38.29688,242.84375,4,0.39996338,1.39990234,136,7.5,135,23,1968,0,1
58.71899,0,2,1558,0,53,20.6992188,124,34,39.19531,62.10156,2.8999023,0.89990234,4.39941406,153,7.25,135,23,1968,0,1
63.16498,1,1,556,1,73,2,107,16,37.89844,224,2.8999023,0.89990234,1,129,7.419922,135,23,1968,0,1
79.77496,0,2,1555,2,93,7.39941406,71,22,36.09375,190.46875,3.5996094,0.29998779,1.19995117,137,7.439453,135,23,1968,0,1
63.48297,1,2,618,3,100,15.1992188,116,12,39.69531,212.5,3.3999023,7.69921875,4.19921875,150,7.399414,135,23,1968,0,0
88.11499,1,2,1347,1,105,11.2988281,100,36,36.19531,159.15625,4.3994141,0.39996338,1.69995117,142,7.449219,135,23,1968,0,0
84.62695,1,1,582,4,71,11.3984375,70,24,36.79688,224,3.8999023,0.19998169,1.79980469,134,7.419922,135,23,1968,1,1
88.17499,1,2,385,3,76,7.59960938,64,28,35.79688,237.5,4.2998047,0.39996338,1.79980469,137,7.449219,135,23,1968,0,3
74.125,1,2,1237,3,77,8.8984375,60,24,36.29688,404,2.5996094,0.5,0.89990234,139,7.279297,135,23,1968,0,0
60.20798,1,1,147,3,102,1.39990234,114,20,36.89844,354.25,4.1992188,0.5,0.59997559,137,7.489258,135,23,1968,0,1
78.49396,1,2,19,3,71,12.7988281,66,24,36.19531,224,2.8999023,0.89990234,1.59985352,140,7.419922,135,23,1968,1,0
74.146,1,2,10,3,106,24.8984375,114,10,35.29688,147.5,3.0996094,0.59997559,3.39990234,132,7.449219,135,23,1968,0,5
69.40198,1,2,116,5,73,9.09960938,60,10,35.5,153.84375,2.8999023,4.09960938,2.59960938,143,7.279297,135,23,1968,0,3
78.78998,0,2,1552,0,68,21,40,12,38.19531,163.0625,3.199707,2,3.89990234,135,7.319336,135,23,1968,0,1
76.71198,1,2,669,2,59,16.796875,72,32,35.89844,126.51562,2.8999023,0.89990234,11.5996094,145,7.419922,135,23,1968,0,1
75.849,1,2,19,1,56,21.8984375,112,24,39.19531,189,2.8999023,0.89990234,5.69921875,138,7.389648,135,23,1968,0,1
70.35199,1,1,1360,3,79,9.79882812,69,26,35.89844,224,4.1992188,0.19998169,1.19995117,134,7.419922,135,23,1968,0,2
50.23999,1,1,38,2,119,2,108,34,39.39844,187.5,2.8999023,0.89990234,1.09985352,143,7.489258,135,23,1968,0,0
67.38898,1,2,27,4,107,15,36,30,38.09375,214.28125,2.8999023,0.89990234,1,133,7.489258,135,23,1968,0,3
68.92297,0,2,1549,3,111,6.39941406,42,29,36.59375,271.375,3.8999023,1.19995117,1.5,137,7.459961,135,23,1968,0,1
71.50995,0,2,1547,3,68,7.5,65,20,36.19531,493.3125,3.7998047,0.5,1.59985352,136,7.549805,135,23,1968,1,0
75.22198,1,1,724,1,64,11.0996094,75,10,38,186.65625,3.199707,0.5,1,134,7.509766,135,23,1968,0,0
79.36499,1,1,715,0,70,23,72,28,36.29688,360,2.8999023,0.89990234,1.69995117,141,7.449219,135,23,1968,0,1
49.80399,1,2,84,2,103,6.39941406,79,20,36.39844,224,3.5996094,0.29998779,1,135,7.419922,135,23,1968,0,1
53.39398,1,1,325,1,93,5.89941406,98,20,36.39844,224,4.3994141,0.29998779,0.69995117,133,7.419922,135,23,1968,0,1
65.79297,1,2,161,1,93,15.5,76,20,36.59375,224,3.8999023,0.69995117,1.19995117,136,7.419922,135,23,1968,0,1
90.79297,1,1,6,2,55,7.59960938,45,32,37.89844,319,2.8999023,0.89990234,1.29980469,139,7.419922,135,23,1968,0,1
78.25098,1,2,109,1,118,16.796875,85,20,35.89844,224,4.0996094,0.59997559,1.39990234,138,7.419922,135,23,1968,0,0
53.46997,1,2,6,0,64,22.1992188,158,37,37.79688,101.25,2.699707,8.3984375,1.5,132,7.369141,135,23,1968,0,0
52.80798,1,2,27,5,66,14.8984375,166,10,39.59375,151.40625,3.199707,1.59985352,1.09985352,135,7.609375,135,23,1968,0,1
69.22095,1,2,1160,2,77,10.5996094,72,40,36.19531,160,3.0996094,1.19995117,0.69995117,134,7.439453,135,23,1968,0,1
71.88794,0,2,1531,3,63,7.69921875,46,32,36,342.8125,2.8999023,0.89990234,1.69995117,139,7.40918,135,23,1968,0,0
77.35199,1,2,388,6,113,7.89941406,76,24,36.09375,356,3.199707,0.59997559,1.29980469,140,7.469727,135,23,1968,1,2
60.56897,0,1,1531,0,63,26.0976562,122,28,38.29688,150,2.8999023,0.89990234,6,143,7.379883,135,23,1968,0,1
71.45795,0,1,1530,4,68,9.19921875,102,24,35.5,452.375,3.699707,1.19995117,1.39990234,134,7.549805,135,23,1968,0,0
78.20398,1,1,412,2,117,14.1992188,70,55,39.09375,255,2.8999023,0.89990234,1.5,141,7.459961,135,23,1968,0,1
63.32098,1,1,5,2,77,0.19998169,132,28,36.39844,104.07812,2.8999023,0.89990234,1.5,136,7.289062,135,23,1968,0,1
68.11798,1,2,20,7,56,10.5996094,68,32,34.79688,112.5,3.8999023,0.89990234,1.59985352,128,7.529297,135,23,1968,0,5
64.99695,1,2,86,3,106,18.6992188,80,32,36.59375,308.6875,2.5996094,0.69995117,1.5,142,7.449219,135,23,1968,0,0
71.99695,1,2,7,1,50,10.6992188,132,34,37.89844,108.15625,3.3999023,0.59997559,1.19995117,137,7.179688,135,23,1968,0,1
42.77298,0,2,1528,0,81,14.8984375,76,36,38.09375,135,4,0.5,0.89990234,134,7.5,135,23,1968,0,0
76.53894,1,2,824,2,111,11.6992188,53,20,36.69531,224,4.1992188,0.59997559,1.5,142,7.419922,135,23,1968,0,0
67.32397,1,1,19,3,63,13,76,22,36.69531,224,2.8999023,0.89990234,4.39941406,121,7.419922,135,23,1968,2,0
53.00998,1,2,249,2,67,0.19998169,66,24,38.69531,224,3.3999023,1.19995117,1.19995117,129,7.419922,135,23,1968,0,1
72.51996,1,2,1040,5,61,9.09960938,75,36,36.5,186.9375,4.0996094,0.39996338,2.19970703,148,7.369141,135,23,1968,3,1
61.19598,1,2,1021,0,42,13.8984375,144,28,38.69531,92,2.8999023,1.39990234,1.5,133,7.699219,135,23,1968,0,0
67.64697,0,2,1519,1,48,8.19921875,122,30,38.79688,114.28125,2.8999023,0.89990234,1.09985352,135,7.389648,135,23,1968,0,0
69.69495,0,2,1520,2,103,6.29980469,70,24,37,266.625,4.0996094,0.89990234,1,144,7.369141,135,23,1968,0,0
83.95599,1,2,122,5,108,10.2988281,140,40,36.69531,304,2.8999023,0.89990234,1.59985352,137,7.449219,135,23,1968,0,0
74.33496,1,2,185,4,60,12.3984375,70,32,36.19531,163.3125,2.8999023,4.29980469,4,141,7.539062,135,23,1968,0,1
59.32898,1,2,6,2,77,0.09999084,150,30,39.19531,210.1875,2.3999023,1.39990234,2.39990234,142,7.479492,135,23,1968,0,0
67.86896,0,1,1517,2,103,6.19921875,132,76,36.19531,224,3.3999023,0.79992676,2.59960938,141,7.419922,135,23,1968,3,2
84.95599,1,1,235,1,66,25.6992188,63,22,36.5,224,2.8999023,1.09985352,1,137,7.419922,135,23,1968,0,1
77.95496,1,2,851,1,114,9.8984375,78,20,36.39844,260,4.3994141,0.59997559,3.19970703,146,7.40918,135,23,1968,0,1
54.086,1,1,36,0,62,4.59960938,110,12,39.79688,93.75,2.7998047,0.79992676,0.69995117,151,7.40918,135,23,1968,0,1
76.55597,1,2,15,3,137,9.3984375,81,20,35.89844,347.5625,3.199707,1,0.89990234,134,7.469727,135,23,1968,1,1
37.63397,0,2,1510,3,71,10.5996094,150,24,36.19531,224,2.8999023,0.89990234,1,139,7.419922,135,23,1968,0,0
79.57599,1,1,48,1,69,8.69921875,106,24,36.5,224,3.199707,0.29998779,0.79992676,136,7.419922,135,23,1968,0,1
84.51495,1,2,14,7,116,17.1992188,114,34,38.79688,192.5,4,0.39996338,1.89990234,135,7.399414,135,23,1968,0,6
86.58698,1,1,235,2,79,6.79980469,64,20,35.79688,295.1875,2.8999023,0.89990234,0.89990234,134,7.459961,135,23,1968,0,0
89.06494,1,1,319,3,77,12.5996094,63,28,35.89844,468,2.8999023,0.89990234,1,140,7.299805,135,23,1968,0,2
59.18997,1,2,5,2,72,12.5,113,32,38.69531,195.90625,2.3999023,0.19998169,1.79980469,149,7.339844,135,23,1968,0,5
60.87598,0,2,1504,2,119,7.19921875,125,22,36.39844,300,4.2998047,0.5,1.89990234,139,7.40918,135,23,1968,0,1
71.81396,1,2,7,2,111,7.79980469,130,36,36.29688,224,3.699707,0.79992676,1.09985352,130,7.419922,135,23,1968,0,1
67.37897,1,2,24,3,60,10.5996094,106,26,37.69531,155,2.8999023,0.89990234,1.29980469,140,7.349609,135,23,1968,0,4
61.50897,1,2,998,2,61,10.2988281,79,20,36.09375,224,4.5,0.79992676,1.29980469,135,7.419922,135,23,1968,1,1
68.78595,1,2,185,4,113,7.5,98,28,35.29688,224,4.0996094,0.59997559,2.09960938,134,7.419922,135,23,1968,0,1
49.89499,0,1,1495,5,120,21.8984375,133,22,38,224,2.7998047,0.59997559,1.79980469,147,7.419922,135,23,1968,1,1
69.40198,1,1,1133,3,71,24,96,24,37.69531,118.35938,2.8999023,0.89990234,4.39941406,137,7.379883,135,23,1968,0,1
73.17499,1,2,22,1,57,9.79882812,160,14,38.29688,203.3125,2.5996094,6.09960938,1,133,7.469727,135,23,1968,0,0
85.41296,1,2,1012,3,69,15.5,112,28,36.69531,125.70312,2.8999023,0.89990234,1.69995117,143,7.55957,135,23,1968,0,1
66.71899,1,1,372,2,106,6.19921875,114,24,37.5,224,3.8999023,0.29998779,0.89990234,138,7.419922,135,23,1968,0,1
69.44299,1,1,405,5,104,10,83,40,37.59375,280.9375,3.3999023,0.09999084,0.79992676,133,7.359375,135,23,1968,0,1
70.64795,1,1,15,0,121,28.5,138,40,38.19531,220.40625,4.5,0.69995117,1.29980469,138,7.539062,135,23,1968,0,0
64.35596,0,2,1489,1,103,9.8984375,58,24,36.59375,325.875,4.0996094,0.59997559,1.5,133,7.429688,135,23,1968,0,1
56.54498,1,2,664,1,104,10.5996094,79,20,36,224,2.8999023,0.39996338,1,125,7.419922,135,23,1968,0,1
68.68994,0,2,1484,1,77,16.3984375,79,25,36.19531,242.84375,4,0.59997559,1.69995117,137,7.419922,135,23,1968,0,1
57.30899,1,2,20,0,52,9.69921875,76,32,39.09375,196.65625,2.5996094,0.39996338,1.19995117,138,7.459961,135,23,1968,2,0
73.78796,1,1,540,3,44,16.3984375,102,28,38.89844,150,2.8999023,0.89990234,1.5,137,7.459961,135,23,1968,0,5
54.28299,0,1,1483,4,68,8.59960938,65,22,38.29688,224,3.2998047,1,1.19995117,139,7.419922,135,23,1968,0,1
72.849,0,1,1480,2,67,18.5,70,24,37.69531,239.125,4.5996094,0.29998779,1.5,137,7.369141,135,23,1968,0,1
71.81897,1,1,879,3,78,9.29882812,85,20,36.39844,224,3.7998047,0.39996338,1.19995117,134,7.419922,135,23,1968,0,1
76.46497,1,1,17,3,85,7.09960938,92,20,36.39844,338.0625,2.7998047,2.79980469,1.69995117,132,7.489258,135,23,1968,1,1
53.72998,1,2,28,4,57,34.59375,108,12,39.19531,180,4.5,0.5,1.29980469,133,7.40918,135,23,1968,0,0
59.44998,1,1,439,1,75,10.5996094,65,20,36.69531,224,2.8999023,0.89990234,1.19995117,140,7.419922,135,23,1968,0,0
92.53894,1,2,234,3,78,7.39941406,70,20,36.39844,252.375,2.8999023,0.89990234,2.39990234,140,7.439453,135,23,1968,0,5
59.556,1,2,389,1,77,5.09960938,74,24,36.29688,224,2.8999023,0.29998779,1.39990234,137,7.419922,135,23,1968,0,1
42.965,1,2,28,0,43,19.5,138,36,38.79688,235,2.8999023,0.89990234,3,144,7.529297,135,23,1968,0,1
63.25,0,1,1469,4,43,23.5,146,40,38.39844,203.3125,2.8999023,0.89990234,2.19970703,134,7.25,135,23,1968,0,0
78.04797,1,2,10,1,68,4.69921875,66,12,36.29688,250,2.8999023,0.69995117,7.09960938,140,7.429688,135,23,1968,0,0
80.08997,1,1,1373,3,71,10.7988281,87,16,36,223.78125,4.8994141,0.79992676,0.79992676,139,7.419922,135,23,1968,0,1
61.60999,1,2,6,1,111,14.1992188,101,28,38.59375,422.5,4.5996094,0.5,1.39990234,142,7.30957,135,23,1968,0,1
72.59998,1,2,739,3,67,14,104,32,36.09375,232,3.7998047,0.69995117,1.19995117,141,7.379883,135,23,1968,2,0
90.26697,1,1,20,4,113,27.3984375,107,24,38.59375,224,3.5996094,0.69995117,2,134,7.419922,135,23,1968,0,1
63.18698,1,2,345,2,83,10.5996094,101,24,36.5,224,4.1992188,0.39996338,1,140,7.419922,135,23,1968,0,1
50.71298,1,2,5,0,117,18.796875,72,24,38.59375,163.25,2.8999023,0.89990234,0.89990234,138,7.519531,135,23,1968,0,1
63.33499,1,2,1138,3,59,10.5,39,20,36.39844,224,2.8999023,0.89990234,1.5,138,7.419922,135,23,1968,0,0
76.34796,1,2,198,2,103,5.79980469,122,20,36.79688,224,3.3999023,0.09999084,0.79992676,138,7.419922,135,23,1968,0,1
78.24799,0,1,1456,3,107,6.09960938,71,28,36.29688,271.375,3.3999023,0.29998779,0.59997559,128,7.379883,135,23,1968,2,0
62.185,1,2,5,0,53,35.09375,70,28,34.39844,137.5,3.2998047,5,6.29980469,136,7.349609,135,23,1968,0,0
78.42798,0,1,1455,2,81,22.5,128,26,38.29688,351.375,2.8999023,0.89990234,2.69970703,137,7.449219,135,23,1968,0,1
42.38998,0,2,1455,1,54,11.5,160,50,40,188.5625,2.0996094,0.59997559,0.89990234,150,7.389648,135,23,1968,0,2
53.34698,1,2,160,3,109,12.5996094,122,20,36.19531,224,2.8999023,0.29998779,0.69995117,132,7.419922,135,23,1968,1,0
58.90997,1,1,55,4,75,11.0996094,66,24,36.29688,204.75,3.7998047,0.5,0.89990234,143,7.439453,135,23,1968,1,2
85.94696,1,2,127,3,60,8.19921875,79,24,35.89844,224,2.8999023,0.5,1.19995117,131,7.419922,135,23,1968,0,1
22.55699,1,2,6,3,114,2.5,146,36,39.59375,304.75,2.7998047,0.79992676,2.19970703,125,7.479492,135,23,1968,0,5
57.10098,1,1,1000,1,104,10.5996094,69,24,38.09375,224,2.8999023,0.19998169,1.09985352,132,7.419922,135,23,1968,0,0
83.19495,1,1,89,2,74,12.2988281,77,24,36.69531,224,2.699707,0.59997559,0.89990234,134,7.419922,135,23,1968,0,1
70.82495,1,1,1135,2,77,17.3984375,71,28,36.19531,236,2.8999023,0.89990234,1.5,134,7.379883,135,23,1968,0,1
69.15295,0,2,1440,3,102,11,66,24,35.69531,224,3.8999023,0.89990234,1.19995117,131,7.239258,135,23,1968,0,1
73.08398,1,2,76,4,75,11.2988281,70,24,36.39844,268,3.8999023,1.09985352,1.39990234,137,7.389648,135,23,1968,0,0
65.396,1,2,147,7,79,9.59960938,73,28,36.39844,224,4.5996094,0.79992676,3,139,7.419922,135,23,1968,0,0
75.93695,1,2,17,5,70,12.7988281,110,40,37.59375,210,2.8999023,0.79992676,1.39990234,136,7.449219,135,23,1968,0,7
54.34399,1,2,207,2,81,10.5996094,96,28,35.79688,224,2.8999023,0.89990234,1.19995117,140,7.419922,135,23,1968,0,0
73.34698,0,1,1439,0,120,23.3984375,60,24,36.69531,145,3.8999023,0.39996338,1,141,7.429688,135,23,1968,0,5
77.43195,1,2,432,1,113,12.5996094,76,20,36.39844,224,4.0996094,0.59997559,1.19995117,141,7.419922,135,23,1968,0,1
76.73096,1,1,36,2,53,16.3984375,134,12,35.59375,152,2.3999023,1.79980469,2.59960938,146,7.439453,135,23,1968,0,0
61.45398,1,2,35,0,73,0.19998169,110,30,39.5,253.3125,2.8999023,0.89990234,1.39990234,139,7.5,135,23,1968,0,1
50.133,1,2,22,1,67,11.6992188,134,10,39.59375,233.3125,2.5,1.09985352,0.89990234,138,7.419922,135,23,1968,0,1
85.96295,1,1,1328,0,79,23.796875,116,32,38.69531,186.65625,4.0996094,0.19998169,0.69995117,131,7.489258,135,23,1968,0,1
69.47797,1,2,7,3,105,16.296875,120,34,38.19531,86.25,2.8999023,0.89990234,2.69970703,124,7.509766,135,23,1968,0,2
70.836,1,2,122,1,119,5.5,98,24,36.5,224,4.0996094,0.39996338,1.09985352,136,7.419922,135,23,1968,0,1
70.86395,1,2,982,2,53,10.0996094,56,12,38.39844,224,2.699707,1.79980469,1,133,7.419922,135,23,1968,0,1
80.58295,1,2,14,4,70,8.59960938,77,30,38.29688,137.5,3.0996094,0.5,0.69995117,138,7.399414,135,23,1968,0,1
53.81198,1,2,173,2,113,9.09960938,56,20,36.19531,224,3.699707,0.29998779,1,133,7.419922,135,23,1968,0,0
77.58197,0,1,1421,0,115,10.5996094,74,22,36.29688,184,2.8999023,0.89990234,1.19995117,140,7.289062,135,23,1968,0,1
54.689,0,1,1422,2,65,3.19970703,72,24,36.19531,224,2.7998047,0.29998779,4.19921875,135,7.419922,135,23,1968,0,1
66.00397,1,2,104,2,79,7.29980469,130,24,38.5,224,3.7998047,0.39996338,1.09985352,123,7.419922,135,23,1968,1,0
88.04395,1,2,100,4,102,10.5996094,83,24,36,224,2.8999023,0.29998779,2.69970703,132,7.419922,135,23,1968,6,4
66.32397,1,2,902,2,67,8.29882812,65,10,38.59375,85.70312,1.7998047,0.29998779,1.09985352,134,7.439453,135,23,1968,0,0
62.63699,1,2,423,1,75,8.5,60,20,36.59375,107.5,3.8999023,0.69995117,1.19995117,136,7.389648,135,23,1968,0,1
74.92096,1,2,6,2,67,0.39996338,104,32,39.5,265.6875,3.199707,2,2.89990234,141,7.439453,135,23,1968,0,5
60.62097,1,1,36,2,56,19.8984375,160,32,36.69531,220,3.699707,0.39996338,0.69995117,139,7.419922,135,23,1968,0,0
62.86099,0,2,1417,4,65,7.79980469,79,24,36.09375,261.875,4.6992188,0.79992676,0.89990234,133,7.469727,135,23,1968,0,1
68.99695,1,2,1124,3,80,6.59960938,101,28,36.59375,307.375,4.7998047,0.29998779,0.5,138,7.379883,135,23,1968,0,1
64.85394,0,2,1410,2,132,6,148,28,36.09375,248.125,4.3994141,0.5,1,143,7.339844,135,23,1968,0,1
66.76495,0,1,1411,4,107,11.8984375,126,24,36.5,300,3.5996094,0.39996338,0.89990234,137,7.5,135,23,1968,0,0
44.48199,0,1,1410,0,110,19.1992188,142,28,38.69531,173.46875,2.5996094,0.39996338,2.69970703,138,7.469727,135,23,1968,0,0
54.40097,1,1,260,3,63,16.6992188,107,24,36.39844,204,4.1992188,0.19998169,0.79992676,140,7.479492,135,23,1968,1,1
65.02899,0,2,1409,1,113,9.09960938,146,30,38.29688,202.03125,4.1992188,0.59997559,1.29980469,134,7.469727,135,23,1968,0,1
81.48096,1,1,3,0,117,10.5996094,134,32,38.5,377.75,3.0996094,0.69995117,1.09985352,131,7.489258,135,23,1968,0,1
71.737,0,2,1406,2,110,7.29980469,89,20,35.69531,224,4.3994141,0.19998169,1,137,7.419922,135,23,1968,0,1
80.02197,1,1,350,4,73,4.19921875,104,20,35.89844,314.25,4.0996094,0.59997559,1.69995117,135,7.399414,135,23,1968,0,1
93.41498,1,1,1325,3,85,17.8984375,64,24,36.29688,224,3.3999023,0.59997559,0.89990234,136,7.419922,135,23,1968,0,5
57.952,1,2,211,1,63,8.59960938,62,24,36.09375,224,4.0996094,0.5,1.19995117,133,7.419922,135,23,1968,2,1
81.11395,1,2,818,5,51,10.5996094,68,28,35.89844,242.84375,2.8999023,0.89990234,4.79980469,135,7.279297,135,23,1968,0,1
73.70294,0,2,1401,2,75,14.7988281,69,28,35.5,240,2.8999023,0.89990234,0.89990234,138,7.429688,135,23,1968,0,0
64.07898,1,1,278,1,76,10.5996094,93,16,36.29688,224,2.8999023,0.89990234,1.19995117,140,7.419922,135,23,1968,0,0
58.905,1,1,93,2,121,17.796875,96,20,37.39844,224,4.2998047,0.59997559,1,139,7.419922,135,23,1968,0,1
52.90097,1,1,1379,5,109,9.29882812,118,20,36.39844,224,3.7998047,0.29998779,1.19995117,136,7.419922,135,23,1968,0,1
71.05499,1,1,10,2,55,14.7988281,116,31,38.29688,296.625,2.7998047,0.39996338,1.29980469,134,7.419922,135,23,1968,0,1
76.28998,1,2,4,2,69,0.89990234,126,36,35.69531,224,2.8999023,0.89990234,0.89990234,132,7.419922,135,23,1968,0,1
64.93097,0,1,1393,3,74,24.296875,125,42,38.09375,148,2.8999023,0.89990234,0.79992676,141,7.479492,135,23,1968,0,7
73.74896,1,1,9,1,129,14.2988281,114,40,36.5,166,2.8999023,0.89990234,1.5,139,7.439453,135,23,1968,0,0
35.11298,1,1,106,2,45,1.69995117,76,26,37.89844,224,3.699707,0.5,1.19995117,138,7.419922,135,23,1968,5,1
88.52295,1,2,6,1,106,29.796875,70,41,38,110.20312,2.8999023,1.19995117,1.39990234,132,7.429688,135,23,1968,0,0
62.92999,0,2,1391,1,96,10.1992188,102,40,39.19531,164.4375,3.5996094,0.79992676,1.29980469,142,7.419922,135,23,1968,0,1
58.55197,1,2,74,1,115,5.79980469,124,20,36.59375,224,3.2998047,16.796875,1.09985352,135,7.419922,135,23,1968,0,1
64.24396,0,2,1390,2,72,7.09960938,48,20,35.69531,323.75,2.8999023,0.89990234,1.69995117,136,7.40918,135,23,1968,0,0
57.36099,0,1,1390,2,66,11.0996094,114,36,39.59375,192.5625,2.699707,1.5,1,135,7.40918,135,23,1968,0,3
50.18997,1,2,100,4,77,10.3984375,70,20,35.69531,224,3.2998047,0.19998169,0.59997559,132,7.419922,135,23,1968,2,2
62.37399,0,1,1388,3,83,8.5,101,20,36.79688,180.9375,4.2998047,0.5,0.69995117,127,7.449219,135,23,1968,0,1
79.07697,1,2,828,3,121,5.69921875,215,28,36.19531,219.03125,2.8999023,0.89990234,1.19995117,143,7.349609,135,23,1968,0,1
70.48596,0,1,1385,1,65,18.5976562,146,38,39.39844,104.07812,2.699707,1.5,0.5,130,7.359375,135,23,1968,0,1
71.91498,1,2,650,2,95,6.89941406,64,24,36.69531,224,3,1.59985352,1.19995117,145,7.419922,135,23,1968,0,0
68.35596,1,2,841,2,113,26.6992188,64,28,38.19531,132,2.199707,10.7988281,3,141,7.429688,135,23,1968,0,0
64.06598,0,2,1377,2,64,8,76,10,38.09375,276.1875,4,0.29998779,0.69995117,133,7.40918,135,23,1968,0,2
70.37097,1,1,43,1,65,22.3984375,72,40,37.69531,100,1.6999512,0.29998779,0.69995117,131,7.449219,135,23,1968,0,0
75.52594,1,2,9,1,75,32.796875,68,12,39.19531,204,2.2998047,1.19995117,1.89990234,141,7.509766,135,23,1968,0,0
61.51398,1,2,107,2,75,10.5996094,77,22,37.79688,224,2.8999023,0.89990234,1.39990234,139,7.419922,135,23,1968,0,1
51.87698,1,2,1228,2,79,10.5996094,98,24,35.59375,361.875,4,1.39990234,1.69995117,135,7.459961,135,23,1968,0,0
40.93597,0,1,1371,1,109,12.8984375,108,22,37.69531,93.875,2.8999023,0.19998169,7.29980469,129,7.349609,135,23,1968,0,0
52.93597,1,2,11,1,39,16.8984375,154,28,39.29688,102.84375,2.5,4.19921875,3.39990234,144,7.379883,135,23,1968,0,1
77.23999,1,2,168,6,63,13.5,124,28,37.59375,224,4,0.5,2.79980469,147,7.419922,135,23,1968,0,1
74.04498,1,2,33,1,105,5.19921875,104,36,36.59375,352.5,2.8999023,0.89990234,1.39990234,141,7.769531,135,23,1968,0,5
78.33496,1,2,267,3,120,13.8984375,59,33,37.79688,180,3.7998047,0.89990234,2.19970703,134,7.299805,135,23,1968,0,1
48.63797,1,2,3,5,42,15.6992188,68,35,34.19531,110.20312,2,1.89990234,2.59960938,154,7.539062,135,23,1968,0,1
74.52197,1,2,794,1,79,8.29882812,73,24,35.89844,186.65625,4.0996094,0.39996338,0.69995117,140,7.389648,135,23,1968,0,0
29.97899,0,2,1362,1,77,14.5,126,30,37.79688,240,2.5996094,0.39996338,0.89990234,141,7.389648,135,23,1968,0,0
52.02197,0,1,1361,1,113,10,70,10,35.79688,282,2.8999023,0.89990234,0.79992676,135,7.479492,135,23,1968,0,1
71.00598,1,1,28,2,29,5.79980469,59,24,37,224,3.0996094,0.59997559,5,132,7.419922,135,23,1968,1,0
63.918,1,2,65,4,61,17.5976562,78,6,37.89844,94.28125,2.7998047,1.69995117,1.19995117,139,7.579102,135,23,1968,0,1
79.31799,1,2,14,5,57,5.29980469,112,36,39.59375,485.6875,1.6999512,2.69970703,2.09960938,148,7.469727,135,23,1968,0,6
75.58698,1,1,809,4,75,8.8984375,70,20,35.69531,224,3.699707,1.89990234,1.5,136,7.419922,135,23,1968,0,2
65.875,0,2,1350,2,71,22.8984375,67,26,35.09375,224,3.7998047,0.5,0.89990234,124,7.419922,135,23,1968,0,1
60.53897,1,1,3,1,43,17.6992188,140,12,38.69531,132.71875,2.8999023,0.89990234,5.29980469,130,7.319336,135,23,1968,0,1
72.34998,0,2,1349,0,69,10.1992188,78,40,39.89844,240,2.8999023,0.89990234,1.69995117,146,7.469727,135,23,1968,0,0
78.80396,1,2,258,2,97,4.5,74,16,35.19531,224,3.5996094,0.69995117,1.79980469,133,7.419922,135,23,1968,2,2
87.70398,1,2,380,4,103,6.39941406,96,28,38,204.75,3.7998047,1.09985352,1.5,139,7.379883,135,23,1968,0,1
54.52197,1,2,137,1,75,4.89941406,126,28,36.29688,346.9375,2.8999023,0.89990234,1.09985352,140,7.439453,135,23,1968,0,5
75.30194,1,2,632,2,73,5.39941406,96,24,38.09375,224,2.8999023,0.89990234,1.29980469,132,7.419922,135,23,1968,0,0
65.17499,0,2,1347,2,79,7.89941406,103,36,37.89844,185.6875,2.3999023,0.59997559,1,138,7.469727,135,23,1968,0,3
22.88799,1,2,604,0,63,21.796875,140,50,36.09375,182.84375,2,3.5,0.39996338,137,7.449219,135,23,1968,0,7
61.30899,1,2,730,1,116,0.09999084,112,24,36.19531,353,2.8999023,0.89990234,1.19995117,135,7.5,135,23,1968,0,0
62.073,1,2,68,1,115,14.6992188,73,24,36.29688,357.125,4.5996094,0.39996338,1.19995117,134,7.459961,135,23,1968,0,1
63.22198,1,2,632,1,75,6.69921875,83,18,36.39844,224,2.8999023,0.89990234,1.09985352,136,7.419922,135,23,1968,0,1
81.21594,1,2,6,1,59,77.390625,58,30,36.79688,155.09375,2.8999023,0.89990234,1.5,138,7.339844,135,23,1968,0,0
68.43799,0,2,1335,2,113,12.5996094,76,16,36.19531,224,2.8999023,0.89990234,1.59985352,137,7.419922,135,23,1968,1,0
59.53198,1,1,6,1,61,9.69921875,120,28,36.39844,207.5,1.6999512,15.5,4.09960938,135,7.439453,135,23,1968,0,0
76.70599,1,2,18,3,70,15.8984375,116,40,38.29688,215,1.7998047,0.29998779,1,140,7.389648,135,23,1968,0,6
73.26996,0,1,1335,2,55,7.29980469,71,8,37.59375,187.5,2.7998047,0.89990234,2.5,142,7.669922,135,23,1968,0,1
53.66199,1,2,90,1,104,3.39990234,69,24,37,344.4375,2.5996094,0.39996338,0.69995117,142,7.40918,135,23,1968,0,1
81.62598,1,2,180,5,74,4.89941406,81,24,36.09375,233.3125,2.8999023,0.89990234,0.89990234,145,7.379883,135,23,1968,0,2
43.63898,1,2,39,0,114,25.796875,74,34,36.09375,445,2.699707,0.89990234,0.69995117,129,7.5,135,23,1968,0,1
69.47797,0,1,1329,2,65,10.5996094,63,20,36,224,2.8999023,0.89990234,1.19995117,135,7.419922,135,23,1968,0,0
76.96594,1,2,85,2,79,11.6992188,80,40,38.69531,223.3125,2.8999023,0.89990234,1.39990234,146,7.439453,135,23,1968,0,6
61.64798,0,1,1328,5,109,4.19921875,110,24,36.09375,285.6875,3.3999023,0.79992676,3.29980469,129,7.509766,135,23,1968,0,1
73.68695,0,2,1323,1,99,19,107,20,36.29688,210,4.0996094,0.5,1.19995117,140,7.429688,135,23,1968,0,1
70.51599,1,1,5,2,99,62.1953125,64,32,35.79688,100,2.8999023,10.6992188,0.89990234,137,7.449219,135,23,1968,0,1
81.77399,1,2,163,2,58,21.3984375,120,14,38.09375,257.125,2.5996094,0.59997559,2.39990234,132,7.369141,135,23,1968,0,0
64.05695,1,2,17,1,73,9.8984375,110,24,35.69531,376,2.199707,0.5,0.89990234,136,7.509766,135,23,1968,0,6
85.22095,1,1,290,4,77,7.79980469,73,20,35.79688,320,3.7998047,0.59997559,0.69995117,135,7.429688,135,23,1968,0,1
68.75299,0,1,1320,3,82,10.5996094,81,26,36.09375,196.28125,3.3999023,0.79992676,1,136,7.339844,135,23,1968,0,1
72.70599,0,2,1319,0,80,11.0996094,112,27,36.89844,93.32812,2.8999023,0.89990234,1.39990234,138,7.509766,135,23,1968,0,0
67.146,1,1,57,1,132,8.19921875,150,8,39,315,2.8999023,0.89990234,0.59997559,135,7.469727,135,23,1968,0,1
67.30695,1,1,39,2,118,22.796875,120,26,36.59375,128.5625,2.7998047,0.5,1.59985352,141,7.25,135,23,1968,0,1
79.90997,1,2,225,1,68,20.6992188,78,22,36.69531,224,2.8999023,0.89990234,1,133,7.419922,135,23,1968,0,3
60.58899,0,1,1316,2,51,22,135,35,36.79688,192,2.5996094,1.09985352,4.89941406,135,7.429688,135,23,1968,0,0
69.80194,1,2,137,4,112,10.5996094,70,36,36,132,2.8999023,0.89990234,1.29980469,137,7.299805,135,23,1968,0,1
59.168,1,2,245,1,102,3.5,101,20,36.59375,224,4,0.5,1.19995117,139,7.419922,135,23,1968,0,1
69.09796,0,2,1312,0,107,8.8984375,78,36,37.69531,305,2.8999023,0.5,2.39990234,141,7.40918,135,23,1968,0,0
32.27399,1,1,124,3,107,5.89941406,126,40,38.89844,152.5,2.3999023,0.79992676,0.59997559,138,7.469727,135,23,1968,0,1
78.21198,1,2,38,4,82,11.0996094,104,24,36.59375,224,3.199707,1.19995117,1.19995117,136,7.419922,135,23,1968,0,1
59.87698,1,2,78,3,65,0.89990234,63,20,36.39844,224,2.699707,0.5,0.59997559,135,7.419922,135,23,1968,0,1
75.93195,1,2,1059,2,63,5.09960938,70,29,36.39844,224,2.8999023,0.89990234,2,131,7.419922,135,23,1968,0,0
68.05695,1,2,1097,3,57,100,105,12,38.39844,131.65625,3.0996094,1.69995117,1.39990234,146,7.489258,135,23,1968,0,0
69.711,1,2,1212,2,108,5.79980469,107,18,35.89844,224,2.8999023,0.89990234,1.29980469,125,7.419922,135,23,1968,0,0
76.76898,1,1,12,1,75,14.2988281,110,22,35.59375,224,3.199707,0.5,0.89990234,136,7.419922,135,23,1968,0,7
84.159,1,1,18,1,123,17.8984375,150,36,38.19531,224,2.8999023,0.89990234,0.69995117,136,7.419922,135,23,1968,0,0
66.30798,0,2,1302,2,121,6.09960938,68,24,35.29688,342.8125,3.3999023,0.79992676,1.79980469,140,7.379883,135,23,1968,0,1
62.58197,0,1,1305,3,91,12.3984375,104,24,38.59375,140,3.0996094,1.09985352,0.89990234,139,7.379883,135,23,1968,0,0
66.13794,0,1,1301,1,100,10.5996094,124,32,38,224,2.8999023,0.89990234,1.19995117,140,7.419922,135,23,1968,0,7
63.90097,1,2,4,1,123,10.5996094,152,42,38.19531,155,3.0996094,1,1.09985352,142,7.439453,135,23,1968,0,1
62.98199,1,2,479,1,117,2.79980469,104,20,36.09375,224,2.8999023,0.29998779,1.19995117,139,7.419922,135,23,1968,0,3
68.11798,0,1,1089,2,103,8.5,108,10,38.5,224,2.8999023,0.89990234,1.19995117,140,7.419922,135,23,3140,0,5
50.47198,1,2,647,3,66,9.5,106,26,36,393.75,3.7998047,1.5,1.89990234,134,7.519531,155,32,350,0,2
42.72699,0,1,1088,0,68,10.8984375,67,11,38.5,204,2.0996094,1,5.5,137,7.469727,120,55,100,0,0
65.11694,1,1,172,2,77,8.19921875,97,22,36.79688,224,4.0996094,1,0.89990234,142,7.419922,120,13,400,1,1
87.461,1,1,26,2,93,2.19970703,60,20,36.19531,224,3.199707,2.09960938,0.59997559,138,7.419922,103,13,1968,0,3
63.41998,1,2,72,3,123,7.79980469,79,32,35.09375,492,3.699707,1.09985352,1.79980469,135,7.439453,131,35,1265,0,1
69.24597,1,1,10,2,126,27.5,109,26,35.89844,432,2.2998047,1.19995117,7.59960938,131,7.339844,153,154,2276,0,5
63.83798,1,1,281,3,71,5.89941406,76,16,36.69531,224,3.8999023,0.89990234,1.29980469,134,7.419922,86,16,1968,0,1
79.39795,0,2,1082,1,109,5.5,132,8,39.5,399.625,1.6999512,1.59985352,0.79992676,148,7.359375,152,21,1225,0,0
75.56995,1,1,39,0,68,39.59375,68,24,36.09375,224,2.5,5.29980469,2.39990234,129,7.419922,272,62,1230,0,1
34.65298,0,2,1081,0,115,4.5,60,12,36.59375,173.53125,2,1.19995117,0.69995117,142,7.549805,151,15,3153,0,0
74.57898,1,2,567,1,111,6.79980469,64,22,36.09375,224,3.199707,0.79992676,1.89990234,139,7.419922,93,32,1425,0,1
72.97498,0,1,1079,2,68,6.29980469,113,28,37.19531,244.4375,2.8999023,0.89990234,1,137,7.359375,108,6,1384,0,0
77.823,1,2,776,1,107,12.2988281,96,32,35.69531,224,3.3999023,0.79992676,1,126,7.419922,132,10,5350,4,0
77.5,1,1,4,1,149,6.29980469,114,26,36.69531,190,2.0996094,1.69995117,4.5,141,7.469727,211,92,438,0,1
64.18597,1,1,12,1,131,16.5976562,118,25,37.69531,206,3.3999023,0.59997559,2.79980469,136,7.399414,180,33,1327,0,6
82.55396,1,1,4,1,67,14.6992188,126,34,35.69531,183.3125,1.7998047,0.79992676,2.89990234,138,7.369141,174,75,4340,0,1
30.987,0,1,1075,2,132,20.8984375,147,38,38.59375,84,2.5,2.29980469,0.79992676,138,7.519531,238,19,3565,0,0
74.508,0,2,1075,2,97,15.3984375,116,32,37.09375,146.03125,2.5,1,0.89990234,122,7.239258,107,17,1250,1,0
66.245,1,2,146,1,121,10.0996094,80,28,36.09375,52.59375,3.3999023,0.69995117,0.89990234,144,7.30957,134,4,3630,0,0
66.80597,0,1,1071,1,116,16.1992188,139,10,35.89844,195.46875,2,2,1.19995117,143,7.449219,296,47,3455,0,1
61.43997,1,1,8,2,63,21.6992188,126,22,39.19531,166,1.3999023,2.5,1,149,7.419922,108,15,2063,0,1
37.54999,0,2,1070,3,70,7.39941406,140,20,36.79688,224,4.2998047,1.09985352,1,136,7.419922,107,7,1968,5,5
52.88998,1,2,12,2,75,4,74,20,37.79688,224,4,0.39996338,0.89990234,140,7.419922,98,8,1968,0,1
41.862,1,1,60,2,143,8,100,20,36.69531,224,4.1992188,0.69995117,1.39990234,138,7.419922,101,18,1968,0,1
73.68097,1,2,355,5,103,0.18997192,85,24,35,326.1875,2.199707,0.39996338,0.5,129,7.519531,200,7,1200,2,6
88.58899,1,2,666,1,74,14.7988281,52,30,37.59375,105,3.3999023,2.89990234,0.79992676,131,7.449219,144,16,1823,0,1
62.56,1,2,5,1,111,7,118,24,35.89844,212.5,3.699707,0.29998779,1.59985352,137,7.289062,122,48,2650,0,1
67.82495,1,1,950,2,71,10.2988281,122,32,35.79688,409.5,3.7998047,1.69995117,0.79992676,115,7.509766,217,19,5620,0,0
81.82599,1,1,6,5,110,10.2988281,80,22,36.59375,224,1.1999512,1.89990234,1.5,134,7.419922,94,25,1968,0,1
61.20697,1,1,14,2,79,5.89941406,114,10,38,103.42188,2.199707,0.5,2.59960938,143,7.449219,126,26,1062,0,1
82.11395,1,1,719,1,110,39,142,40,35.89844,75,1.1999512,0.89990234,1.09985352,142,7.509766,101,16,4175,0,0
70.00696,1,2,6,0,101,5.39941406,104,20,36.69531,253.4375,2.699707,0.69995117,1.29980469,141,7.439453,97,16,1968,0,0
71.198,1,1,18,3,97,10,66,20,36.19531,170.9375,3.699707,0.39996338,1.09985352,140,7.349609,118,10,4250,0,1
66.02899,1,2,93,3,133,4.79980469,73,24,35.79688,240,3.5996094,0.89990234,0.79992676,132,7.40918,208,9,4354,4,5
66.086,1,1,305,4,141,10.0996094,138,47,38.69531,73,3.199707,0.69995117,0.89990234,135,7.369141,226,17,2462,0,1
47.76498,1,1,85,2,123,11.1992188,96,20,36,303.3125,3.8999023,0.69995117,1.29980469,133,7.489258,130,11,1968,0,1
67.05298,1,2,57,2,129,14.2988281,128,24,36.39844,430.6875,2.2998047,1.19995117,0.79992676,129,7.519531,96,24,1310,2,0
56.41299,1,1,417,2,68,14.6992188,60,32,36.29688,501.625,3.5996094,1.19995117,0.59997559,132,7.449219,125,20,1766,1,0
56.67398,1,1,56,1,60,20.296875,106,24,36.39844,191.40625,2.0996094,0.59997559,5.5,147,7.349609,143,113,1015,0,1
64.84094,0,2,1054,3,118,9.5,76,10,36.39844,178.5625,3.699707,0.59997559,2.29980469,142,7.219727,173,61,4335,0,0
62.20099,1,2,28,3,101,14.0996094,63,38,36.5,171.40625,3.199707,0.89990234,1.09985352,130,7.469727,156,37,3945,0,4
76.04095,1,2,3,1,75,4,80,22,36.29688,376.625,2.8999023,0.89990234,1.19995117,139,7.549805,24,18,1968,0,1
75.79999,0,1,1052,6,74,23.5,81,24,36.09375,174.28125,3.5996094,0.29998779,0.79992676,140,7.419922,125,9,1710,1,0
63.93997,0,1,1052,1,66,12,118,22,38.5,145.09375,2.5996094,0.5,2.59960938,149,7.40918,149,53,2745,0,0
70.70197,1,2,67,1,58,24.5,153,18,39,47.19531,1.7998047,1.09985352,0.69995117,145,7.349609,241,15,5812,0,1
74.43896,1,2,11,2,91,7.89941406,72,20,37.59375,224,2.699707,1.79980469,0.69995117,132,7.419922,118,6,525,0,0
76.59698,1,1,19,1,122,5.39941406,120,28,36.59375,206.4375,3.5996094,0.19998169,0.79992676,139,7.289062,129,10,1905,0,1
72.44598,0,2,1049,6,115,10.3984375,75,10,36,203.125,1.8999023,2,0.69995117,127,7.459961,152,11,1970,0,0
79.409,1,2,23,5,109,13.5,54,24,38.39844,382.8125,2.5,0.39996338,0.79992676,139,7.5,116,11,2835,0,2
75.46899,0,1,1048,0,103,11.5,113,22,37.19531,168.5625,2.3999023,0.89990234,0.79992676,138,7.299805,183,28,1968,0,1
70.00098,1,1,5,1,111,12.2988281,131,28,36.69531,275,2.5,1.59985352,0.89990234,138,7.55957,109,11,1340,0,3
64.862,0,1,1046,1,111,6.59960938,75,16,35.79688,224,2.8999023,0.89990234,2.29980469,139,7.419922,301,40,1420,0,1
66.06396,0,2,1045,3,101,13.6992188,61,24,36.29688,473.75,2.8999023,0.89990234,0.89990234,130,7.449219,125,19,2240,0,1
80.70599,0,2,1044,2,63,24.796875,56,36,35.5,224,2.699707,1.09985352,2,132,7.419922,181,90,6176,0,1
20.15599,0,2,1044,0,122,6.89941406,62,12,37.59375,244,2.8999023,1.09985352,1.59985352,145,7.519531,135,31,3052,0,0
65.68896,1,2,44,2,81,4.89941406,55,24,36.29688,224,3.2998047,0.89990234,2,137,7.419922,88,31,1500,3,0
79.09094,1,2,926,1,115,9.3984375,91,20,36.5,224,3.699707,0.39996338,1.5,133,7.419922,142,10,6275,0,1
75.87695,1,1,20,0,33,13.6992188,161,10,37.5,90.54688,1.5,1.39990234,2.89990234,138,7.369141,233,62,75,0,1
77.29498,1,2,36,0,82,6.19921875,96,24,36.79688,140.90625,3.8999023,1.59985352,1.09985352,142,7.419922,153,13,750,0,1
66.75397,1,2,31,4,115,8.8984375,126,40,38.89844,377.5,2.5,0.69995117,1.79980469,144,7.469727,191,52,2915,1,6
75.79498,1,2,15,6,103,11.2988281,68,20,37,295.1875,3.5996094,0.69995117,0.89990234,139,7.459961,181,14,1968,0,1
70.76495,1,2,19,5,121,27.3984375,120,50,38.89844,235.6875,2,2.69970703,1.09985352,143,7.549805,115,16,2742,0,4
78.67798,0,2,1038,5,58,17.0976562,53,24,36.39844,224,2.8999023,0.89990234,0.29998779,125,7.419922,88,8,1480,0,0
68.97998,1,2,96,1,51,18.5976562,112,16,38,84.53125,2,1.09985352,1.09985352,143,7.459961,123,18,1915,0,1
40.86798,0,1,1036,1,50,18.6992188,109,8,35.5,256.3125,1.6999512,9,4.79980469,141,7.399414,221,57,0,0,1
77.28998,1,2,959,2,99,13.1992188,100,24,35.79688,165.21875,3.2998047,1.69995117,0.69995117,140,7.399414,128,10,1968,0,0
58.34399,1,2,120,2,105,11.7988281,78,16,36,302.8125,4.1992188,0.69995117,1.39990234,126,7.399414,79,15,2800,0,1
69.50299,0,2,1034,1,107,11.5996094,70,24,36.19531,284.25,3.699707,1,1.39990234,145,7.40918,75,48,2350,0,0
77.13098,0,2,1034,1,127,7.89941406,79,24,35.09375,266.625,3.5996094,0.89990234,2.29980469,138,7.369141,207,27,3055,0,0
80.66498,0,1,1033,4,112,3,104,16,36.29688,224,2.8999023,4.89941406,0.59997559,137,7.419922,90,9,1968,1,0
64.03595,1,2,22,2,102,8.3984375,78,24,37.89844,224,3,1.59985352,1,133,7.419922,101,9,3650,0,0
80.62396,1,1,3,3,56,16.1992188,96,13,36.09375,224,2.3999023,0.79992676,6.5,139,7.419922,162,60,304,0,1
64.159,0,2,1030,2,63,21.5976562,104,10,37.89844,292,2.5,0.19998169,4.5,133,7.399414,236,34,195,0,1
71.20599,1,2,19,1,101,7.79980469,107,22,35.5,224,3.699707,0.69995117,1.29980469,135,7.419922,123,16,3400,0,0
76.01398,1,2,89,5,63,0.79992676,124,32,40.29688,224,2.8999023,0.89990234,1,140,7.419922,152,23,2725,0,0
76.86499,1,2,10,5,70,5.29980469,71,20,36.79688,257.125,4.1992188,0.29998779,0.89990234,140,7.519531,105,7,3400,0,5
76.05695,1,1,468,2,77,9.79882812,64,24,35.29688,224,4.2998047,0.79992676,1.19995117,137,7.419922,123,23,1968,0,6
58.65598,0,2,1025,1,108,32.6953125,122,28,36.19531,209.5,3,0.59997559,0.79992676,140,7.40918,210,25,2000,0,0
42.66098,1,2,7,1,63,4.09960938,101,22,36.09375,296.25,2.8999023,0.89990234,0.79992676,148,7.419922,139,11,570,0,1
49.37698,0,2,1022,2,105,10.6992188,81,24,36.19531,224,2.8999023,0.89990234,1.59985352,136,7.419922,218,19,2375,0,1
58.81198,0,2,1024,3,83,14.2988281,70,28,36.59375,122.4375,2.8999023,0.89990234,1.19995117,134,7.279297,220,21,2750,0,1
44.79099,1,2,423,1,67,16.0976562,56,24,36.39844,207.5,2.8999023,0.89990234,2.09960938,140,7.329102,110,61,1600,0,1
57.80197,1,1,932,1,105,33,140,30,36.79688,220,3.2998047,0.59997559,1.09985352,152,7.519531,169,38,1300,0,1
95.34796,1,2,574,3,96,6.69921875,62,16,37.19531,224,3.5996094,0.19998169,1.39990234,139,7.419922,92,19,875,0,1
78.40399,1,1,34,1,110,9.79882812,215,24,35.89844,261.875,3.3999023,0.39996338,0.69995117,138,7.40918,219,11,1050,0,0
66.85596,0,1,1019,2,109,1.09985352,81,24,36.19531,292.5625,4,0.79992676,1.09985352,141,7.379883,209,24,700,0,1
68.862,1,2,200,3,59,23.3984375,120,28,35.59375,67.76562,2,1.09985352,1.19995117,148,7.25,237,37,2900,0,1
76.24097,0,1,1017,2,54,14.5,72,16,38.19531,237.5,2,1.59985352,3.39990234,132,7.329102,151,86,1150,0,0
53.55197,1,1,36,1,38,10.3984375,49,24,35.79688,156.25,3.0996094,8.29882812,3,135,7.269531,74,95,30,0,2
58.62299,1,1,164,0,72,16.296875,124,16,38.29688,316,2.199707,6.69921875,0.89990234,130,7.479492,171,2,4660,0,0
91.96698,1,2,31,4,61,52.3984375,101,28,36.39844,266.625,4,0.79992676,1.59985352,129,7.449219,124,26,3380,0,2
70.20398,1,2,9,3,125,10.5996094,114,20,36.5,242.84375,3.5996094,0.5,1.5,129,7.40918,135,15,2725,0,1
73.47595,1,2,277,2,115,8.09960938,81,24,36.29688,208.6875,3.7998047,0.19998169,0.59997559,135,7.329102,190,6,4050,0,1
67.146,0,2,1011,6,41,7.19921875,97,20,37.79688,224,2.8999023,0.89990234,10.1992188,130,7.419922,135,54,0,2,3
35.978,1,1,32,2,114,14.2988281,107,24,37.79688,224,2.699707,0.29998779,6.59960938,125,7.419922,169,31,0,0,0
78.65796,1,2,264,2,63,19.1992188,59,7,38.69531,150,2,0.5,2.29980469,141,7.40918,113,33,1670,0,1
73.97894,1,1,562,5,63,5.39941406,58,10,39.29688,152,2.8999023,11.2988281,0.79992676,135,7.459961,168,10,750,0,6
21.60199,0,1,1010,0,115,14.1992188,70,14,36.29688,242.84375,3.699707,0.5,3.59960938,139,7.279297,247,80,1900,0,0
83.02795,1,1,36,2,102,7.29980469,60,24,35.69531,285.6875,3.3999023,0.79992676,1.59985352,134,7.579102,88,39,1968,0,5
62.35199,1,1,94,1,70,14.7988281,68,14,39,162.5,3.2998047,0.29998779,1.19995117,140,7.549805,126,26,2250,0,0
88.20496,0,2,1007,2,54,21.0976562,54,36,38.79688,122.84375,3.3999023,0.5,1.59985352,137,7.379883,145,45,1975,0,0
43.80298,1,2,162,1,113,52.8984375,68,28,38.29688,140,3,0.39996338,1,136,7.359375,192,49,410,0,0
79.73999,0,1,1005,1,50,10.5,138,10,38.19531,124.28125,2.199707,0.5,1.09985352,142,7.399414,126,28,1925,0,0
43.50198,0,2,1002,1,113,7.69921875,110,10,38.19531,268.5625,4,0.79992676,0.59997559,140,7.399414,147,9,2000,0,0
77.47296,0,2,1001,2,107,18.8984375,64,44,38.89844,224,2.8999023,0.89990234,0.89990234,141,7.419922,145,14,2700,0,0
77.36896,1,2,825,3,59,7.5,72,28,36.19531,266.625,2.8999023,0.89990234,1.69995117,148,7.469727,165,32,2490,0,2
43.362,0,2,999,1,99,11,69,24,36.29688,183.3125,4.5,0.39996338,0.69995117,136,7.359375,157,15,3200,0,0
54.63699,0,2,998,5,102,59.59375,130,36,38.29688,264,3.2998047,0.39996338,0.69995117,133,7.439453,166,10,1105,0,1
79.33698,1,1,8,1,69,10.5996094,79,16,35.89844,224,2.8999023,0.89990234,1.19995117,140,7.419922,135,23,1968,0,7
76.88196,1,2,224,1,114,30.6992188,112,26,36.19531,344,1.6999512,1,2.19970703,138,7.319336,110,61,3500,0,0
71.22198,1,2,506,1,117,7.19921875,73,20,36.59375,224,2.699707,0.29998779,0.69995117,143,7.419922,97,5,3410,0,1
66.823,1,1,36,2,84,13.6992188,101,8,36.29688,295.1875,2.8999023,0.29998779,0.89990234,137,7.449219,150,6,1968,0,1
70.84698,0,1,992,3,55,14.2988281,250,24,35.79688,200,2.8999023,0.89990234,0.89990234,131,7.389648,213,11,2875,0,0
71.99695,1,2,53,3,68,5.09960938,122,22,36.69531,290.4375,2.8999023,0.29998779,0.59997559,126,7.439453,200,8,2850,0,0
52.98599,1,1,179,1,120,10.1992188,20,8,40.5,224,2.8999023,0.89990234,1,134,7.419922,235,14,1500,0,1
81.60394,1,2,305,3,114,9.69921875,71,24,36.39844,224,2.8999023,0.89990234,1.09985352,134,7.419922,189,18,3675,0,1
69.495,0,2,987,0,49,7,102,8,38,283.3125,2.8999023,0.89990234,0.69995117,137,7.40918,252,18,3360,0,0
79.10199,1,1,94,2,69,8.8984375,104,24,36.29688,224,3.0996094,0.29998779,1.39990234,134,7.419922,104,15,1968,0,1
69.81,1,1,149,6,115,10.0996094,72,24,38.09375,115.375,3.199707,0.5,1,135,7.429688,131,15,2745,2,1
49.66699,0,1,986,1,61,8.29882812,51,24,39.19531,224,3.2998047,0.29998779,0.69995117,139,7.419922,99,20,1968,0,0
36.90298,1,1,303,1,107,10.5,112,24,36.39844,428.5625,2.8999023,0.89990234,1.19995117,138,7.509766,115,12,2885,0,0
20.67899,0,1,985,1,67,9.59960938,63,24,38.89844,102.03125,3.2998047,0.39996338,1.79980469,134,7.509766,204,45,3750,0,0
67.35095,1,2,105,2,56,20.5976562,74,28,36.39844,423.75,2.7998047,2.79980469,1.89990234,134,7.469727,128,30,1968,0,0
56.91199,0,1,983,3,66,0.39996338,136,26,35.59375,174.28125,2.5,0.59997559,2.29980469,144,7.359375,235,47,2355,2,1
89.88397,1,2,439,2,61,10.5996094,96,20,36.39844,224,2.8999023,0.89990234,1.19995117,140,7.419922,135,23,2800,0,1
65.99298,0,1,982,2,98,4.19921875,76,20,37,224,2.5996094,1.59985352,1.19995117,136,7.419922,124,10,1968,0,1
71.98395,1,2,309,3,115,10.5,74,22,38.09375,112.5,2.8999023,0.89990234,1.69995117,137,7.429688,115,17,2095,0,0
80.53894,0,1,976,2,129,15.0996094,136,28,39.39844,106,2.5996094,0.69995117,5.19921875,144,7.359375,118,60,1540,0,2
67.74799,1,2,22,1,71,11.1992188,101,20,36.19531,224,3.2998047,0.39996338,0.79992676,139,7.419922,154,12,3000,0,1
34.491,1,1,10,1,103,9.09960938,63,36,36,216,4,0.89990234,1.19995117,136,7.369141,136,21,1968,0,3
76.36694,1,2,47,1,109,10.3984375,126,36,38.29688,192,2.8999023,0.89990234,0.69995117,139,7.55957,256,25,5450,0,1
74.43097,0,2,973,3,56,17.6992188,136,30,38.69531,420.375,2.199707,1.59985352,1.19995117,135,7.40918,183,19,2125,0,0
86.63397,1,2,335,3,71,11,200,22,36.19531,224,3.8999023,0.39996338,1.39990234,136,7.419922,119,24,3180,2,0
55.22498,1,2,161,1,100,6.09960938,70,40,37.59375,192,2.8999023,0.89990234,2.19970703,138,7.319336,252,52,1805,2,1
66.56494,0,2,971,3,66,13,60,28,35.59375,224,3.8999023,0.79992676,2.19970703,142,7.419922,129,31,2250,0,0
55.82498,0,1,970,1,68,7.29980469,59,24,35.79688,336,4.1992188,1.79980469,1.69995117,139,7.449219,165,31,1150,0,1
83.64099,1,2,628,3,96,10.5996094,69,20,36.89844,224,2.8999023,0.89990234,1.19995117,140,7.419922,135,23,2950,0,0
77.28998,1,2,23,1,61,7.39941406,70,20,36.29688,309.5,4.2998047,0.29998779,1.19995117,138,7.419922,124,14,1450,0,0
85.68695,1,1,276,6,101,7.89941406,72,24,36.09375,252.375,2.8999023,0.89990234,1.19995117,138,7.319336,133,17,1968,0,4
82.97095,1,2,21,2,53,5.69921875,120,10,38,130,4,0.5,0.89990234,131,7.439453,148,11,2320,0,1
43.38898,0,1,968,2,110,12,72,28,35.69531,108.15625,2.8999023,0.89990234,2.59960938,134,7.339844,144,33,1630,0,0
70.76495,1,2,33,2,71,10.5996094,65,25,38.09375,224,3.0996094,0.59997559,1.29980469,141,7.419922,157,14,800,0,6
27.63899,0,2,964,1,123,10.6992188,60,24,36.39844,244,3.699707,0.69995117,1.39990234,136,7.389648,110,18,2200,0,0
75.21399,0,1,963,2,71,9.29882812,98,24,36.79688,218.5,2.8999023,0.89990234,0.89990234,141,7.359375,117,20,1968,0,0
64.159,1,1,46,5,39,46.09375,54,28,40.09375,200,3.2998047,1.29980469,1,130,7.369141,143,53,1968,0,5
29.32199,0,2,962,1,59,19.1992188,155,30,38.79688,217.5,2.0996094,3,1.69995117,144,7.519531,352,67,670,0,0
78.49097,1,1,45,1,135,13.5996094,130,24,36.39844,267.5,2.8999023,19.296875,3.29980469,136,7.439453,104,39,8,1,1
77.80695,1,1,270,4,61,10.6992188,65,22,35.19531,224,4,0.89990234,1.89990234,134,7.419922,119,40,2050,0,2
64.14197,1,2,32,4,129,11.5996094,160,26,35.59375,180,2.8999023,0.89990234,1.09985352,136,7.359375,125,16,1165,0,1
71.83795,1,2,575,3,66,4.19921875,62,16,36.09375,368,2.8999023,0.89990234,1.19995117,140,7.40918,106,12,570,0,1
72.91998,0,2,953,3,128,8.59960938,66,32,36.5,257.125,3.8999023,0.5,0.89990234,137,7.369141,122,16,1725,3,1
72.58295,0,2,951,1,97,13.3984375,114,20,36,224,4,0.79992676,0.89990234,133,7.419922,163,17,1968,0,0
64.89294,1,2,24,3,66,13.7988281,122,36,36.39844,232.5,2.8999023,0.89990234,0.5,129,7.469727,115,14,1950,0,0
75.33698,1,1,269,1,63,7.59960938,120,16,38.29688,224,3.5996094,0.69995117,1.09985352,140,7.419922,105,11,1335,0,1
80.698,1,1,8,0,79,10.5996094,77,24,36.29688,224,2.8999023,0.89990234,1.19995117,140,7.419922,135,23,2550,0,2
78.62299,1,1,294,5,65,5.79980469,100,28,36.5,276.1875,2.5,3.59960938,0.79992676,135,7.5,84,9,1050,0,5
72.48999,1,2,247,2,78,10.6992188,62,20,35.69531,319,2.8999023,0.89990234,1.09985352,136,7.509766,131,18,1200,0,1
72.51495,1,1,167,5,103,2.89990234,67,36,36.39844,309.5,4.2998047,0.69995117,1,138,7.469727,140,11,1968,1,1
74.54297,1,2,334,4,58,10.5,70,12,38.5,160,2.0996094,0.69995117,0.59997559,134,7.469727,106,9,2990,0,1
84.68695,1,2,142,2,61,0.69995117,136,30,38.59375,153.3125,3.3999023,0.29998779,3.19970703,133,7.329102,137,52,5225,0,1
73.25397,1,1,664,4,71,10.5996094,98,24,36.09375,180.9375,4.5,0.29998779,1.39990234,143,7.369141,179,28,1968,0,0
70.01196,1,1,237,2,109,5.5,67,22,36.39844,224,3.3999023,0.29998779,0.59997559,133,7.419922,119,13,3000,0,1
51.11298,1,2,11,4,122,8.3984375,116,40,36.39844,240,3.699707,0.59997559,0.69995117,131,7.30957,154,7,1905,2,1
74.39294,1,2,38,1,73,7.39941406,52,24,35.69531,224,3.3999023,0.29998779,2.59960938,135,7.419922,122,81,2275,0,0
80.55896,1,2,86,2,73,6.59960938,65,16,35.69531,309.5,4.0996094,0.39996338,1.5,136,7.359375,97,24,2075,5,5
51.25,1,1,310,1,63,6.79980469,73,18,37,224,4.3994141,0.69995117,1.19995117,137,7.419922,95,3,3000,0,0
79.90997,0,2,937,2,59,12,70,24,35.39844,409.5,2.8999023,0.89990234,2,132,7.539062,102,45,1725,0,0
86.80896,1,2,891,2,63,4.59960938,112,52,38.59375,133.3125,2.5996094,0.19998169,0.69995117,134,7.519531,139,4,6500,0,0
70.09698,0,1,936,4,97,78.796875,112,30,35.89844,146.125,2.8999023,0.89990234,1.5,142,7.319336,326,39,1440,0,6
75.67999,1,2,9,1,104,7.09960938,107,24,36.09375,224,4.1992188,0.69995117,1.29980469,136,7.419922,235,14,1968,0,0
68.14197,1,2,34,1,117,46.6953125,156,11,39.79688,205.6875,2.8999023,0.89990234,0.69995117,148,7.439453,173,26,4000,4,3
66.935,1,2,106,5,53,19,110,25,36.59375,160,2,3.39990234,2.59960938,132,7.339844,195,54,3200,0,1
70.02594,0,2,930,2,67,7.5,122,24,35.69531,224,3.8999023,0.5,1,136,7.419922,124,13,1800,0,0
62.35699,0,1,929,4,67,10.5996094,101,40,35.59375,224,2.8999023,0.89990234,1.29980469,134,7.419922,90,27,1968,1,2
83.948,1,2,454,3,63,14.8984375,144,28,39.29688,77.64062,2,9.3984375,0.79992676,133,7.349609,143,10,2375,0,4
69.10895,1,2,69,5,143,10.5996094,118,28,36.69531,117.5,2.8999023,0.89990234,1.69995117,124,7.319336,157,34,430,1,1
56.41599,0,2,929,1,59,9.79882812,102,24,36.19531,78.75,2.199707,0.19998169,0.89990234,133,7.419922,116,12,2750,0,1
87.15698,0,2,927,2,73,7.39941406,64,20,36.39844,224,2.8999023,1.39990234,1.69995117,139,7.419922,200,39,2300,0,0
76.02496,1,2,17,1,148,9.29882812,104,28,35.59375,240,4.6992188,0.59997559,1.69995117,147,7.369141,106,29,1025,0,0
72.48199,1,1,42,3,77,8.59960938,67,28,35.89844,224,2.8999023,0.89990234,1,139,7.419922,115,18,1470,5,6
70.92096,1,1,491,2,67,12.6992188,107,28,36.39844,224,2.8999023,0.89990234,1.19995117,129,7.419922,242,22,3550,0,1
71.26099,1,2,3,1,59,25.6992188,70,40,36.39844,200,2.8999023,0.89990234,2.09960938,130,7.399414,138,37,385,0,1
43.31799,1,2,8,2,94,11.7988281,76,20,35.69531,400,3.699707,0.5,1.09985352,138,7.399414,144,32,1500,0,1
85.82898,1,2,5,1,111,17,81,20,36.29688,224,2.8999023,0.89990234,1.09985352,133,7.419922,155,9,5450,0,1
72.86798,1,1,147,1,50,12.8984375,104,8,39.29688,273.3125,2.5,12.2988281,2.29980469,146,7.539062,123,51,1850,3,5
79.53998,1,2,43,1,68,7.29980469,81,28,38.59375,277.5,2.5,0.79992676,1,138,7.419922,168,18,1138,0,1
59.88498,1,1,83,2,66,18.5976562,122,24,35.39844,233.3125,2.8999023,0.89990234,1.19995117,135,7.489258,244,25,2800,0,1
52.42398,1,2,63,4,65,16.1992188,70,24,39,244,3.5996094,0.69995117,0.89990234,135,7.429688,159,12,2775,3,2
68.35297,0,1,915,4,139,12.7988281,59,24,36.29688,260,2.8999023,0.39996338,1.69995117,141,7.269531,175,49,3350,0,0
75.26398,0,2,914,0,111,14,108,26,35.69531,130.59375,3.2998047,6.5,2.19970703,149,7.479492,128,45,2310,0,1
81.77399,1,2,11,0,96,9.69921875,65,20,36.59375,224,3.7998047,0.79992676,1,134,7.419922,311,19,1968,0,1
47.23297,1,2,504,0,103,5.69921875,67,22,36.39844,213.03125,2.8999023,3.69970703,0.79992676,141,7.389648,118,13,850,0,1
53.99899,0,1,909,0,43,19.5976562,68,28,39.29688,376,2.8999023,0.89990234,1.89990234,144,7.439453,176,43,2625,0,0
73.98199,0,2,909,2,52,0.19998169,142,26,39.09375,64,2.8999023,0.89990234,1.19995117,142,7.359375,341,36,3500,0,0
73.41498,1,2,181,4,122,7.79980469,39,24,34.39844,224,2.8999023,0.89990234,2.69970703,138,7.419922,160,76,1515,0,0
76.63794,1,2,10,2,65,8,100,42,37,152.5,2.8999023,0.89990234,1.79980469,140,7.419922,90,47,2150,0,1
60.008,1,2,392,8,120,10.5996094,115,20,36.09375,224,2.8999023,0.89990234,0.69995117,138,7.419922,197,9,2850,0,0
68.88397,1,2,214,1,56,6.69921875,61,28,36.19531,224,3.8999023,0.39996338,2,136,7.419922,98,36,1968,0,1
75.97296,0,1,904,1,61,8.3984375,98,34,36.79688,130.59375,2.8999023,0.89990234,4.79980469,133,7.459961,106,95,3050,0,1
77.05096,1,2,159,3,73,12.5996094,120,10,38.29688,211.09375,2.2998047,1.19995117,1.19995117,136,7.529297,145,12,4225,0,0
75.70197,1,2,109,3,69,5.5,71,28,36.19531,288.875,2.8999023,0.39996338,1.29980469,136,7.349609,175,42,1100,3,2
59.409,0,2,897,0,72,8.5,122,32,36.19531,224,2.8999023,0.89990234,0.89990234,138,7.419922,159,10,1968,0,0
90.38495,1,2,19,5,69,14.6992188,146,26,38.09375,224,2.5996094,0.39996338,0.89990234,134,7.419922,125,13,950,0,1
77.29498,0,2,893,3,114,10.5,73,28,35.79688,224,3.2998047,0.29998779,1.39990234,142,7.459961,181,18,1968,1,0
83.91498,1,2,382,5,77,28.5976562,53,22,35.69531,224,2.8999023,1.19995117,1.39990234,132,7.419922,150,20,2525,0,1
81.81195,1,2,8,1,110,4.89941406,79,24,36.09375,224,2.8999023,0.89990234,1.59985352,141,7.419922,94,25,575,0,0
73.75494,1,2,14,2,70,3,76,20,36.69531,224,2.8999023,0.39996338,1.09985352,140,7.419922,135,23,1968,0,1
66.85596,1,1,530,2,73,9.59960938,116,28,36.09375,177.125,2.5996094,0.5,1.29980469,131,7.359375,144,9,2625,0,1
76.68994,0,2,891,3,107,16.5976562,53,16,36.79688,224,2.8999023,0.89990234,0.79992676,138,7.419922,117,8,3025,0,1
67.07996,0,2,890,1,113,8.09960938,107,24,36.29688,232,4.3994141,0.79992676,1.39990234,140,7.369141,154,15,1968,0,0
45.125,1,2,12,2,124,12.1992188,162,35,38,217.125,3.199707,3.79980469,4.19921875,134,7.279297,163,55,3675,0,0
67.48499,0,1,885,4,104,12.3984375,98,26,36.19531,483.3125,2.8999023,0.89990234,1.5,133,7.319336,112,19,2555,0,1
75.85797,0,1,883,0,68,17,52,10,35.89844,172,2.8999023,0.89990234,1.39990234,135,7.359375,103,50,1075,0,0
28.88199,1,2,290,2,59,12.6992188,115,26,39.29688,180,2.3999023,0.29998779,0.69995117,145,7.479492,181,4,1348,0,1
70.18799,1,1,28,2,125,4.39941406,56,24,36.29688,224,2.8999023,0.89990234,0.89990234,141,7.419922,167,15,750,0,1
57.21799,1,2,344,0,123,5.5,134,26,39.09375,170,2.199707,0.59997559,4.29980469,139,7.319336,149,23,1299,0,0
45.13599,0,2,878,3,117,15.2988281,110,32,37.69531,224,4.2998047,1,0.89990234,138,7.419922,179,8,2920,0,1
76.82098,1,1,268,6,55,13.7988281,120,6,35.39844,224,2.3999023,2.59960938,3.09960938,140,7.419922,353,132,400,2,0
84.64294,1,1,15,3,59,7.39941406,140,40,39.09375,197.125,2.2998047,1.19995117,1.09985352,140,7.459961,124,26,2275,0,3
42.25299,1,1,8,1,80,18.6992188,69,16,37.89844,224,3.0996094,0.39996338,2.29980469,135,7.419922,85,38,1968,0,1
58.48898,0,2,876,1,123,19.3984375,110,28,36.19531,261.875,4.3994141,0.69995117,0.89990234,137,7.40918,208,17,2950,0,0
75.66095,1,2,82,2,57,15.6992188,70,22,37,224,2.0996094,0.59997559,6.5,132,7.419922,120,39,0,0,1
85.74396,1,2,10,4,69,19.0976562,68,8,36.39844,213.3125,3.199707,0.5,8.79882812,138,7.389648,103,55,0,0,1
71.86896,1,2,87,3,77,1.89990234,110,20,36.09375,246.65625,2.8999023,0.89990234,1.39990234,136,7.389648,98,60,2130,0,4
75.07996,1,2,60,1,65,11.1992188,62,32,35.79688,155.53125,2.8999023,0.89990234,1.09985352,137,7.439453,164,22,1105,0,1
74.81696,1,1,292,2,107,7.19921875,130,24,36.09375,95.23438,3.7998047,1.5,1,133,7.40918,112,15,1765,0,1
65.75494,1,2,112,3,99,8.69921875,96,20,36.59375,224,3.7998047,0.19998169,0.69995117,127,7.419922,96,10,1968,2,3
68.36096,1,1,81,2,108,14.7988281,130,44,35.39844,224,2.8999023,0.89990234,1.09985352,155,7.419922,229,68,1450,0,1
66.94299,1,2,15,1,74,5.39941406,66,32,36.29688,390.4375,2.8999023,0.89990234,1.59985352,139,7.459961,1.599854,27,1100,0,1
76.81,0,2,868,5,75,14.5,142,24,37.89844,132,3,0.5,0.79992676,138,7.289062,155,20,1620,1,2
66.35498,0,2,866,2,61,5.59960938,107,16,35.69531,366.625,3.2998047,0.59997559,1.19995117,134,7.439453,255,17,5300,0,5
79.16199,1,2,343,5,59,6.19921875,74,44,35.69531,224,2.8999023,0.79992676,1.29980469,141,7.419922,105,25,1968,4,3
56.92499,0,1,865,4,75,16.3984375,49,24,36.39844,202.03125,2.8999023,1.19995117,1.69995117,140,7.209961,280,39,600,0,0
59.77298,0,2,864,0,76,11.0996094,65,24,36.09375,295.1875,2.8999023,0.79992676,1.89990234,140,7.429688,125,49,1968,0,0
81.20496,1,1,5,0,54,7.09960938,70,20,37.79688,224,2.5,0.29998779,0.79992676,136,7.419922,132,3,1325,0,1
40.55298,1,2,4,0,68,10.3984375,64,40,36.09375,268,2.5,3.89990234,0.79992676,137,7.40918,168,25,4550,0,1
37.94098,1,2,4,3,81,11.6992188,77,20,36.39844,224,2.5996094,18,1,140,7.419922,119,10,775,0,2
73.03796,0,2,860,4,76,7,61,24,36.39844,224,2.5996094,0.5,1.09985352,133,7.419922,98,43,2100,0,1
52.40799,1,1,3,1,41,0.09999084,196,36,38.19531,351,3,0.69995117,2.19970703,145,7.519531,256,91,1375,0,1
47.04398,1,2,3,3,133,15.7988281,122,40,36.69531,157.5,2.5996094,1.59985352,1.69995117,146,7.429688,173,55,1968,0,1
69.77399,1,2,7,4,73,22.3984375,104,40,39,142.5,2.8999023,0.89990234,1.29980469,145,7.419922,151,53,1900,0,0
71.64099,1,2,269,3,56,36.5,70,40,36.59375,254.28125,2.3999023,1.19995117,1.19995117,138,7.419922,217,76,760,0,0
75.78894,1,2,217,3,109,9.5,80,30,38.79688,101.42188,2.8999023,0.89990234,1.69995117,152,7.479492,136,51,3515,0,0
83.54596,0,2,853,2,69,21.8984375,122,24,36.79688,224,3.2998047,1,1,138,7.419922,177,20,1245,0,2
65.29999,1,2,452,1,79,61.1953125,87,24,37,224,2.699707,4.19921875,1.59985352,135,7.419922,185,14,1968,0,1
67.625,1,2,70,1,76,10.5996094,60,32,35.59375,142.84375,2.8999023,0.89990234,1,141,7.399414,247,21,4750,0,1
70.76794,1,2,9,1,106,17.0976562,101,24,36.79688,147.59375,3.2998047,0.29998779,0.89990234,143,7.349609,146,19,1968,0,1
21.99899,1,2,247,1,113,13.7988281,105,32,38.39844,290,2.8999023,0.59997559,1,138,7.40918,98,20,960,0,6
83.82495,1,1,31,0,113,7.19921875,77,12,36,224,4,2.09960938,1,132,7.419922,196,4,3995,0,1
56.75598,1,2,483,1,59,9.8984375,130,10,39.09375,93.32812,2.199707,1.09985352,4.89941406,138,7.179688,122,70,1220,0,1
83.15094,1,2,304,6,78,13.6992188,100,26,36.39844,207.5,2.3999023,0.79992676,2.09960938,137,7.40918,141,50,3675,4,2
76.19995,1,2,16,4,74,10.5996094,110,10,38.79688,171.40625,2.8999023,0.89990234,0.89990234,141,7.469727,161,28,2375,0,1
66.97894,1,1,220,6,106,8.59960938,110,24,36.39844,261.875,2.8999023,0.5,2.79980469,137,7.379883,119,60,1968,0,0
68.04395,1,2,411,3,123,4.89941406,76,20,36.19531,224,3.0996094,0.89990234,10,139,7.419922,98,62,170,0,0
92.33398,0,2,838,2,135,0.69995117,112,8,39.39844,103.32812,2.8999023,0.89990234,5.09960938,134,7.299805,90,83,133,2,1
77.61298,0,2,836,3,71,17.1992188,162,30,39.39844,145,1.7998047,0.29998779,0.59997559,126,7.399414,182,12,2175,0,1
86.73499,1,2,126,4,112,11.3984375,76,20,36.19531,392,2.8999023,0.59997559,1.69995117,135,7.469727,318,26,2000,5,5
50.20697,1,2,95,3,93,4.79980469,73,16,37.09375,224,3.7998047,0.59997559,1,137,7.419922,116,7,1300,0,0
50.69098,1,2,345,1,73,7.5,63,20,35,476.1875,2.8999023,0.89990234,1.19995117,132,7.549805,130,32,975,0,0
40.09299,1,2,265,3,110,29.5,86,28,36.19531,240,2.8999023,0.29998779,1.09985352,131,7.419922,346,29,3325,0,0
60.35599,0,1,827,2,60,17,155,24,35.19531,414.25,3.2998047,1,1.79980469,137,7.479492,75,24,1968,0,0
59.60797,0,2,827,5,81,7.69921875,83,26,37.09375,247.59375,2.8999023,0.89990234,2,138,7.479492,101,24,2450,0,0
85.06494,1,1,74,2,74,5.89941406,77,20,36.59375,204.75,2.8999023,1,1,134,7.469727,118,10,3425,1,6
68.84296,1,2,126,3,60,26.0976562,108,10,38.39844,125,2.2998047,15.1992188,2.19970703,135,7.359375,208,40,3690,3,2
68.45197,0,1,825,1,58,10.5996094,66,8,38.79688,184.4375,2.8999023,0.89990234,1.19995117,140,7.469727,135,23,1842,0,0
24.18599,0,1,822,2,65,19.6992188,118,60,38.59375,73.75,2.5,1.89990234,1,143,7.459961,159,29,2265,0,0
69.84796,1,2,24,2,67,10.5996094,49,20,35.69531,224,2.8999023,0.89990234,1.29980469,140,7.419922,105,29,2705,0,2
58.185,0,1,820,0,77,10.5996094,96,22,37.59375,224,2.8999023,0.89990234,1.19995117,140,7.419922,135,23,1968,0,0
70.35999,1,1,51,1,65,22,98,12,39.79688,165,10.8984375,8.79882812,1.5,133,7.439453,164,55,2325,0,1
57.547,1,2,8,1,121,7.39941406,83,20,35.79688,328.5625,3.199707,0.29998779,5.69921875,137,7.439453,195,57,3425,0,0
62.22897,0,2,820,4,101,18.3984375,66,24,35.59375,224,2.8999023,0.89990234,1.19995117,137,7.419922,191,16,4900,0,0
79.65198,0,1,817,1,111,10.5996094,74,12,35.69531,293.3125,2.8999023,0.89990234,2,137,7.65918,114,46,1968,0,0
76.79395,1,2,473,2,82,3.79980469,77,20,36.29688,224,4.1992188,0.69995117,1.09985352,138,7.419922,138,18,5150,0,1
85.88898,1,1,15,0,66,8.29882812,56,28,36,221.71875,4.2998047,1.09985352,0.89990234,137,7.329102,168,15,1700,0,0
35.15399,0,2,811,0,126,14.1992188,132,10,39.29688,154,2.199707,1.89990234,1,135,7.389648,235,17,2785,0,0
46.57599,0,1,811,0,43,10.5996094,0,0,38.39844,133.3125,2.8999023,1.39990234,2.5,132,7.379883,345,38,1300,0,1
68.38898,0,1,808,5,78,7,83,20,35.89844,323.75,3.8999023,0.89990234,1.89990234,143,7.519531,95,39,1975,1,0
78.29999,1,2,154,1,70,5.89941406,54,22,35.89844,295.1875,2.8999023,0.89990234,2.09960938,143,7.419922,98,48,1700,0,1
73.89697,1,1,42,1,53,10.5996094,105,10,38.79688,87.04688,2.8999023,1.39990234,2.79980469,132,7.5,169,68,1898,0,1
38.90799,0,1,808,2,81,10.0996094,74,22,35.79688,224,3.5996094,2.89990234,1.09985352,125,7.419922,111,9,1968,0,1
78.18994,1,2,126,2,122,8.19921875,87,24,35.89844,133.3125,4.5996094,0.59997559,0.69995117,142,7.339844,113,11,1968,0,1
32.13397,0,2,803,1,119,11.5996094,67,16,36.09375,224,2.2998047,0.39996338,1.79980469,137,7.419922,240,26,1425,1,1
38.25098,0,2,804,2,111,8.69921875,122,24,37.89844,252.375,2.8999023,0.39996338,1.5,134,7.429688,124,20,2000,0,1
56.46298,1,2,142,1,63,3.29980469,130,9,39.29688,155,2.699707,2.29980469,0.79992676,133,7.419922,94,9,5025,0,1
63.24197,0,1,801,7,72,10.5996094,53,22,36.19531,224,2.8999023,0.89990234,1,137,7.419922,90,17,2250,0,1
43.21698,1,1,492,1,75,16.6992188,120,12,36.19531,210,2.5,1.79980469,0.79992676,138,7.449219,179,39,1200,0,0
59.74298,1,2,163,2,69,21.0976562,130,44,39.09375,108.875,2.5996094,0.89990234,0.69995117,142,7.459961,249,14,1575,0,1
69.46698,0,1,796,3,72,9.5,79,22,36.59375,224,2.8999023,0.89990234,0.89990234,140,7.419922,113,25,1968,0,0
83.25494,1,1,337,0,72,10.5996094,104,40,38.09375,222.84375,3,0.59997559,0.79992676,134,7.469727,154,17,1200,0,1
74.41199,1,2,667,4,80,4.79980469,81,24,36.5,480.9375,2.0996094,8.19921875,1.69995117,133,7.40918,127,28,1600,1,1
69.68396,1,2,4,4,105,10.5996094,101,48,36.09375,181.46875,2.8999023,0.89990234,1.19995117,140,7.359375,135,23,48,0,1
58.85797,1,1,130,1,81,9.09960938,63,24,35.89844,224,2.8999023,0.5,1,128,7.419922,257,10,2450,0,0
84.27698,1,2,5,3,60,3.69970703,150,42,38.79688,108,2.5996094,0.59997559,0.69995117,137,7.25,160,7,3950,0,1
40.29797,1,1,251,5,107,13.3984375,110,40,38.69531,307.25,2.0996094,1,1.39990234,145,7.349609,262,46,2875,0,1
86.89899,1,2,23,7,78,5.89941406,93,16,36.29688,224,2.8999023,0.89990234,1.09985352,134,7.419922,101,23,3425,0,0
65.49799,1,1,174,1,69,9.19921875,69,24,35.59375,193.3125,2.8999023,0.59997559,1.09985352,151,7.25,97,19,1968,2,1
74.08899,1,1,657,3,61,11.0996094,87,24,35.79688,195.90625,2.8999023,1.29980469,1.5,138,7.359375,153,29,1968,2,1
70.97894,1,2,375,2,83,4.09960938,70,20,36.19531,224,3.2998047,0.39996338,1,132,7.419922,102,17,2675,0,1
73.40997,0,2,783,3,141,3.69970703,89,24,36.59375,342.8125,2.8999023,0.19998169,0.69995117,135,7.469727,95,23,1175,0,4
65.35498,1,2,244,3,111,9.09960938,96,24,36.59375,224,2.3999023,0.5,2.5,137,7.419922,101,37,2025,1,0
81.18298,0,1,779,2,62,4.69921875,79,20,36.39844,224,3.7998047,0.39996338,0.89990234,134,7.419922,160,5,1375,2,3
74.61694,1,2,90,1,64,21.6992188,136,10,39.09375,182,2.8999023,0.69995117,1.59985352,165,7.489258,535,16,8150,0,1
78.85797,1,1,10,2,64,11,102,36,36.59375,204.75,2.8999023,0.89990234,2,140,7.40918,91,32,2595,0,1
54.38998,1,2,45,2,70,16.296875,67,34,37.5,148,2.8999023,0.39996338,0.69995117,137,7.30957,157,19,1475,0,0
89.47797,1,1,319,6,69,7.5,104,24,35.89844,320,2.8999023,1.39990234,1.09985352,138,7.5,99,19,1968,0,7
76.74695,1,2,211,6,77,11.0996094,77,24,36.09375,223.78125,4,0.5,1,140,7.429688,120,8,3740,2,2
46.702,0,2,773,1,71,6,71,24,36.39844,253.84375,2.8999023,0.89990234,0.79992676,141,7.40918,120,10,1075,0,0
90.53497,0,2,774,3,121,16.8984375,112,8,38.89844,255,3.8999023,0.79992676,1.09985352,140,7.429688,226,12,2905,0,1
80.745,1,2,5,2,43,21.6992188,104,36,35.59375,168.3125,2.699707,0.39996338,0.5,143,7.399414,149,18,805,0,5
48.47897,0,2,772,1,107,41.8984375,112,30,35.79688,91.65625,2.5996094,0.79992676,6.59960938,129,7.439453,202,40,0,0,0
57.21597,0,2,770,4,57,8.29882812,60,26,36.09375,304.75,2.8999023,0.89990234,1.09985352,135,7.399414,212,16,2485,0,7
70.90796,1,2,19,2,55,16.6992188,142,22,39.69531,201.65625,1.6999512,2.29980469,3,137,7.199219,388,31,1968,0,1
78.245,1,2,50,3,36,42.296875,128,54,38.39844,252.375,2.2998047,1.09985352,8.59960938,129,7.399414,215,120,0,0,1
88.375,0,1,763,0,63,10.5996094,114,38,38.29688,174.28125,1.8999023,1.29980469,1.39990234,142,7.509766,143,49,1925,0,1
50.62598,1,1,422,2,141,26.6992188,132,24,36.59375,106.65625,2.8999023,0.89990234,0.89990234,133,7.40918,178,20,4100,0,0
66.08099,1,2,509,3,79,4.79980469,65,18,35.79688,224,4,0.39996338,1,138,7.419922,95,16,1968,0,1
65.11395,1,2,77,4,101,10.6992188,60,24,35.39844,208,2.8999023,1.29980469,1.5,135,7.419922,176,43,1725,1,1
72.534,1,2,146,1,72,7.09960938,61,20,36.19531,224,3.2998047,0.29998779,1.19995117,142,7.419922,76,18,1775,0,1
76.26294,0,1,755,0,83,6.29980469,89,18,36.79688,224,2.8999023,0.89990234,0.79992676,134,7.419922,98,12,1968,0,1
79.37299,1,2,290,2,117,15.5996094,79,20,36,224,3.5996094,0.29998779,1.09985352,134,7.419922,141,11,1968,0,0
78.42596,0,1,750,1,64,3,40,12,31.69922,224,3,1.89990234,1.39990234,142,7.419922,98,12,2390,0,1
69.56598,1,2,276,3,73,31.796875,122,44,36.69531,145,1.7998047,3,2.69970703,128,7.449219,95,73,1098,1,0
71.20099,1,2,16,2,105,8,98,16,36.19531,224,4.0996094,0.19998169,1.29980469,133,7.419922,104,17,3225,0,0
50.93799,1,2,7,1,60,10.5996094,131,28,36.59375,276.875,2.8999023,0.69995117,2,133,7.479492,83,49,1200,0,1
54.95398,1,2,36,3,61,3.39990234,67,28,34.79688,224,2.3999023,11.5,1.09985352,139,7.419922,206,66,1750,0,0
92.68195,0,2,748,2,68,16.0976562,107,24,36.39844,165,4.0996094,0.19998169,1.19995117,132,7.339844,446,42,3150,0,0
52.38599,1,2,120,2,69,12.1992188,64,35,35.69531,133.84375,2.699707,0.79992676,0.89990234,138,7.449219,168,24,1375,0,0
62.004,1,2,5,0,134,10.1992188,107,20,36.19531,357.125,2.8999023,0.89990234,1.59985352,131,7.389648,133,25,1775,0,0
59.67697,1,2,96,2,80,20.0976562,81,24,36,278.25,4.2998047,0.5,0.79992676,133,7.379883,136,11,1968,0,0
45.38498,0,2,743,3,63,5.19921875,69,24,35.79688,185,2.8999023,0.89990234,1.09985352,145,7.359375,87,25,1425,0,1
68.81598,1,2,4,3,109,8.19921875,50,24,36.29688,224,2.8999023,0.89990234,1.19995117,136,7.419922,97,23,4050,0,1
78.85596,0,2,744,0,72,8.3984375,74,20,36.59375,224,3.7998047,0.39996338,1,140,7.419922,76,9,8600,0,1
41.83197,0,1,742,1,57,10.3984375,167,24,35.89844,224,2.8999023,0.89990234,1,137,7.419922,91,21,1968,0,0
70.97095,1,2,76,3,74,13.1992188,79,26,36.19531,183.3125,3.199707,0.39996338,0.59997559,141,7.439453,207,4,2700,0,0
56.09,1,2,169,5,90,13.5996094,69,28,36.19531,276,2.8999023,0.59997559,0.79992676,141,7.369141,242,20,3300,0,0
77.03796,0,1,723,3,71,6.79980469,101,28,35.79688,446.625,3.7998047,0.29998779,1.09985352,136,7.319336,117,26,875,5,3
71.28796,1,2,26,2,101,9.8984375,66,20,35.79688,347.5625,2.699707,0.19998169,0.59997559,128,7.459961,120,14,3400,4,2
56.33899,1,2,5,1,100,31.3984375,104,24,36.19531,319,2.8999023,0.89990234,0.89990234,137,7.429688,168,21,3800,0,1
31.22198,1,2,173,4,61,10.7988281,58,15,36.79688,91.82812,2.8999023,1,0.89990234,139,7.419922,163,11,2685,0,0
75.22198,1,1,518,3,61,7.29980469,100,24,39.39844,136,2,0.79992676,10.0996094,135,7.459961,188,72,1968,0,1
18.18999,0,1,718,0,117,16.6992188,76,32,36,188,2.8999023,0.29998779,0.79992676,139,7.429688,183,16,1625,0,0
91.28796,1,1,5,3,108,0.69995117,156,22,36.69531,224,2.0996094,1.29980469,0.69995117,132,7.419922,122,8,2750,0,1
33.09497,0,2,717,2,113,10.1992188,59,28,38.79688,200,2.8999023,0.89990234,1.59985352,137,7.479492,121,17,2440,0,1
30.69099,0,1,717,0,76,18.3984375,72,26,36.39844,262.5,3.3999023,0.5,0.69995117,136,7.389648,102,9,2700,1,0
82.60596,1,1,5,0,105,9.09960938,140,40,38.29688,194.28125,2.8999023,0.89990234,1.39990234,140,7.339844,249,24,2175,0,2
69.90796,1,2,121,1,65,8.29882812,85,28,36.19531,320,2.8999023,0.89990234,1.39990234,128,7.419922,140,58,1968,2,0
69.58795,0,1,712,4,77,11.1992188,80,29,39,202.5,2.0996094,0.39996338,0.69995117,129,7.469727,99,11,2440,2,0
68.19397,1,2,20,1,76,24.796875,72,28,39.09375,413.3125,2.199707,0.39996338,1.19995117,139,7.469727,209,36,2250,0,6
64.93396,1,2,7,1,50,18.8984375,118,30,40,90,3,1.09985352,1.5,136,7.389648,137,34,910,0,0
81.88599,0,2,710,2,115,7.89941406,93,20,36.89844,224,3.5996094,0.29998779,1.29980469,136,7.419922,201,14,1968,0,1
64.24396,1,1,6,1,105,10.5996094,71,24,35.79688,280.9375,2.8999023,0.89990234,0.69995117,137,7.379883,96,9,975,0,0
51.01199,0,1,706,3,60,10.5,148,32,36.39844,155,2.5996094,0.39996338,0.69995117,141,7.389648,130,13,1200,2,3
78.32196,1,2,33,0,108,16.6992188,126,46,39.39844,182.5,2.8999023,0.79992676,1.39990234,143,7.389648,204,21,2100,0,2
63.04999,1,1,124,1,52,22.296875,76,6,36.19531,420,2.0996094,0.69995117,2.79980469,147,7.369141,221,81,2725,0,0
66.95099,1,1,154,2,101,12,66,20,36.39844,352.375,2.8999023,1.5,1.69995117,138,7.479492,110,31,1968,0,7
73.04895,0,1,699,3,103,9.69921875,74,22,36.79688,247.59375,2.699707,0.29998779,0.79992676,143,7.279297,158,8,1968,0,1
83.77295,1,1,3,4,109,8.29882812,114,12,37.79688,224,1.7998047,4.69921875,0.59997559,139,7.419922,132,7,965,0,1
22.146,0,2,698,1,83,10.8984375,76,18,36.79688,224,2.8999023,0.39996338,1.09985352,140,7.419922,96,9,1968,0,0
68.06,1,1,432,2,51,12.3984375,45,24,36.69531,217.375,3.5996094,0.39996338,1.29980469,130,7.399414,211,23,1700,0,0
69.91895,0,2,697,2,72,3.89990234,42,20,35.79688,224,4,0.39996338,0.79992676,138,7.419922,144,12,3250,0,1
78.21497,1,1,679,0,84,10.5996094,67,20,36.19531,224,2.8999023,0.89990234,1.09985352,136,7.419922,110,13,1968,5,3
56.64899,1,2,9,1,96,9.5,107,24,36.09375,280.9375,3.699707,1.39990234,1.29980469,142,7.479492,117,18,3225,0,0
74.85297,0,2,694,2,59,5.89941406,76,30,35.79688,224,4.0996094,2,2.69970703,138,7.419922,98,58,1125,0,0
70.86096,1,1,370,3,127,6.09960938,65,24,35.69531,419,2.8999023,0.19998169,2.89990234,140,7.429688,120,63,2050,1,2
84.85394,0,2,691,0,46,19.296875,105,10,39.39844,133.84375,3.199707,0.5,2.29980469,133,7.339844,301,24,353,0,0
86.14899,1,2,10,1,64,6.79980469,114,24,36.19531,400,3.199707,0.89990234,1.09985352,138,7.509766,158,21,2150,0,1
91.33197,0,2,686,1,107,18.5,70,10,35.89844,207.5,4.1992188,0.59997559,0.69995117,138,7.489258,254,23,1790,0,0
58.80099,0,1,686,7,72,11.1992188,74,28,36.39844,106.65625,2.8999023,0.69995117,1.09985352,135,7.30957,178,36,1968,0,6
68.45398,1,2,168,2,76,20.3984375,135,16,36.69531,224,2.8999023,0.89990234,1,138,7.419922,90,10,2600,0,0
73.396,1,1,377,2,101,10.3984375,96,24,36.29688,224,3.5996094,0.69995117,1.69995117,135,7.419922,260,17,1900,2,0
41.88898,1,1,504,1,70,8.5,62,20,37.69531,224,2.8999023,0.89990234,0.89990234,138,7.419922,84,11,1968,0,1
79.33698,1,1,109,3,64,12.7988281,77,28,36.5,174.28125,3.2998047,0.29998779,1.29980469,138,7.429688,264,30,2110,0,0
49.96597,1,2,261,0,106,3.69970703,79,28,38.09375,247.59375,4.1992188,0.5,1,134,7.419922,92,4,4425,0,7
78.22296,1,2,25,2,118,13.7988281,69,40,37.89844,82.84375,2.8999023,0.69995117,0.79992676,140,7.379883,262,37,1968,0,1
64.18896,0,1,676,4,105,31.5,70,22,36.29688,261.1875,2.8999023,0.89990234,2.89990234,136,7.459961,184,69,1860,0,0
73.73297,0,1,675,3,112,10.5996094,69,24,35.79688,224,2.8999023,0.89990234,1.59985352,138,7.419922,75,38,2600,6,2
58.47198,1,1,80,1,83,20.5976562,67,20,35.39844,224,4.1992188,0.39996338,1.5,140,7.419922,126,27,1400,2,3
65.659,1,1,224,3,115,17.296875,115,10,38.5,320,2.8999023,0.89990234,0.79992676,134,7.509766,155,12,1500,5,5
57.65598,1,2,120,2,72,5.69921875,101,30,38.59375,224,3.7998047,0.59997559,0.89990234,131,7.419922,179,12,1968,0,0
65.90796,1,2,406,3,61,6.09960938,51,32,35.59375,485.6875,2.8999023,0.89990234,1.29980469,132,7.449219,96,64,2200,0,0
52.87097,1,2,38,0,99,10.1992188,81,22,36.09375,247.59375,2.8999023,0.19998169,1.29980469,134,7.429688,83,23,1968,0,0
72.77496,1,2,548,5,73,10.2988281,60,24,35.59375,244,3.3999023,0.89990234,1.09985352,134,7.519531,130,15,2450,0,0
57.44299,0,1,668,1,103,6.29980469,65,32,35.89844,276.1875,3.0996094,0.29998779,1.29980469,141,7.40918,101,32,1925,0,1
59.20599,1,2,7,0,70,11.8984375,130,40,38,86.65625,3.8999023,0.69995117,1,143,7.40918,181,27,3225,0,0
58.94897,0,2,667,4,49,18.0976562,60,24,38.39844,190,1.2998047,0.69995117,0.59997559,132,7.349609,184,5,825,1,1
45.53299,0,2,664,1,101,12.5996094,81,24,36.69531,224,2.8999023,0.39996338,2.39990234,134,7.419922,210,44,2250,1,0
67.85199,1,2,59,3,65,8,48,20,35.59375,224,4.0996094,1.19995117,1,134,7.419922,104,8,1968,0,0
68.98596,1,2,279,1,110,3.69970703,76,24,38.19531,224,2.8999023,0.89990234,1.69995117,131,7.419922,245,25,1785,0,0
41.64499,0,2,661,0,65,14.5,119,24,36.19531,209.5,3.3999023,0.59997559,0.89990234,138,7.429688,115,20,600,0,0
71.41095,1,1,77,2,62,10.5996094,81,20,37,224,2.8999023,0.89990234,0.69995117,141,7.419922,129,8,2075,2,3
54.12997,1,1,527,2,108,8.09960938,79,20,35.39844,224,3.3999023,0.69995117,1,134,7.419922,111,19,3175,6,5
64.99097,0,2,657,1,59,10.0996094,135,40,35.69531,224,3.7998047,0.79992676,1.5,124,7.419922,171,40,3775,1,1
46.56497,0,2,657,3,118,9.69921875,60,10,37.79688,144,2.5,0.39996338,1,134,7.5,126,11,2650,0,1
78.54297,1,2,275,2,107,12.0996094,117,10,37.89844,217.5,2.8999023,0.89990234,0.89990234,149,7.40918,164,51,2580,1,1
77.55798,0,2,655,4,79,8.29882812,52,24,38.79688,390.4375,2.8999023,0.89990234,4.29980469,140,7.389648,110,67,1950,1,0
72.06598,0,2,655,1,108,20.8984375,160,32,38.39844,287.75,3.2998047,0.79992676,0.79992676,131,7.479492,110,15,3950,1,0
69.37994,1,2,9,1,72,10.5996094,70,28,35.59375,224,3.7998047,0.69995117,8.69921875,134,7.419922,99,56,0,0,0
68.20294,1,2,17,1,64,21.5,36,32,37.89844,318,2.7998047,0.89990234,2.69970703,132,7.279297,268,49,1125,0,0
52.22699,1,2,20,5,56,9.19921875,160,40,38.29688,218.5,2.8999023,0.89990234,1.39990234,132,7.469727,149,13,1300,0,5
57.59097,1,2,207,3,63,0.39996338,130,40,39.59375,182.84375,2.8999023,3,1.39990234,140,7.439453,395,31,5450,0,0
63.98898,1,2,5,3,68,4.59960938,39,22,35.89844,466.625,2.8999023,0.89990234,1.19995117,142,7.529297,132,26,1850,0,1
83.31299,0,2,648,2,76,7,70,24,36.59375,224,4.5996094,0.39996338,1,137,7.419922,114,5,1975,1,0
76.83197,0,2,647,4,117,24.5,58,10,38.89844,154.53125,2.5996094,24,5.89941406,141,7.40918,118,81,30,0,6
67.79999,1,2,12,1,75,26.796875,118,20,35.29688,309.5,2.8999023,0.5,0.69995117,137,7.449219,150,14,1500,0,6
58.59799,1,1,19,1,66,3.5,79,26,38.69531,128.875,2.199707,1.29980469,0.59997559,156,7.459961,119,9,6200,0,1
78.10498,0,1,644,3,67,15.5,114,28,36.89844,112.5,4.0996094,0.69995117,3,132,7.489258,123,40,830,0,1
66.71899,1,1,370,2,76,7.39941406,74,24,35.89844,222.71875,4,1.79980469,1,142,7.319336,92,28,1220,0,0
73.5,1,2,120,1,63,13.5,132,28,39.29688,123.625,1.8999023,1.09985352,0.69995117,139,7.419922,127,3,5375,0,1
71.77295,1,2,18,3,59,7.5,79,16,36.19531,224,3.8999023,0.19998169,1.5,139,7.419922,134,23,1968,0,2
82.93799,1,1,4,5,67,15.1992188,128,30,34.39844,260,2.699707,0.29998779,0.89990234,135,7.479492,240,23,1350,0,1
81.63995,1,2,345,0,137,13.5996094,60,24,35.69531,369.5625,2.8999023,0.89990234,0.89990234,130,7.319336,194,25,1975,0,5
69.60999,1,1,34,3,117,11.0996094,68,28,35.59375,160,2.2998047,3.79980469,0.89990234,144,7.329102,256,25,5550,0,0
79.995,1,1,197,7,102,3.89990234,63,24,35.79688,224,2.8999023,0.89990234,0.89990234,139,7.419922,100,9,1968,0,6
76.63196,0,2,639,3,52,9.19921875,118,24,35.79688,224,2.8999023,0.29998779,0.89990234,137,7.419922,153,16,1968,0,2
72.61298,1,2,17,2,117,23.796875,60,14,38.69531,213.3125,3.2998047,0.79992676,4.39941406,145,7.369141,299,67,1081,0,0
70.56494,0,2,635,1,73,5.39941406,63,24,35.89844,224,3.0996094,1.5,1.39990234,128,7.419922,218,30,4275,0,0
74.70996,1,2,43,1,51,9.79882812,81,20,36.5,400,4,0.5,1.19995117,134,7.459961,181,35,1475,0,0
69.47296,1,1,20,2,43,8.8984375,130,29,40.19531,300,2.5996094,0.29998779,0.59997559,135,7.399414,138,6,1550,1,1
65.487,1,2,28,2,58,9.69921875,77,32,35.5,224,2.8999023,0.89990234,1.39990234,136,7.419922,108,41,1968,0,0
67.84399,1,1,12,0,75,17,105,25,38.09375,285.6875,2.8999023,0.89990234,0.69995117,138,7.429688,112,6,3975,0,0
76.26794,0,2,634,3,102,3.89990234,110,10,36.79688,374.25,2.7998047,0.19998169,0.5,139,7.40918,121,6,2125,0,1
50.86099,0,2,634,5,56,8.5,106,10,38.89844,135,2.2998047,0.69995117,5,127,7.399414,96,55,472,1,0
62.92398,1,1,3,1,99,6.89941406,126,18,36.29688,224,3.8999023,0.79992676,0.89990234,140,7.419922,116,14,1968,0,1
75.22198,0,2,633,1,121,8.29882812,70,16,36.09375,309.5,4.1992188,0.39996338,1.39990234,140,7.449219,194,22,3400,0,0
90.36798,0,1,631,3,75,8.09960938,145,24,37.79688,230,2.8999023,0.89990234,1.19995117,128,7.519531,166,20,1570,1,1
79.27698,0,2,631,4,70,12.5,110,32,38.69531,125.45312,2.0996094,5.5,1.19995117,133,7.5,124,33,2525,0,0
89.12,1,2,248,6,57,16.5976562,134,12,37.5,285,3.0996094,0.5,1.69995117,137,7.449219,126,34,775,0,5
74.42798,1,1,102,2,98,10.2988281,77,24,35.69531,304,2.8999023,0.79992676,0.89990234,137,7.349609,334,17,1968,1,0
63.97498,1,2,145,2,59,6.59960938,113,11,36.39844,100,2.5,9.5,1.39990234,140,7.569336,108,31,3470,0,2
73.28998,0,1,628,3,68,8.29882812,120,20,36.39844,224,4.2998047,0.39996338,1.5,138,7.419922,233,42,2025,0,0
21.63199,0,1,628,0,66,17.1992188,104,32,38.39844,165,2.8999023,0.89990234,1.5,133,7.479492,163,22,1968,0,0
72.435,0,2,627,1,96,5.69921875,69,16,36.09375,323.75,4.0996094,0.39996338,1.19995117,136,7.459961,115,6,1450,0,0
70.75195,1,2,240,5,67,9.5,80,24,39.09375,257.5,2.0996094,0.29998779,1.69995117,137,7.40918,82,40,775,1,0
83.71497,0,1,627,2,62,18.8984375,134,28,38.69531,136,1.6999512,0.19998169,0.89990234,140,7.459961,206,16,1325,0,0
78.75696,1,2,536,0,70,12.7988281,78,24,35.79688,362.9375,2.8999023,0.29998779,1.09985352,138,7.429688,278,18,1968,0,0
71.37897,1,2,26,3,39,32.59375,130,10,36,152,3.199707,8.19921875,5.19921875,127,7.369141,212,105,75,0,0
78.77594,1,1,557,6,74,4.89941406,77,24,36.39844,260,2.199707,0.09999084,0.89990234,137,7.319336,141,17,3210,1,1
48.68698,0,1,623,1,129,12.3984375,85,22,36.5,224,3.8999023,0.59997559,1,135,7.419922,148,27,1968,0,0
74.17096,0,2,625,2,78,8.29882812,53,16,35.89844,224,2.8999023,0.89990234,1.39990234,138,7.419922,124,18,3100,2,0
56.92798,1,1,10,1,117,9.29882812,126,24,36.39844,224,2.8999023,0.59997559,1.09985352,135,7.449219,115,23,1055,0,7
69.54095,1,2,20,2,82,0.09999084,148,22,36.09375,224,2.8999023,0.89990234,1.39990234,145,7.419922,155,39,1968,0,3
74.93994,0,2,621,0,79,12.0996094,40,15,35.59375,355,3.5996094,0.79992676,1.19995117,137,7.399414,146,25,1000,0,0
70.13794,1,1,194,1,65,12,79,24,36.09375,292,2.8999023,0.5,1.39990234,134,7.389648,354,43,1465,0,1
72.90295,0,2,620,1,61,10.6992188,140,24,38.09375,87.14062,2.8999023,0.29998779,1.09985352,129,7.369141,136,12,3200,0,1
53.95798,0,1,619,2,57,11.7988281,88,30,39,182.5,3.0996094,2.39990234,1.19995117,137,7.509766,152,15,1424,0,6
91.90997,1,2,175,5,70,0.89990234,73,28,35.69531,224,2.699707,1.29980469,1.79980469,135,7.419922,239,42,5980,0,1
56.31998,0,2,618,3,127,12.7988281,143,24,36.19531,110,3.699707,2,1.39990234,135,7.189453,113,34,900,0,1
87.56696,0,1,617,3,121,16.5976562,58,32,37.89844,127.5,3.2998047,0.59997559,2.79980469,133,7.379883,254,111,765,0,2
54.13797,1,2,6,0,99,0.19998169,115,30,39.19531,224,3,0.89990234,1.79980469,146,7.419922,139,41,2800,0,0
60.08499,1,2,80,2,101,7.19921875,70,22,37.29688,520,2.8999023,0.89990234,2.19970703,140,7.349609,185,60,2150,0,0
81.95496,1,2,9,0,73,13.7988281,61,20,36.79688,224,2.8999023,0.89990234,1,138,7.419922,162,15,2850,0,2
70.94598,1,2,26,2,49,13.5,134,10,37.89844,215,3.3999023,0.29998779,1.5,137,7.449219,238,30,1650,0,0
80.07098,1,2,4,1,120,7.29980469,14,10,38.89844,129,3.699707,0.69995117,0.5,137,7.40918,137,15,3525,0,0
61.03799,0,2,606,0,49,6.5,158,10,36.79688,136,2.199707,0.59997559,1.59985352,131,7.429688,78,12,2875,0,0
82.71899,0,1,603,1,83,11.1992188,101,28,39.09375,224,2.8999023,0.89990234,0.89990234,138,7.419922,130,6,3175,0,6
50.00699,1,2,14,0,65,19,70,15,36.09375,108.15625,3.699707,0.69995117,5.39941406,126,7.479492,267,96,190,0,1
69.59296,1,2,103,1,111,10.5996094,62,16,36.39844,224,2.8999023,0.89990234,1.19995117,140,7.419922,135,23,1968,0,1
74.05096,1,1,49,1,104,8.19921875,79,24,35.5,224,3.8999023,0.39996338,0.79992676,136,7.419922,116,31,2300,0,6
64.58899,1,1,91,1,108,5.79980469,114,16,36.19531,224,2.8999023,0.89990234,1.19995117,140,7.419922,135,23,1968,0,1
81.41797,0,2,598,2,71,10.5996094,57,20,35.89844,304.75,3.699707,1.19995117,1.69995117,135,7.519531,120,44,1968,0,0
88.28699,1,1,9,0,61,3.69970703,65,20,36.09375,224,4.0996094,2,1.09985352,132,7.419922,176,35,850,0,0
65.495,1,2,48,6,64,11.2988281,72,14,36.09375,157.5,2.8999023,0.89990234,1,141,7.419922,354,24,725,2,2
69.65399,1,1,11,1,77,10,57,28,35.79688,224,4.2998047,1.39990234,1.29980469,136,7.419922,271,21,1695,0,1
75.96698,0,1,593,3,57,11.5996094,101,28,36.39844,130,2.8999023,0.29998779,0.79992676,137,7.399414,178,19,1100,0,2
69.58795,1,1,64,3,59,18.0976562,96,16,38.69531,127.5,2.8999023,0.19998169,1.79980469,139,7.5,222,36,2631,0,1
60.51999,1,2,8,3,104,16.5,79,28,35.89844,224,4.6992188,1.19995117,1,134,7.419922,104,17,1968,0,0
63.52597,1,2,173,3,67,12.5,100,20,36.09375,224,2.199707,6.69921875,1.09985352,131,7.419922,105,18,1900,0,0
87.98596,0,2,590,3,109,15.0996094,104,34,36.79688,309.5,3.8999023,0.59997559,1.09985352,132,7.489258,123,13,1968,3,1
84.29297,1,2,156,5,80,9.79882812,68,24,38.69531,364,2.8999023,1.29980469,1.09985352,137,7.489258,184,26,1775,0,1
63.24399,0,2,587,1,70,6.09960938,73,22,36.29688,224,3.8999023,0.79992676,1.09985352,132,7.419922,111,14,1968,0,0
67.06097,1,2,93,2,57,25,120,26,39.09375,237.125,2.199707,0.79992676,1.19995117,138,7.399414,135,19,1815,0,1
79.27997,1,1,132,3,59,6.09960938,70,28,36.19531,176.1875,4.0996094,0.79992676,1,139,7.40918,113,14,800,0,3
79.29596,1,2,123,4,53,15.8984375,150,20,37.5,245,2.5996094,0.39996338,8.59960938,140,7.219727,178,61,0,1,1
61.465,1,2,376,2,82,10.5996094,62,16,35.89844,224,2.8999023,0.89990234,1.19995117,140,7.419922,139,18,4500,0,0
50.54898,1,1,4,2,104,7.29980469,101,24,37.79688,266.625,3.699707,0.69995117,1,135,7.479492,102,6,2400,0,1
41.04898,1,2,111,5,80,6.69921875,48,16,35.59375,224,2.8999023,0.5,1.09985352,138,7.419922,125,13,2125,0,5
53.41299,1,2,176,1,119,14.5,100,20,36.5,128.5625,2.5,0.19998169,3.5,133,7.459961,320,54,4570,3,2
78.43896,1,1,300,4,114,14.0996094,81,28,36.19531,237.03125,2.8999023,0.89990234,1.19995117,146,7.449219,166,23,2900,0,1
87.23895,0,1,577,2,112,5.29980469,93,24,36.39844,224,4,0.39996338,0.89990234,134,7.419922,254,9,1968,0,1
64.34998,1,1,20,4,74,13.1992188,98,24,35.59375,290.4375,3.699707,0.5,1,130,7.479492,126,17,1125,0,2
53.73297,1,1,3,0,74,21.3984375,60,8,38.69531,188,2.3999023,1,1.79980469,151,7.419922,243,63,3300,0,0
71.11597,1,2,17,3,110,11.0996094,108,32,37.79688,224,2.199707,1.5,0.89990234,141,7.419922,136,13,2250,0,1
66.29395,0,1,572,1,56,10.5996094,110,10,36.39844,202.5,2.8999023,0.59997559,1,137,7.429688,237,14,1770,0,0
54.91599,0,2,571,2,77,9.59960938,128,32,38.19531,224,2.5,0.39996338,0.89990234,137,7.419922,104,7,1968,0,0
66.612,1,1,370,0,107,5.5,106,32,38.39844,197.5,0.5,3.39990234,1,139,7.389648,118,20,1968,0,0
71.59796,1,1,8,1,98,8.5,44,28,36.39844,224,4.1992188,0.79992676,1.69995117,142,7.419922,104,21,3050,0,1
71.90399,1,2,47,1,65,11.5,116,26,38.29688,124.4375,2.8999023,0.69995117,0.59997559,133,7.529297,119,19,990,1,3
71.72595,1,1,80,4,142,13.0996094,64,28,35.69531,305,2.2998047,0.29998779,8.8984375,134,7.519531,308,67,1968,0,1
71.409,1,1,7,2,73,14.2988281,150,22,35.69531,436,3.3999023,0.79992676,1,138,7.459961,94,12,1968,0,5
54.78998,1,2,28,2,117,0.29998779,79,16,38.19531,578.25,3.5996094,1.19995117,1.29980469,133,7.449219,88,30,2100,0,4
48.07898,1,1,5,1,102,6.79980469,67,24,36.19531,224,4.3994141,0.59997559,1.5,140,7.419922,150,14,1968,0,7
76.71997,0,2,562,2,80,10.5996094,114,32,35.69531,240,3.5996094,0.5,1.09985352,140,7.369141,124,25,875,0,1
69.771,0,2,559,1,57,16.8984375,165,40,38.19531,280.75,2.8999023,0.89990234,1.29980469,138,7.369141,274,32,1250,0,0
68.64099,0,1,559,3,64,9.5,180,25,39.09375,185,1.5998535,1.09985352,0.89990234,136,7.449219,74,24,1500,2,1
66.39294,1,2,81,1,71,7.39941406,114,29,38.89844,354.25,2.8999023,0.89990234,3.39990234,137,7.399414,239,76,675,0,1
75.409,0,1,558,1,73,39.09375,128,24,35.69531,276,2.8999023,0.79992676,0.69995117,138,7.379883,227,18,1900,0,1
68.797,0,1,558,0,69,10.5996094,83,20,36.09375,190.46875,2.8999023,0.89990234,1.69995117,140,7.349609,83,26,1968,1,0
63.28299,1,1,256,4,108,23.0976562,104,24,35.5,224,3.199707,0.5,0.89990234,132,7.419922,113,9,5050,2,4
71.047,1,2,69,1,71,9.19921875,60,28,35.79688,268,2.8999023,0.5,1.09985352,140,7.319336,118,10,1968,1,1
68.84595,0,1,554,0,105,24.3984375,130,10,39.39844,132,2.8999023,0.89990234,4.69921875,137,7.449219,139,123,955,0,1
72.64294,0,2,555,1,76,10.1992188,101,28,36.19531,170.34375,2.8999023,0.39996338,1,139,7.369141,173,28,2500,0,0
76.56396,1,2,122,2,103,10.8984375,57,24,36.29688,224,2.8999023,0.5,1.5,138,7.419922,114,24,1615,0,0
56.76898,0,1,553,0,100,15,120,26,36.09375,253.3125,2.8999023,0.89990234,0.69995117,131,7.459961,144,11,1950,0,0
71.26898,0,2,553,1,79,9.3984375,81,36,36.19531,196.65625,2.8999023,0.89990234,1.29980469,122,7.329102,163,19,1300,0,0
78.89099,0,2,550,2,75,9.69921875,104,24,35.69531,385.6875,2.5996094,0.5,1.39990234,125,7.469727,124,32,3475,0,0
35.52899,0,2,550,2,33,10.5996094,76,20,38.59375,102.34375,2.8999023,0.89990234,4.19921875,144,7.199219,235,70,330,0,1
74.74298,0,2,548,3,65,12,109,40,38.19531,177.5,2.5,1.19995117,1.39990234,134,7.489258,147,43,3400,0,1
75.96399,0,2,546,0,110,11.5996094,73,28,36,271.375,2.8999023,1.09985352,1.5,142,7.529297,107,31,825,0,0
81.81,1,2,109,1,105,15.1992188,60,40,38.19531,286.625,2.8999023,5.39941406,4.5,137,7.449219,119,88,60,0,0
78.74597,1,2,4,0,64,6.09960938,81,28,35.79688,285.6875,2.8999023,0.39996338,1.69995117,136,7.479492,85,22,1475,0,1
55.29599,0,2,544,1,118,8.29882812,79,24,36.29688,347.5625,2.8999023,0.79992676,2.09960938,138,7.429688,85,29,2800,0,0
68.56696,1,2,459,2,105,6.39941406,70,24,36.19531,224,3.7998047,0.39996338,1.5,138,7.419922,125,25,1050,0,3
71.70697,1,1,129,1,109,7.59960938,107,24,36.19531,224,2.8999023,0.89990234,1,138,7.419922,132,6,4150,0,1
67.67694,1,1,6,3,50,13.7988281,65,30,36.29688,122.4375,2.8999023,0.29998779,1.59985352,130,7.439453,249,34,1375,0,1
69.06799,0,2,537,3,64,9.69921875,150,12,39.29688,164.4375,1.3999023,1.19995117,0.59997559,134,7.429688,140,6,3390,1,2
84.18298,0,2,538,3,62,19.5976562,117,24,38.69531,190.90625,2.8999023,0.89990234,2.59960938,130,7.379883,178,74,3725,0,0
62.245,0,1,536,3,53,15.2988281,60,28,35.69531,224,3,0.5,1.69995117,134,7.419922,202,24,1968,0,0
48.71698,0,1,534,5,134,16.5976562,113,12,38.59375,187.5,3.199707,0.19998169,0.89990234,132,7.5,209,25,2100,2,2
81.28998,0,1,532,3,72,5.19921875,74,16,36.59375,230.40625,2.8999023,0.39996338,0.59997559,143,7.389648,100,13,1800,2,5
70.52698,0,2,533,3,73,19.296875,50,13,38.19531,177.125,2.8999023,0.89990234,1.59985352,131,7.459961,117,28,1690,1,0
81.91394,0,2,531,2,65,8.69921875,68,10,35.59375,240.21875,2.8999023,1.19995117,1,141,7.489258,153,22,1725,1,1
62.46997,1,2,265,4,65,6.29980469,85,28,36,248,2.8999023,0.89990234,1.09985352,138,7.399414,105,17,2900,0,1
67.47198,0,2,530,1,66,5.29980469,83,16,36.19531,224,2.199707,0.89990234,0.59997559,137,7.419922,109,11,1968,0,1
58.448,1,1,16,1,71,24.296875,119,32,36.79688,171.40625,2.3999023,6.59960938,1.19995117,136,7.349609,313,40,1805,5,4
68.76398,1,1,38,4,136,7.89941406,126,36,36.19531,233.3125,2.8999023,0.5,1.29980469,140,7.379883,174,21,1300,0,7
67.05499,1,2,100,2,117,8.69921875,59,16,35,224,3.5996094,0.29998779,0.5,138,7.419922,108,9,1968,0,1
71.31598,0,2,527,1,95,10.5996094,83,24,35.59375,224,2,4.59960938,1.29980469,128,7.419922,98,23,2365,0,0
65.336,1,2,4,2,115,19.5,68,28,38.19531,155,2.8999023,0.89990234,1.69995117,131,7.30957,191,45,1725,0,1
58.77899,1,2,4,0,88,8.8984375,93,20,36.79688,224,4.0996094,0.29998779,0.89990234,137,7.419922,164,20,2150,0,1
80.05499,1,2,50,3,127,8.09960938,102,38,37.79688,138.75,3.0996094,2.39990234,1.69995117,147,7.479492,164,32,3325,0,1
33.16599,1,2,35,1,101,6.89941406,112,24,36,280.9375,2.8999023,10.5,0.69995117,141,7.519531,221,10,1320,0,5
62.86398,1,1,258,2,68,8.69921875,120,22,38.09375,93.875,2.8999023,0.39996338,4.29980469,134,7.15918,115,60,2250,0,0
68.16199,1,2,317,4,67,11.7988281,74,24,35.89844,233.3125,5.5,0.69995117,0.89990234,135,7.379883,111,10,2300,0,1
64.17798,1,2,23,2,109,9.8984375,83,38,37.89844,212,2.8999023,1.19995117,1.39990234,137,7.519531,69,19,5950,0,1
81.14697,0,2,522,2,78,13.5,118,28,38.69531,128,3.7998047,0.39996338,1.09985352,138,7.439453,199,10,1500,0,0
86.60095,1,1,9,1,135,18.3984375,110,22,39.19531,251.40625,3.0996094,0.59997559,0.89990234,123,7.509766,126,30,2015,0,0
75.19196,1,1,477,2,108,9.79882812,110,24,38.89844,224,2.8999023,0.89990234,1.19995117,140,7.419922,135,23,850,0,1
75.10699,1,1,35,4,71,30,136,24,38.89844,103.32812,2.2998047,0.39996338,1,148,7.399414,172,27,1300,0,0
62.44498,1,2,5,1,67,11.5996094,57,56,38.39844,167.125,3,3.59960938,2,132,7.30957,184,50,1760,0,0
63.90997,1,2,150,1,63,31.5,122,26,36.39844,89.32812,2.8999023,0.89990234,1.5,130,7.339844,151,57,623,7,5
68.92499,0,2,512,4,72,13.2988281,68,10,36.59375,145,2.8999023,0.89990234,0.89990234,142,7.40918,130,30,1725,0,1
72.19397,0,1,513,3,64,9.3984375,108,10,37.79688,187.5,2.8999023,0.29998779,2,141,7.389648,94,43,1100,0,0
59.46899,1,1,87,1,109,20.8984375,112,30,36,145.4375,2.7998047,1.29980469,1.09985352,127,7.439453,243,15,4985,0,1
65.15497,1,1,84,2,69,11.0996094,69,20,35.79688,224,3.5996094,1.79980469,0.79992676,132,7.419922,153,16,1968,0,1
64.06799,1,1,166,1,114,13.0996094,110,14,35.79688,153.3125,2.8999023,0.89990234,0.59997559,138,7.439453,147,23,1485,0,1
66.05597,1,1,162,2,105,7.59960938,69,22,36.09375,224,2.8999023,0.89990234,0.89990234,144,7.419922,107,9,5525,0,3
88.112,1,1,112,4,64,5.79980469,70,20,35.59375,224,4.2998047,1.59985352,1.39990234,136,7.419922,118,29,1390,2,1
22.459,0,1,498,1,121,20.1992188,115,28,38.89844,144,1.7998047,1,0.59997559,132,7.419922,157,28,2595,1,6
66.25098,1,2,7,1,99,8.8984375,71,24,36.09375,233.3125,2.8999023,0.29998779,2.79980469,137,7.40918,174,46,1325,0,5
74.46698,0,2,493,2,51,10.5996094,106,40,39.09375,92.5,3,0.69995117,1.29980469,132,7.479492,240,25,1150,0,0
73.47595,0,2,491,2,115,12,76,29,36.29688,223.3125,2.8999023,0.89990234,0.89990234,135,7.349609,177,17,2025,0,0
66.24194,0,1,491,4,109,7.69921875,110,20,36.19531,224,3.0996094,0.29998779,1.09985352,139,7.419922,74,11,3250,0,0
71.49097,0,1,490,4,146,29.8984375,152,44,38.79688,250,3,4.39941406,1.79980469,150,7.289062,368,56,1400,0,0
69.61298,0,1,489,3,57,10.2988281,120,32,38.59375,250,2.2998047,1,0.69995117,136,7.349609,95,10,2600,0,0
78.61694,0,2,489,6,76,8.69921875,60,22,35.5,220,2.8999023,0.69995117,0.89990234,144,7.289062,176,26,950,4,6
76.22498,0,2,487,1,71,10.8984375,158,32,35.79688,244.4375,2.7998047,0.5,2.19970703,141,7.40918,144,49,2550,0,1
66.55396,1,2,290,2,67,0.5,102,24,37.79688,330,2.0996094,0.59997559,1.09985352,142,7.419922,122,18,2550,0,1
65.56097,0,2,484,3,111,6.19921875,107,24,38.79688,224,4.5,0.69995117,1.5,136,7.419922,110,25,2150,0,0
83.39496,0,1,485,0,79,8.19921875,67,24,37.89844,316,2.8999023,0.19998169,0.69995117,138,7.419922,124,18,1000,0,0
67.35699,0,2,485,1,51,10,181,24,36.19531,356,2.8999023,0.59997559,1.19995117,133,7.469727,168,27,930,0,1
48.19998,0,2,482,2,63,10,127,8,40.89844,155,2.5,1.5,3.69970703,144,7.469727,108,72,1510,0,1
59.95599,1,2,132,2,41,14.7988281,140,20,35.19531,88.75,2.3999023,10.2988281,1.09985352,131,7.30957,94,23,350,0,0
81.66699,0,2,482,0,67,20.1992188,74,28,35.39844,440,3,6.09960938,4.89941406,135,7.449219,154,50,175,0,0
78.05096,1,1,65,0,100,17,70,16,35.59375,224,4,0.5,1,127,7.419922,276,21,1968,0,0
72.87299,1,2,66,1,79,11.6992188,74,16,36.29688,224,2.8999023,0.19998169,0.89990234,140,7.419922,135,23,3300,0,1
76.07697,1,2,18,2,58,10.7988281,69,20,36.39844,238.09375,2.8999023,0.39996338,1.5,140,7.439453,108,32,1968,0,0
70.09198,1,1,77,5,65,58.296875,70,24,36.19531,224,3.2998047,2.19970703,2.19970703,128,7.419922,103,57,370,6,3
87.45795,1,2,187,3,47,10.5996094,150,10,38.69531,438.0625,2.8999023,0.89990234,0.69995117,134,7.519531,158,19,1175,0,0
72.21594,1,1,144,1,58,5.69921875,123,32,39.29688,224,2,16.796875,1.19995117,134,7.419922,98,3,1968,0,1
71.69098,0,2,474,3,101,19.6992188,78,24,37.39844,180,2.0996094,0.5,5,130,7.319336,98,61,1570,0,0
64.31195,1,1,7,1,115,7.19921875,130,28,35.69531,276,2.8999023,0.89990234,0.79992676,143,7.429688,103,11,2200,0,0
82.21497,1,2,26,3,73,16.1992188,120,14,38.19531,198.15625,1.3999023,1.79980469,0.89990234,132,7.40918,183,36,1610,0,1
75.60297,0,1,472,2,117,8.09960938,122,36,38.59375,338.0625,3.3999023,0.59997559,0.69995117,128,7.489258,274,17,1200,0,2
81.72198,1,2,437,3,113,8.69921875,98,42,38.09375,124,3,0.89990234,0.89990234,141,7.459961,286,33,1910,0,1
57.396,1,1,69,2,78,18.1992188,140,22,37.79688,224,3.3999023,0.79992676,1,128,7.419922,133,14,2900,0,4
60.64099,0,2,468,1,125,13.2988281,100,24,38.79688,224,2,0.19998169,2.59960938,149,7.419922,162,54,1350,0,1
73.00195,0,1,469,3,70,8.19921875,172,24,36.09375,153.03125,2.699707,1,1,144,7.399414,113,46,4225,1,1
40.19699,0,1,466,0,119,16.5976562,118,32,36.19531,308,3.2998047,0.39996338,0.69995117,138,7.459961,310,18,2025,0,1
75.19196,1,2,8,1,57,11.1992188,66,14,38.59375,262.5,2.699707,0.5,0.79992676,139,7.459961,84,18,580,0,2
42.61499,0,2,461,0,117,6.59960938,67,24,36.39844,308.6875,4.0996094,1,1.89990234,138,7.469727,216,31,1550,0,0
64.29297,1,1,84,4,106,6.5,93,16,36.09375,224,4.3994141,0.39996338,1.19995117,139,7.419922,108,16,2475,0,1
63.866,1,2,21,2,72,10.5996094,106,10,35.69531,224,2.8999023,0.89990234,1.39990234,136,7.419922,152,27,2370,1,5
40.241,1,1,6,2,84,8.3984375,76,20,36.39844,224,2.8999023,0.89990234,1.19995117,134,7.419922,159,20,1968,0,1
70.80896,0,2,460,3,120,8.19921875,83,24,35.79688,247.59375,2.8999023,0.69995117,0.79992676,138,7.40918,84,13,1968,0,0
74.52197,1,1,309,5,67,23.3984375,98,24,35.79688,195.21875,2.699707,0.29998779,0.59997559,131,7.419922,141,14,1968,0,1
65.71399,0,2,454,1,81,13.3984375,73,24,36.09375,204,2.8999023,0.89990234,1.19995117,142,7.349609,191,33,3175,1,0
88.46497,0,1,453,0,63,7.69921875,64,16,36.29688,224,3.3999023,0.39996338,1.29980469,134,7.419922,101,24,950,5,6
68.41095,1,2,46,1,63,6.09960938,106,10,39,420,2.8999023,1.29980469,0.59997559,131,7.439453,141,12,2500,0,0
75.16998,0,1,451,3,119,13.1992188,104,28,35.59375,264,3.5996094,0.79992676,1.09985352,131,7.269531,316,21,1968,0,0
66.96198,1,1,59,1,52,10.7988281,72,34,38.59375,153.3125,1.5998535,4.5,1,140,7.479492,131,24,4105,0,0
78.10498,0,2,447,0,72,14.1992188,68,8,37.89844,190,4.3994141,0.29998779,1.09985352,137,7.389648,181,15,2915,0,0
74.90198,0,2,446,1,98,11.5,69,22,36.19531,224,2.8999023,1.09985352,1.09985352,139,7.419922,116,13,1968,0,0
67.40295,1,1,159,4,67,7.59960938,57,20,35.69531,224,4.6992188,1.39990234,1.79980469,139,7.419922,88,35,2000,2,1
71.54297,0,2,445,3,76,10,121,24,36.19531,540,2.8999023,0.89990234,1.39990234,133,7.509766,110,24,1250,0,0
48.89798,1,1,7,3,76,9.79882812,60,14,36.39844,224,2.8999023,0.89990234,4.39941406,132,7.419922,143,86,3550,0,1
58.26099,0,1,442,4,65,8.8984375,63,27,38.09375,320,2.699707,1.5,1.39990234,146,7.399414,177,30,3750,0,0
64.25494,0,2,442,4,64,13.5996094,100,28,36.19531,105,3,4.89941406,0.79992676,131,7.479492,155,19,1400,0,1
53.38797,1,2,184,1,108,15,80,10,39.5,401,4.0996094,0.89990234,1.79980469,140,7.479492,161,15,2250,0,0
54.48898,0,2,440,1,108,11,58,10,36.29688,156,3.7998047,0.79992676,1.19995117,143,7.5,182,32,825,0,0
59.96698,1,2,15,5,107,5.89941406,72,7,36.09375,158,3.199707,0.59997559,1.09985352,141,7.489258,133,33,700,0,6
58.64999,1,2,394,2,117,1,76,20,36.59375,224,4.1992188,0.89990234,0.89990234,139,7.419922,169,21,2150,0,1
57.50897,0,1,436,2,77,19.796875,104,20,36.09375,224,2.7998047,1.09985352,1.19995117,120,7.419922,155,28,1968,1,1
41.66998,0,2,436,7,55,29.0976562,50,14,36.69531,163.25,3.7998047,2.39990234,2.89990234,132,7.429688,202,68,2350,0,1
75.737,0,1,436,2,79,8.09960938,60,20,35.69531,224,4.5,1.09985352,1.29980469,136,7.419922,104,28,2900,0,1
73.98999,0,2,436,4,68,10.7988281,78,28,36,456.625,2.8999023,0.59997559,1.19995117,128,7.459961,124,23,1380,1,1
60.68997,0,2,436,3,99,6.29980469,74,20,36.09375,309.5,2.8999023,0.89990234,1.09985352,143,7.449219,154,16,3750,0,1
61.81799,1,1,77,2,113,17.5976562,114,28,36.09375,260,3.199707,0.29998779,0.69995117,136,7.399414,210,12,625,0,1
77.27594,1,2,109,6,79,13.5,68,24,35.59375,276.1875,3.3999023,0.5,1.69995117,137,7.319336,255,45,1250,1,1
81.36896,1,1,27,1,105,1.69995117,128,35,38.19531,80,2.8999023,0.5,1.09985352,127,7.519531,175,22,3850,0,1
68.39398,1,1,28,3,115,9.79882812,74,20,36.09375,224,3.7998047,1.79980469,1.29980469,137,7.419922,111,27,1900,1,2
70.67499,0,1,430,3,71,13.0996094,54,20,36.89844,224,4.6992188,0.5,1.19995117,134,7.419922,194,16,2875,4,1
68.10394,0,1,430,0,87,1.79980469,64,22,36.29688,224,4,0.79992676,1.09985352,134,7.419922,118,9,3100,0,0
63.59799,1,1,7,1,80,12.0996094,74,22,36.39844,224,2.8999023,0.89990234,0.79992676,135,7.419922,205,12,2225,0,2
80.12897,1,2,55,1,63,6.5,122,40,36,128.5625,2.8999023,1.09985352,1.09985352,142,7.379883,126,45,1968,0,5
72.76898,1,2,6,3,64,1.69995117,69,24,36.5,366.625,4.1992188,0.89990234,1.19995117,134,7.439453,127,11,1925,0,1
58.26099,0,2,423,0,69,16.796875,117,26,36.89844,400,2.8999023,0.89990234,5.09960938,134,7.459961,135,80,220,0,0
76.53894,1,2,129,1,44,0.29998779,170,24,38.29688,183.65625,3,0.89990234,5,137,7.369141,237,96,5,0,1
91.30695,0,1,421,6,110,10.5996094,62,24,36,283.3125,3,0.89990234,0.89990234,138,7.449219,110,11,2600,0,1
46.836,0,2,423,0,158,27.296875,118,29,36.39844,220,2.8999023,0.89990234,1,142,7.589844,171,16,1800,0,0
77.69995,0,2,421,0,77,6.19921875,140,28,35.29688,338.0625,3.8999023,0.5,3.59960938,137,7.339844,88,49,800,0,0
61.09497,1,2,52,2,104,10.5996094,118,18,36.09375,224,2.8999023,0.89990234,0.79992676,133,7.419922,128,18,3350,0,0
30.683,1,2,10,1,101,17.3984375,77,12,36.39844,177.125,2.8999023,0.89990234,0.79992676,139,7.369141,132,15,1975,0,1
72.24896,0,2,420,0,78,7.29980469,59,24,36.29688,323.75,2.8999023,0.59997559,2,137,7.389648,203,51,1968,0,1
59.59998,0,2,417,0,63,10.5996094,112,24,36.09375,224,2.8999023,0.89990234,1.29980469,136,7.419922,104,16,2225,0,0
45.35498,0,1,418,3,81,8.69921875,53,24,35.09375,224,3.2998047,0.5,1.69995117,131,7.419922,108,33,3100,0,0
76.25995,1,1,23,3,120,17,76,32,36.59375,183.3125,2.8999023,0.89990234,2,141,7.40918,202,40,1920,0,0
74.05896,1,1,79,1,56,17.796875,76,10,36,111.65625,2.199707,0.59997559,1.39990234,151,7.429688,76,39,2625,5,7
56.60498,0,2,412,2,48,12.2988281,137,9,38.19531,97.76562,2.8999023,0.89990234,0.59997559,140,7.429688,256,10,1100,0,1
65.51697,1,1,80,5,74,12.2988281,134,36,39.5,234.28125,2.8999023,0.89990234,0.69995117,140,7.509766,224,21,2285,0,1
69.67297,0,2,411,3,66,12.5996094,79,20,36.39844,224,3.699707,0.39996338,1.19995117,135,7.419922,124,21,2800,0,2
36.73398,0,2,409,2,71,9.59960938,60,20,36.19531,247.59375,2.8999023,0.89990234,1.19995117,140,7.399414,135,23,1650,0,0
65.96594,0,1,408,0,75,11.2988281,74,20,35.5,460,2.8999023,0.89990234,1.19995117,143,7.389648,154,21,1050,0,2
77.58197,1,1,6,1,47,23.8984375,102,24,38.19531,215.6875,2.0996094,2,0.79992676,130,7.399414,230,17,1162,0,1
44.44397,1,2,8,4,119,12.1992188,79,16,36.29688,224,2.8999023,0.5,0.59997559,139,7.419922,142,12,3650,0,0
65.96594,1,2,320,2,48,5.09960938,79,16,36.29688,224,3.8999023,0.5,1.39990234,136,7.419922,205,14,3750,3,2
36.81,1,1,25,1,79,8.29882812,104,24,36.19531,319,2.8999023,0.5,0.69995117,131,7.399414,110,5,4800,0,0
79.61694,1,2,35,1,64,8,112,24,38.69531,314.25,4.2998047,0.59997559,1.19995117,139,7.519531,123,16,1775,0,0
69.36597,0,2,405,0,120,10.8984375,110,32,35.5,163.25,2.5,0.29998779,1.09985352,149,7.449219,149,30,4375,0,0
50.41199,0,2,403,0,133,24.796875,120,10,39,126.14062,2.7998047,1.39990234,3.19970703,150,7.329102,81,64,840,0,0
75.13995,0,2,403,0,81,13.3984375,64,16,36.29688,195.90625,2.8999023,0.69995117,1.09985352,138,6.829102,320,20,1925,0,1
53.21298,1,2,7,2,59,19.1992188,130,12,36.39844,131.09375,3,0.79992676,2.19970703,135,7.359375,123,60,3105,0,0
77.33295,1,1,20,2,67,7.79980469,74,28,38.39844,154.28125,2.8999023,0.89990234,1.09985352,143,7.419922,165,18,1025,0,0
48.405,1,1,11,1,65,10.6992188,74,24,36.19531,192,2.8999023,0.89990234,1,144,7.399414,104,22,2600,0,0
49.11697,0,2,394,2,109,3.5,71,24,36.19531,336,2.3999023,8.19921875,0.89990234,137,7.259766,139,11,1968,0,1
70.36798,0,2,394,2,67,6.89941406,66,28,36.29688,238.09375,4.5,1.5,2,143,7.449219,143,53,1175,0,1
66.146,1,2,12,2,59,8.79882812,128,40,36.29688,224,2.5,1.89990234,1.39990234,134,7.419922,108,24,2700,0,1
63.43298,1,2,143,2,71,16.5976562,48,16,36.19531,224,2.5,0.29998779,0.79992676,131,7.419922,77,15,1500,0,1
59.53198,1,1,22,0,59,14.7988281,94,10,38.09375,282.5,2.8999023,0.89990234,1.69995117,133,7.5,405,31,2750,0,0
62.84998,0,2,391,3,65,19.296875,140,22,36.59375,195,2.8999023,0.89990234,2,132,7.449219,137,58,2570,0,2
76.72797,1,2,242,1,91,3.29980469,67,16,36.09375,224,3.5996094,0.5,0.89990234,136,7.419922,97,9,1475,0,1
53.32498,1,2,308,2,71,8,135,20,36.39844,230.40625,2.8999023,1.29980469,1.09985352,137,7.30957,118,19,1510,0,1
51.47998,0,2,386,1,60,0.19998169,160,34,38.39844,224,2.7998047,0.89990234,1,141,7.419922,169,26,1968,0,2
54.05298,1,2,272,1,125,12.6992188,78,25,38.29688,256,1.8999023,2,1.29980469,144,7.479492,121,47,3100,0,0
75.40594,1,2,10,2,109,15.3984375,110,30,36.19531,222.5,3.699707,0.79992676,0.89990234,140,7.239258,147,18,1515,0,0
85.66498,1,1,4,1,102,24.296875,70,20,35.89844,224,2.8999023,0.89990234,1.19995117,137,7.419922,158,11,1968,0,1
65.06195,1,1,376,3,109,7.39941406,63,16,35.39844,224,2.8999023,1,1.29980469,139,7.419922,130,27,1968,1,0
18.41499,0,2,380,1,65,38.3984375,104,30,36,152.5,2.8999023,1,1.29980469,132,7.419922,243,25,1225,0,0
70.48297,0,2,364,2,93,15.5,69,32,36,280.9375,2.8999023,0.39996338,1.19995117,139,7.399414,144,32,950,0,1
75.50696,0,2,364,1,102,10.5996094,71,24,35.89844,224,2.8999023,0.89990234,1.19995117,140,7.419922,135,23,1968,0,0
51.452,1,1,337,1,118,9.59960938,60,16,36.19531,224,3.5996094,0.39996338,2.59960938,135,7.419922,154,59,1450,0,1
74.62,0,2,361,5,66,8.3984375,132,23,38.59375,215,2.0996094,1.89990234,0.79992676,143,7.399414,280,38,2650,0,0
64.51196,0,2,361,2,49,19.5,116,34,36,208.5625,2.5996094,0.39996338,2.69970703,136,7.289062,175,50,1205,0,0
79.17596,0,2,359,2,80,15.7988281,107,32,35.69531,328,3,0.29998779,0.69995117,135,7.449219,149,11,1150,0,0
75.948,0,2,359,2,71,4.59960938,67,24,36.29688,252.375,2.8999023,0.39996338,1.29980469,141,7.379883,113,32,1968,0,2
69.64795,1,1,14,1,178,8.19921875,76,20,36.19531,224,2.8999023,0.29998779,0.69995117,132,7.419922,144,8,3320,0,3
18.04199,0,1,358,0,77,11.5996094,60,24,35.69531,240,2.8999023,0.89990234,0.89990234,140,7.419922,159,18,1968,0,1
80.60199,1,1,295,3,69,23.5,104,20,36.19531,184,2.8999023,0.69995117,0.69995117,132,7.489258,170,7,1175,2,1
66.05597,0,2,356,1,56,65.59375,134,10,38.69531,349.0625,2.8999023,0.89990234,0.79992676,142,7.449219,127,19,1570,0,0
64.48499,0,1,356,2,64,6.19921875,116,8,39.39844,175,3,0.89990234,1.69995117,129,7.359375,278,59,3828,0,1
70.42297,1,2,17,4,129,24.5976562,57,10,37.5,217,2.8999023,0.89990234,1.19995117,136,7.419922,179,22,2010,0,1
68.61597,0,1,353,2,71,12.5996094,110,10,36.19531,135,4.0996094,0.59997559,0.79992676,128,7.489258,142,17,950,0,1
66.073,0,2,350,1,109,7.39941406,104,22,35.69531,280,3.699707,0.39996338,1.09985352,131,7.459961,188,21,1968,0,0
55.15399,0,1,347,1,43,10.5996094,0,8,38.59375,218.5,2.8999023,0.89990234,5.89941406,135,7.289062,190,49,0,0,0
70.38196,0,2,346,1,111,8.3984375,83,24,36.69531,180,2.8999023,0.39996338,2.69970703,139,7.379883,189,60,3900,0,1
47.01999,1,2,7,1,99,7.59960938,110,24,36.39844,428.5625,1.1999512,0.39996338,3.5,135,7.469727,246,55,1968,0,0
81.53894,1,1,198,1,75,8.59960938,69,24,36.19531,230.40625,4.5,0.59997559,1.19995117,137,7.289062,187,15,1968,0,1
