Dataset,DGP,Rep,Method,MAE,RMSE,R2,Spearman,Bias,Acc,Prec,Rec,F1,AUC,Rules
PBC,AFT-Gumbel,0,Cox T-learner,0.18760930630125047,0.2373701517325694,-0.5686866107607038,0.3344247612889941,-0.08994733334449038,0.6382978723404256,0.5306122448979592,0.7027027027027027,0.6046511627906976,0.6505452821242296,
PBC,AFT-Gumbel,0,CSF (RF),0.16723884511086345,0.2054854484833059,-0.17556357278851698,0.3400306070608768,-0.037679617286516025,0.5531914893617021,0.4647887323943662,0.8918918918918919,0.6111111111111112,0.6842105263157895,
PBC,AFT-Gumbel,0,Bo & Ding,0.49513947413363363,0.6087177010133129,-9.31610696671705,0.00915457562455107,0.0196351078111337,0.4574468085106383,0.38333333333333336,0.6216216216216216,0.4742268041237113,0.49312470365101946,170.0
PBC,AFT-Gumbel,0,Hybrid,0.3633678186278261,0.4512106732771597,-4.668167862406745,0.0659670359910578,-0.026672280952715448,0.5531914893617021,0.45614035087719296,0.7027027027027027,0.5531914893617021,0.5229966808914177,182.0
PBC,AFT-Gumbel,0,CRE,0.31526586286969766,0.406647460166521,-3.6038387412598887,0.1514807710551275,0.0025584062254694895,0.5531914893617021,0.45901639344262296,0.7567567567567568,0.5714285714285714,0.5756282598387862,291.0
PBC,AFT-Gumbel,0,SCRE,0.16222575360918245,0.24147778649067655,-0.6234478688209595,0.028348860416582047,-0.15010470366705245,0.5851063829787234,0.45,0.24324324324324326,0.3157894736842105,0.4523470839260314,1.0
PBC,AFT-Gumbel,0,CISCaRL (direct),0.18207275279792734,0.19845713311821678,-0.09652213129107001,0.1323259884716967,0.05579601981948713,0.39361702127659576,0.39361702127659576,1.0,0.5648854961832062,0.5796586059743954,2.0
PBC,AFT-Gumbel,0,CISCaRL (auto),0.1760138339637027,0.18322484554681318,0.06534205191560438,0.31652269625668356,0.021518039636260974,0.39361702127659576,0.39361702127659576,1.0,0.5648854961832062,0.6363205310573732,4.0
PBC,AFT-Gumbel,0,CISCaRL (posthoc),0.1760138339637027,0.18322484554681318,0.06534205191560438,0.31652269625668356,0.021518039636260974,0.39361702127659576,0.39361702127659576,1.0,0.5648854961832062,0.6363205310573732,4.0
PBC,AFT-Gumbel,1,Cox T-learner,0.20591859611281585,0.2550906968353367,-1.2974860737018865,0.29895431600511646,0.09692127406517168,0.46808510638297873,0.43209876543209874,0.8974358974358975,0.5833333333333334,0.6400932400932401,
PBC,AFT-Gumbel,1,CSF (RF),0.19767565395576978,0.24727560476365107,-1.1588685150667666,0.08212054106720737,0.08938274213820784,0.4787234042553192,0.4375,0.8974358974358975,0.5882352941176471,0.5804195804195804,
PBC,AFT-Gumbel,1,Bo & Ding,0.4813932165906312,0.5942459071426622,-11.467978527860724,-0.07139195488548072,0.07638287753608639,0.44680851063829785,0.38596491228070173,0.5641025641025641,0.4583333333333333,0.5016317016317016,157.0
PBC,AFT-Gumbel,1,Hybrid,0.3886592240868204,0.45997350617013144,-6.470149312576933,-0.040046386824411896,0.08027663956691224,0.4148936170212766,0.375,0.6153846153846154,0.46601941747572817,0.5053613053613053,168.0
PBC,AFT-Gumbel,1,CRE,0.3559215156511527,0.4287518373257993,-5.490462357574594,-0.007052752813740486,0.08962576951892799,0.4574468085106383,0.4142857142857143,0.7435897435897436,0.5321100917431193,0.5351981351981352,258.0
PBC,AFT-Gumbel,1,SCRE,0.13376128595294595,0.21477962842251452,-0.6287327182111246,0.19285205268451727,-0.1336130456901875,0.6063829787234043,0.625,0.1282051282051282,0.2127659574468085,0.5347319347319347,1.0
PBC,AFT-Gumbel,1,CISCaRL (direct),0.20065962425323705,0.22910507490503515,-0.8532459765975406,-0.1802635618834495,0.14008888103161346,0.4148936170212766,0.4148936170212766,1.0,0.5864661654135338,0.424009324009324,4.0
PBC,AFT-Gumbel,1,CISCaRL (auto),0.18927300564955873,0.21350251424134284,-0.6094208921405919,-0.1557922014759606,0.11890560713089224,0.4148936170212766,0.4148936170212766,1.0,0.5864661654135338,0.4300699300699301,5.0
PBC,AFT-Gumbel,1,CISCaRL (posthoc),0.18927300564955873,0.21350251424134284,-0.6094208921405919,-0.1557922014759606,0.11890560713089224,0.4148936170212766,0.4148936170212766,1.0,0.5864661654135338,0.4300699300699301,5.0
PBC,AFT-Gumbel,2,Cox T-learner,0.19970566958352434,0.24232821983605307,-0.618850490989999,0.15608881174152078,-0.0707398438354219,0.574468085106383,0.5362318840579711,0.8222222222222222,0.6491228070175439,0.5396825396825395,
PBC,AFT-Gumbel,2,CSF (RF),0.22118312818766675,0.26449049887931186,-0.9284967395370844,0.003126922791045104,-0.0523550828070383,0.5319148936170213,0.5072463768115942,0.7777777777777778,0.6140350877192983,0.5174603174603175,
PBC,AFT-Gumbel,2,Bo & Ding,0.4198260799531085,0.5199597506975379,-6.453121671651997,0.1849095265437719,-0.057188635323044724,0.5531914893617021,0.5263157894736842,0.6666666666666666,0.5882352941176471,0.6199546485260771,163.0
PBC,AFT-Gumbel,2,Hybrid,0.33529735824861384,0.46007816579102323,-4.835284080560522,0.3466205610592167,-0.062066064358539876,0.6276595744680851,0.5833333333333334,0.7777777777777778,0.6666666666666666,0.6975056689342404,165.0
PBC,AFT-Gumbel,2,CRE,0.31761712958337024,0.4290965177521981,-4.0758495110769255,0.3775778764718079,-0.033131381444489474,0.6382978723404256,0.5846153846153846,0.8444444444444444,0.6909090909090909,0.7170068027210884,246.0
PBC,AFT-Gumbel,2,SCRE,0.19503575329020223,0.26865788945717234,-0.9897474405566737,-0.16775433916147958,-0.18274323601501333,0.48936170212765956,0.46153846153846156,0.4,0.42857142857142855,0.4290249433106576,1.0
PBC,AFT-Gumbel,2,CISCaRL (direct),0.18002211992061165,0.19604871455641432,-0.059562929906323614,0.0,-0.04648241112529005,0.4787234042553192,0.4787234042553192,1.0,0.6474820143884892,,0.0
PBC,AFT-Gumbel,2,CISCaRL (auto),0.23350273542917926,0.28442352820961053,-1.230128030042029,-0.1794743004384443,0.021501947222224205,0.4787234042553192,0.4787234042553192,1.0,0.6474820143884892,0.41564625850340137,3.0
PBC,AFT-Gumbel,2,CISCaRL (posthoc),0.23350273542917926,0.28442352820961053,-1.230128030042029,-0.1794743004384443,0.021501947222224205,0.4787234042553192,0.4787234042553192,1.0,0.6474820143884892,0.41564625850340137,3.0
PBC,AFT-Gumbel,3,Cox T-learner,0.20651206983917486,0.2605732283038803,-1.0658177729424514,0.10334440835341835,0.018635537584959228,0.5425531914893617,0.5125,0.9111111111111111,0.656,0.5687074829931973,
PBC,AFT-Gumbel,3,CSF (RF),0.17273953512174978,0.22409762971659342,-0.527942279488308,0.30897272256753144,0.036959407405970854,0.6382978723404256,0.5733333333333334,0.9555555555555556,0.7166666666666667,0.7083900226757369,
PBC,AFT-Gumbel,3,Bo & Ding,0.36143461980485475,0.45730103822260254,-5.362631878400991,0.18069870782266378,0.07716708792302507,0.5638297872340425,0.53125,0.7555555555555555,0.6238532110091743,0.6671201814058957,179.0
PBC,AFT-Gumbel,3,Hybrid,0.4060579841036249,0.4850061511194675,-6.156932406209824,0.22308761628181883,0.09777414874092555,0.6276595744680851,0.5757575757575758,0.8444444444444444,0.6846846846846847,0.6848072562358277,179.0
PBC,AFT-Gumbel,3,CRE,0.38781272667081124,0.467356758265566,-5.6455277645618684,0.2350494605747445,0.1087363265676093,0.574468085106383,0.5373134328358209,0.8,0.6428571428571429,0.692063492063492,282.0
PBC,AFT-Gumbel,3,SCRE,0.1835298537965935,0.2502238381437472,-0.9049772129906335,-0.12999733129554344,-0.16248502120272487,0.425531914893617,0.3902439024390244,0.35555555555555557,0.37209302325581395,0.41088435374149657,3.0
PBC,AFT-Gumbel,3,CISCaRL (direct),0.14243366707768493,0.19503031322944203,-0.15727523304508773,0.4185287265413371,-0.028474256476363112,0.7127659574468085,0.6666666666666666,0.8,0.7272727272727273,0.7163265306122449,1.0
PBC,AFT-Gumbel,3,CISCaRL (auto),0.14533041205290434,0.1854305493717943,-0.04615248813964712,0.4185287265413371,-0.08416889114062613,0.4787234042553192,0.4787234042553192,1.0,0.6474820143884892,0.7163265306122449,1.0
PBC,AFT-Gumbel,3,CISCaRL (posthoc),0.14533041205290434,0.1854305493717943,-0.04615248813964712,0.4185287265413371,-0.08416889114062613,0.4787234042553192,0.4787234042553192,1.0,0.6474820143884892,0.7163265306122449,1.0
PBC,AFT-Gumbel,4,Cox T-learner,0.1936905520617164,0.24522137356958468,-0.694277124935228,0.16252007887461825,-0.002810292193128676,0.43617021276595747,0.3835616438356164,0.7777777777777778,0.5137614678899083,0.5272988505747126,
PBC,AFT-Gumbel,4,CSF (RF),0.18873987956485597,0.24376223454027163,-0.6741742217634097,0.3600269471029431,-0.01596440908118652,0.5106382978723404,0.421875,0.75,0.54,0.657088122605364,
PBC,AFT-Gumbel,4,Bo & Ding,0.5204584306474891,0.6270767146476801,-10.079219190767144,0.20636919707075327,-0.03551965174211154,0.5531914893617021,0.4423076923076923,0.6388888888888888,0.5227272727272727,0.5833333333333333,171.0
PBC,AFT-Gumbel,4,Hybrid,0.39102467738830815,0.4833338491820162,-5.582065926222788,0.38117925294214094,-0.034181949222558954,0.6170212765957447,0.5,0.7222222222222222,0.5909090909090909,0.6853448275862069,184.0
PBC,AFT-Gumbel,4,CRE,0.3741466870823068,0.45720615942796095,-4.889683413332943,0.3825007558450194,-0.03814106756300974,0.6063829787234043,0.4909090909090909,0.75,0.5934065934065934,0.6776819923371649,320.0
PBC,AFT-Gumbel,4,SCRE,0.1591346633361613,0.2382942195072483,-0.5999073027329112,0.13270366962842362,-0.14811978510069942,0.5957446808510638,0.4666666666666667,0.3888888888888889,0.42424242424242425,0.5522030651340997,1.0
PBC,AFT-Gumbel,4,CISCaRL (direct),0.21031080180072265,0.26636710829798477,-0.9990745849612637,0.14777397049647203,-0.17163316172994122,0.5106382978723404,0.41379310344827586,0.6666666666666666,0.5106382978723404,0.5397509578544061,2.0
PBC,AFT-Gumbel,4,CISCaRL (auto),0.1983208354194032,0.21876434348007964,-0.3484066351676569,-0.19491244657365242,0.05949974293023554,0.3829787234042553,0.3829787234042553,1.0,0.5538461538461539,0.4386973180076628,2.0
PBC,AFT-Gumbel,4,CISCaRL (posthoc),0.1983208354194032,0.21876434348007964,-0.3484066351676569,-0.19491244657365242,0.05949974293023554,0.3829787234042553,0.3829787234042553,1.0,0.5538461538461539,0.4386973180076628,2.0
PBC,AFT-Gumbel,5,Cox T-learner,0.28108336858706545,0.3585768369858172,-2.2338864473117908,0.25349832646104414,0.16617300086482242,0.46808510638297873,0.4482758620689655,0.9512195121951219,0.609375,0.5770823745973309,
PBC,AFT-Gumbel,5,CSF (RF),0.1973376128594614,0.23616752606620894,-0.40281584549687866,0.37445408523801466,0.0682608890271654,0.4787234042553192,0.45121951219512196,0.9024390243902439,0.6016260162601627,0.6585365853658537,
PBC,AFT-Gumbel,5,Bo & Ding,0.4108476041856508,0.49418706694180503,-5.142470133168727,0.169798982834786,-0.010584016690942746,0.46808510638297873,0.42105263157894735,0.5853658536585366,0.4897959183673469,0.5697192820984813,180.0
PBC,AFT-Gumbel,5,Hybrid,0.3699436169589752,0.45839428511745556,-4.284923332660383,0.18445593725409457,0.034740544686717764,0.5212765957446809,0.46875,0.7317073170731707,0.5714285714285714,0.5849056603773586,189.0
PBC,AFT-Gumbel,5,CRE,0.350846873148634,0.4298869678420559,-3.6480293464944094,0.18078771144730352,0.03847670875812119,0.5531914893617021,0.4925373134328358,0.8048780487804879,0.6111111111111112,0.5858260469397146,292.0
PBC,AFT-Gumbel,5,SCRE,0.17673158195987712,0.2581909556191305,-0.676649764282717,0.000342899368895684,-0.16525153667366524,0.40425531914893614,0.35294117647058826,0.43902439024390244,0.391304347826087,0.4114127933732168,1.0
PBC,AFT-Gumbel,5,CISCaRL (direct),0.18908447836031578,0.2222829360425145,-0.24271789296448487,-0.0035609303366121283,-0.04074188918301674,0.43617021276595747,0.43617021276595747,1.0,0.6074074074074074,0.47192820984813627,1.0
PBC,AFT-Gumbel,5,CISCaRL (auto),0.19182930929870515,0.20261031367369556,-0.03248416608572513,0.011169061920800428,0.028327984397409474,0.43617021276595747,0.43617021276595747,1.0,0.6074074074074074,0.4965485503911643,6.0
PBC,AFT-Gumbel,5,CISCaRL (posthoc),0.19182930929870515,0.20261031367369556,-0.03248416608572513,0.011169061920800428,0.028327984397409474,0.43617021276595747,0.43617021276595747,1.0,0.6074074074074074,0.4965485503911643,6.0
PBC,AFT-Gumbel,6,Cox T-learner,0.18951435606402492,0.2280450584868956,-0.43214509861224704,0.25486005553692864,0.07879512868054428,0.4574468085106383,0.449438202247191,0.9523809523809523,0.6106870229007634,0.6584249084249084,
PBC,AFT-Gumbel,6,CSF (RF),0.20552994243495315,0.24149096772637596,-0.6060071440376862,0.006143020652540034,0.08206886898942106,0.5,0.47191011235955055,1.0,0.6412213740458015,0.5476190476190477,
PBC,AFT-Gumbel,6,Bo & Ding,0.36904202552699267,0.5017875607312556,-5.934026085089094,0.3211650461930543,0.0844447586815763,0.5957446808510638,0.532258064516129,0.7857142857142857,0.6346153846153846,0.6744505494505495,187.0
PBC,AFT-Gumbel,6,Hybrid,0.35096145030814874,0.4314672816203276,-4.126741572407863,0.08018425409173546,0.07309208849301459,0.46808510638297873,0.4444444444444444,0.7619047619047619,0.5614035087719298,0.5663919413919414,175.0
PBC,AFT-Gumbel,6,CRE,0.3199072282728606,0.39612244007947023,-3.321202118323505,0.10669039739766305,0.08384468986326726,0.48936170212765956,0.4605263157894737,0.8333333333333334,0.5932203389830508,0.5773809523809524,278.0
PBC,AFT-Gumbel,6,SCRE,0.17608846591675423,0.25132066304009243,-0.739410481409768,0.1615337004878882,-0.16560859390871885,0.5425531914893617,0.4888888888888889,0.5238095238095238,0.5057471264367817,0.5879120879120879,2.0
PBC,AFT-Gumbel,6,CISCaRL (direct),0.1966685741013382,0.2200036282024495,-0.3329239617213082,-0.1667048095713898,0.0957446058602279,0.44680851063829785,0.44680851063829785,1.0,0.6176470588235294,0.43452380952380953,1.0
PBC,AFT-Gumbel,6,CISCaRL (auto),0.19197254895901106,0.20601683290549208,-0.1688293328340631,-0.10825977460797952,0.06945485018319408,0.44680851063829785,0.44680851063829785,1.0,0.6176470588235294,0.46474358974358976,3.0
PBC,AFT-Gumbel,6,CISCaRL (posthoc),0.19197254895901106,0.20601683290549208,-0.1688293328340631,-0.10825977460797952,0.06945485018319408,0.44680851063829785,0.44680851063829785,1.0,0.6176470588235294,0.46474358974358976,3.0
PBC,AFT-Gumbel,7,Cox T-learner,0.21029345785763306,0.2553000955892737,-0.6937485897859372,0.25189238879428766,0.08957326552393244,0.4787234042553192,0.47126436781609193,0.9318181818181818,0.6259541984732825,0.650909090909091,
PBC,AFT-Gumbel,7,CSF (RF),0.20603036207728084,0.26242029235276226,-0.7895416957854624,0.24917249027201926,0.04284319580820744,0.48936170212765956,0.47674418604651164,0.9318181818181818,0.6307692307692307,0.6740909090909091,
PBC,AFT-Gumbel,7,Bo & Ding,0.40225765329022284,0.47552810262934164,-4.876237867154112,0.17863541015128878,0.05635646973351134,0.5425531914893617,0.5081967213114754,0.7045454545454546,0.5904761904761905,0.5918181818181819,177.0
PBC,AFT-Gumbel,7,Hybrid,0.35563316854505655,0.4512978014443507,-4.29265307251878,0.23256308114035706,0.05067551837814104,0.5531914893617021,0.5151515151515151,0.7727272727272727,0.6181818181818182,0.6681818181818182,183.0
PBC,AFT-Gumbel,7,CRE,0.3370030668231056,0.43355818213108627,-3.8847435164780686,0.27846430807523853,0.05824616313454472,0.5638297872340425,0.5217391304347826,0.8181818181818182,0.6371681415929203,0.6754545454545456,290.0
PBC,AFT-Gumbel,7,SCRE,0.17044642258711373,0.2593268151366528,-0.7475992295496401,0.09765903093700029,-0.1697278607150775,0.5638297872340425,0.5405405405405406,0.45454545454545453,0.49382716049382713,0.5822727272727273,3.0
PBC,AFT-Gumbel,7,CISCaRL (direct),0.24986360012664272,0.3120258508574219,-1.5300444078420288,0.1615545090325285,-0.12971228817318098,0.574468085106383,0.5454545454545454,0.5454545454545454,0.5454545454545454,0.5945454545454545,2.0
PBC,AFT-Gumbel,7,CISCaRL (auto),0.18248985955453387,0.21387393800353188,-0.18867389180763117,0.1751320758010371,0.01585812136355446,0.46808510638297873,0.46808510638297873,1.0,0.6376811594202898,0.5763636363636363,1.0
PBC,AFT-Gumbel,7,CISCaRL (posthoc),0.18248985955453387,0.21387393800353188,-0.18867389180763117,0.1751320758010371,0.01585812136355446,0.46808510638297873,0.46808510638297873,1.0,0.6376811594202898,0.5763636363636363,1.0
PBC,AFT-Gumbel,8,Cox T-learner,0.15905499523683342,0.20979094880742769,-0.3015810551742806,0.42305642962071366,0.032694307805157696,0.5,0.4430379746835443,0.9210526315789473,0.5982905982905983,0.7152255639097744,
PBC,AFT-Gumbel,8,CSF (RF),0.17939303397409578,0.22728772095212668,-0.5277407832395875,0.24143040721186707,0.050491487133513833,0.5,0.4444444444444444,0.9473684210526315,0.6050420168067226,0.6198308270676691,
PBC,AFT-Gumbel,8,Bo & Ding,0.4280528575414457,0.501820639426466,-6.4472299426522195,0.19957303273063454,0.04220677131278702,0.48936170212765956,0.41379310344827586,0.631578947368421,0.5,0.5921052631578947,176.0
PBC,AFT-Gumbel,8,Hybrid,0.36841139965418634,0.48049803615895537,-5.827802628925655,0.20470656106837168,0.016907687949936825,0.5106382978723404,0.4375,0.7368421052631579,0.5490196078431373,0.6132518796992481,168.0
PBC,AFT-Gumbel,8,CRE,0.3559545355792258,0.45375136427956553,-5.088826682796281,0.18516498409967966,0.019189022994297807,0.5319148936170213,0.45161290322580644,0.7368421052631579,0.56,0.6076127819548872,271.0
PBC,AFT-Gumbel,8,SCRE,0.14270518112230268,0.23203585209626348,-0.5922377313056806,0.28302715389149774,-0.1422478988737265,0.6808510638297872,0.7857142857142857,0.2894736842105263,0.4230769230769231,0.612546992481203,1.0
PBC,AFT-Gumbel,8,CISCaRL (direct),0.16539315851633132,0.1926830887633626,-0.09795596776961046,0.03539488902525103,-0.04110417133934126,0.40425531914893614,0.40425531914893614,1.0,0.5757575757575758,0.4727443609022557,1.0
PBC,AFT-Gumbel,8,CISCaRL (auto),0.17588788311215187,0.19212677933017946,-0.09162514217794482,0.03539488902525103,0.009723222959069525,0.40425531914893614,0.40425531914893614,1.0,0.5757575757575758,0.4727443609022557,1.0
PBC,AFT-Gumbel,8,CISCaRL (posthoc),0.17588788311215187,0.19212677933017946,-0.09162514217794482,0.03539488902525103,0.009723222959069525,0.40425531914893614,0.40425531914893614,1.0,0.5757575757575758,0.4727443609022557,1.0
PBC,AFT-Gumbel,9,Cox T-learner,0.2151801770400179,0.2586083103138112,-0.5560062327563042,0.16109844657365296,0.07914448084248223,0.425531914893617,0.4117647058823529,0.8974358974358975,0.5645161290322581,0.5365967365967366,
PBC,AFT-Gumbel,9,CSF (RF),0.15738069482522193,0.19248067123767823,0.13801317509876898,0.5138653473351559,0.06332824938332479,0.48936170212765956,0.4482758620689655,1.0,0.6190476190476191,0.7561771561771562,
PBC,AFT-Gumbel,9,Bo & Ding,0.42297171869757116,0.5109827886729517,-5.074897059361254,0.0837362919981903,0.10425974133860132,0.5319148936170213,0.46153846153846156,0.7692307692307693,0.5769230769230769,0.5435897435897437,195.0
PBC,AFT-Gumbel,9,Hybrid,0.3745025385983642,0.46975202939644567,-4.134092734273518,0.250158637889432,0.1411930577244782,0.5531914893617021,0.4805194805194805,0.9487179487179487,0.6379310344827587,0.6116550116550116,166.0
PBC,AFT-Gumbel,9,CRE,0.3352679253338397,0.4412440985936028,-3.5298539388523213,0.28896897525164195,0.1403866727820358,0.5319148936170213,0.4675324675324675,0.9230769230769231,0.6206896551724138,0.6470862470862471,264.0
PBC,AFT-Gumbel,9,SCRE,0.1656066283320691,0.26457117134210695,-0.6285887071898437,0.05467518139720244,-0.16457886658058204,0.5638297872340425,0.4,0.10256410256410256,0.16326530612244897,0.4944055944055944,1.0
PBC,AFT-Gumbel,9,CISCaRL (direct),0.17688662621789183,0.22936156223397774,-0.2239612117210361,0.0,-0.09811224534192195,0.4148936170212766,0.4148936170212766,1.0,0.5864661654135338,,0.0
PBC,AFT-Gumbel,9,CISCaRL (auto),0.1941393716132283,0.20534028112886368,0.018987178736667,0.04525130982174683,0.012672695704322697,0.4148936170212766,0.4148936170212766,1.0,0.5864661654135338,0.4769230769230769,2.0
PBC,AFT-Gumbel,9,CISCaRL (posthoc),0.1941393716132283,0.20534028112886368,0.018987178736667,0.04525130982174683,0.012672695704322697,0.4148936170212766,0.4148936170212766,1.0,0.5864661654135338,0.4769230769230769,2.0
PBC,Cox PH,0,Cox T-learner,0.2748580086291013,0.3534831010050239,-7.981386578035249,0.05119490989070543,0.23595136889656446,,,,,,
PBC,Cox PH,0,CSF (RF),0.24892448164546707,0.3231382172728554,-6.50555352733798,-0.3392230531161064,0.2067675644030015,,,,,,
PBC,Cox PH,0,Bo & Ding,0.5042612503510935,0.6313177262108498,-27.648510340492606,-0.13431364191858078,0.18182450592412167,,,,,,197.0
PBC,Cox PH,0,Hybrid,0.45866154624010474,0.5729875725230983,-22.599156621744896,-0.1687680109324776,0.09684431084075804,,,,,,163.0
PBC,Cox PH,0,CRE,0.43089002548649946,0.5379061050862122,-19.79787789214949,-0.1968635698458812,0.11304346810831348,,,,,,264.0
PBC,Cox PH,0,SCRE,0.11457953650324308,0.16163124581128735,-0.8778319237846148,-0.28864664386889993,0.10263409697800101,,,,,,1.0
PBC,Cox PH,0,CISCaRL (direct),0.49449896704850543,0.543550626258397,-20.236653353723952,-0.01844329038228141,0.49449896704850543,,,,,,1.0
PBC,Cox PH,0,CISCaRL (auto),0.3373637685129463,0.42712662988710687,-12.113522788417374,-0.36771853501641694,0.3373637685129463,,,,,,2.0
PBC,Cox PH,0,CISCaRL (posthoc),0.3373637685129463,0.42712662988710687,-12.113522788417374,-0.36771853501641694,0.3373637685129463,,,,,,2.0
PBC,Cox PH,1,Cox T-learner,0.4079190702581052,0.48965819029973195,-15.7228225805063,-0.480006892416411,0.3771428303690374,,,,,,
PBC,Cox PH,1,CSF (RF),0.3887705785887857,0.4397331073352992,-12.486581006165848,-0.4522428601927606,0.37202031960823984,,,,,,
PBC,Cox PH,1,Bo & Ding,0.5867093093600688,0.6954619023246102,-32.73418514609446,-0.3119752850723277,0.35570398257359775,,,,,,149.0
PBC,Cox PH,1,Hybrid,0.5035669610209254,0.6195557869560229,-25.772219163095173,-0.3086528120218672,0.3134058124871534,,,,,,170.0
PBC,Cox PH,1,CRE,0.5065076857142629,0.6151705050427461,-25.39456719733601,-0.2708802409308641,0.33420719099511415,,,,,,266.0
PBC,Cox PH,1,SCRE,0.16435799197402093,0.2071946281847629,-1.9941980203999532,-0.377576429838382,0.16048037525662415,,,,,,2.0
PBC,Cox PH,1,CISCaRL (direct),0.21024408207316722,0.24195076809997165,-3.0829827602427073,0.0,0.21024408207316722,,,,,,0.0
PBC,Cox PH,1,CISCaRL (auto),0.337529238408199,0.36058172202571265,-8.068405940550187,0.05604244343064099,0.337529238408199,,,,,,5.0
PBC,Cox PH,1,CISCaRL (posthoc),0.337529238408199,0.36058172202571265,-8.068405940550187,0.05604244343064099,0.337529238408199,,,,,,5.0
PBC,Cox PH,2,Cox T-learner,0.27610747532550983,0.32186933855078353,-4.4019792118091825,0.26360707364212865,0.27511864741831427,,,,,,
PBC,Cox PH,2,CSF (RF),0.28781525029464017,0.34438454932349705,-5.184164182184598,0.2577047723809443,0.28174032929501996,,,,,,
PBC,Cox PH,2,Bo & Ding,0.5128960599552126,0.5973518637124859,-17.606048108454157,0.0446277355761762,0.21981981041557938,,,,,,158.0
PBC,Cox PH,2,Hybrid,0.4665391177364526,0.5780472358647766,-16.42289627523407,0.06744468541806993,0.23266549051801141,,,,,,163.0
PBC,Cox PH,2,CRE,0.44327951765931345,0.5529660987734394,-14.943758458123066,0.07001159227528299,0.2337444300692642,,,,,,239.0
PBC,Cox PH,2,SCRE,0.15170132581248988,0.20583036317698744,-1.2090857500446166,-0.3909153172820708,0.15168250668313973,,,,,,2.0
PBC,Cox PH,2,CISCaRL (direct),0.386319403424188,0.41039104960288153,-7.781919554717968,0.0,0.386319403424188,,,,,,0.0
PBC,Cox PH,2,CISCaRL (auto),0.3359642864725405,0.3638476441961233,-5.902919808611007,0.027140609093632626,0.3359642864725405,,,,,,4.0
PBC,Cox PH,2,CISCaRL (posthoc),0.3359642864725405,0.3638476441961233,-5.902919808611007,0.027140609093632626,0.3359642864725405,,,,,,4.0
PBC,Cox PH,3,Cox T-learner,0.3507639769220252,0.4445629348064879,-10.192410606185137,-0.2520498499013787,0.3118768358729459,,,,,,
PBC,Cox PH,3,CSF (RF),0.3405919511268513,0.4075555226910407,-8.406557137144631,-0.49128577759119774,0.29992387961802813,,,,,,
PBC,Cox PH,3,Bo & Ding,0.5820393967854082,0.7287665788408169,-29.07696622968723,-0.2578161148965806,0.36519822094881016,,,,,,176.0
PBC,Cox PH,3,Hybrid,0.5165939863052714,0.6194499379459835,-20.730492050328106,-0.1590207746454555,0.29665850134200017,,,,,,177.0
PBC,Cox PH,3,CRE,0.49643080688421276,0.6088807552983923,-19.995277929238235,-0.16196797675411423,0.30033693952675233,,,,,,272.0
PBC,Cox PH,3,SCRE,0.1773425331652083,0.22420440969385702,-1.8467244601860413,-0.36545306147368173,0.1663456159056905,,,,,,2.0
PBC,Cox PH,3,CISCaRL (direct),0.18422708986295816,0.22787736779063758,-1.9407595856370001,-0.15387538987785934,0.18422708986295816,,,,,,4.0
PBC,Cox PH,3,CISCaRL (auto),0.21208320678501377,0.25256578433930515,-2.6124859230787085,-0.17141737419520167,0.21137296545701684,,,,,,3.0
PBC,Cox PH,3,CISCaRL (posthoc),0.21208320678501377,0.25256578433930515,-2.6124859230787085,-0.17141737419520167,0.21137296545701684,,,,,,3.0
PBC,Cox PH,4,Cox T-learner,0.2978311516185963,0.37709145988492204,-7.67385711625476,-0.5903218234656277,0.24032447504061877,,,,,,
PBC,Cox PH,4,CSF (RF),0.29271434062226637,0.3785662252112065,-7.741834882836972,-0.48151020202606454,0.23325256279446316,,,,,,
PBC,Cox PH,4,Bo & Ding,0.4757144083977094,0.5952027157955266,-20.609697038684033,-0.2729798968175379,0.2890694481591392,,,,,,165.0
PBC,Cox PH,4,Hybrid,0.4506834611705841,0.5739174939080773,-19.091751396521715,-0.420464469334167,0.23723483916406551,,,,,,154.0
PBC,Cox PH,4,CRE,0.43764793826265114,0.557372377176944,-17.950023521779105,-0.4264092370203937,0.23386224680006487,,,,,,264.0
PBC,Cox PH,4,SCRE,0.16687695979408879,0.21495956744966663,-1.818593389298825,-0.5545573339984897,0.14137896441746092,,,,,,1.0
PBC,Cox PH,4,CISCaRL (direct),0.3008449908328929,0.35476595171426206,-6.677197874216571,-0.13606008457350513,0.3008449908328929,,,,,,1.0
PBC,Cox PH,4,CISCaRL (auto),0.20115336403759784,0.25163476216615366,-2.8624257457581805,-0.34175142495322247,0.2010436330315371,,,,,,4.0
PBC,Cox PH,4,CISCaRL (posthoc),0.20115336403759784,0.25163476216615366,-2.8624257457581805,-0.34175142495322247,0.2010436330315371,,,,,,4.0
PBC,Cox PH,5,Cox T-learner,0.38861173434234847,0.4407165837085542,-10.283215181512844,-0.011245286544763757,0.37443049765899333,,,,,,
PBC,Cox PH,5,CSF (RF),0.3670215254457261,0.43681692085657214,-10.084420457865658,-0.2722626418373084,0.3557136075193214,,,,,,
PBC,Cox PH,5,Bo & Ding,0.499030221093686,0.5854236528901741,-18.909236951364832,-0.1349434385371651,0.258808133225496,,,,,,189.0
PBC,Cox PH,5,Hybrid,0.5277352690798721,0.6440639341153064,-23.097503158409854,-0.24692115103220702,0.3288546647569072,,,,,,166.0
PBC,Cox PH,5,CRE,0.5117060186600179,0.632497868391894,-22.239790961387826,-0.2675111123113519,0.3418997700190255,,,,,,279.0
PBC,Cox PH,5,SCRE,0.1507357135112555,0.1992228887282775,-1.3056455904219018,-0.20195313065628742,0.14881879624429406,,,,,,1.0
PBC,Cox PH,5,CISCaRL (direct),0.3144139544431904,0.34069091257794704,-5.742720909718999,0.0,0.3144139544431904,,,,,,0.0
PBC,Cox PH,5,CISCaRL (auto),0.3656144985945366,0.39971751924609406,-8.28154878425417,-0.23710322765731773,0.3656144985945366,,,,,,4.0
PBC,Cox PH,5,CISCaRL (posthoc),0.3656144985945366,0.39971751924609406,-8.28154878425417,-0.23710322765731773,0.3656144985945366,,,,,,4.0
PBC,Cox PH,6,Cox T-learner,0.36779025279779615,0.4596539396319532,-11.159988026948643,-0.473140077463345,0.32388021837301556,,,,,,
PBC,Cox PH,6,CSF (RF),0.3351683693847726,0.4000426227922268,-8.210510580122191,0.00554672028378996,0.3121294288865081,,,,,,
PBC,Cox PH,6,Bo & Ding,0.48534790279972473,0.5998558657925759,-19.709279707093025,-0.014366650502490856,0.27568348833125067,,,,,,159.0
PBC,Cox PH,6,Hybrid,0.5033241332674664,0.6130899946858415,-20.63314350763751,0.019147471909885395,0.33311115424034266,,,,,,171.0
PBC,Cox PH,6,CRE,0.47607484897435715,0.5799340786935625,-18.356571395024034,0.006965648728480414,0.34146852667447863,,,,,,284.0
PBC,Cox PH,6,SCRE,0.16930153861200642,0.21291488285006815,-1.60905487555894,0.07134404203827138,0.16726721663213776,,,,,,1.0
PBC,Cox PH,6,CISCaRL (direct),0.41208406402610614,0.4326527896262576,-9.773335639912183,0.0,0.41208406402610614,,,,,,0.0
PBC,Cox PH,6,CISCaRL (auto),0.35599591553488164,0.37972018134521696,-7.298479644541878,-0.07408321322251007,0.35599591553488164,,,,,,1.0
PBC,Cox PH,6,CISCaRL (posthoc),0.35599591553488164,0.37972018134521696,-7.298479644541878,-0.07408321322251007,0.35599591553488164,,,,,,1.0
PBC,Cox PH,7,Cox T-learner,0.42162713039161454,0.4804317327243072,-9.984050880597149,-0.011709290621490337,0.40830125124440636,,,,,,
PBC,Cox PH,7,CSF (RF),0.40340495057499676,0.4604953879303122,-9.091360842077467,-0.15587407675327936,0.40075024361546707,,,,,,
PBC,Cox PH,7,Bo & Ding,0.5681921890923113,0.6875943926317681,-21.499031234500013,0.01792302084462788,0.40057002105757006,,,,,,170.0
PBC,Cox PH,7,Hybrid,0.47171053720536704,0.5770659733311351,-14.847110994370487,-0.02154509474354222,0.3853063477208441,,,,,,174.0
PBC,Cox PH,7,CRE,0.46980916833205194,0.5748343623271395,-14.724781110060723,0.005745358598277926,0.3939726529640574,,,,,,276.0
PBC,Cox PH,7,SCRE,0.16251598553364335,0.21953952649326094,-1.2936366115616367,-0.4354492589883064,0.16251598553364335,,,,,,2.0
PBC,Cox PH,7,CISCaRL (direct),0.39561243816352387,0.4565608395778408,-8.919653044730202,-0.21171318149509882,0.39561243816352387,,,,,,2.0
PBC,Cox PH,7,CISCaRL (auto),0.4606474627877609,0.48459275989950407,-10.175140921809826,-0.13335247047751114,0.4606474627877609,,,,,,4.0
PBC,Cox PH,7,CISCaRL (posthoc),0.4606474627877609,0.48459275989950407,-10.175140921809826,-0.13335247047751114,0.4606474627877609,,,,,,4.0
PBC,Cox PH,8,Cox T-learner,0.27646097510035467,0.35461335032574065,-6.472805518171075,-0.3618233019578145,0.2232528100163139,,,,,,
PBC,Cox PH,8,CSF (RF),0.28216971046846573,0.34663404390925495,-6.140291530104117,-0.3315976717564951,0.23457471898083262,,,,,,
PBC,Cox PH,8,Bo & Ding,0.5096946050535218,0.6035435849227394,-20.646654859741222,-0.054261437196517395,0.23282784380862898,,,,,,167.0
PBC,Cox PH,8,Hybrid,0.4533034342012951,0.5508282349948179,-17.030422513685444,0.02805517271345862,0.2232358144973869,,,,,,170.0
PBC,Cox PH,8,CRE,0.4515140905321094,0.543233202262303,-16.53662957308262,-0.00968667138100792,0.23176722374540773,,,,,,267.0
PBC,Cox PH,8,SCRE,0.16310828339066338,0.20759105169135708,-1.5608891174974722,-0.3292262459827215,0.1595087695776079,,,,,,1.0
PBC,Cox PH,8,CISCaRL (direct),0.18366941500795375,0.20859661521662687,-1.585758914168816,-0.7126779701160292,0.09712965992481286,,,,,,2.0
PBC,Cox PH,8,CISCaRL (auto),0.21071864870907323,0.2743273743312376,-3.4721031272116143,-0.2156456718550883,0.18946418343312085,,,,,,3.0
PBC,Cox PH,8,CISCaRL (posthoc),0.21071864870907323,0.2743273743312376,-3.4721031272116143,-0.2156456718550883,0.18946418343312085,,,,,,3.0
PBC,Cox PH,9,Cox T-learner,0.3971508226069412,0.47709944851046837,-11.95156080811076,-0.5179448194664716,0.31080847205413914,,,,,,
PBC,Cox PH,9,CSF (RF),0.4202004952541214,0.49144092772526016,-12.741904439021184,-0.5544859874804083,0.33573263177690466,,,,,,
PBC,Cox PH,9,Bo & Ding,0.5252719885773032,0.6577077820966494,-23.613322427906795,-0.22724535774028237,0.3677235890333099,,,,,,159.0
PBC,Cox PH,9,Hybrid,0.5361654150128999,0.6266383266752704,-21.342830327712953,-0.26895444551249986,0.39530578474086187,,,,,,176.0
PBC,Cox PH,9,CRE,0.5334302510555984,0.6255696427286505,-21.2666873198136,-0.27714361066792953,0.3979610382091785,,,,,,252.0
PBC,Cox PH,9,SCRE,0.1385018715564207,0.18987938697516243,-1.051445206988408,-0.2706320317724957,0.13150189105443177,,,,,,1.0
PBC,Cox PH,9,CISCaRL (direct),0.5427668068776073,0.5744800590945777,-17.778210219075437,0.12704422948066887,0.5427668068776073,,,,,,1.0
PBC,Cox PH,9,CISCaRL (auto),0.3671833966970912,0.39292767857078437,-7.7847523863875505,0.035164669712253654,0.3671833966970912,,,,,,2.0
PBC,Cox PH,9,CISCaRL (posthoc),0.3671833966970912,0.39292767857078437,-7.7847523863875505,0.035164669712253654,0.3671833966970912,,,,,,2.0
PBC,Non-PH (Crossing),0,Cox T-learner,0.18747413085327566,0.285649875137346,-0.45343616507218876,0.685890728767556,0.10112049201962493,0.6808510638297872,0.2702702702702703,0.7692307692307693,0.4,0.8081671415004749,
PBC,Non-PH (Crossing),0,CSF (RF),0.13551601429322607,0.17503510946092,0.4542695003885546,0.8006444771473232,0.08194109861569611,0.7340425531914894,0.34210526315789475,1.0,0.5098039215686274,0.8727445394112061,
PBC,Non-PH (Crossing),0,Bo & Ding,0.3903174961005229,0.47745070169834747,-3.0605508835662194,0.5208278396610038,0.16436378507198726,0.5957446808510638,0.24489795918367346,0.9230769230769231,0.3870967741935484,0.7388414055080722,179.0
PBC,Non-PH (Crossing),0,Hybrid,0.3366939157015859,0.42776853453628866,-2.2594592589647617,0.5624588772748694,0.09972113656177721,0.6063829787234043,0.22727272727272727,0.7692307692307693,0.3508771929824561,0.7094017094017094,183.0
PBC,Non-PH (Crossing),0,CRE,0.31866599261506884,0.4035438113996592,-1.9007431024006536,0.5985729077550925,0.10077478039100767,0.6063829787234043,0.22727272727272727,0.7692307692307693,0.3508771929824561,0.7207977207977209,280.0
PBC,Non-PH (Crossing),0,SCRE,0.1549922088039327,0.190777205817969,0.3516927884662019,0.8249640410256238,0.13262346531629976,0.5957446808510638,0.2549019607843137,1.0,0.40625,0.7967711301044634,1.0
PBC,Non-PH (Crossing),0,CISCaRL (direct),0.25822415954555095,0.3165427356046784,-0.7848124541713601,0.382228616608713,0.06554399877812164,0.7340425531914894,0.125,0.15384615384615385,0.13793103448275862,0.6832858499525166,2.0
PBC,Non-PH (Crossing),0,CISCaRL (auto),0.21090802339246115,0.22894099567291584,0.06636952404283614,0.1447642420854345,0.012823744828482876,0.8617021276595744,0.0,0.0,0.0,0.6367521367521367,4.0
PBC,Non-PH (Crossing),0,CISCaRL (posthoc),0.21090802339246115,0.22894099567291584,0.06636952404283614,0.1447642420854345,0.012823744828482876,0.8617021276595744,0.0,0.0,0.0,0.6367521367521367,4.0
PBC,Non-PH (Crossing),1,Cox T-learner,0.22090148249547062,0.2819733356487496,-0.4044635285435052,0.4685593536695775,-0.05685893812673208,0.7446808510638298,0.22727272727272727,0.4166666666666667,0.29411764705882354,0.641260162601626,
PBC,Non-PH (Crossing),1,CSF (RF),0.17508256941009034,0.2208967383337408,0.13806803166567505,0.40897901527981323,0.005541739553213347,0.7978723404255319,0.29411764705882354,0.4166666666666667,0.3448275862068966,0.7184959349593496,
PBC,Non-PH (Crossing),1,Bo & Ding,0.43605729675095234,0.5504493225196225,-4.352159718079514,0.06006370359137865,0.07082002243020899,0.6276595744680851,0.20512820512820512,0.6666666666666666,0.3137254901960784,0.646341463414634,168.0
PBC,Non-PH (Crossing),1,Hybrid,0.34125988631527904,0.43598040636988444,-2.3575951254224483,0.37961272018480846,0.12992762625525722,0.6276595744680851,0.20512820512820512,0.6666666666666666,0.3137254901960784,0.6849593495934959,179.0
PBC,Non-PH (Crossing),1,CRE,0.3080793621000229,0.4084038002895867,-1.946279413862463,0.39606944620284984,0.11309246764505318,0.6382978723404256,0.225,0.75,0.34615384615384615,0.7052845528455285,286.0
PBC,Non-PH (Crossing),1,SCRE,0.19963227997050834,0.24396488597253577,-0.05135413490000307,0.8203897293431328,0.15881342429509268,0.6063829787234043,0.23404255319148937,0.9166666666666666,0.3728813559322034,0.8028455284552846,1.0
PBC,Non-PH (Crossing),1,CISCaRL (direct),0.3640976333911691,0.437626438950922,-2.3829960097997382,0.013724038094365931,0.20292579401253347,0.5531914893617021,0.17391304347826086,0.6666666666666666,0.27586206896551724,0.6016260162601625,1.0
PBC,Non-PH (Crossing),1,CISCaRL (auto),0.21136812699704974,0.2457238080589055,-0.06656875320037181,0.47241016037803524,-0.11062365527706661,0.8723404255319149,0.0,0.0,0.0,0.7967479674796748,5.0
PBC,Non-PH (Crossing),1,CISCaRL (posthoc),0.21136812699704974,0.2457238080589055,-0.06656875320037181,0.47241016037803524,-0.11062365527706661,0.8723404255319149,0.0,0.0,0.0,0.7967479674796748,5.0
PBC,Non-PH (Crossing),2,Cox T-learner,0.1831183647071146,0.22076384109018882,0.21552701271278085,0.6218344699225519,-0.010732264590356016,0.8829787234042553,0.6470588235294118,0.6875,0.6666666666666666,0.9022435897435898,
PBC,Non-PH (Crossing),2,CSF (RF),0.2160718189118323,0.25581004561103665,-0.0533126507611259,0.2313623014460704,0.0010005171464421377,0.8191489361702128,0.46153846153846156,0.375,0.41379310344827586,0.6834935897435898,
PBC,Non-PH (Crossing),2,Bo & Ding,0.4223655742446117,0.5070898194620317,-3.138966326798829,0.06640307745431023,0.031076995392010094,0.574468085106383,0.14705882352941177,0.3125,0.2,0.5232371794871795,173.0
PBC,Non-PH (Crossing),2,Hybrid,0.3896212338839092,0.4965529370215261,-2.9687452242296937,0.08810823850585764,0.030501056100091753,0.6170212765957447,0.2222222222222222,0.5,0.3076923076923077,0.6041666666666666,177.0
PBC,Non-PH (Crossing),2,CRE,0.37191282896687466,0.48224064533131433,-2.7432577603979538,0.10207311839597186,0.03873045684696399,0.5957446808510638,0.21052631578947367,0.5,0.2962962962962963,0.6041666666666667,277.0
PBC,Non-PH (Crossing),2,SCRE,0.2085483633253327,0.2592540751317974,-0.08186555399287232,0.7379681180708989,0.15517829982064954,0.648936170212766,0.32653061224489793,1.0,0.49230769230769234,0.8405448717948718,1.0
PBC,Non-PH (Crossing),2,CISCaRL (direct),0.23835510894071998,0.2843848457449154,-0.3017722521613142,0.06566267941687134,0.1336647423505064,0.8297872340425532,0.0,0.0,0.0,0.5737179487179487,1.0
PBC,Non-PH (Crossing),2,CISCaRL (auto),0.2370486184810655,0.251273982027114,-0.016288835114179667,-0.06566267941687134,-0.016043230665968765,0.8297872340425532,0.0,0.0,0.0,0.4262820512820513,1.0
PBC,Non-PH (Crossing),2,CISCaRL (posthoc),0.2370486184810655,0.251273982027114,-0.016288835114179667,-0.06566267941687134,-0.016043230665968765,0.8297872340425532,0.0,0.0,0.0,0.4262820512820513,1.0
PBC,Non-PH (Crossing),3,Cox T-learner,0.18077330000594957,0.2263647392487658,0.05352069700938933,0.6929711393159069,-0.15601419650605625,0.851063829787234,0.3333333333333333,0.16666666666666666,0.2222222222222222,0.8130081300813008,
PBC,Non-PH (Crossing),3,CSF (RF),0.1149181088176957,0.14558792350501612,0.608488728884335,0.7892576240391328,-0.04930841152566133,0.723404255319149,0.29411764705882354,0.8333333333333334,0.43478260869565216,0.8384146341463415,
PBC,Non-PH (Crossing),3,Bo & Ding,0.2693310287987853,0.32338201669274985,-0.9316360228057274,0.5276618973372813,-0.0809609144801255,0.7127659574468085,0.2222222222222222,0.5,0.3076923076923077,0.7479674796747967,188.0
PBC,Non-PH (Crossing),3,Hybrid,0.31757277459215744,0.38888657191558884,-1.7934407263131917,0.6314389921298142,-0.015707843720919174,0.723404255319149,0.29411764705882354,0.8333333333333334,0.43478260869565216,0.790650406504065,182.0
PBC,Non-PH (Crossing),3,CRE,0.3013514481820024,0.37038589093698954,-1.5339756388115342,0.6478405874312706,-0.009357358971936538,0.7340425531914894,0.30303030303030304,0.8333333333333334,0.4444444444444444,0.8201219512195121,299.0
PBC,Non-PH (Crossing),3,SCRE,0.15145824739423952,0.1876660263792792,0.3494736651641581,0.7778946227363919,0.12189776303513741,0.6170212765957447,0.25,1.0,0.4,0.8201219512195123,1.0
PBC,Non-PH (Crossing),3,CISCaRL (direct),0.18707906253497333,0.2491747125857299,-0.14683647642136322,0.5568832942220224,-0.09180140879798404,0.5957446808510638,0.06666666666666667,0.16666666666666666,0.09523809523809523,0.6310975609756098,3.0
PBC,Non-PH (Crossing),3,CISCaRL (auto),0.16453033458346475,0.22682209820652735,0.04969220237460992,0.7264491208942933,-0.12286756859385312,0.776595744680851,0.23529411764705882,0.3333333333333333,0.27586206896551724,0.695630081300813,6.0
PBC,Non-PH (Crossing),3,CISCaRL (posthoc),0.16453033458346475,0.22682209820652735,0.04969220237460992,0.7264491208942933,-0.12286756859385312,0.776595744680851,0.23529411764705882,0.3333333333333333,0.27586206896551724,0.695630081300813,6.0
PBC,Non-PH (Crossing),4,Cox T-learner,0.22783484882274166,0.3085449334022836,-0.7231821590417493,0.3795255101260219,-0.008484996287127204,0.6595744680851063,0.043478260869565216,0.09090909090909091,0.058823529411764705,0.40635268346111725,
PBC,Non-PH (Crossing),4,CSF (RF),0.17595266372963717,0.21427569725444157,0.1689250638778863,0.6162295009688635,0.06019249522453326,0.6808510638297872,0.08695652173913043,0.18181818181818182,0.11764705882352941,0.5903614457831325,
PBC,Non-PH (Crossing),4,Bo & Ding,0.41659415945902184,0.5024283239176386,-3.5692253717186864,0.18844801852653942,0.05587403870629722,0.5,0.07142857142857142,0.2727272727272727,0.11320754716981132,0.3778751369112815,183.0
PBC,Non-PH (Crossing),4,Hybrid,0.3821522744605659,0.46732254892843017,-2.953009195139995,0.19395669116538672,0.01712924138036687,0.6382978723404256,0.10344827586206896,0.2727272727272727,0.15,0.37239868565169776,178.0
PBC,Non-PH (Crossing),4,CRE,0.3579642933612833,0.44719418796651517,-2.61981730587039,0.24380650609852866,0.0069740534248571365,0.6382978723404256,0.07407407407407407,0.18181818181818182,0.10526315789473684,0.393209200438116,282.0
PBC,Non-PH (Crossing),4,SCRE,0.21999264864440746,0.25948097826195626,-0.21872411350288745,0.6009961848982379,0.14542012842816152,0.5,0.07142857142857142,0.2727272727272727,0.11320754716981132,0.43811610076670315,1.0
PBC,Non-PH (Crossing),4,CISCaRL (direct),0.22555465504376915,0.2855684155819142,-0.4760963109273326,0.47383278493078057,-0.14126680823107618,0.8829787234042553,0.0,0.0,0.0,0.484118291347207,2.0
PBC,Non-PH (Crossing),4,CISCaRL (auto),0.22375714253142878,0.23691013627928734,-0.015924972923369696,0.2734333678163697,0.05637424811994781,0.8829787234042553,0.0,0.0,0.0,0.5766703176341731,7.0
PBC,Non-PH (Crossing),4,CISCaRL (posthoc),0.22375714253142878,0.23691013627928734,-0.015924972923369696,0.2734333678163697,0.05637424811994781,0.8829787234042553,0.0,0.0,0.0,0.5766703176341731,7.0
PBC,Non-PH (Crossing),5,Cox T-learner,0.24116109116204834,0.3295499527526735,-0.9459803139495995,0.18485752031480618,0.11246918170453424,0.6276595744680851,0.21212121212121213,0.4375,0.2857142857142857,0.5977564102564102,
PBC,Non-PH (Crossing),5,CSF (RF),0.17317620809000217,0.23999215273583807,-0.03202452471831552,0.6336516001397404,0.1185855791805016,0.6276595744680851,0.27906976744186046,0.75,0.4067796610169492,0.7171474358974359,
PBC,Non-PH (Crossing),5,Bo & Ding,0.40622327016777526,0.5101355633650108,-3.6630184809007362,0.3615534150153326,0.06292811639890196,0.6382978723404256,0.2631578947368421,0.625,0.37037037037037035,0.6770833333333334,191.0
PBC,Non-PH (Crossing),5,Hybrid,0.3741413385006489,0.4940004204334932,-3.372708957657583,0.38324442001716513,0.12768888541934656,0.648936170212766,0.3111111111111111,0.875,0.45901639344262296,0.7011217948717948,173.0
PBC,Non-PH (Crossing),5,CRE,0.36099531398910023,0.47134660419158686,-2.9808581278288115,0.42271060964524587,0.12718519278596405,0.7021276595744681,0.35,0.875,0.5,0.7139423076923077,268.0
PBC,Non-PH (Crossing),5,SCRE,0.21293787677978473,0.266334909455757,-0.27101923922036764,0.5227180221587658,0.16971441615187433,0.6808510638297872,0.3333333333333333,0.875,0.4827586206896552,0.8149038461538461,1.0
PBC,Non-PH (Crossing),5,CISCaRL (direct),0.23524112927954008,0.27866534750329036,-0.3914316211984441,0.0,0.1478018893673297,0.8297872340425532,0.0,0.0,0.0,,0.0
PBC,Non-PH (Crossing),5,CISCaRL (auto),0.2332598043053476,0.28747035690801265,-0.4807511255873147,0.11756026899167865,0.1651192142925709,0.8297872340425532,0.0,0.0,0.0,0.5256410256410255,3.0
PBC,Non-PH (Crossing),5,CISCaRL (posthoc),0.2332598043053476,0.28747035690801265,-0.4807511255873147,0.11756026899167865,0.1651192142925709,0.8297872340425532,0.0,0.0,0.0,0.5256410256410255,3.0
PBC,Non-PH (Crossing),6,Cox T-learner,0.17951844991722937,0.2426490827675718,-0.2668602925124599,0.4618110557505626,0.10473437746539381,0.7446808510638298,0.23076923076923078,0.6,0.3333333333333333,0.7666666666666666,
PBC,Non-PH (Crossing),6,CSF (RF),0.19081892090472918,0.239959057206308,-0.2389269783593957,0.5268429818921262,0.15500778431202678,0.6595744680851063,0.23809523809523808,1.0,0.38461538461538464,0.930952380952381,
PBC,Non-PH (Crossing),6,Bo & Ding,0.4231143294930805,0.5440076120861395,-5.3676820404248,0.3191493957855615,0.1524827915257252,0.6063829787234043,0.17073170731707318,0.7,0.27450980392156865,0.7178571428571429,169.0
PBC,Non-PH (Crossing),6,Hybrid,0.2906140564294741,0.3692020108416418,-1.9329153710599982,0.4072896389558029,0.1093569914149921,0.6170212765957447,0.19047619047619047,0.8,0.3076923076923077,0.7476190476190476,182.0
PBC,Non-PH (Crossing),6,CRE,0.278782846147491,0.3571174654849013,-1.7440599645451624,0.3848474809702325,0.10151968715066265,0.6276595744680851,0.1951219512195122,0.8,0.3137254901960784,0.7392857142857143,290.0
PBC,Non-PH (Crossing),6,SCRE,0.18414308298285206,0.2232107288300093,-0.07201669101516783,0.8635937799500117,0.15752687403329715,0.6595744680851063,0.23809523809523808,1.0,0.38461538461538464,0.7928571428571428,2.0
PBC,Non-PH (Crossing),6,CISCaRL (direct),0.2505492305945724,0.3262195522241854,-1.2897675202298342,-0.01712732542148473,-0.03796406636458901,0.6170212765957447,0.03571428571428571,0.1,0.05263157894736842,0.38928571428571435,1.0
PBC,Non-PH (Crossing),6,CISCaRL (auto),0.2659831190528362,0.3049653006404274,-1.0011160317806516,-0.23315012333202917,0.16978496973603074,0.5851063829787234,0.03225806451612903,0.1,0.04878048780487805,0.22321428571428573,3.0
PBC,Non-PH (Crossing),6,CISCaRL (posthoc),0.2659831190528362,0.3049653006404274,-1.0011160317806516,-0.23315012333202917,0.16978496973603074,0.5851063829787234,0.03225806451612903,0.1,0.04878048780487805,0.22321428571428573,3.0
PBC,Non-PH (Crossing),7,Cox T-learner,0.13904343849862444,0.1905851119833537,0.321674445564746,0.7394396544133767,-0.0060549755896032835,0.7872340425531915,0.3157894736842105,0.46153846153846156,0.375,0.7283950617283952,
PBC,Non-PH (Crossing),7,CSF (RF),0.16542021247974492,0.20420761646876587,0.22123915515582881,0.7304191366339877,0.005999836279060963,0.6595744680851063,0.2564102564102564,0.7692307692307693,0.38461538461538464,0.7473884140550807,
PBC,Non-PH (Crossing),7,Bo & Ding,0.3838776316706271,0.46450192783406485,-3.029352632525775,0.4702515112839146,-0.06810573210483588,0.6382978723404256,0.21621621621621623,0.6153846153846154,0.32,0.6258309591642925,179.0
PBC,Non-PH (Crossing),7,Hybrid,0.3396865644740213,0.43557949048314537,-2.5431952107272595,0.43636202931665125,-0.012698419631352242,0.6595744680851063,0.21212121212121213,0.5384615384615384,0.30434782608695654,0.6571699905033239,178.0
PBC,Non-PH (Crossing),7,CRE,0.3353226234802743,0.42088501891099234,-2.308165059875013,0.4945024302079487,-0.004141647854949131,0.6170212765957447,0.17142857142857143,0.46153846153846156,0.25,0.6628679962013295,282.0
PBC,Non-PH (Crossing),7,SCRE,0.15892095622199104,0.18716079964829282,0.34583091040176983,0.8733788923057051,0.1316185432623714,0.6702127659574468,0.29545454545454547,1.0,0.45614035087719296,0.8395061728395061,2.0
PBC,Non-PH (Crossing),7,CISCaRL (direct),0.2121231415435697,0.27695917340828485,-0.432490478198698,-0.03201068348378831,-0.14854493074173958,0.8617021276595744,0.0,0.0,0.0,0.24976258309591642,1.0
PBC,Non-PH (Crossing),7,CISCaRL (auto),0.14858679922487406,0.2063203194444276,0.20504190107776876,0.5509336888742153,-0.08084468762172074,0.8617021276595744,0.0,0.0,0.0,0.590693257359924,6.0
PBC,Non-PH (Crossing),7,CISCaRL (posthoc),0.14858679922487406,0.2063203194444276,0.20504190107776876,0.5509336888742153,-0.08084468762172074,0.8617021276595744,0.0,0.0,0.0,0.590693257359924,6.0
PBC,Non-PH (Crossing),8,Cox T-learner,0.16415958258413932,0.21400992496436566,0.0843904655908162,0.6054415550673492,0.0492368867994143,0.7872340425531915,0.2857142857142857,0.5454545454545454,0.375,0.7294633077765608,
PBC,Non-PH (Crossing),8,CSF (RF),0.13553297895432662,0.16172148544610532,0.4771490271035417,0.6743977480758584,0.07953598233480966,0.8085106382978723,0.37037037037037035,0.9090909090909091,0.5263157894736842,0.9069003285870756,
PBC,Non-PH (Crossing),8,Bo & Ding,0.3899555503056757,0.5113932027216859,-4.2282022465772195,0.1989443558212847,0.11725883607918136,0.5957446808510638,0.15384615384615385,0.5454545454545454,0.24,0.6484118291347207,166.0
PBC,Non-PH (Crossing),8,Hybrid,0.33733988797904624,0.41940055421510897,-2.5164178584273533,0.3626969200122131,0.08450889837431626,0.6702127659574468,0.20588235294117646,0.6363636363636364,0.3111111111111111,0.7710843373493976,173.0
PBC,Non-PH (Crossing),8,CRE,0.3387241518675766,0.41736450328700303,-2.4823586421783412,0.3137536212614018,0.07420556787545086,0.6808510638297872,0.21212121212121213,0.6363636363636364,0.3181818181818182,0.7480832420591457,280.0
PBC,Non-PH (Crossing),8,SCRE,0.19154386856932593,0.2356840072435362,-0.11045945011281622,0.8326614817093446,0.1763787002594687,0.6063829787234043,0.21739130434782608,0.9090909090909091,0.3508771929824561,0.8937568455640745,2.0
PBC,Non-PH (Crossing),8,CISCaRL (direct),0.24168978941480623,0.2710485839384909,-0.4687124027258991,-0.009770181575967467,0.10264952306671665,0.6702127659574468,0.045454545454545456,0.09090909090909091,0.06060606060606061,0.45728368017524645,2.0
PBC,Non-PH (Crossing),8,CISCaRL (auto),0.1850110593532863,0.2021911294786902,0.18272789936721312,0.30484330016906397,0.03616389704647462,0.8829787234042553,0.0,0.0,0.0,0.6927710843373495,4.0
PBC,Non-PH (Crossing),8,CISCaRL (posthoc),0.1850110593532863,0.2021911294786902,0.18272789936721312,0.30484330016906397,0.03616389704647462,0.8829787234042553,0.0,0.0,0.0,0.6927710843373495,4.0
PBC,Non-PH (Crossing),9,Cox T-learner,0.18105780275098837,0.24127660180085125,-0.011320186596992299,0.7546073576567072,0.07858440321319725,0.7659574468085106,0.36363636363636365,0.9230769230769231,0.5217391304347826,0.895536562203229,
PBC,Non-PH (Crossing),9,CSF (RF),0.15390864010321104,0.20732999692855666,0.25323742670025917,0.745521720251035,0.094439401865595,0.6595744680851063,0.27906976744186046,0.9230769230769231,0.42857142857142855,0.9069325735992404,
PBC,Non-PH (Crossing),9,Bo & Ding,0.49050945993018924,0.5915569870121163,-5.079270075543735,0.19760710490072952,0.08440290985431767,0.5106382978723404,0.11627906976744186,0.38461538461538464,0.17857142857142858,0.45204178537511874,166.0
PBC,Non-PH (Crossing),9,Hybrid,0.4078240528502831,0.4872182754229595,-3.1238741329496147,0.22920485115715747,0.1207745804456972,0.5638297872340425,0.18181818181818182,0.6153846153846154,0.2807017543859649,0.5859449192782527,176.0
PBC,Non-PH (Crossing),9,CRE,0.3893092466351715,0.4659277605276247,-2.7713378088914986,0.24498168959481612,0.12908843556992233,0.5531914893617021,0.16279069767441862,0.5384615384615384,0.25,0.5916429249762584,295.0
PBC,Non-PH (Crossing),9,SCRE,0.15883575921414933,0.19091127430757596,0.3668284187783821,0.8242883940896992,0.12978899866295726,0.6702127659574468,0.29545454545454547,1.0,0.45614035087719296,0.8271604938271605,1.0
PBC,Non-PH (Crossing),9,CISCaRL (direct),0.21198603261778617,0.2572984103862436,-0.15009169484603646,0.5240514619536063,0.14480761691209487,0.46808510638297873,0.1509433962264151,0.6153846153846154,0.24242424242424243,0.5299145299145299,1.0
PBC,Non-PH (Crossing),9,CISCaRL (auto),0.2292506362406246,0.274798082519964,-0.31185446277832374,0.6038777903392046,0.17766875451867828,0.46808510638297873,0.1509433962264151,0.6153846153846154,0.24242424242424243,0.5997150997150996,7.0
PBC,Non-PH (Crossing),9,CISCaRL (posthoc),0.2292506362406246,0.274798082519964,-0.31185446277832374,0.6038777903392046,0.17766875451867828,0.46808510638297873,0.1509433962264151,0.6153846153846154,0.24242424242424243,0.5997150997150996,7.0
PBC,Nonlinear XOR,0,Cox T-learner,0.29990592669450544,0.3802907799170043,-0.49185544954482885,0.4161904417873785,0.17045666451166078,0.574468085106383,0.5303030303030303,0.7954545454545454,0.6363636363636364,0.6377272727272727,
PBC,Nonlinear XOR,0,CSF (RF),0.2306172632770976,0.3261832799178691,-0.09753541698098656,0.5610591337644042,0.1767256649932777,0.6914893617021277,0.6056338028169014,0.9772727272727273,0.7478260869565218,0.7622727272727272,
PBC,Nonlinear XOR,0,Bo & Ding,0.45306773560709374,0.5667156179710174,-2.3130311220665867,0.46429216486652464,0.24399830759713892,0.648936170212766,0.5797101449275363,0.9090909090909091,0.7079646017699115,0.6895454545454545,173.0
PBC,Nonlinear XOR,0,Hybrid,0.40366957122171093,0.48959921488500563,-1.4727293184587573,0.4318534840877072,0.2450385848775118,0.6170212765957447,0.5625,0.8181818181818182,0.6666666666666666,0.6627272727272728,172.0
PBC,Nonlinear XOR,0,CRE,0.37300925531095375,0.4635077701633475,-1.2162012256036743,0.45976953364880974,0.21006174447433945,0.6170212765957447,0.5625,0.8181818181818182,0.6666666666666666,0.69,282.0
PBC,Nonlinear XOR,0,SCRE,0.30203971839810667,0.309922658056555,0.00916392789623377,0.2782574142975834,0.03410883973888316,0.44680851063829785,0.42,0.4772727272727273,0.44680851063829785,0.4995454545454545,1.0
PBC,Nonlinear XOR,0,CISCaRL (direct),0.32947335550613377,0.4087467084964836,-0.7234698472242924,0.21783144888026076,0.27024364361441994,0.5319148936170213,0.5,1.0,0.6666666666666666,0.63,2.0
PBC,Nonlinear XOR,0,CISCaRL (auto),0.30312033907575986,0.3545656449169504,-0.29684615517361657,0.27781299300235407,0.18435529152566893,0.46808510638297873,0.46808510638297873,1.0,0.6376811594202898,0.5893181818181819,4.0
PBC,Nonlinear XOR,0,CISCaRL (posthoc),0.30312033907575986,0.3545656449169504,-0.29684615517361657,0.27781299300235407,0.18435529152566893,0.46808510638297873,0.46808510638297873,1.0,0.6376811594202898,0.5893181818181819,4.0
PBC,Nonlinear XOR,1,Cox T-learner,0.34028121975783737,0.3960304321563296,-0.4772576048611299,0.20832279738467652,-0.028820314651945678,0.4787234042553192,0.4782608695652174,0.46808510638297873,0.4731182795698925,0.5301041195110909,
PBC,Nonlinear XOR,1,CSF (RF),0.2570469884435991,0.3118170553269477,0.0842037794860242,0.5119170610121735,0.025040292497651426,0.6595744680851063,0.6415094339622641,0.723404255319149,0.68,0.6921684019918515,
PBC,Nonlinear XOR,1,Bo & Ding,0.4728334146316612,0.5902131085104448,-2.281079978529284,0.3442473720333779,-0.016313476664877574,0.6170212765957447,0.6170212765957447,0.6170212765957447,0.6170212765957447,0.666364870982345,158.0
PBC,Nonlinear XOR,1,Hybrid,0.4364978838469333,0.524307150341778,-1.589230272843261,0.24833291189538703,9.300707636200258e-05,0.5319148936170213,0.5319148936170213,0.5319148936170213,0.5319148936170213,0.606156631960163,174.0
PBC,Nonlinear XOR,1,CRE,0.40325132632576366,0.48068332791522594,-1.1762923404179144,0.3056388397211285,-0.003310891324811764,0.5212765957446809,0.5227272727272727,0.48936170212765956,0.5054945054945055,0.6229062924400182,282.0
PBC,Nonlinear XOR,1,SCRE,0.31325129140139063,0.32202021890187377,0.0232905340031615,0.1552360654553336,-0.006098978922426335,0.48936170212765956,0.4888888888888889,0.46808510638297873,0.4782608695652174,0.5432322317790855,1.0
PBC,Nonlinear XOR,1,CISCaRL (direct),0.31735590201392117,0.3268141285061354,-0.00600644148266527,0.0,-0.025252772583515017,0.5,0.0,0.0,0.0,,0.0
PBC,Nonlinear XOR,1,CISCaRL (auto),0.30632582379314843,0.3173900691342217,0.05117573464846914,0.26881294564147834,0.026562420847271707,0.5957446808510638,0.5789473684210527,0.7021276595744681,0.6346153846153846,0.622000905387053,4.0
PBC,Nonlinear XOR,1,CISCaRL (posthoc),0.30632582379314843,0.3173900691342217,0.05117573464846914,0.26881294564147834,0.026562420847271707,0.5957446808510638,0.5789473684210527,0.7021276595744681,0.6346153846153846,0.622000905387053,4.0
PBC,Nonlinear XOR,2,Cox T-learner,0.2563103094520981,0.31803413381276174,-0.1413714737986389,0.3711230719213958,-0.010962684758517503,0.648936170212766,0.7045454545454546,0.6078431372549019,0.6526315789473685,0.6662106703146374,
PBC,Nonlinear XOR,2,CSF (RF),0.20158733354440092,0.2462435877155492,0.3157585083018656,0.5738612144637503,0.0134784415129725,0.7127659574468085,0.7727272727272727,0.6666666666666666,0.7157894736842105,0.8417692658458733,
PBC,Nonlinear XOR,2,Bo & Ding,0.424655845254429,0.5097225463208221,-1.9318870383895326,0.25496514106130114,-0.04430571863441795,0.5531914893617021,0.6097560975609756,0.49019607843137253,0.5434782608695652,0.6411308709530325,169.0
PBC,Nonlinear XOR,2,Hybrid,0.3673190108618097,0.4509658040359757,-1.2949158647304433,0.34635696998157717,-0.013789907498428082,0.6382978723404256,0.6888888888888889,0.6078431372549019,0.6458333333333334,0.7013223894208847,177.0
PBC,Nonlinear XOR,2,CRE,0.36048204471914214,0.4496617466172641,-1.2816626422686919,0.3237871617960481,0.0005382612945457166,0.5957446808510638,0.6444444444444445,0.5686274509803921,0.6041666666666666,0.7013223894208847,298.0
PBC,Nonlinear XOR,2,SCRE,0.2729991252010303,0.28257822881135086,0.09893329417557883,0.5742657948921721,0.012364844940594002,0.6914893617021277,0.7115384615384616,0.7254901960784313,0.7184466019417476,0.719562243502052,1.0
PBC,Nonlinear XOR,2,CISCaRL (direct),0.2857291388992697,0.2973340490434208,0.002371527054836675,0.01577890259161171,-0.006978815930716478,0.5425531914893617,0.6052631578947368,0.45098039215686275,0.5168539325842697,0.5574555403556771,2.0
PBC,Nonlinear XOR,2,CISCaRL (auto),0.2965390186591507,0.3157110659184005,-0.12475816524495165,-0.20817511080013942,0.020498157833916238,0.40425531914893614,0.4358974358974359,0.3333333333333333,0.37777777777777777,0.4211126310989512,2.0
PBC,Nonlinear XOR,2,CISCaRL (posthoc),0.2965390186591507,0.3157110659184005,-0.12475816524495165,-0.20817511080013942,0.020498157833916238,0.40425531914893614,0.4358974358974359,0.3333333333333333,0.37777777777777777,0.4211126310989512,2.0
PBC,Nonlinear XOR,3,Cox T-learner,0.30110123906392366,0.37640414716004506,-0.6154895686304471,0.3546508687642236,0.09549109835832294,0.5212765957446809,0.5084745762711864,0.6521739130434783,0.5714285714285714,0.547554347826087,
PBC,Nonlinear XOR,3,CSF (RF),0.26210011338340206,0.3140657505397883,-0.12469953412987045,0.4846512299967489,0.10162571049114759,0.5638297872340425,0.543859649122807,0.6739130434782609,0.6019417475728155,0.6050724637681159,
PBC,Nonlinear XOR,3,Bo & Ding,0.5379929842767589,0.6267872860136945,-3.4795636880306713,-0.08150128237546508,0.10985450803088535,0.40425531914893614,0.4107142857142857,0.5,0.45098039215686275,0.4175724637681159,164.0
PBC,Nonlinear XOR,3,Hybrid,0.40884149672813364,0.5087338429320967,-1.9510503380062958,0.2456742405086154,0.07487520952424565,0.5106382978723404,0.5,0.5,0.5,0.576086956521739,167.0
PBC,Nonlinear XOR,3,CRE,0.40125992138466166,0.49727802047102987,-1.8196414515453156,0.22723693241339452,0.08971865311460288,0.5319148936170213,0.52,0.5652173913043478,0.5416666666666666,0.5484601449275363,280.0
PBC,Nonlinear XOR,3,SCRE,0.2821249138404733,0.2890488469865018,0.04734019609314977,0.47916049561102486,0.04755980937877667,0.5425531914893617,0.5272727272727272,0.6304347826086957,0.5742574257425742,0.5606884057971016,1.0
PBC,Nonlinear XOR,3,CISCaRL (direct),0.32021447074878623,0.3742309232824596,-0.5968888947774484,-0.009837348187445243,0.1367115212320462,0.4787234042553192,0.47058823529411764,0.5217391304347826,0.4948453608247423,0.4796195652173913,1.0
PBC,Nonlinear XOR,3,CISCaRL (auto),0.2738613474582865,0.28997036909105145,0.041256127627085304,0.2942449114788406,0.056707842193652144,0.574468085106383,0.5833333333333334,0.45652173913043476,0.5121951219512195,0.579483695652174,5.0
PBC,Nonlinear XOR,3,CISCaRL (posthoc),0.2738613474582865,0.28997036909105145,0.041256127627085304,0.2942449114788406,0.056707842193652144,0.574468085106383,0.5833333333333334,0.45652173913043476,0.5121951219512195,0.579483695652174,5.0
PBC,Nonlinear XOR,4,Cox T-learner,0.33964885433485853,0.40949995198162836,-0.5658990385951719,0.1508579272477694,0.15879274182375597,0.5106382978723404,0.4931506849315068,0.8,0.6101694915254238,0.5741496598639455,
PBC,Nonlinear XOR,4,CSF (RF),0.32105912997508196,0.4068928602880307,-0.5460238377749669,0.1563053137304483,0.2099901096223224,0.6382978723404256,0.5774647887323944,0.9111111111111111,0.7068965517241379,0.6571428571428571,
PBC,Nonlinear XOR,4,Bo & Ding,0.5701764990616788,0.6898303836055103,-3.443658597419307,-0.08548928945562259,0.23247363309283167,0.4574468085106383,0.45,0.6,0.5142857142857142,0.5029478458049887,165.0
PBC,Nonlinear XOR,4,Hybrid,0.4556718430094525,0.5575734866010155,-1.903088501789401,0.1778203229418777,0.24936164156470167,0.6170212765957447,0.5652173913043478,0.8666666666666667,0.6842105263157895,0.672562358276644,176.0
PBC,Nonlinear XOR,4,CRE,0.41541701922239166,0.52953545692382,-1.6184611665221875,0.20598201062023624,0.24262005185240773,0.6276595744680851,0.5833333333333334,0.7777777777777778,0.6666666666666666,0.6888888888888889,278.0
PBC,Nonlinear XOR,4,SCRE,0.31964881834300346,0.32881698450134994,-0.009635311866858398,0.016074847379258028,0.02281060707175208,0.5319148936170213,0.5263157894736842,0.2222222222222222,0.3125,0.5727891156462586,1.0
PBC,Nonlinear XOR,4,CISCaRL (direct),0.30388741189883123,0.38343505493473146,-0.3729024410093025,0.3075608649778153,0.12571767257949581,0.574468085106383,0.5609756097560976,0.5111111111111111,0.5348837209302325,0.5707482993197278,2.0
PBC,Nonlinear XOR,4,CISCaRL (auto),0.31612519552049906,0.325377360872702,0.011376996067268053,0.130268042880036,0.04065941167979463,0.5638297872340425,0.5277777777777778,0.8444444444444444,0.6495726495726496,0.5580498866213153,4.0
PBC,Nonlinear XOR,4,CISCaRL (posthoc),0.31612519552049906,0.325377360872702,0.011376996067268053,0.130268042880036,0.04065941167979463,0.5638297872340425,0.5277777777777778,0.8444444444444444,0.6495726495726496,0.5580498866213153,4.0
PBC,Nonlinear XOR,5,Cox T-learner,0.2721243245555663,0.3143508600144108,-0.14861146421108495,0.38414189213596794,-0.014834761234331643,0.6063829787234043,0.6444444444444445,0.58,0.6105263157894737,0.6163636363636364,
PBC,Nonlinear XOR,5,CSF (RF),0.20268322542219386,0.25751715145832593,0.22917434542109116,0.6229888379149658,0.03267444493252818,0.723404255319149,0.7608695652173914,0.7,0.7291666666666666,0.8059090909090909,
PBC,Nonlinear XOR,5,Bo & Ding,0.39005587746680814,0.4764153628928675,-1.6382464125182103,0.4011487194306976,-0.10843121170736342,0.6063829787234043,0.6666666666666666,0.52,0.5842696629213483,0.6736363636363636,180.0
PBC,Nonlinear XOR,5,Hybrid,0.3851171718137984,0.48492958560046656,-1.733387496543643,0.41652277571072505,0.07669079502579751,0.6702127659574468,0.7021276595744681,0.66,0.6804123711340206,0.714090909090909,176.0
PBC,Nonlinear XOR,5,CRE,0.3567695847587185,0.4630029264802694,-1.4917892795798169,0.460289708485352,0.07235957173958361,0.7127659574468085,0.7346938775510204,0.72,0.7272727272727273,0.7295454545454545,281.0
PBC,Nonlinear XOR,5,SCRE,0.26929167492390266,0.2778805934617513,0.102446641415057,0.5405555756240292,0.01586434809854637,0.6702127659574468,0.7021276595744681,0.66,0.6804123711340206,0.6859090909090909,1.0
PBC,Nonlinear XOR,5,CISCaRL (direct),0.30463410080255604,0.3500477186430525,-0.4242897343378267,0.16167795051826656,-0.16894481281388846,0.46808510638297873,0.0,0.0,0.0,0.48272727272727267,1.0
PBC,Nonlinear XOR,5,CISCaRL (auto),0.29516634910700523,0.30769947075579746,-0.10051847947073078,0.1704980690254088,-0.04330139794370677,0.4787234042553192,0.5238095238095238,0.22,0.30985915492957744,0.47409090909090906,3.0
PBC,Nonlinear XOR,5,CISCaRL (posthoc),0.29516634910700523,0.30769947075579746,-0.10051847947073078,0.1704980690254088,-0.04330139794370677,0.4787234042553192,0.5238095238095238,0.22,0.30985915492957744,0.47409090909090906,3.0
PBC,Nonlinear XOR,6,Cox T-learner,0.27799412003057866,0.3218825875071041,-0.11491198768328892,0.30221435538055846,0.024744608139563234,0.5531914893617021,0.627906976744186,0.5094339622641509,0.5625,0.6171191900598252,
PBC,Nonlinear XOR,6,CSF (RF),0.24061122780118274,0.2869893044972798,0.11370756783874914,0.4972221218798541,-0.023555137117963303,0.6276595744680851,0.7142857142857143,0.5660377358490566,0.631578947368421,0.7063966866083755,
PBC,Nonlinear XOR,6,Bo & Ding,0.4120666885052173,0.5681993688218119,-2.474138366518829,0.26133728280894414,0.022735323438519854,0.648936170212766,0.6923076923076923,0.6792452830188679,0.6857142857142857,0.6557754256787851,148.0
PBC,Nonlinear XOR,6,Hybrid,0.33191307832931183,0.416152689442183,-0.8635928209787684,0.4465628725210418,0.045113560505224304,0.648936170212766,0.6851851851851852,0.6981132075471698,0.6915887850467289,0.7261849976990336,167.0
PBC,Nonlinear XOR,6,CRE,0.32304242547404705,0.40358715333957534,-0.7527512470991116,0.44060976050283573,0.021278109161288083,0.6276595744680851,0.68,0.6415094339622641,0.6601941747572816,0.7105384261389784,279.0
PBC,Nonlinear XOR,6,SCRE,0.29449880750381663,0.30224998451560714,0.016944149866356284,0.43610157858613585,0.0021658970564708852,0.5,0.56,0.5283018867924528,0.5436893203883495,0.5246203405430281,1.0
PBC,Nonlinear XOR,6,CISCaRL (direct),0.2888270853504907,0.300848064366925,0.026042377918461534,0.32978877185528316,-0.006656358452040506,0.5106382978723404,0.6842105263157895,0.24528301886792453,0.3611111111111111,0.5568338702254947,3.0
PBC,Nonlinear XOR,6,CISCaRL (auto),0.2848220464696164,0.30115894773138396,0.02402844662304937,0.32978877185528316,-0.003550763138241394,0.5106382978723404,0.6842105263157895,0.24528301886792453,0.3611111111111111,0.5568338702254947,3.0
PBC,Nonlinear XOR,6,CISCaRL (posthoc),0.2848220464696164,0.30115894773138396,0.02402844662304937,0.32978877185528316,-0.003550763138241394,0.5106382978723404,0.6842105263157895,0.24528301886792453,0.3611111111111111,0.5568338702254947,3.0
PBC,Nonlinear XOR,7,Cox T-learner,0.2635179972214147,0.3094880081800322,0.031992306683887084,0.4497706173463859,0.07619442550996781,0.6382978723404256,0.5918367346938775,0.6744186046511628,0.6304347826086957,0.7099863201094392,
PBC,Nonlinear XOR,7,CSF (RF),0.2239517235684746,0.2591605590781623,0.3212201002983054,0.665859914026659,0.06293685744505909,0.7021276595744681,0.6744186046511628,0.6744186046511628,0.6744186046511628,0.7829457364341086,
PBC,Nonlinear XOR,7,Bo & Ding,0.4054323189812831,0.503820834286587,-1.5653309596703773,0.3247697142650724,0.08873455793255751,0.6063829787234043,0.5714285714285714,0.5581395348837209,0.5647058823529412,0.6611947104423165,177.0
PBC,Nonlinear XOR,7,Hybrid,0.42417992369285457,0.5158501323199848,-1.6892937934543757,0.23131163529964238,0.14115536194132172,0.5851063829787234,0.5384615384615384,0.6511627906976745,0.5894736842105263,0.6110351117191062,176.0
PBC,Nonlinear XOR,7,CRE,0.42152889853547687,0.5015393848917553,-1.5421504119299616,0.23365242206408265,0.10850739373483244,0.5425531914893617,0.5,0.5581395348837209,0.5274725274725275,0.6037391700866394,286.0
PBC,Nonlinear XOR,7,SCRE,0.2849106919701423,0.30310036883239383,0.07153810042771358,0.4313333092511649,0.06170281908325993,0.6595744680851063,0.6122448979591837,0.6976744186046512,0.6521739130434783,0.6721386228910169,2.0
PBC,Nonlinear XOR,7,CISCaRL (direct),0.40102444709655605,0.5085175910719928,-1.6133833449079567,0.0,0.39955190548379355,0.4574468085106383,0.4574468085106383,1.0,0.6277372262773723,,0.0
PBC,Nonlinear XOR,7,CISCaRL (auto),0.29268425240668744,0.31805787723715634,-0.022359105125597134,0.3803622198055991,0.09975920629394304,0.574468085106383,0.5205479452054794,0.8837209302325582,0.6551724137931034,0.6281349749202007,2.0
PBC,Nonlinear XOR,7,CISCaRL (posthoc),0.29268425240668744,0.31805787723715634,-0.022359105125597134,0.3803622198055991,0.09975920629394304,0.574468085106383,0.5205479452054794,0.8837209302325582,0.6551724137931034,0.6281349749202007,2.0
PBC,Nonlinear XOR,8,Cox T-learner,0.254233996994424,0.29749216630457015,0.09961757689923856,0.6439114257847777,-0.1227181576402489,0.6276595744680851,0.7777777777777778,0.42,0.5454545454545454,0.718181818181818,
PBC,Nonlinear XOR,8,CSF (RF),0.16909629562484846,0.21539775051117035,0.527982319029306,0.8597117364447495,-0.06178661305853109,0.776595744680851,0.9393939393939394,0.62,0.7469879518072289,0.9240909090909091,
PBC,Nonlinear XOR,8,Bo & Ding,0.38273810432907074,0.47555325384511665,-1.3007755580164333,0.4987248491854207,-0.05233064158277819,0.648936170212766,0.673469387755102,0.66,0.6666666666666666,0.7168181818181818,183.0
PBC,Nonlinear XOR,8,Hybrid,0.3485304626581508,0.4112983561236036,-0.7210357326888965,0.6167756384784886,-0.055769899071422664,0.6914893617021277,0.723404255319149,0.68,0.7010309278350515,0.8013636363636363,186.0
PBC,Nonlinear XOR,8,CRE,0.3297920758388629,0.39343733484035665,-0.5748060656466387,0.6277137593468917,-0.05442911557993699,0.6914893617021277,0.7441860465116279,0.64,0.6881720430107527,0.8140909090909092,292.0
PBC,Nonlinear XOR,8,SCRE,0.28982656200370366,0.29653405320235315,0.10540784047777885,0.7067658852003035,-0.0065486206023742674,0.7127659574468085,0.7446808510638298,0.7,0.7216494845360825,0.74,1.0
PBC,Nonlinear XOR,8,CISCaRL (direct),0.32857617516466325,0.39014546942124095,-0.5485637044690002,0.3437973497222004,-0.22432425546385268,0.46808510638297873,0.0,0.0,0.0,0.5972727272727273,2.0
PBC,Nonlinear XOR,8,CISCaRL (auto),0.25099911701254707,0.26726668255759223,0.2732825544682269,0.6289633171558872,-0.037044356882046436,0.6382978723404256,1.0,0.32,0.48484848484848486,0.8027272727272727,4.0
PBC,Nonlinear XOR,8,CISCaRL (posthoc),0.25099911701254707,0.26726668255759223,0.2732825544682269,0.6289633171558872,-0.037044356882046436,0.6382978723404256,1.0,0.32,0.48484848484848486,0.8027272727272727,4.0
PBC,Nonlinear XOR,9,Cox T-learner,0.29265648620766704,0.3523016924626215,-0.2868452001139865,0.23132608460065746,-0.07946081871949186,0.5531914893617021,0.5588235294117647,0.41304347826086957,0.475,0.5905797101449275,
PBC,Nonlinear XOR,9,CSF (RF),0.23083027946317514,0.27001909639513627,0.2440626444204821,0.6674637864393309,-0.11660351382694771,0.648936170212766,0.8095238095238095,0.3695652173913043,0.5074626865671642,0.813858695652174,
PBC,Nonlinear XOR,9,Bo & Ding,0.39017315436493977,0.49382613833394157,-1.528395419757096,0.3069681754145143,-0.19562691711566163,0.5957446808510638,0.6428571428571429,0.391304347826087,0.4864864864864865,0.6363224637681161,177.0
PBC,Nonlinear XOR,9,Hybrid,0.3538245391607977,0.43768559610112445,-0.9861925885419098,0.5085648231766788,-0.12821023886931218,0.723404255319149,0.7941176470588235,0.5869565217391305,0.675,0.8007246376811594,176.0
PBC,Nonlinear XOR,9,CRE,0.3406672170737481,0.42263228687666854,-0.8519198701824755,0.4790737998049345,-0.12863430671316164,0.6702127659574468,0.7027027027027027,0.5652173913043478,0.6265060240963856,0.7554347826086957,270.0
PBC,Nonlinear XOR,9,SCRE,0.29195673085063223,0.3030469538791521,0.04782517695399724,0.30052378716179606,0.015831085055790537,0.5531914893617021,0.5434782608695652,0.5434782608695652,0.5434782608695652,0.6191123188405797,1.0
PBC,Nonlinear XOR,9,CISCaRL (direct),0.3176265317466571,0.405183645367765,-0.7021611056976507,-0.25719227654915217,-0.24998092866105592,0.5106382978723404,0.0,0.0,0.0,0.3935688405797101,2.0
PBC,Nonlinear XOR,9,CISCaRL (auto),0.27762984364944654,0.3206907244132851,-0.06627602733025673,0.295924834425798,-0.12765240587935722,0.648936170212766,0.8823529411764706,0.32608695652173914,0.47619047619047616,0.6062047101449276,3.0
PBC,Nonlinear XOR,9,CISCaRL (posthoc),0.27762984364944654,0.3206907244132851,-0.06627602733025673,0.295924834425798,-0.12765240587935722,0.648936170212766,0.8823529411764706,0.32608695652173914,0.47619047619047616,0.6062047101449276,3.0
SUPPORT,AFT-Gumbel,0,Cox T-learner,0.19969632859969585,0.2571379536410163,-1.7182590877675463,-0.007880567196223851,-0.04701441557275079,0.4580152671755725,0.21739130434782608,0.46875,0.297029702970297,0.47821969696969696,
SUPPORT,AFT-Gumbel,0,CSF (RF),0.1915000817251488,0.24009221490463362,-1.3698160587995503,0.06061593510051427,-0.07061472803815651,0.549618320610687,0.2786885245901639,0.53125,0.3655913978494624,0.5580808080808082,
SUPPORT,AFT-Gumbel,0,Bo & Ding,0.4162085810527986,0.5053223277142995,-9.49773143405179,0.08158121764141169,-0.05057908450084418,0.5114503816793893,0.2647058823529412,0.5625,0.36,0.5628156565656566,234.0
SUPPORT,AFT-Gumbel,0,Hybrid,0.2974459912689898,0.37108885744724296,-4.66127576466393,0.1687560094831979,-0.09102734553207564,0.6106870229007634,0.3442622950819672,0.65625,0.45161290322580644,0.6193181818181818,243.0
SUPPORT,AFT-Gumbel,0,CRE,0.28283556964886875,0.363738918794578,-4.4392375328330935,0.1591761286058476,-0.09216954283011446,0.5877862595419847,0.3225806451612903,0.625,0.425531914893617,0.6095328282828283,372.0
SUPPORT,AFT-Gumbel,0,SCRE,0.09367630745483685,0.17907371567088728,-0.31832404115650736,-0.0898582913632317,-0.08558926601521682,0.6259541984732825,0.18518518518518517,0.15625,0.1694915254237288,0.4652777777777778,1.0
SUPPORT,AFT-Gumbel,0,CISCaRL (direct),0.1949126486471571,0.23381288372602538,-1.247477530451539,-0.03501027333308719,0.09993061272581488,0.3435114503816794,0.23529411764705882,0.75,0.3582089552238806,0.48042929292929293,3.0
SUPPORT,AFT-Gumbel,0,CISCaRL (auto),0.1949126486471571,0.23381288372602538,-1.247477530451539,-0.03501027333308719,0.09993061272581488,0.3435114503816794,0.23529411764705882,0.75,0.3582089552238806,0.48042929292929293,3.0
SUPPORT,AFT-Gumbel,0,CISCaRL (posthoc),0.1301990036070142,0.15676149084273877,-0.010269523759851573,0.04091636525579996,0.006247536141437454,0.24427480916030533,0.24427480916030533,1.0,0.39263803680981596,0.5351957070707071,3.0
SUPPORT,AFT-Gumbel,1,Cox T-learner,0.19102936721930042,0.23913684224088122,-0.815871419948925,0.11684474701178216,-0.009156738403102747,0.44274809160305345,0.3333333333333333,0.6976744186046512,0.45112781954887216,0.5367336152219873,
SUPPORT,AFT-Gumbel,1,CSF (RF),0.18352527132940372,0.23305540717971054,-0.7246877556211444,0.08383918336688881,-0.02469121432020865,0.48091603053435117,0.3655913978494624,0.7906976744186046,0.5,0.5428118393234673,
SUPPORT,AFT-Gumbel,1,Bo & Ding,0.4537014141881393,0.5576111606169278,-8.873133927497001,0.0027624534524060686,-0.005009841142981253,0.5038167938931297,0.3472222222222222,0.5813953488372093,0.43478260869565216,0.49471458773784355,181.0
SUPPORT,AFT-Gumbel,1,Hybrid,0.345540313254543,0.4243135916907094,-4.716971138889448,0.044998576260605334,-0.012399650366351165,0.46564885496183206,0.3373493975903614,0.6511627906976745,0.4444444444444444,0.5174418604651163,230.0
SUPPORT,AFT-Gumbel,1,CRE,0.3266229160904388,0.4088833363665618,-4.308733648601541,0.09177803975846782,-0.031026380958439993,0.5419847328244275,0.38666666666666666,0.6744186046511628,0.4915254237288136,0.5467758985200846,344.0
SUPPORT,AFT-Gumbel,1,SCRE,0.1271191838266304,0.21288160459878544,-0.43902514629681044,0.07163834728542867,-0.11883709422565267,0.48091603053435117,0.35294117647058826,0.6976744186046512,0.46875,0.5264270613107822,2.0
SUPPORT,AFT-Gumbel,1,CISCaRL (direct),0.19433686225122596,0.20983067549630413,-0.3980737142685222,-0.013185184310053532,0.09279260955671231,0.3435114503816794,0.3252032520325203,0.9302325581395349,0.4819277108433735,0.48678646934460884,3.0
SUPPORT,AFT-Gumbel,1,CISCaRL (auto),0.19433686225122596,0.20983067549630413,-0.3980737142685222,-0.013185184310053532,0.09279260955671231,0.3435114503816794,0.3252032520325203,0.9302325581395349,0.4819277108433735,0.48678646934460884,3.0
SUPPORT,AFT-Gumbel,1,CISCaRL (posthoc),0.1495902676943436,0.1754864496876826,0.02213412990970287,0.12324105860028053,-0.01499541263094372,0.366412213740458,0.3387096774193548,0.9767441860465116,0.5029940119760479,0.5430761099365751,7.0
SUPPORT,AFT-Gumbel,2,Cox T-learner,0.17353846102041218,0.20925988148765345,-0.5108166656222546,0.3061939349287692,0.047678825616612644,0.48854961832061067,0.38095238095238093,0.9523809523809523,0.54421768707483,0.7070626003210273,
SUPPORT,AFT-Gumbel,2,CSF (RF),0.1613513778125514,0.2115712513788145,-0.5443762929680509,0.2012878968312118,-0.00545516090050619,0.48091603053435117,0.358695652173913,0.7857142857142857,0.4925373134328358,0.6265382557517389,
SUPPORT,AFT-Gumbel,2,Bo & Ding,0.3703209338897144,0.4853085214602936,-7.12597816408725,0.14529763328448697,-0.06721404130389927,0.5419847328244275,0.37142857142857144,0.6190476190476191,0.4642857142857143,0.5850722311396468,220.0
SUPPORT,AFT-Gumbel,2,Hybrid,0.3857689822652999,0.48777527396142006,-7.208794428018464,0.05794251324231258,-0.0805405708766158,0.5190839694656488,0.3561643835616438,0.6190476190476191,0.45217391304347826,0.5403959336543606,246.0
SUPPORT,AFT-Gumbel,2,CRE,0.3658973431149461,0.45203804416038795,-6.050010943801865,0.11017002490051185,-0.0787661441361552,0.5419847328244275,0.37142857142857144,0.6190476190476191,0.4642857142857143,0.5698234349919744,379.0
SUPPORT,AFT-Gumbel,2,SCRE,0.1286425497538852,0.19921333245615963,-0.3692306672895884,0.2907305710033216,-0.11290875512518088,0.648854961832061,0.46875,0.7142857142857143,0.5660377358490566,0.7150882825040128,1.0
SUPPORT,AFT-Gumbel,2,CISCaRL (direct),0.13293888972784595,0.16864960370212884,0.018680414339349527,0.24460135911188405,-0.03106826435216554,0.3282442748091603,0.3230769230769231,1.0,0.4883720930232558,0.6229266987693954,8.0
SUPPORT,AFT-Gumbel,2,CISCaRL (auto),0.13293888972784595,0.16864960370212884,0.018680414339349527,0.24460135911188405,-0.03106826435216554,0.3282442748091603,0.3230769230769231,1.0,0.4883720930232558,0.6229266987693954,8.0
SUPPORT,AFT-Gumbel,2,CISCaRL (posthoc),0.1399665333588742,0.17279042980381526,-0.030099524266305577,-0.009227038902963931,-0.03096268772819694,0.32061068702290074,0.32061068702290074,1.0,0.48554913294797686,0.4875601926163724,8.0
SUPPORT,AFT-Gumbel,3,Cox T-learner,0.18668003201508662,0.23733359325555678,-1.1132744108487014,0.0396033653187653,-0.024839270912285456,0.4198473282442748,0.32142857142857145,0.5869565217391305,0.4153846153846154,0.5176470588235293,
SUPPORT,AFT-Gumbel,3,CSF (RF),0.1440293559334914,0.18618443337640622,-0.300541455108573,0.37846416020987356,-0.004982145364507047,0.549618320610687,0.42857142857142855,0.8478260869565217,0.5693430656934306,0.7053708439897697,
SUPPORT,AFT-Gumbel,3,Bo & Ding,0.4055699510753084,0.49274396809409265,-8.109197082448402,0.27998483535081564,-0.02679488036350655,0.549618320610687,0.4177215189873418,0.717391304347826,0.528,0.640920716112532,221.0
SUPPORT,AFT-Gumbel,3,Hybrid,0.3420086610922166,0.43248754753657404,-6.017536499959371,0.07881852373638223,-0.017777050702167445,0.48854961832061067,0.37349397590361444,0.6739130434782609,0.4806201550387597,0.5335038363171356,252.0
SUPPORT,AFT-Gumbel,3,CRE,0.3252482963077373,0.39993405223940826,-5.000870190585451,0.04617783703176192,-0.010147108314473276,0.4580152671755725,0.3493975903614458,0.6304347826086957,0.4496124031007752,0.5127877237851662,384.0
SUPPORT,AFT-Gumbel,3,SCRE,0.1321532666032352,0.20366504863870047,-0.556218148525176,0.0726823501375854,-0.12165416055481075,0.5877862595419847,0.41304347826086957,0.41304347826086957,0.41304347826086957,0.5240409207161125,2.0
SUPPORT,AFT-Gumbel,3,CISCaRL (direct),0.14091787189012547,0.1663928424413838,-0.03873973889984872,0.029676214367624916,-0.02743931385381498,0.3511450381679389,0.3511450381679389,1.0,0.519774011299435,0.50153452685422,6.0
SUPPORT,AFT-Gumbel,3,CISCaRL (auto),0.14091787189012547,0.1663928424413838,-0.03873973889984872,0.029676214367624916,-0.02743931385381498,0.3511450381679389,0.3511450381679389,1.0,0.519774011299435,0.50153452685422,6.0
SUPPORT,AFT-Gumbel,3,CISCaRL (posthoc),0.1327686064501514,0.16149629959900993,0.021495974643038096,0.3032793376039003,-0.03708554528703156,0.3816793893129771,0.36220472440944884,1.0,0.5317919075144508,0.640153452685422,6.0
SUPPORT,AFT-Gumbel,4,Cox T-learner,0.19731087837592032,0.24552102268742337,-1.0145273467023972,0.15720406406007129,0.058131277111685996,0.366412213740458,0.3181818181818182,0.813953488372093,0.45751633986928103,0.571353065539112,
SUPPORT,AFT-Gumbel,4,CSF (RF),0.15576932380027694,0.19813742140894317,-0.311984824872783,0.4274768826234854,0.07819679122056325,0.45038167938931295,0.37168141592920356,0.9767441860465116,0.5384615384615384,0.7584566596194503,
SUPPORT,AFT-Gumbel,4,Bo & Ding,0.39411271454031155,0.4776434187587357,-6.624360007953181,0.20167189116199674,0.0566064929924198,0.4961832061068702,0.35802469135802467,0.6744186046511628,0.46774193548387094,0.6289640591966174,173.0
SUPPORT,AFT-Gumbel,4,Hybrid,0.2929611447754436,0.3589434260663376,-3.3057400424731513,0.2629574325690795,0.0213695919325073,0.5343511450381679,0.4,0.8372093023255814,0.5413533834586466,0.6775898520084567,229.0
SUPPORT,AFT-Gumbel,4,CRE,0.2874983356663921,0.35751448050599227,-3.2715261755719665,0.2590279704243954,0.030090631173126832,0.549618320610687,0.4111111111111111,0.8604651162790697,0.556390977443609,0.6773255813953488,359.0
SUPPORT,AFT-Gumbel,4,SCRE,0.11526812484411794,0.20559549257247944,-0.41261227726344196,0.16217264353349609,-0.11412471926587744,0.6717557251908397,0.5,0.4883720930232558,0.49411764705882355,0.5644820295983087,1.0
SUPPORT,AFT-Gumbel,4,CISCaRL (direct),0.18611841519174657,0.20329226308942913,-0.38113935166088675,0.25346721476295253,0.1155483001604777,0.3282442748091603,0.3282442748091603,1.0,0.4942528735632184,0.6403276955602537,6.0
SUPPORT,AFT-Gumbel,4,CISCaRL (auto),0.18611841519174657,0.20329226308942913,-0.38113935166088675,0.25346721476295253,0.1155483001604777,0.3282442748091603,0.3282442748091603,1.0,0.4942528735632184,0.6403276955602537,6.0
SUPPORT,AFT-Gumbel,4,CISCaRL (posthoc),0.17261124038182954,0.18024302819709323,-0.08570727707990433,0.24276389938008336,0.06606691283827015,0.3282442748091603,0.3282442748091603,1.0,0.4942528735632184,0.6051797040169132,7.0
SUPPORT,AFT-Gumbel,5,Cox T-learner,0.167607380546817,0.22975019788565257,-0.9005129312304456,0.14643127599739933,-0.0246627298757039,0.5190839694656488,0.2987012987012987,0.71875,0.42201834862385323,0.5921717171717171,
SUPPORT,AFT-Gumbel,5,CSF (RF),0.16349676945847624,0.20238605239509658,-0.4747560943431297,0.14379733979165338,-0.0065256180757426886,0.44274809160305345,0.28421052631578947,0.84375,0.4251968503937008,0.5886994949494949,
SUPPORT,AFT-Gumbel,5,Bo & Ding,0.41282789642231627,0.5085665382960081,-8.31224952337375,-0.046327539231709486,-0.019324034544059454,0.40458015267175573,0.19736842105263158,0.46875,0.2777777777777778,0.45959595959595956,200.0
SUPPORT,AFT-Gumbel,5,Hybrid,0.3385117974737528,0.42808112743932614,-5.597983182197318,0.04285810713274301,0.00954750776960252,0.45038167938931295,0.2619047619047619,0.6875,0.3793103448275862,0.5265151515151515,239.0
SUPPORT,AFT-Gumbel,5,CRE,0.3242187990728699,0.4064176486874164,-4.947085174442285,0.04948543048913611,0.0029254044417290695,0.4198473282442748,0.23170731707317074,0.59375,0.3333333333333333,0.5255681818181818,383.0
SUPPORT,AFT-Gumbel,5,SCRE,0.10659505882005127,0.18308229884845506,-0.2068457200194842,0.3027822956083743,-0.09310986181546071,0.7251908396946565,0.45,0.5625,0.5,0.7004419191919192,1.0
SUPPORT,AFT-Gumbel,5,CISCaRL (direct),0.22078675476803722,0.25427402767785584,-1.3278931654002757,-0.06897415901225057,0.12775421131354903,0.24427480916030533,0.24427480916030533,1.0,0.39263803680981596,0.46291035353535354,1.0
SUPPORT,AFT-Gumbel,5,CISCaRL (auto),0.22078675476803722,0.25427402767785584,-1.3278931654002757,-0.06897415901225057,0.12775421131354903,0.24427480916030533,0.24427480916030533,1.0,0.39263803680981596,0.46291035353535354,1.0
SUPPORT,AFT-Gumbel,5,CISCaRL (posthoc),0.18063221102269097,0.19298267953511092,-0.3408978830227156,-0.05827840202728074,0.07253241146644819,0.24427480916030533,0.24427480916030533,1.0,0.39263803680981596,0.44476010101010094,8.0
SUPPORT,AFT-Gumbel,6,Cox T-learner,0.18904970043753377,0.23502378699447604,-1.3117193768908537,0.13494780146297908,0.0823196524107622,0.33587786259541985,0.2545454545454545,0.8484848484848485,0.3916083916083916,0.5680272108843538,
SUPPORT,AFT-Gumbel,6,CSF (RF),0.15884598284082865,0.19251396371567578,-0.5510862406059074,0.3791490629430678,0.10465652120340456,0.32061068702290074,0.26666666666666666,0.9696969696969697,0.41830065359477125,0.7554112554112554,
SUPPORT,AFT-Gumbel,6,Bo & Ding,0.38511970170727916,0.47401634453203645,-8.403685741534044,0.23051394880252069,0.09622415447792898,0.4961832061068702,0.3103448275862069,0.8181818181818182,0.45,0.6558441558441559,177.0
SUPPORT,AFT-Gumbel,6,Hybrid,0.36335862633373583,0.44134819852402973,-7.1521880658086925,0.10738064357657284,0.13094246477136395,0.44274809160305345,0.2872340425531915,0.8181818181818182,0.4251968503937008,0.5677179962894249,227.0
SUPPORT,AFT-Gumbel,6,CRE,0.35622688664569385,0.4278113839300669,-6.659777371134299,0.14132587913523711,0.1427483487374765,0.4122137404580153,0.2755102040816326,0.8181818181818182,0.4122137404580153,0.5921459492888065,350.0
SUPPORT,AFT-Gumbel,6,SCRE,0.10007005165394998,0.17880050507076298,-0.3379779491958155,0.06518451390511369,-0.09038336789703433,0.5419847328244275,0.24528301886792453,0.3939393939393939,0.3023255813953488,0.5213358070500927,1.0
SUPPORT,AFT-Gumbel,6,CISCaRL (direct),0.21561927740338485,0.24034639107652678,-1.4176124542188346,-0.005601445219851542,0.16822983043722098,0.25190839694656486,0.25190839694656486,1.0,0.4024390243902439,0.5023191094619666,3.0
SUPPORT,AFT-Gumbel,6,CISCaRL (auto),0.21561927740338485,0.24034639107652678,-1.4176124542188346,-0.005601445219851542,0.16822983043722098,0.25190839694656486,0.25190839694656486,1.0,0.4024390243902439,0.5023191094619666,3.0
SUPPORT,AFT-Gumbel,6,CISCaRL (posthoc),0.1764646157043198,0.1860415306559217,-0.44854263238765224,0.057448780094844075,0.09904546484648159,0.25190839694656486,0.25190839694656486,1.0,0.4024390243902439,0.5500927643784786,7.0
SUPPORT,AFT-Gumbel,7,Cox T-learner,0.17406339581859606,0.21940534996848912,-0.8725152789395547,0.1990335009677469,-0.03878590886059318,0.46564885496183206,0.2976190476190476,0.6944444444444444,0.4166666666666667,0.6111111111111112,
SUPPORT,AFT-Gumbel,7,CSF (RF),0.16182056256565036,0.20385416371453594,-0.6164791837358916,0.15286201808281263,-0.04875926883101805,0.4732824427480916,0.2911392405063291,0.6388888888888888,0.4,0.6011695906432749,
SUPPORT,AFT-Gumbel,7,Bo & Ding,0.4743919590368197,0.5998833822213264,-12.99795543472213,-0.02624505722711169,-0.06258923414198173,0.4732824427480916,0.2608695652173913,0.5,0.34285714285714286,0.46959064327485384,210.0
SUPPORT,AFT-Gumbel,7,Hybrid,0.3423966036867433,0.42906281562953075,-6.160983952238804,-0.018270414806150673,-0.058042199004705405,0.5038167938931297,0.27692307692307694,0.5,0.3564356435643564,0.4777777777777778,253.0
SUPPORT,AFT-Gumbel,7,CRE,0.33322530733462963,0.41824059413947706,-5.804297744990604,-0.01546741283180438,-0.07321959282730787,0.5190839694656488,0.2857142857142857,0.5,0.36363636363636365,0.48450292397660816,388.0
SUPPORT,AFT-Gumbel,7,SCRE,0.11091077152781127,0.18650416557967617,-0.35303183839635044,0.13704168490557,-0.09897280568672695,0.5114503816793893,0.3055555555555556,0.6111111111111112,0.4074074074074074,0.5932748538011696,1.0
SUPPORT,AFT-Gumbel,7,CISCaRL (direct),0.2942409289470769,0.34583474243649537,-3.652305055981935,0.0005133150768040027,-0.2942409289470769,0.7251908396946565,0.0,0.0,0.0,0.49736842105263157,1.0
SUPPORT,AFT-Gumbel,7,CISCaRL (auto),0.2942409289470769,0.34583474243649537,-3.652305055981935,0.0005133150768040027,-0.2942409289470769,0.7251908396946565,0.0,0.0,0.0,0.49736842105263157,1.0
SUPPORT,AFT-Gumbel,7,CISCaRL (posthoc),0.11626074059712221,0.18386745631113494,-0.3150451973555124,-0.02787442272956665,-0.0791985760449311,0.5038167938931297,0.27692307692307694,0.5,0.3564356435643564,0.4760233918128655,3.0
SUPPORT,AFT-Gumbel,8,Cox T-learner,0.21235540586833343,0.2815937916705712,-1.107063040445325,0.21010301281091806,-0.11759087014480761,0.5801526717557252,0.44871794871794873,0.7446808510638298,0.56,0.6127152988855118,
SUPPORT,AFT-Gumbel,8,CSF (RF),0.1969166696854839,0.2488857901224223,-0.6460066348473457,0.12066094503210921,-0.0799049798265794,0.46564885496183206,0.3707865168539326,0.7021276595744681,0.4852941176470588,0.5782674772036475,
SUPPORT,AFT-Gumbel,8,Bo & Ding,0.4243112167025186,0.5561657845588706,-7.219396155882567,-0.011334222248782149,-0.08137656272701654,0.4732824427480916,0.358974358974359,0.5957446808510638,0.448,0.4756838905775076,221.0
SUPPORT,AFT-Gumbel,8,Hybrid,0.3745906940696486,0.4830098225672274,-5.199309278288886,0.052910662643807116,-0.09164634757684285,0.48091603053435117,0.36,0.574468085106383,0.4426229508196721,0.5255825734549139,239.0
SUPPORT,AFT-Gumbel,8,CRE,0.3590530938130133,0.4657442441717805,-4.764031836721046,0.07723071856126804,-0.08844739004871631,0.4961832061068702,0.3582089552238806,0.5106382978723404,0.42105263157894735,0.5339412360688958,362.0
SUPPORT,AFT-Gumbel,8,SCRE,0.1541246920872594,0.23761758761987006,-0.5003360442326801,0.15206955542404174,-0.1381156215149938,0.6030534351145038,0.46153846153846156,0.6382978723404256,0.5357142857142857,0.5853596757852076,1.0
SUPPORT,AFT-Gumbel,8,CISCaRL (direct),0.23524621194018402,0.29275648507310054,-1.2774267975334301,0.05131047241079842,-0.19236623756086227,0.5801526717557252,0.4090909090909091,0.3829787234042553,0.3956043956043956,0.5293819655521783,2.0
SUPPORT,AFT-Gumbel,8,CISCaRL (auto),0.23524621194018402,0.29275648507310054,-1.2774267975334301,0.05131047241079842,-0.19236623756086227,0.5801526717557252,0.4090909090909091,0.3829787234042553,0.3956043956043956,0.5293819655521783,2.0
SUPPORT,AFT-Gumbel,8,CISCaRL (posthoc),0.1554001659788137,0.21726495491178976,-0.2543269040835827,0.04668192859701291,-0.08895408636994216,0.48854961832061067,0.38095238095238093,0.6808510638297872,0.48854961832061067,0.5184903748733536,5.0
SUPPORT,AFT-Gumbel,9,Cox T-learner,0.18505612411040137,0.2188874323920047,-0.4764018073642793,-0.0028935421000318194,0.033237672487188855,0.366412213740458,0.3333333333333333,0.9302325581395349,0.49079754601226994,0.4886363636363637,
SUPPORT,AFT-Gumbel,9,CSF (RF),0.1812555490826315,0.21942688706971383,-0.4836880484450117,0.056496009842610224,0.05619296997342002,0.366412213740458,0.3360655737704918,0.9534883720930233,0.49696969696969695,0.562367864693446,
SUPPORT,AFT-Gumbel,9,Bo & Ding,0.40516426318338844,0.5218335047093983,-7.391253360171941,0.23132030651403548,0.11484131902978917,0.5190839694656488,0.38372093023255816,0.7674418604651163,0.5116279069767442,0.6556553911205075,181.0
SUPPORT,AFT-Gumbel,9,Hybrid,0.3817922023906827,0.46240855292963673,-5.5889260176182525,-0.023132350379812393,0.09492488790271555,0.3969465648854962,0.30434782608695654,0.6511627906976745,0.4148148148148148,0.502906976744186,239.0
SUPPORT,AFT-Gumbel,9,CRE,0.32855784332696647,0.41581648447223557,-4.3280257988646795,0.016133495510232663,0.07731570210994562,0.4122137404580153,0.31521739130434784,0.6744186046511628,0.42962962962962964,0.5301268498942917,373.0
SUPPORT,AFT-Gumbel,9,SCRE,0.13012508732038797,0.21927704864993952,-0.4816624300642902,-0.04470122884038107,-0.1236052613637655,0.549618320610687,0.34,0.3953488372093023,0.3655913978494624,0.48916490486257924,1.0
SUPPORT,AFT-Gumbel,9,CISCaRL (direct),0.19062042817337937,0.2001044988782298,-0.23389049868507805,-0.0824597525063396,0.06302935099351749,0.3282442748091603,0.3282442748091603,1.0,0.4942528735632184,0.4771405919661733,2.0
SUPPORT,AFT-Gumbel,9,CISCaRL (auto),0.19062042817337937,0.2001044988782298,-0.23389049868507805,-0.0824597525063396,0.06302935099351749,0.3282442748091603,0.3282442748091603,1.0,0.4942528735632184,0.4771405919661733,2.0
SUPPORT,AFT-Gumbel,9,CISCaRL (posthoc),0.179985165072197,0.18598675940437348,-0.06592578799148718,0.06208576236129113,0.047948658206800616,0.3282442748091603,0.3282442748091603,1.0,0.4942528735632184,0.535676532769556,7.0
SUPPORT,Cox PH,0,Cox T-learner,0.30905201188016135,0.3725915191996968,-7.416400682586373,-0.19827396653908755,0.2846550539489034,,,,,,
SUPPORT,Cox PH,0,CSF (RF),0.3634595062407464,0.40926510658421283,-9.154765754827844,-0.0037731949398321922,0.3435569414673887,,,,,,
SUPPORT,Cox PH,0,Bo & Ding,0.5482270512220186,0.66967197216295,-26.188466791451066,-0.06921287347900058,0.38203648818718183,,,,,,202.0
SUPPORT,Cox PH,0,Hybrid,0.45388740249134846,0.5536619221869588,-17.584453062942842,0.12396579438149463,0.2947996381256988,,,,,,243.0
SUPPORT,Cox PH,0,CRE,0.4428475756783353,0.5363787293643104,-16.442292548841753,0.09129052040647541,0.31787126832952745,,,,,,382.0
SUPPORT,Cox PH,0,SCRE,0.11329906223379305,0.1725504933237347,-0.8050651549589076,-0.5296063669948188,0.11329906223379305,,,,,,1.0
SUPPORT,Cox PH,0,CISCaRL (direct),0.29199675494954797,0.3226201554823045,-5.310204941806233,-0.2928587544926384,0.29199675494954797,,,,,,4.0
SUPPORT,Cox PH,0,CISCaRL (auto),0.29199675494954797,0.3226201554823045,-5.310204941806233,-0.2928587544926384,0.29199675494954797,,,,,,4.0
SUPPORT,Cox PH,0,CISCaRL (posthoc),0.29571286148275133,0.3230549451133749,-5.327224711904865,-0.13052585818881238,0.29571286148275133,,,,,,6.0
SUPPORT,Cox PH,1,Cox T-learner,0.257622617879821,0.33122546522496343,-5.82961853319269,-0.27354961811216993,0.15461663239361065,,,,,,
SUPPORT,Cox PH,1,CSF (RF),0.22688800554477323,0.2915207397230031,-4.290392865584363,-0.27167745144571737,0.1851245811256167,,,,,,
SUPPORT,Cox PH,1,Bo & Ding,0.47599086800991564,0.5825186143096808,-20.123633555651285,0.041756426155561244,0.32310243980651104,,,,,,187.0
SUPPORT,Cox PH,1,Hybrid,0.4346290295265426,0.5373244969128449,-16.973071040176702,-0.1864020371622227,0.23274201307210857,,,,,,235.0
SUPPORT,Cox PH,1,CRE,0.4173031812423247,0.522435224663063,-15.990803280599973,-0.22804293404564527,0.23174351592207532,,,,,,346.0
SUPPORT,Cox PH,1,SCRE,0.14333797250191907,0.1943895073573372,-1.3523105029522435,-0.22969589132393717,0.11138142462277065,,,,,,1.0
SUPPORT,Cox PH,1,CISCaRL (direct),0.2096541558279052,0.24627158148842718,-2.7755272404458,-0.16472150745482902,0.2096541558279052,,,,,,3.0
SUPPORT,Cox PH,1,CISCaRL (auto),0.2096541558279052,0.24627158148842718,-2.7755272404458,-0.16472150745482902,0.2096541558279052,,,,,,3.0
SUPPORT,Cox PH,1,CISCaRL (posthoc),0.17401193830014527,0.2153863890273932,-1.8879224050707633,-0.04990876660617692,0.17401193830014527,,,,,,7.0
SUPPORT,Cox PH,2,Cox T-learner,0.3594914569000536,0.43927145832994996,-11.493717908304513,-0.296774640163898,0.2926934869136484,,,,,,
SUPPORT,Cox PH,2,CSF (RF),0.3330884704313856,0.3871157553186283,-8.70303098909422,-0.18108374338629452,0.324659692183707,,,,,,
SUPPORT,Cox PH,2,Bo & Ding,0.4840223558349443,0.6300737707316728,-24.704462432908045,-0.2951064095413199,0.34292362143396476,,,,,,209.0
SUPPORT,Cox PH,2,Hybrid,0.5061751331113535,0.6108575392429612,-23.16048236899042,-0.19370310083773168,0.33247256662214747,,,,,,234.0
SUPPORT,Cox PH,2,CRE,0.4616090031123323,0.5679551659385983,-19.885930684308708,-0.21087870106481213,0.31827663371022075,,,,,,363.0
SUPPORT,Cox PH,2,SCRE,0.12417594078693997,0.1742954479959106,-0.966970352856168,-0.3569475393406513,0.10606822464497612,,,,,,4.0
SUPPORT,Cox PH,2,CISCaRL (direct),0.3647406403885615,0.3854478156346745,-8.619597521919637,0.04390891082090428,0.3647406403885615,,,,,,4.0
SUPPORT,Cox PH,2,CISCaRL (auto),0.3647406403885615,0.3854478156346745,-8.619597521919637,0.04390891082090428,0.3647406403885615,,,,,,4.0
SUPPORT,Cox PH,2,CISCaRL (posthoc),0.3335886931458506,0.35883993089126576,-7.33733501461519,0.043813129898863185,0.3335886931458506,,,,,,4.0
SUPPORT,Cox PH,3,Cox T-learner,0.30561379224724977,0.3963199489488988,-7.562734828128697,-0.3908855309149992,0.21254586430820954,,,,,,
SUPPORT,Cox PH,3,CSF (RF),0.251666153643648,0.3129451585011767,-4.338965352594137,-0.3543843440698501,0.22912692896582607,,,,,,
SUPPORT,Cox PH,3,Bo & Ding,0.4449156929114134,0.5497543664220665,-15.476235969158115,-0.06443673042482911,0.19026705072122674,,,,,,183.0
SUPPORT,Cox PH,3,Hybrid,0.4154967019849443,0.523268666495774,-13.926915969510887,-0.17894771652812297,0.20086705509215158,,,,,,230.0
SUPPORT,Cox PH,3,CRE,0.39742094971136144,0.5016514686794931,-12.719074183286564,-0.1656927664955882,0.21796159547261773,,,,,,348.0
SUPPORT,Cox PH,3,SCRE,0.15316657286465676,0.21226441869156487,-1.4562639241409352,-0.3207226620761151,0.11936434079079314,,,,,,1.0
SUPPORT,Cox PH,3,CISCaRL (direct),0.17171998163932933,0.2176592604951637,-1.582705735323966,0.026756139813518143,0.16985647566043788,,,,,,5.0
SUPPORT,Cox PH,3,CISCaRL (auto),0.17171998163932933,0.2176592604951637,-1.582705735323966,0.026756139813518143,0.16985647566043788,,,,,,5.0
SUPPORT,Cox PH,3,CISCaRL (posthoc),0.17742842865334163,0.22631371457170735,-1.7921733278314593,-0.08645103196103435,0.17742842865334163,,,,,,6.0
SUPPORT,Cox PH,4,Cox T-learner,0.2334733340516064,0.2844123375601667,-3.989980330910263,-0.27656730792724205,0.1377984798880782,,,,,,
SUPPORT,Cox PH,4,CSF (RF),0.21642517823877677,0.270230948072279,-3.5047649992905257,-0.37341739115423656,0.15025482862273556,,,,,,
SUPPORT,Cox PH,4,Bo & Ding,0.4135896046690538,0.5057230327621732,-14.777109421239038,-0.09867716392628686,0.13112690799637278,,,,,,221.0
SUPPORT,Cox PH,4,Hybrid,0.41999809853497316,0.5152027365677831,-15.374132203742441,-0.20776306149603016,0.09735024039949072,,,,,,232.0
SUPPORT,Cox PH,4,CRE,0.38469324400761057,0.48075155962085253,-13.257499789166948,-0.23094655387003307,0.10428992551785823,,,,,,362.0
SUPPORT,Cox PH,4,SCRE,0.12731694830006068,0.17724765748253593,-0.9380410810777962,-0.550054933638497,0.1146842781758747,,,,,,1.0
SUPPORT,Cox PH,4,CISCaRL (direct),0.16294264982633427,0.20384598025625605,-1.5633403494237186,0.0310021434085093,0.14433329728311023,,,,,,3.0
SUPPORT,Cox PH,4,CISCaRL (auto),0.16294264982633427,0.20384598025625605,-1.5633403494237186,0.0310021434085093,0.14433329728311023,,,,,,3.0
SUPPORT,Cox PH,4,CISCaRL (posthoc),0.18965155962672053,0.24263051211463593,-2.6315564548938806,-0.2740851100983233,0.1777747188685106,,,,,,4.0
SUPPORT,Cox PH,5,Cox T-learner,0.2625984599243629,0.3283945244263636,-4.802378863666269,-0.08722712880956549,0.18655352279064905,,,,,,
SUPPORT,Cox PH,5,CSF (RF),0.22049658366991934,0.2632088044658811,-2.727478037014379,0.04538476263754633,0.19100753258333927,,,,,,
SUPPORT,Cox PH,5,Bo & Ding,0.4146587609299187,0.5248847394103371,-13.82320655927879,0.059060400477646754,0.19215626913805675,,,,,,206.0
SUPPORT,Cox PH,5,Hybrid,0.3678628767552534,0.45228189645608846,-10.006080301757143,0.0038902060194857145,0.18170215280194235,,,,,,227.0
SUPPORT,Cox PH,5,CRE,0.3696625209107061,0.44568569399984237,-9.687389956024536,-0.019743307033528175,0.1760249355302657,,,,,,344.0
SUPPORT,Cox PH,5,SCRE,0.13114260271148145,0.18968509167858078,-0.9358899520734014,-0.26902922860224043,0.1288602114917597,,,,,,1.0
SUPPORT,Cox PH,5,CISCaRL (direct),0.1852497367015839,0.23308800620491912,-1.9231703308409887,-0.01217746907611758,0.1852497367015839,,,,,,4.0
SUPPORT,Cox PH,5,CISCaRL (auto),0.1852497367015839,0.23308800620491912,-1.9231703308409887,-0.01217746907611758,0.1852497367015839,,,,,,4.0
SUPPORT,Cox PH,5,CISCaRL (posthoc),0.17318864842092047,0.2225388276823851,-1.6645621831083295,0.003019089146924113,0.17318864842092047,,,,,,6.0
SUPPORT,Cox PH,6,Cox T-learner,0.4062851343517085,0.4859217241812684,-10.971264294648291,-0.21504670956054678,0.3738656552861715,,,,,,
SUPPORT,Cox PH,6,CSF (RF),0.35505824456218943,0.40626016959487943,-7.367888386891277,-0.2743701410271924,0.3527568256173779,,,,,,
SUPPORT,Cox PH,6,Bo & Ding,0.5980917696384472,0.7481491431662911,-27.37812867807422,-0.24074866648913584,0.34446892585454,,,,,,202.0
SUPPORT,Cox PH,6,Hybrid,0.43344252782485476,0.5350500174330071,-13.514301923977635,-0.07027477619337072,0.3236582684805749,,,,,,232.0
SUPPORT,Cox PH,6,CRE,0.42933647150755755,0.5264262415845723,-13.05019811502823,-0.09939957547859403,0.3361519709772201,,,,,,350.0
SUPPORT,Cox PH,6,SCRE,0.13881628793210182,0.2028410954560874,-1.0860239124094457,-0.48051104080730633,0.13298652704082206,,,,,,1.0
SUPPORT,Cox PH,6,CISCaRL (direct),0.4263993518362956,0.44899851517575884,-9.221089648764426,0.08479477979208884,0.4263993518362956,,,,,,2.0
SUPPORT,Cox PH,6,CISCaRL (auto),0.4263993518362956,0.44899851517575884,-9.221089648764426,0.08479477979208884,0.4263993518362956,,,,,,2.0
SUPPORT,Cox PH,6,CISCaRL (posthoc),0.35949383287568665,0.38717793051785976,-6.600262218147193,-0.17723880348957147,0.35949383287568665,,,,,,6.0
SUPPORT,Cox PH,7,Cox T-learner,0.2551455991358226,0.33037577489656345,-6.3761950549743895,-0.27327143348142785,0.23549657105339533,,,,,,
SUPPORT,Cox PH,7,CSF (RF),0.28164065390672727,0.3436201087370617,-6.979453438934042,-0.1414429414539452,0.2629156972152054,,,,,,
SUPPORT,Cox PH,7,Bo & Ding,0.4788409667084752,0.57386425126178,-21.255345749876575,-0.06798938206131838,0.14259164528296064,,,,,,223.0
SUPPORT,Cox PH,7,Hybrid,0.40396666128127084,0.5142635672482261,-16.87259108728369,-0.12991573202382947,0.24043543077096058,,,,,,235.0
SUPPORT,Cox PH,7,CRE,0.38856603114558785,0.49285227419162664,-15.41532678619556,-0.14676708806847524,0.22954342040813133,,,,,,356.0
SUPPORT,Cox PH,7,SCRE,0.12458910562949657,0.1774317333114204,-1.1275442096547499,-0.37886651144011524,0.1133573744365763,,,,,,2.0
SUPPORT,Cox PH,7,CISCaRL (direct),0.29444235104448935,0.3200981740852507,-5.924403970397704,0.14373499178068905,0.29444235104448935,,,,,,9.0
SUPPORT,Cox PH,7,CISCaRL (auto),0.29444235104448935,0.3200981740852507,-5.924403970397704,0.14373499178068905,0.29444235104448935,,,,,,9.0
SUPPORT,Cox PH,7,CISCaRL (posthoc),0.316910794021172,0.34308940098968044,-6.9548245685979335,-0.278904976297629,0.316910794021172,,,,,,8.0
SUPPORT,Cox PH,8,Cox T-learner,0.28679300067686486,0.341339106944783,-8.008577075334365,-0.38675549358574873,0.2259819542229796,,,,,,
SUPPORT,Cox PH,8,CSF (RF),0.2582028849223116,0.31099745511460025,-6.4782120077858885,-0.08828336808888713,0.1863629716816318,,,,,,
SUPPORT,Cox PH,8,Bo & Ding,0.4292407305806497,0.529912747123014,-20.711650337704846,-0.11337658321811706,0.18276361662787732,,,,,,192.0
SUPPORT,Cox PH,8,Hybrid,0.45649810158194626,0.5584091378157336,-23.10955174027507,-0.15438462270783176,0.20725596641257424,,,,,,223.0
SUPPORT,Cox PH,8,CRE,0.4486151781713829,0.5459122047897975,-22.04250606295395,-0.13662930845531815,0.2264979901946258,,,,,,351.0
SUPPORT,Cox PH,8,SCRE,0.11077920493183246,0.15869717355718743,-0.9472534710419391,-0.7303978121843642,0.10594481684654593,,,,,,1.0
SUPPORT,Cox PH,8,CISCaRL (direct),0.4971577757405106,0.5941314562209163,-26.292869342986545,0.023403320751820795,0.4971577757405106,,,,,,3.0
SUPPORT,Cox PH,8,CISCaRL (auto),0.4971577757405106,0.5941314562209163,-26.292869342986545,0.023403320751820795,0.4971577757405106,,,,,,3.0
SUPPORT,Cox PH,8,CISCaRL (posthoc),0.2763933447335006,0.29858269892857403,-5.893080994917578,0.11032242032137404,0.2763933447335006,,,,,,3.0
SUPPORT,Cox PH,9,Cox T-learner,0.3114036997631938,0.39712618186958204,-8.326112432590547,-0.3408096959547343,0.27880945320955625,,,,,,
SUPPORT,Cox PH,9,CSF (RF),0.27659279035535816,0.33382893107826056,-5.590093097938628,-0.3465526853267711,0.248490770076349,,,,,,
SUPPORT,Cox PH,9,Bo & Ding,0.5244780965193611,0.657323987395128,-24.550686206973865,-0.24938201307047628,0.31604813822638883,,,,,,210.0
SUPPORT,Cox PH,9,Hybrid,0.5118402834061692,0.6453500508736139,-23.628292533393424,-0.30919228297124096,0.29526221392581414,,,,,,224.0
SUPPORT,Cox PH,9,CRE,0.4909131312192801,0.6078687227441313,-20.85059169554725,-0.2662393239390895,0.29070738196522555,,,,,,361.0
SUPPORT,Cox PH,9,SCRE,0.13204874590815954,0.19335960923156295,-1.2109306771097579,-0.49612702948014054,0.12348452576928404,,,,,,2.0
SUPPORT,Cox PH,9,CISCaRL (direct),0.2602446841997596,0.3133565810779075,-4.806591131863586,-0.37326079718772337,0.2602446841997596,,,,,,4.0
SUPPORT,Cox PH,9,CISCaRL (auto),0.2602446841997596,0.3133565810779075,-4.806591131863586,-0.37326079718772337,0.2602446841997596,,,,,,4.0
SUPPORT,Cox PH,9,CISCaRL (posthoc),0.25531020125090365,0.2891777044770655,-3.9450788180641636,-0.20367952453407992,0.25531020125090365,,,,,,7.0
SUPPORT,Non-PH (Crossing),0,Cox T-learner,0.18447663429172206,0.23616037299408446,-0.2587928066251468,0.42978032699047086,-0.07973144126055129,0.816793893129771,0.23529411764705882,0.26666666666666666,0.25,0.5804597701149425,
SUPPORT,Non-PH (Crossing),0,CSF (RF),0.1448997466796664,0.1812184472584747,0.25878361661269533,0.7207084606850173,-0.06761288074846387,0.7480916030534351,0.23529411764705882,0.5333333333333333,0.32653061224489793,0.7385057471264368,
SUPPORT,Non-PH (Crossing),0,Bo & Ding,0.36898528993047286,0.4535036649647832,-3.6419643694799273,0.38930574731896594,-0.06266496125372212,0.6793893129770993,0.17073170731707318,0.4666666666666667,0.25,0.6068965517241379,199.0
SUPPORT,Non-PH (Crossing),0,Hybrid,0.3576992249993568,0.43187369290909317,-3.209724752112603,0.4089789910697692,-0.05217342996939563,0.6717557251908397,0.1956521739130435,0.6,0.29508196721311475,0.6494252873563218,243.0
SUPPORT,Non-PH (Crossing),0,CRE,0.3215659579695928,0.3955578374013124,-2.5315079480620795,0.4515901089418392,-0.05094244985927621,0.648854961832061,0.1702127659574468,0.5333333333333333,0.25806451612903225,0.6350574712643677,381.0
SUPPORT,Non-PH (Crossing),0,SCRE,0.15566007932740694,0.19744422848918106,0.12010857147152099,0.8039138043678239,0.14022740069729495,0.4961832061068702,0.18518518518518517,1.0,0.3125,0.754022988505747,1.0
SUPPORT,Non-PH (Crossing),0,CISCaRL (direct),0.21580704975991188,0.2568117322011664,-0.48857225715901986,0.23115432994421176,-0.15856317840874953,0.8854961832061069,0.0,0.0,0.0,0.5382183908045977,7.0
SUPPORT,Non-PH (Crossing),0,CISCaRL (auto),0.21580704975991188,0.2568117322011664,-0.48857225715901986,0.23115432994421176,-0.15856317840874953,0.8854961832061069,0.0,0.0,0.0,0.5382183908045977,7.0
SUPPORT,Non-PH (Crossing),0,CISCaRL (posthoc),0.18405398034625475,0.23520682595058176,-0.2486480488423044,0.7586218852949568,-0.1546694352181739,0.8854961832061069,0.5,0.13333333333333333,0.21052631578947367,0.7497126436781609,9.0
SUPPORT,Non-PH (Crossing),1,Cox T-learner,0.14105213198668282,0.19175014787078273,0.1643415930260419,0.6038436335065478,-0.0098908757819204,0.7709923664122137,0.2647058823529412,0.6428571428571429,0.375,0.8162393162393162,
SUPPORT,Non-PH (Crossing),1,CSF (RF),0.14805774203692074,0.18926215608956817,0.18588653424188029,0.5961354656917864,-0.03453914874741848,0.7786259541984732,0.2857142857142857,0.7142857142857143,0.40816326530612246,0.7893772893772893,
SUPPORT,Non-PH (Crossing),1,Bo & Ding,0.3917235421971105,0.48224280604984865,-4.2855341965638365,0.15609825789352003,-0.025564962915925016,0.6259541984732825,0.1568627450980392,0.5714285714285714,0.24615384615384617,0.6959706959706959,197.0
SUPPORT,Non-PH (Crossing),1,Hybrid,0.34313119711908735,0.4376725046500432,-3.3536739399310065,0.288091700306989,-0.029497738538992055,0.6946564885496184,0.21739130434782608,0.7142857142857143,0.3333333333333333,0.7435897435897436,250.0
SUPPORT,Non-PH (Crossing),1,CRE,0.31420141233088,0.39848552261315046,-2.6089633102010072,0.32747566489260715,-0.016028997004514697,0.6641221374045801,0.1875,0.6428571428571429,0.2903225806451613,0.7661782661782662,377.0
SUPPORT,Non-PH (Crossing),1,SCRE,0.1381512466584037,0.18203309446756133,0.24689058761064608,0.7948958744829496,0.1182020502747227,0.48091603053435117,0.17073170731707318,1.0,0.2916666666666667,0.7643467643467643,1.0
SUPPORT,Non-PH (Crossing),1,CISCaRL (direct),0.19240871491253664,0.21263656959917912,-0.027621746535079206,0.005789552123596972,0.022673571782993247,0.8931297709923665,0.0,0.0,0.0,0.5231990231990232,5.0
SUPPORT,Non-PH (Crossing),1,CISCaRL (auto),0.19240871491253664,0.21263656959917912,-0.027621746535079206,0.005789552123596972,0.022673571782993247,0.8931297709923665,0.0,0.0,0.0,0.5231990231990232,5.0
SUPPORT,Non-PH (Crossing),1,CISCaRL (posthoc),0.19665995847238868,0.21215379808014206,-0.02296080480996343,0.01239776563782483,-0.005561502474882589,0.8931297709923665,0.0,0.0,0.0,0.5525030525030525,7.0
SUPPORT,Non-PH (Crossing),2,Cox T-learner,0.17210632844579418,0.23106587316386193,-0.05699748545173766,0.5274060593837746,-0.024161462464034306,0.8396946564885496,0.3333333333333333,0.5,0.4,0.8192918192918193,
SUPPORT,Non-PH (Crossing),2,CSF (RF),0.13655424471909083,0.17029180496073365,0.4258969743603809,0.6582341671288531,-0.027344382973448874,0.8015267175572519,0.22727272727272727,0.35714285714285715,0.2777777777777778,0.8083028083028083,
SUPPORT,Non-PH (Crossing),2,Bo & Ding,0.43814114258100223,0.5482818600446834,-4.951276018802098,0.10342151758565658,-0.04208906166989979,0.6564885496183206,0.13953488372093023,0.42857142857142855,0.21052631578947367,0.5763125763125764,186.0
SUPPORT,Non-PH (Crossing),2,Hybrid,0.34602526623115065,0.44290591825398146,-2.8835178470096623,0.2256535656873528,-0.010776622242517348,0.6793893129770993,0.15,0.42857142857142855,0.2222222222222222,0.5995115995115995,235.0
SUPPORT,Non-PH (Crossing),2,CRE,0.32312514969947986,0.410708021206474,-2.3394020381423943,0.2534689586832352,-0.01361144575460451,0.6564885496183206,0.12195121951219512,0.35714285714285715,0.18181818181818182,0.5671550671550671,375.0
SUPPORT,Non-PH (Crossing),2,SCRE,0.15867584087876652,0.2034420711547387,0.1806227994057953,0.7026984756425044,0.12083213861127617,0.5954198473282443,0.19047619047619047,0.8571428571428571,0.3116883116883117,0.7063492063492063,3.0
SUPPORT,Non-PH (Crossing),2,CISCaRL (direct),0.1409191959702352,0.2031845956103053,0.18269548858409224,0.3747742572553452,0.06258757923352923,0.8931297709923665,0.0,0.0,0.0,0.6633089133089133,3.0
SUPPORT,Non-PH (Crossing),2,CISCaRL (auto),0.1409191959702352,0.2031845956103053,0.18269548858409224,0.3747742572553452,0.06258757923352923,0.8931297709923665,0.0,0.0,0.0,0.6633089133089133,3.0
SUPPORT,Non-PH (Crossing),2,CISCaRL (posthoc),0.19693358073951284,0.2151826358120781,0.0833220512817644,0.5579905671932853,0.03517037561516513,0.8931297709923665,0.0,0.0,0.0,0.6434676434676435,9.0
SUPPORT,Non-PH (Crossing),3,Cox T-learner,0.13098534658644886,0.16706177300422967,0.40197017077175223,0.6901059770749753,0.03873146718476138,0.6106870229007634,0.14814814814814814,0.6153846153846154,0.23880597014925373,0.6936114732724903,
SUPPORT,Non-PH (Crossing),3,CSF (RF),0.1399333213970579,0.17203568468928607,0.36582991032834355,0.705589458760818,0.060388856110298504,0.549618320610687,0.07407407407407407,0.3076923076923077,0.11940298507462686,0.589960886571056,
SUPPORT,Non-PH (Crossing),3,Bo & Ding,0.40537953151505135,0.4966363097415836,-4.285007534882362,0.385116673829433,0.14387497743468622,0.4580152671755725,0.06060606060606061,0.3076923076923077,0.10126582278481013,0.5189048239895697,206.0
SUPPORT,Non-PH (Crossing),3,Hybrid,0.33096546228203794,0.4268567098089383,-2.9042075722653373,0.34847008144190195,0.11305249270840108,0.5648854961832062,0.1206896551724138,0.5384615384615384,0.19718309859154928,0.5443285528031291,249.0
SUPPORT,Non-PH (Crossing),3,CRE,0.3257356993192171,0.40535233959400707,-2.520740712940833,0.35342705388316714,0.1296990547085993,0.5343511450381679,0.1,0.46153846153846156,0.1643835616438356,0.5254237288135593,393.0
SUPPORT,Non-PH (Crossing),3,SCRE,0.14762342978437934,0.18091293159356533,0.29869344734905134,0.8133189230410017,0.13198755085683866,0.5038167938931297,0.16666666666666666,1.0,0.2857142857142857,0.7509778357235984,1.0
SUPPORT,Non-PH (Crossing),3,CISCaRL (direct),0.14369006430752515,0.18101495786127414,0.2979022173874656,0.6559651954567984,0.0630232955452102,0.9007633587786259,0.0,0.0,0.0,0.703063885267275,6.0
SUPPORT,Non-PH (Crossing),3,CISCaRL (auto),0.14369006430752515,0.18101495786127414,0.2979022173874656,0.6559651954567984,0.0630232955452102,0.9007633587786259,0.0,0.0,0.0,0.703063885267275,6.0
SUPPORT,Non-PH (Crossing),3,CISCaRL (posthoc),0.18881567662383283,0.2271982094625536,-0.10605948187586023,0.2257328058929005,0.08605036641556842,0.8473282442748091,0.18181818181818182,0.15384615384615385,0.16666666666666666,0.423728813559322,5.0
SUPPORT,Non-PH (Crossing),4,Cox T-learner,0.20091277139695551,0.2630118761788828,-0.4661247724974278,0.26222632443617305,0.0869634072661959,0.5648854961832062,0.10714285714285714,0.46153846153846156,0.17391304347826086,0.5097783572359843,
SUPPORT,Non-PH (Crossing),4,CSF (RF),0.19433191577025724,0.2436680642598394,-0.2583963203738746,0.39850970377584033,0.12426198495349842,0.4732824427480916,0.07575757575757576,0.38461538461538464,0.12658227848101267,0.4022164276401564,
SUPPORT,Non-PH (Crossing),4,Bo & Ding,0.3988288166974658,0.4875269865898216,-4.037528713712487,0.16593853293475974,0.05538418236021765,0.5343511450381679,0.038461538461538464,0.15384615384615385,0.06153846153846154,0.40156453715775753,213.0
SUPPORT,Non-PH (Crossing),4,Hybrid,0.37510250230961356,0.47905374939270984,-3.8639455047399816,0.09226079541279675,0.15405138912624958,0.5267175572519084,0.09836065573770492,0.46153846153846156,0.16216216216216217,0.38917861799217734,239.0
SUPPORT,Non-PH (Crossing),4,CRE,0.3725086971026178,0.4750688137226421,-3.783362084884608,0.10499913577260081,0.13530469103437417,0.5267175572519084,0.0847457627118644,0.38461538461538464,0.1388888888888889,0.40808344198174706,365.0
SUPPORT,Non-PH (Crossing),4,SCRE,0.17699160439483455,0.2323405199926776,-0.14411617974718993,0.5309775829179895,0.14245037634984328,0.44274809160305345,0.125,0.7692307692307693,0.21505376344086022,0.5593220338983051,1.0
SUPPORT,Non-PH (Crossing),4,CISCaRL (direct),0.19846086324964707,0.21954937702954078,-0.021608814932471132,0.1414227305078024,0.018293653784703243,0.8320610687022901,0.0,0.0,0.0,0.4491525423728814,5.0
SUPPORT,Non-PH (Crossing),4,CISCaRL (auto),0.19846086324964707,0.21954937702954078,-0.021608814932471132,0.1414227305078024,0.018293653784703243,0.8320610687022901,0.0,0.0,0.0,0.4491525423728814,5.0
SUPPORT,Non-PH (Crossing),4,CISCaRL (posthoc),0.18849382905641754,0.2335011185038507,-0.1555750163607037,0.0029484591674155086,0.08923633640316246,0.8625954198473282,0.2222222222222222,0.15384615384615385,0.18181818181818182,0.4328552803129075,6.0
SUPPORT,Non-PH (Crossing),5,Cox T-learner,0.18058023298717943,0.224429887538537,-0.05111030088419022,0.5352445972226555,-0.06690996387987903,0.8473282442748091,0.2631578947368421,0.45454545454545453,0.3333333333333333,0.7946969696969697,
SUPPORT,Non-PH (Crossing),5,CSF (RF),0.13557931607569979,0.16866805926542117,0.40631974619608335,0.6453477538851738,-0.03211801052142077,0.8320610687022901,0.17647058823529413,0.2727272727272727,0.21428571428571427,0.6772727272727272,
SUPPORT,Non-PH (Crossing),5,Bo & Ding,0.3629622043977839,0.4650391111387124,-3.5130055563965437,0.241955154916229,-0.05808607906977596,0.6412213740458015,0.10869565217391304,0.45454545454545453,0.17543859649122806,0.646969696969697,184.0
SUPPORT,Non-PH (Crossing),5,Hybrid,0.3425752959346718,0.42554413998314666,-2.7789934335029405,0.16592197478435464,-0.009354657698602416,0.6793893129770993,0.10256410256410256,0.36363636363636365,0.16,0.556060606060606,235.0
SUPPORT,Non-PH (Crossing),5,CRE,0.33686337132375715,0.42055023809180325,-2.690818381603008,0.17736545535082157,-0.019960617093767362,0.7099236641221374,0.11428571428571428,0.36363636363636365,0.17391304347826086,0.5515151515151515,383.0
SUPPORT,Non-PH (Crossing),5,SCRE,0.1463732309949146,0.19313027716879072,0.22162722721677575,0.7506039934943051,0.12186510396212864,0.5725190839694656,0.15384615384615385,0.9090909090909091,0.2631578947368421,0.8083333333333333,1.0
SUPPORT,Non-PH (Crossing),5,CISCaRL (direct),0.2097149976741597,0.21963969092351382,-0.006719674799354758,0.10862193370511082,-0.00011117800502195418,0.916030534351145,0.0,0.0,0.0,0.47386363636363626,5.0
SUPPORT,Non-PH (Crossing),5,CISCaRL (auto),0.2097149976741597,0.21963969092351382,-0.006719674799354758,0.10862193370511082,-0.00011117800502195418,0.916030534351145,0.0,0.0,0.0,0.47386363636363626,5.0
SUPPORT,Non-PH (Crossing),5,CISCaRL (posthoc),0.17443350717084952,0.1923485620898555,0.22791556613432928,0.5169501840329956,-0.045524936874088096,0.916030534351145,0.0,0.0,0.0,0.6215909090909091,8.0
SUPPORT,Non-PH (Crossing),6,Cox T-learner,0.15328728273102524,0.18851920194811622,0.24584612609801015,0.6343304804031218,-0.026364594778676278,0.7480916030534351,0.1111111111111111,0.25,0.15384615384615385,0.7296918767507004,
SUPPORT,Non-PH (Crossing),6,CSF (RF),0.14143780625711513,0.17666338717435037,0.33771962367467345,0.6151986764164652,-0.028042300883623306,0.7633587786259542,0.08695652173913043,0.16666666666666666,0.11428571428571428,0.6778711484593838,
SUPPORT,Non-PH (Crossing),6,Bo & Ding,0.38494003846205566,0.47772897037650663,-3.842971775960672,0.33198281381506867,-0.037041866733758456,0.6412213740458015,0.1276595744680851,0.5,0.2033898305084746,0.6407563025210085,184.0
SUPPORT,Non-PH (Crossing),6,Hybrid,0.31400611609726753,0.3979853370087301,-2.3611115349415654,0.2696486869926934,-0.04515257235226269,0.6412213740458015,0.09302325581395349,0.3333333333333333,0.14545454545454545,0.5777310924369747,241.0
SUPPORT,Non-PH (Crossing),6,CRE,0.3037939870560035,0.37807953674652633,-2.0332983254218435,0.2960370864860905,-0.039628327098825335,0.6564885496183206,0.07692307692307693,0.25,0.11764705882352941,0.538515406162465,367.0
SUPPORT,Non-PH (Crossing),6,SCRE,0.14449644679700055,0.18135750285504276,0.30205719328501734,0.8078428526812697,0.12345959127520766,0.4961832061068702,0.15384615384615385,1.0,0.26666666666666666,0.742296918767507,1.0
SUPPORT,Non-PH (Crossing),6,CISCaRL (direct),0.17917948084557245,0.20358475524751118,0.12049302205264822,0.5651053520840432,-0.08535106825605439,0.9083969465648855,0.0,0.0,0.0,0.6624649859943978,3.0
SUPPORT,Non-PH (Crossing),6,CISCaRL (auto),0.17917948084557245,0.20358475524751118,0.12049302205264822,0.5651053520840432,-0.08535106825605439,0.9083969465648855,0.0,0.0,0.0,0.6624649859943978,3.0
SUPPORT,Non-PH (Crossing),6,CISCaRL (posthoc),0.16330730832321044,0.18115015437446186,0.3036522158185292,0.6875919340247689,-0.06706978652363689,0.9083969465648855,0.0,0.0,0.0,0.688375350140056,9.0
SUPPORT,Non-PH (Crossing),7,Cox T-learner,0.1616585520229189,0.2070773449012973,0.10761751742836556,0.609479799337035,-0.03623479336078185,0.7938931297709924,0.1,0.18181818181818182,0.12903225806451613,0.6386363636363637,
SUPPORT,Non-PH (Crossing),7,CSF (RF),0.11487264149634548,0.149400992628355,0.5354923972773884,0.8113194674770747,-0.03231345287699581,0.7251908396946565,0.1794871794871795,0.6363636363636364,0.28,0.8007575757575758,
SUPPORT,Non-PH (Crossing),7,Bo & Ding,0.36172230669623034,0.45553410757783996,-3.3184476602340327,0.4979007671817854,-0.03683929024399999,0.6030534351145038,0.09803921568627451,0.45454545454545453,0.16129032258064516,0.6712121212121211,220.0
SUPPORT,Non-PH (Crossing),7,Hybrid,0.3411950820447317,0.4117877411737164,-2.5288458530060187,0.4984998790179576,0.009631258643001106,0.5801526717557252,0.1206896551724138,0.6363636363636364,0.2028985507246377,0.7015151515151515,246.0
SUPPORT,Non-PH (Crossing),7,CRE,0.3206631518851735,0.3892993845479852,-2.1539390400071072,0.5282224828902766,0.006406581772943559,0.6106870229007634,0.12962962962962962,0.6363636363636364,0.2153846153846154,0.7075757575757575,378.0
SUPPORT,Non-PH (Crossing),7,SCRE,0.1497635930373445,0.18583420103401954,0.28131736686763953,0.8076415864827956,0.1251583388258164,0.5572519083969466,0.13846153846153847,0.8181818181818182,0.23684210526315788,0.7303030303030302,4.0
SUPPORT,Non-PH (Crossing),7,CISCaRL (direct),0.15227260923181576,0.20435273552284813,0.1309459816259131,0.7433636468048512,0.10548073179326832,0.5267175572519084,0.14084507042253522,0.9090909090909091,0.24390243902439024,0.6943181818181818,5.0
SUPPORT,Non-PH (Crossing),7,CISCaRL (auto),0.15227260923181576,0.20435273552284813,0.1309459816259131,0.7433636468048512,0.10548073179326832,0.5267175572519084,0.14084507042253522,0.9090909090909091,0.24390243902439024,0.6943181818181818,5.0
SUPPORT,Non-PH (Crossing),7,CISCaRL (posthoc),0.1747774985368634,0.20126487558891615,0.1570111332745051,0.7247850259375416,0.06377598031145598,0.916030534351145,0.0,0.0,0.0,0.7151515151515152,8.0
SUPPORT,Non-PH (Crossing),8,Cox T-learner,0.15974595036659142,0.20461591953114744,0.12767308552795698,0.5696033707628542,-0.0012818202052543488,0.7480916030534351,0.25,0.7692307692307693,0.37735849056603776,0.8031290743155151,
SUPPORT,Non-PH (Crossing),8,CSF (RF),0.15399073963072119,0.19092181559194799,0.24052838958231326,0.7330847529072869,0.02402182477614858,0.6335877862595419,0.18181818181818182,0.7692307692307693,0.29411764705882354,0.8096479791395046,
SUPPORT,Non-PH (Crossing),8,Bo & Ding,0.4061354359183548,0.4995561247530872,-4.199588910315191,0.33568852478356526,0.07926856054619986,0.5267175572519084,0.12307692307692308,0.6153846153846154,0.20512820512820512,0.6186440677966101,205.0
SUPPORT,Non-PH (Crossing),8,Hybrid,0.37211635218321465,0.4670649567325464,-3.545220961087577,0.4588737003162607,0.04032635765316114,0.5954198473282443,0.15517241379310345,0.6923076923076923,0.2535211267605634,0.7073011734028682,238.0
SUPPORT,Non-PH (Crossing),8,CRE,0.3438655675235592,0.41997944449481356,-2.6749928837415604,0.5134269707442061,0.033216627762658504,0.5954198473282443,0.15517241379310345,0.6923076923076923,0.2535211267605634,0.7014341590612777,384.0
SUPPORT,Non-PH (Crossing),8,SCRE,0.15172883848227592,0.18964088653114283,0.25068506874170626,0.7835686878010945,0.130267058056768,0.48091603053435117,0.1518987341772152,0.9230769230769231,0.2608695652173913,0.7601043024771839,2.0
SUPPORT,Non-PH (Crossing),8,CISCaRL (direct),0.13957966266121039,0.17383419137210546,0.37039113212531527,0.578241723846117,-0.005068546579638319,0.6946564885496184,0.13513513513513514,0.38461538461538464,0.2,0.6691655801825294,5.0
SUPPORT,Non-PH (Crossing),8,CISCaRL (auto),0.13957966266121039,0.17383419137210546,0.37039113212531527,0.578241723846117,-0.005068546579638319,0.6946564885496184,0.13513513513513514,0.38461538461538464,0.2,0.6691655801825294,5.0
SUPPORT,Non-PH (Crossing),8,CISCaRL (posthoc),0.14223483639793294,0.17628870326267432,0.35248564735382826,0.7608898636829278,-0.07258059189947516,0.816793893129771,0.2608695652173913,0.46153846153846156,0.3333333333333333,0.7920469361147328,6.0
SUPPORT,Non-PH (Crossing),9,Cox T-learner,0.18886924168703467,0.24021004323891898,-0.1660852525763148,0.6295167618579042,0.08615148862630868,0.648854961832061,0.2,0.8461538461538461,0.3235294117647059,0.8526727509778358,
SUPPORT,Non-PH (Crossing),9,CSF (RF),0.15896100638801564,0.20444817930035006,0.1552766975812957,0.7154116477031803,0.10983396753591179,0.7251908396946565,0.2653061224489796,1.0,0.41935483870967744,0.9348109517601043,
SUPPORT,Non-PH (Crossing),9,Bo & Ding,0.42097486249014066,0.538469279545351,-4.8596252597744645,0.3507633380833544,0.0996253264181155,0.5954198473282443,0.16666666666666666,0.7692307692307693,0.273972602739726,0.8005215123859192,198.0
SUPPORT,Non-PH (Crossing),9,Hybrid,0.33807476476692455,0.4348436352633172,-2.821327111849127,0.40894930150566783,0.1332354378681383,0.5572519083969466,0.15384615384615385,0.7692307692307693,0.2564102564102564,0.7803129074315516,226.0
SUPPORT,Non-PH (Crossing),9,CRE,0.33153499567830497,0.4217973781999209,-2.5954705176098196,0.40031210586751914,0.11679927333266571,0.5801526717557252,0.16129032258064516,0.7692307692307693,0.26666666666666666,0.7868318122555411,368.0
SUPPORT,Non-PH (Crossing),9,SCRE,0.16389155379524742,0.20335150200595714,0.16431472623897758,0.7828283712679984,0.13575811910278354,0.5954198473282443,0.1875,0.9230769230769231,0.3116883116883117,0.8233376792698827,1.0
SUPPORT,Non-PH (Crossing),9,CISCaRL (direct),0.1909100741455675,0.2265584586214052,-0.03730994761383366,0.6708401156192131,0.1450656063904572,0.6259541984732825,0.16666666666666666,0.6923076923076923,0.26865671641791045,0.690026075619296,3.0
SUPPORT,Non-PH (Crossing),9,CISCaRL (auto),0.1909100741455675,0.2265584586214052,-0.03730994761383366,0.6708401156192131,0.1450656063904572,0.6259541984732825,0.16666666666666666,0.6923076923076923,0.26865671641791045,0.690026075619296,3.0
SUPPORT,Non-PH (Crossing),9,CISCaRL (posthoc),0.16639451843168102,0.20986130635723327,0.1099534440998513,0.6002446349625608,0.12822911505177592,0.5877862595419847,0.15254237288135594,0.6923076923076923,0.25,0.728813559322034,6.0
SUPPORT,Nonlinear XOR,0,Cox T-learner,0.24917461090762744,0.31565024028313027,-0.0929706542901505,0.45403298991085256,0.04351771516711061,0.6946564885496184,0.627906976744186,0.5294117647058824,0.574468085106383,0.696813725490196,
SUPPORT,Nonlinear XOR,0,CSF (RF),0.2333793411794519,0.31184930853601756,-0.0668069192744376,0.5525383013932632,0.03499883143477838,0.8396946564885496,0.7083333333333334,1.0,0.8292682926829268,0.8906862745098039,
SUPPORT,Nonlinear XOR,0,Bo & Ding,0.4049018945697961,0.5158166900338629,-1.918683705775448,0.42955746543532797,-0.07135782123776035,0.7251908396946565,0.6470588235294118,0.6470588235294118,0.6470588235294118,0.7727941176470587,197.0
SUPPORT,Nonlinear XOR,0,Hybrid,0.36119099037778646,0.463873242582221,-1.3604504975126113,0.4637110980622431,0.03174699133642974,0.7862595419847328,0.676923076923077,0.8627450980392157,0.7586206896551724,0.8237745098039215,253.0
SUPPORT,Nonlinear XOR,0,CRE,0.3478183464368201,0.4405826900243447,-1.1293699132854065,0.45226605455613084,0.03108724403534976,0.7786259541984732,0.671875,0.8431372549019608,0.7478260869565218,0.8291666666666666,420.0
SUPPORT,Nonlinear XOR,0,SCRE,0.26615483048377664,0.2891948582313616,0.08256060005868537,0.4382213206640687,0.09554924718883918,0.7862595419847328,0.7346938775510204,0.7058823529411765,0.72,0.7602941176470588,1.0
SUPPORT,Nonlinear XOR,0,CISCaRL (direct),0.22527899794987563,0.2600400270807984,0.25821737212295426,0.5490340169519112,0.01435260105256775,0.7022900763358778,0.6764705882352942,0.45098039215686275,0.5411764705882353,0.8464460784313725,5.0
SUPPORT,Nonlinear XOR,0,CISCaRL (auto),0.22527899794987563,0.2600400270807984,0.25821737212295426,0.5490340169519112,0.01435260105256775,0.7022900763358778,0.6764705882352942,0.45098039215686275,0.5411764705882353,0.8464460784313725,5.0
SUPPORT,Nonlinear XOR,0,CISCaRL (posthoc),0.2240957581008796,0.2513970984324666,0.3067070647557173,0.5527070024954964,0.022624804594977635,0.7404580152671756,0.6808510638297872,0.6274509803921569,0.6530612244897959,0.8398284313725491,5.0
SUPPORT,Nonlinear XOR,1,Cox T-learner,0.2611137112218376,0.3147868045942104,-0.10979688572664204,0.3286019324187263,-0.01706374112536797,0.6106870229007634,0.5833333333333334,0.3684210526315789,0.45161290322580644,0.64058795637743,
SUPPORT,Nonlinear XOR,1,CSF (RF),0.20576387857507547,0.24184706031941522,0.3449233953739542,0.6037954412000213,-0.026877646021728062,0.7251908396946565,0.7692307692307693,0.5263157894736842,0.625,0.8342816500711236,
SUPPORT,Nonlinear XOR,1,Bo & Ding,0.43930986585339576,0.5309119164504587,-2.1568606392279883,0.18580579725617893,-0.07252217984634286,0.6183206106870229,0.5714285714285714,0.49122807017543857,0.5283018867924528,0.6495969653864391,193.0
SUPPORT,Nonlinear XOR,1,Hybrid,0.36732608633073366,0.4540963984421583,-1.3094394407561927,0.25191373511984194,-0.018954245520526505,0.5877862595419847,0.5319148936170213,0.43859649122807015,0.4807692307692308,0.6183025130393551,235.0
SUPPORT,Nonlinear XOR,1,CRE,0.3394339658265341,0.4175398831745356,-0.9525690198483618,0.3095606683392943,-0.013384986105543176,0.6106870229007634,0.5625,0.47368421052631576,0.5142857142857142,0.6583688952110004,378.0
SUPPORT,Nonlinear XOR,1,SCRE,0.27606390144300175,0.2912782354043986,0.0497748224249438,0.5467997651203759,0.0758220935160469,0.732824427480916,0.6774193548387096,0.7368421052631579,0.7058823529411765,0.7868658131816026,1.0
SUPPORT,Nonlinear XOR,1,CISCaRL (direct),0.2930284216212309,0.35072002933100266,-0.3776268582412683,0.036973203325166785,-0.15538156905243614,0.5648854961832062,0.0,0.0,0.0,0.5049786628733997,3.0
SUPPORT,Nonlinear XOR,1,CISCaRL (auto),0.2930284216212309,0.35072002933100266,-0.3776268582412683,0.036973203325166785,-0.15538156905243614,0.5648854961832062,0.0,0.0,0.0,0.5049786628733997,3.0
SUPPORT,Nonlinear XOR,1,CISCaRL (posthoc),0.2548800567064584,0.2862483838841895,0.08230883536728073,0.4652910844764661,-0.08106268689466205,0.5648854961832062,0.0,0.0,0.0,0.7284257942152679,5.0
SUPPORT,Nonlinear XOR,2,Cox T-learner,0.2789477521071672,0.32954504678189384,-0.21320468379060986,0.125778038755138,-0.01910079446201817,0.5725190839694656,0.4117647058823529,0.28,0.3333333333333333,0.6185185185185186,
SUPPORT,Nonlinear XOR,2,CSF (RF),0.276882295868163,0.3187159343922259,-0.1347809988636144,0.24714674638338763,-0.08268700310532207,0.648854961832061,0.5833333333333334,0.28,0.3783783783783784,0.674320987654321,
SUPPORT,Nonlinear XOR,2,Bo & Ding,0.4604332481667587,0.568565475196193,-2.6113158237826406,0.10992366412213742,-0.013450894194834166,0.6030534351145038,0.48333333333333334,0.58,0.5272727272727272,0.6360493827160494,201.0
SUPPORT,Nonlinear XOR,2,Hybrid,0.37282022338865345,0.46322317123542955,-1.3970939314374178,0.24214487802274065,-0.04288964439047458,0.7099236641221374,0.625,0.6,0.6122448979591837,0.711604938271605,235.0
SUPPORT,Nonlinear XOR,2,CRE,0.36488180670135184,0.45455318016290636,-1.3082024764674167,0.2355949394117333,-0.04317606312153451,0.7099236641221374,0.6304347826086957,0.58,0.6041666666666666,0.7066666666666667,367.0
SUPPORT,Nonlinear XOR,2,SCRE,0.2888012156246814,0.30273400412022833,-0.023827786023845166,0.5845673410558907,0.10304204754049621,0.7404580152671756,0.6333333333333333,0.76,0.6909090909090909,0.831604938271605,1.0
SUPPORT,Nonlinear XOR,2,CISCaRL (direct),0.2635326929682677,0.3478175171308165,-0.35147309037058205,0.30256957983125093,-0.20271733878593673,0.6183206106870229,0.0,0.0,0.0,0.6582716049382715,1.0
SUPPORT,Nonlinear XOR,2,CISCaRL (auto),0.2635326929682677,0.3478175171308165,-0.35147309037058205,0.30256957983125093,-0.20271733878593673,0.6183206106870229,0.0,0.0,0.0,0.6582716049382715,1.0
SUPPORT,Nonlinear XOR,2,CISCaRL (posthoc),0.271900990163125,0.2986207946360258,0.0038044551681305494,-0.09955351357464341,-0.03482187837135302,0.6183206106870229,0.0,0.0,0.0,0.4806172839506173,8.0
SUPPORT,Nonlinear XOR,3,Cox T-learner,0.2549599377465123,0.3049153778162747,-0.010415755541039573,0.4141675118774356,-0.035433624914168155,0.5954198473282443,0.574468085106383,0.45,0.5046728971962616,0.6530516431924882,
SUPPORT,Nonlinear XOR,3,CSF (RF),0.21074145203560982,0.26286037552322,0.2490834050478311,0.5077029840388619,-0.003567868822868061,0.7938931297709924,0.7894736842105263,0.75,0.7692307692307693,0.862206572769953,
SUPPORT,Nonlinear XOR,3,Bo & Ding,0.42529946981470645,0.5433692970829617,-2.2087186931085827,0.24884428548550688,0.0424724816931722,0.6335877862595419,0.5909090909090909,0.65,0.6190476190476191,0.6894366197183098,200.0
SUPPORT,Nonlinear XOR,3,Hybrid,0.3827523037422666,0.47392075323266064,-1.4409164170133386,0.31587038915283194,0.061861865502972437,0.6793893129770993,0.6323529411764706,0.7166666666666667,0.671875,0.7525821596244131,238.0
SUPPORT,Nonlinear XOR,3,CRE,0.3761899862142336,0.4705596683394372,-1.4064168300385367,0.2888165269844659,0.05753351219096976,0.6564885496183206,0.6086956521739131,0.7,0.6511627906976745,0.7314553990610329,373.0
SUPPORT,Nonlinear XOR,3,SCRE,0.2788970974366008,0.2875730072590259,0.10125250645005313,0.55936582501468,0.0446706651300059,0.6564885496183206,0.6363636363636364,0.5833333333333334,0.6086956521739131,0.6823943661971832,1.0
SUPPORT,Nonlinear XOR,3,CISCaRL (direct),0.29835545100920025,0.3185175442901234,-0.1025750778714487,0.03550495983491475,0.04343219461660879,0.46564885496183206,0.45689655172413796,0.8833333333333333,0.6022727272727273,0.49671361502347416,4.0
SUPPORT,Nonlinear XOR,3,CISCaRL (auto),0.29835545100920025,0.3185175442901234,-0.1025750778714487,0.03550495983491475,0.04343219461660879,0.46564885496183206,0.45689655172413796,0.8833333333333333,0.6022727272727273,0.49671361502347416,4.0
SUPPORT,Nonlinear XOR,3,CISCaRL (posthoc),0.2436993161677492,0.2690387719871324,0.2133687449107018,0.6514268804921874,-0.05854365952335282,0.5419847328244275,0.0,0.0,0.0,0.9016431924882629,4.0
SUPPORT,Nonlinear XOR,4,Cox T-learner,0.2960233346534668,0.3545637386059087,-0.3063857470729776,0.1717503870175626,-0.07070298062702793,0.6183206106870229,0.6129032258064516,0.3333333333333333,0.4318181818181818,0.5749170222854434,
SUPPORT,Nonlinear XOR,4,CSF (RF),0.23151738386701334,0.295554174111668,0.09226936652079198,0.42969091976725565,-0.03616833916813123,0.7251908396946565,0.7560975609756098,0.543859649122807,0.6326530612244898,0.767425320056899,
SUPPORT,Nonlinear XOR,4,Bo & Ding,0.4515774507917349,0.5681456161850649,-2.3543016625224094,0.27507606896919873,-0.0741438423138425,0.6183206106870229,0.574468085106383,0.47368421052631576,0.5192307692307693,0.6455666192508297,200.0
SUPPORT,Nonlinear XOR,4,Hybrid,0.35372300858096173,0.4395009002981234,-1.0072540160816787,0.35146532856456525,-0.0364706953010949,0.6412213740458015,0.5862068965517241,0.5964912280701754,0.591304347826087,0.7489331436699858,241.0
SUPPORT,Nonlinear XOR,4,CRE,0.3372516995854678,0.4187474536899896,-0.8221627148273509,0.3207654940479368,-0.038004379082790335,0.648854961832061,0.5932203389830508,0.6140350877192983,0.603448275862069,0.7235656709340921,362.0
SUPPORT,Nonlinear XOR,4,SCRE,0.2682111046726154,0.28390849531185836,0.1623943977743687,0.5614530507660278,0.0578105763187106,0.7557251908396947,0.7049180327868853,0.7543859649122807,0.7288135593220338,0.7811759127548601,1.0
SUPPORT,Nonlinear XOR,4,CISCaRL (direct),0.284541191615711,0.32861585710394603,-0.12217303762333787,0.12215484206610083,-0.11321304723700845,0.5648854961832062,0.5,0.017543859649122806,0.03389830508474576,0.5449265054528213,4.0
SUPPORT,Nonlinear XOR,4,CISCaRL (auto),0.284541191615711,0.32861585710394603,-0.12217303762333787,0.12215484206610083,-0.11321304723700845,0.5648854961832062,0.5,0.017543859649122806,0.03389830508474576,0.5449265054528213,4.0
SUPPORT,Nonlinear XOR,4,CISCaRL (posthoc),0.26579352981469073,0.30239113149973196,0.04978715360799835,0.38691202768228283,-0.07900991478595235,0.648854961832061,0.6896551724137931,0.3508771929824561,0.46511627906976744,0.6530346135609293,4.0
SUPPORT,Nonlinear XOR,5,Cox T-learner,0.2637372360699723,0.3067389982581515,0.03575455471182021,0.33039022046655636,0.01619599941994513,0.6030534351145038,0.54,0.48214285714285715,0.5094339622641509,0.6340476190476191,
SUPPORT,Nonlinear XOR,5,CSF (RF),0.25574758120435015,0.28970699034819775,0.1398631480264122,0.3633107350664602,-0.009492938917138,0.6946564885496184,0.6818181818181818,0.5357142857142857,0.6,0.713095238095238,
SUPPORT,Nonlinear XOR,5,Bo & Ding,0.3975481082130791,0.5199385028489152,-1.7704707213773232,0.27448886990871724,-0.06344922298699132,0.6183206106870229,0.56,0.5,0.5283018867924528,0.6595238095238095,199.0
SUPPORT,Nonlinear XOR,5,Hybrid,0.35592643862036605,0.4692766325946863,-1.2568747869636088,0.25066994074627663,0.006878142375583231,0.6412213740458015,0.5818181818181818,0.5714285714285714,0.5765765765765766,0.6526190476190477,227.0
SUPPORT,Nonlinear XOR,5,CRE,0.3352241334687676,0.447732746517106,-1.0544109664522217,0.287135002402178,0.011847219284369768,0.6564885496183206,0.5932203389830508,0.625,0.6086956521739131,0.6707142857142857,356.0
SUPPORT,Nonlinear XOR,5,SCRE,0.2986519025107747,0.3102030233123813,0.013852998083215162,0.5296482143810388,0.059027579096994215,0.732824427480916,0.6909090909090909,0.6785714285714286,0.6846846846846847,0.7738095238095238,1.0
SUPPORT,Nonlinear XOR,5,CISCaRL (direct),0.2792433756339011,0.3330502046379546,-0.13676060875188556,0.28566058700207425,-0.12972366935317203,0.5725190839694656,0.0,0.0,0.0,0.5819047619047619,5.0
SUPPORT,Nonlinear XOR,5,CISCaRL (auto),0.2792433756339011,0.3330502046379546,-0.13676060875188556,0.28566058700207425,-0.12972366935317203,0.5725190839694656,0.0,0.0,0.0,0.5819047619047619,5.0
SUPPORT,Nonlinear XOR,5,CISCaRL (posthoc),0.2691239325492805,0.3123232545798172,0.0003263394656288776,0.6515437178593467,-0.10660948807300642,0.5725190839694656,0.0,0.0,0.0,0.8822619047619047,7.0
SUPPORT,Nonlinear XOR,6,Cox T-learner,0.2593125409526348,0.31852460023427354,-0.13567295739481433,0.4350931511236854,-0.11874350129321944,0.6106870229007634,0.6551724137931034,0.31666666666666665,0.42696629213483145,0.6744131455399062,
SUPPORT,Nonlinear XOR,6,CSF (RF),0.19292256357521717,0.23311629415339957,0.39170732483997595,0.7253883521059094,-0.10909806518168971,0.7404580152671756,0.8421052631578947,0.5333333333333333,0.6530612244897959,0.9330985915492958,
SUPPORT,Nonlinear XOR,6,Bo & Ding,0.4463797228880658,0.5417321875874196,-2.2850093249130343,0.3487695510596274,-0.0030212995844540905,0.6259541984732825,0.5901639344262295,0.6,0.5950413223140496,0.6995305164319249,206.0
SUPPORT,Nonlinear XOR,6,Hybrid,0.36231067724116056,0.4540484428523903,-1.3076593880954808,0.518475417712059,-0.07504833391195971,0.7175572519083969,0.7346938775510204,0.6,0.6605504587155964,0.7849765258215962,232.0
SUPPORT,Nonlinear XOR,6,CRE,0.3414254543880178,0.43302766018491684,-1.0989331297827087,0.5431964981583303,-0.08566393661860075,0.7404580152671756,0.76,0.6333333333333333,0.6909090909090909,0.8051643192488263,370.0
SUPPORT,Nonlinear XOR,6,SCRE,0.2609522222687526,0.27643944294350753,0.14460374577006618,0.5561575828751402,0.04630419839627901,0.7709923664122137,0.7777777777777778,0.7,0.7368421052631579,0.7854460093896715,1.0
SUPPORT,Nonlinear XOR,6,CISCaRL (direct),0.281432132893294,0.3264656171807918,-0.19300488930587245,0.01078341483110378,-0.12142489854810637,0.5419847328244275,0.0,0.0,0.0,0.5165492957746479,3.0
SUPPORT,Nonlinear XOR,6,CISCaRL (auto),0.281432132893294,0.3264656171807918,-0.19300488930587245,0.01078341483110378,-0.12142489854810637,0.5419847328244275,0.0,0.0,0.0,0.5165492957746479,3.0
SUPPORT,Nonlinear XOR,6,CISCaRL (posthoc),0.25276045910590383,0.3070269203344245,-0.05516466346545679,0.6101434839576921,-0.16288840136792226,0.5419847328244275,0.0,0.0,0.0,0.8930751173708921,8.0
SUPPORT,Nonlinear XOR,7,Cox T-learner,0.2947192447702991,0.3457147860477957,-0.24247890404962158,0.4340842363743127,0.10080004843173868,0.5572519083969466,0.475,0.7037037037037037,0.5671641791044776,0.6077441077441077,
SUPPORT,Nonlinear XOR,7,CSF (RF),0.25506672703767563,0.31201503413829496,-0.012055095432957685,0.5329258527731809,0.1386436918131843,0.5801526717557252,0.4939759036144578,0.7592592592592593,0.5985401459854015,0.7414622414622414,
SUPPORT,Nonlinear XOR,7,Bo & Ding,0.46521742329890614,0.5640020474106165,-2.3068498485345095,0.15069129343938506,0.10942557289095473,0.5572519083969466,0.47058823529411764,0.5925925925925926,0.5245901639344263,0.5772005772005772,180.0
SUPPORT,Nonlinear XOR,7,Hybrid,0.3856151203106468,0.47240401542618304,-1.3199588169762104,0.39782202530294136,0.1684902301324932,0.5725190839694656,0.4878048780487805,0.7407407407407407,0.5882352941176471,0.6736411736411737,237.0
SUPPORT,Nonlinear XOR,7,CRE,0.3555852218973317,0.4312122885553497,-0.9330156587039435,0.40644317514546524,0.14998268706650014,0.6183206106870229,0.524390243902439,0.7962962962962963,0.6323529411764706,0.6981721981721981,389.0
SUPPORT,Nonlinear XOR,7,SCRE,0.2925533279812252,0.2988841495973115,0.07133541690708256,0.5703784764853468,0.062146237038633576,0.648854961832061,0.5689655172413793,0.6111111111111112,0.5892857142857143,0.656084656084656,1.0
SUPPORT,Nonlinear XOR,7,CISCaRL (direct),0.5346449268678984,0.6180929982113418,-2.971556657025436,0.0,0.5346449268678984,0.4122137404580153,0.4122137404580153,1.0,0.5837837837837838,,0.0
SUPPORT,Nonlinear XOR,7,CISCaRL (auto),0.5346449268678984,0.6180929982113418,-2.971556657025436,0.0,0.5346449268678984,0.4122137404580153,0.4122137404580153,1.0,0.5837837837837838,,0.0
SUPPORT,Nonlinear XOR,7,CISCaRL (posthoc),0.3099106110503942,0.32904908472596667,-0.12557513057085257,0.2865014967429398,0.11907504018317569,0.46564885496183206,0.43333333333333335,0.9629629629629629,0.5977011494252874,0.6322751322751323,4.0
SUPPORT,Nonlinear XOR,8,Cox T-learner,0.30075592222837966,0.3632864140868239,-0.36373807519730805,0.26184273741525654,0.06428235116973563,0.5419847328244275,0.5189873417721519,0.6507936507936508,0.5774647887323944,0.592203548085901,
SUPPORT,Nonlinear XOR,8,CSF (RF),0.24405775512608444,0.2860777662795542,0.15433011594188628,0.4606469866011851,0.05783731204801862,0.648854961832061,0.6164383561643836,0.7142857142857143,0.6617647058823529,0.7640056022408963,
SUPPORT,Nonlinear XOR,8,Bo & Ding,0.4730599680393657,0.5700319831897394,-2.357616572614838,0.07883948112955746,-0.0554825685109489,0.5419847328244275,0.5263157894736842,0.47619047619047616,0.5,0.6076097105508871,207.0
SUPPORT,Nonlinear XOR,8,Hybrid,0.3987046156094867,0.5113900503102512,-1.7023226458216412,0.27889820103560564,0.039015540058646735,0.6717557251908397,0.65625,0.6666666666666666,0.6614173228346457,0.6743697478991597,242.0
SUPPORT,Nonlinear XOR,8,CRE,0.38302455690827836,0.4722068332020786,-1.3040780536802732,0.27283937436609196,0.04293182366784669,0.6412213740458015,0.625,0.6349206349206349,0.6299212598425197,0.6767040149393091,377.0
SUPPORT,Nonlinear XOR,8,SCRE,0.2669684489820555,0.28681874461571155,0.1499436542528758,0.41415149735760426,0.03575759623206116,0.6793893129770993,0.6521739130434783,0.7142857142857143,0.6818181818181818,0.7436974789915967,1.0
SUPPORT,Nonlinear XOR,8,CISCaRL (direct),0.3277249077293451,0.36187110947594797,-0.35313297121074627,-0.08421607051240336,-0.020045596383846422,0.4732824427480916,0.40625,0.20634920634920634,0.2736842105263158,0.4091970121381886,6.0
SUPPORT,Nonlinear XOR,8,CISCaRL (auto),0.3277249077293451,0.36187110947594797,-0.35313297121074627,-0.08421607051240336,-0.020045596383846422,0.4732824427480916,0.40625,0.20634920634920634,0.2736842105263158,0.4091970121381886,6.0
SUPPORT,Nonlinear XOR,8,CISCaRL (posthoc),0.2811557651450066,0.3022476640309578,0.05602920387047183,0.3776901386901465,0.08072384007394759,0.5572519083969466,0.5225225225225225,0.9206349206349206,0.6666666666666666,0.6701680672268907,10.0
SUPPORT,Nonlinear XOR,9,Cox T-learner,0.30146373215256606,0.35258367582533023,-0.34351826183616363,0.03227993380665137,0.05069974325495232,0.5572519083969466,0.48148148148148145,0.4642857142857143,0.4727272727272727,0.559047619047619,
SUPPORT,Nonlinear XOR,9,CSF (RF),0.27399973274810957,0.30535783557479396,-0.007714038762067776,0.22141675118774357,0.009767659225736264,0.6259541984732825,0.5813953488372093,0.44642857142857145,0.5050505050505051,0.6359523809523809,
SUPPORT,Nonlinear XOR,9,Bo & Ding,0.4689561456906988,0.5700232691949174,-2.5115943439104615,0.22748091603053436,-0.0036749986011410203,0.6335877862595419,0.5740740740740741,0.5535714285714286,0.5636363636363636,0.6666666666666666,203.0
SUPPORT,Nonlinear XOR,9,Hybrid,0.35178797483891205,0.4420428270350968,-1.1117760839140645,0.2047723269097315,-0.020858906580827043,0.648854961832061,0.5925925925925926,0.5714285714285714,0.5818181818181818,0.6578571428571429,233.0
SUPPORT,Nonlinear XOR,9,CRE,0.34655132910259084,0.4298561476816101,-0.9969420230217405,0.23061976191747185,-0.020042589273634007,0.6412213740458015,0.5818181818181818,0.5714285714285714,0.5765765765765766,0.6845238095238095,347.0
SUPPORT,Nonlinear XOR,9,SCRE,0.2990100856818008,0.3133886721867521,-0.06141631852232399,0.15269844659157636,0.08485854232183113,0.5267175572519084,0.4605263157894737,0.625,0.5303030303030303,0.584047619047619,1.0
SUPPORT,Nonlinear XOR,9,CISCaRL (direct),0.2810995353122462,0.3144928527047021,-0.0689089945758854,-0.11316595105935205,-0.07507887079001613,0.5725190839694656,0.0,0.0,0.0,0.4447619047619047,2.0
SUPPORT,Nonlinear XOR,9,CISCaRL (auto),0.2810995353122462,0.3144928527047021,-0.0689089945758854,-0.11316595105935205,-0.07507887079001613,0.5725190839694656,0.0,0.0,0.0,0.4447619047619047,2.0
SUPPORT,Nonlinear XOR,9,CISCaRL (posthoc),0.27564996604020975,0.29210901994068433,0.07783399775066802,0.3625773613743303,-0.0070528666523449295,0.5725190839694656,0.0,0.0,0.0,0.7120238095238095,7.0
GBSG,AFT-Gumbel,0,Cox T-learner,0.13722312415970558,0.17512818568995325,0.0133913611547537,0.4269413102283766,0.050861707433614706,0.6699029126213593,0.6682926829268293,1.0,0.8011695906432749,0.6448746429704855,
GBSG,AFT-Gumbel,0,CSF (RF),0.13731466506684764,0.18709838195046324,-0.12608942568542547,0.5304503964535184,0.07777311474804849,0.7135922330097088,0.6989795918367347,1.0,0.8228228228228228,0.7542579075425792,
GBSG,AFT-Gumbel,0,Bo & Ding,0.4776086144001107,0.5987043539106306,-10.53075248564827,0.2290633094800447,0.10751534623043107,0.6650485436893204,0.7236842105263158,0.8029197080291971,0.7612456747404844,0.6123981804718079,262.0
GBSG,AFT-Gumbel,0,Hybrid,0.41313281615200614,0.5385050110379535,-8.328510718913014,0.12245969022996925,0.1540131983677609,0.6650485436893204,0.7073170731707317,0.8467153284671532,0.770764119601329,0.5401459854014599,344.0
GBSG,AFT-Gumbel,0,CRE,0.41738358810023585,0.5445727197417348,-8.53991664953666,0.12639519741180322,0.13778788748615695,0.6407766990291263,0.6956521739130435,0.8175182481751825,0.7516778523489933,0.5443774463133397,608.0
GBSG,AFT-Gumbel,0,SCRE,0.24906377475899016,0.2911195616229426,-1.7263122450565698,0.5423303807997478,-0.24905381287348785,0.7621359223300971,0.9230769230769231,0.7007299270072993,0.7966804979253111,0.8385697662117847,1.0
GBSG,AFT-Gumbel,0,CISCaRL (direct),0.16689949878790047,0.2013229413920002,-0.3038251404154224,0.1671119131893436,0.08124617510401548,0.6650485436893204,0.6650485436893204,1.0,0.7988338192419825,0.717285517825029,2.0
GBSG,AFT-Gumbel,0,CISCaRL (auto),0.16689949878790047,0.2013229413920002,-0.3038251404154224,0.1671119131893436,0.08124617510401548,0.6650485436893204,0.6650485436893204,1.0,0.7988338192419825,0.717285517825029,2.0
GBSG,AFT-Gumbel,0,CISCaRL (posthoc),0.14009405098489902,0.1810530218551778,-0.05449463021204459,0.3889392878830214,0.07047622546869468,0.6650485436893204,0.6650485436893204,1.0,0.7988338192419825,0.6455093621072676,7.0
GBSG,AFT-Gumbel,1,Cox T-learner,0.11509953451446445,0.14812955645303272,0.3226041995208325,0.7053531116070814,0.059521414806168876,0.6407766990291263,0.6390243902439025,1.0,0.7797619047619048,0.8576081424936386,
GBSG,AFT-Gumbel,1,CSF (RF),0.14729762422917048,0.19199113704317197,-0.13794537856813527,0.6048274918953361,0.08487955838749384,0.7233009708737864,0.6989247311827957,0.9923664122137404,0.8201892744479495,0.7919592875318066,
GBSG,AFT-Gumbel,1,Bo & Ding,0.44821437291545674,0.5969744538067011,-10.001972340621286,0.30064956462595843,0.06664048893185107,0.6504854368932039,0.697986577181208,0.7938931297709924,0.7428571428571429,0.6609669211195929,284.0
GBSG,AFT-Gumbel,1,Hybrid,0.3806761657963699,0.4916131945205935,-6.461155924815714,0.17648145273685228,0.10106463984280653,0.6553398058252428,0.6807228915662651,0.8625954198473282,0.7609427609427609,0.5627480916030534,371.0
GBSG,AFT-Gumbel,1,CRE,0.3897260668185896,0.5012747778698013,-6.7573031103790555,0.19507799937510967,0.11215995265398156,0.6359223300970874,0.6707317073170732,0.8396946564885496,0.7457627118644068,0.5676335877862596,655.0
GBSG,AFT-Gumbel,1,SCRE,0.24173040747105404,0.281363908985758,-1.443969788790287,0.5797237017697437,-0.24106186735632246,0.7864077669902912,0.9306930693069307,0.7175572519083969,0.8103448275862069,0.8713486005089058,2.0
GBSG,AFT-Gumbel,1,CISCaRL (direct),0.15755089242484327,0.1854983822237644,-0.06228074092516844,0.0,0.04491561574122285,0.6359223300970874,0.6359223300970874,1.0,0.7774480712166172,,0.0
GBSG,AFT-Gumbel,1,CISCaRL (auto),0.15755089242484327,0.1854983822237644,-0.06228074092516844,0.0,0.04491561574122285,0.6359223300970874,0.6359223300970874,1.0,0.7774480712166172,,0.0
GBSG,AFT-Gumbel,1,CISCaRL (posthoc),0.1414895798761123,0.16704199596964323,0.13858903339243567,0.48376489886483426,0.05057810798587307,0.6359223300970874,0.6359223300970874,1.0,0.7774480712166172,0.8148091603053433,6.0
GBSG,AFT-Gumbel,2,Cox T-learner,0.101409260968553,0.12965545858818234,0.4087405272604776,0.6446103248672439,0.02862671992133509,0.7087378640776699,0.7073170731707317,1.0,0.8285714285714286,0.8659129451667609,
GBSG,AFT-Gumbel,2,CSF (RF),0.1249116949334917,0.15620446428896526,0.14181012955839045,0.5609499286468955,0.02800365460859911,0.7524271844660194,0.7447916666666666,0.9862068965517241,0.8486646884272997,0.8348219332956472,
GBSG,AFT-Gumbel,2,Bo & Ding,0.46110257009551875,0.5880246822961065,-11.161513113631173,0.17404937079750174,-0.01643406456049913,0.6601941747572816,0.7659574468085106,0.7448275862068966,0.7552447552447552,0.6123233465234597,300.0
GBSG,AFT-Gumbel,2,Hybrid,0.4111605283665957,0.5170846146286997,-8.4041540005444,0.13697716429746526,0.006635681457341057,0.6262135922330098,0.7236842105263158,0.7586206896551724,0.7407407407407407,0.5751271905031091,352.0
GBSG,AFT-Gumbel,2,CRE,0.38616542640211426,0.4953385591487928,-7.629800850115794,0.19590907879864883,0.025341982970346694,0.6553398058252428,0.7371794871794872,0.7931034482758621,0.7641196013289037,0.6228377614471453,618.0
GBSG,AFT-Gumbel,2,SCRE,0.2642284869910867,0.2949296765669192,-2.0593801860398093,0.5332534419541153,-0.261840339406232,0.7815533980582524,0.923728813559322,0.7517241379310344,0.8288973384030418,0.8594686263425664,1.0
GBSG,AFT-Gumbel,2,CISCaRL (direct),0.1462604004699074,0.16841178899306422,0.002434366542017452,0.10007011467355353,0.008134031867593877,0.7038834951456311,0.7038834951456311,1.0,0.8262108262108262,0.5629169022046354,3.0
GBSG,AFT-Gumbel,2,CISCaRL (auto),0.1462604004699074,0.16841178899306422,0.002434366542017452,0.10007011467355353,0.008134031867593877,0.7038834951456311,0.7038834951456311,1.0,0.8262108262108262,0.5629169022046354,3.0
GBSG,AFT-Gumbel,2,CISCaRL (posthoc),0.1454044024563136,0.16981821323865276,-0.01429675190170987,-0.05023129784558537,0.014298613952647915,0.7038834951456311,0.7038834951456311,1.0,0.8262108262108262,0.41317128321085356,5.0
GBSG,AFT-Gumbel,3,Cox T-learner,0.12277344263558554,0.17000486312351884,0.017784260104117378,0.5310479192292403,0.07671575171064632,0.7184466019417476,0.7184466019417476,1.0,0.8361581920903954,0.7079450139794967,
GBSG,AFT-Gumbel,3,CSF (RF),0.15360794340043496,0.19574173256617727,-0.3021201384764498,0.49680555033688706,0.09151719483811185,0.7233009708737864,0.7263681592039801,0.9864864864864865,0.836676217765043,0.732991612301957,
GBSG,AFT-Gumbel,3,Bo & Ding,0.45608249334197043,0.5983414212871515,-11.166967192964938,0.09581671355489275,0.08745356433708044,0.616504854368932,0.7225806451612903,0.7567567567567568,0.7392739273927392,0.5351817334575956,268.0
GBSG,AFT-Gumbel,3,Hybrid,0.415868595640378,0.5147257355196455,-8.004009930788126,0.1571133929990629,0.07526313917714816,0.6504854368932039,0.7467532467532467,0.777027027027027,0.7615894039735099,0.5827120223671949,336.0
GBSG,AFT-Gumbel,3,CRE,0.4170136671247524,0.5121062936199676,-7.912600211250066,0.17626049229476684,0.0875219576358205,0.6504854368932039,0.7467532467532467,0.777027027027027,0.7615894039735099,0.5768872320596459,600.0
GBSG,AFT-Gumbel,3,SCRE,0.27323322399726485,0.3054960529438484,-2.1717241318864726,0.5835466828621636,-0.26976724229537474,0.7330097087378641,0.8907563025210085,0.7162162162162162,0.7940074906367042,0.8265377446411928,1.0
GBSG,AFT-Gumbel,3,CISCaRL (direct),0.14816119486204482,0.20783155990503213,-0.4679362460079368,0.11998212670376679,0.11667633610141732,0.7184466019417476,0.7184466019417476,1.0,0.8361581920903954,0.5952935694315005,4.0
GBSG,AFT-Gumbel,3,CISCaRL (auto),0.14816119486204482,0.20783155990503213,-0.4679362460079368,0.11998212670376679,0.11667633610141732,0.7184466019417476,0.7184466019417476,1.0,0.8361581920903954,0.5952935694315005,4.0
GBSG,AFT-Gumbel,3,CISCaRL (posthoc),0.1414462825283882,0.20159189103107464,-0.3811165107243968,0.3869439442642774,0.11784475621617795,0.7184466019417476,0.7184466019417476,1.0,0.8361581920903954,0.6837721342031686,8.0
GBSG,AFT-Gumbel,4,Cox T-learner,0.10443445664944424,0.13987381856025277,0.2539347769403284,0.6294861586395569,0.014327373568927639,0.7378640776699029,0.7313432835820896,1.0,0.8448275862068966,0.8332756831546178,
GBSG,AFT-Gumbel,4,CSF (RF),0.17565125553105512,0.23086820439639694,-1.0325076276982896,0.6472048780552093,0.014013136211035037,0.8252427184466019,0.8404907975460123,0.9319727891156463,0.8838709677419355,0.8724778046811945,
GBSG,AFT-Gumbel,4,Bo & Ding,0.42098695026442523,0.5594951511605496,-10.937038317018805,0.38858242168117296,0.004824527195294143,0.7184466019417476,0.8068965517241379,0.7959183673469388,0.8013698630136986,0.7341173757638648,248.0
GBSG,AFT-Gumbel,4,Hybrid,0.4411697647410816,0.5514642656833146,-10.596813835382807,0.21749432886486258,0.05201115205191948,0.6699029126213593,0.7581699346405228,0.7891156462585034,0.7733333333333333,0.5969099504208463,376.0
GBSG,AFT-Gumbel,4,CRE,0.4464378448623113,0.5604020098518436,-10.97576601627197,0.2450316220813641,0.04540449780347726,0.6456310679611651,0.75,0.7551020408163265,0.752542372881356,0.6143203043929437,664.0
GBSG,AFT-Gumbel,4,SCRE,0.2703058941187548,0.2989872282641838,-2.40886033444495,0.6066260927960905,-0.2669814066191205,0.7281553398058253,0.8956521739130435,0.7006802721088435,0.7862595419847328,0.8457281217571774,3.0
GBSG,AFT-Gumbel,4,CISCaRL (direct),0.15206638532650787,0.16599319635229431,-0.0507139765431297,0.10870064343140119,-0.029727895306581795,0.7135922330097088,0.7135922330097088,1.0,0.8328611898016998,0.5402398247434568,6.0
GBSG,AFT-Gumbel,4,CISCaRL (auto),0.15206638532650787,0.16599319635229431,-0.0507139765431297,0.10870064343140119,-0.029727895306581795,0.7135922330097088,0.7135922330097088,1.0,0.8328611898016998,0.5402398247434568,6.0
GBSG,AFT-Gumbel,4,CISCaRL (posthoc),0.12647304314109445,0.1451552166681806,0.19653080518552435,0.5787500475431937,-0.07936592448628801,0.7135922330097088,0.7135922330097088,1.0,0.8328611898016998,0.8608901187593682,6.0
GBSG,AFT-Gumbel,5,Cox T-learner,0.12330828966268946,0.15550760580462955,0.20475781633443824,0.5824897200123305,-0.0064365513686913504,0.7087378640776699,0.7105263157894737,0.9642857142857143,0.8181818181818182,0.7832251082251083,
GBSG,AFT-Gumbel,5,CSF (RF),0.14212533220370932,0.17849775438549395,-0.047759609623170496,0.6503453495149518,-0.0043345649224410445,0.7378640776699029,0.7471264367816092,0.9285714285714286,0.8280254777070064,0.8265151515151515,
GBSG,AFT-Gumbel,5,Bo & Ding,0.41427483948441496,0.5293479720934007,-8.214645806998401,0.27737808451339524,0.02820122219833837,0.6310679611650486,0.7133333333333334,0.7642857142857142,0.7379310344827587,0.6085497835497835,249.0
GBSG,AFT-Gumbel,5,Hybrid,0.34707249698182846,0.44877244929524684,-5.622904816857289,0.32466038297110117,0.006245813538466361,0.6796116504854369,0.7569444444444444,0.7785714285714286,0.7676056338028169,0.6727272727272728,316.0
GBSG,AFT-Gumbel,5,CRE,0.39774609241236564,0.504249859221166,-7.361567699850291,0.3218337048582706,-0.001965012980655234,0.6601941747572816,0.7397260273972602,0.7714285714285715,0.7552447552447552,0.6438311688311689,635.0
GBSG,AFT-Gumbel,5,SCRE,0.2447832465257103,0.28520615326125853,-1.6749392377679397,0.5462200621925505,-0.243481269574699,0.7524271844660194,0.8803418803418803,0.7357142857142858,0.8015564202334631,0.8506493506493507,1.0
GBSG,AFT-Gumbel,5,CISCaRL (direct),0.13943491496808622,0.1659830818767915,0.0940092007663248,0.3646817827251551,0.026910412007966945,0.6796116504854369,0.6796116504854369,1.0,0.8092485549132948,0.7588203463203462,4.0
GBSG,AFT-Gumbel,5,CISCaRL (auto),0.13943491496808622,0.1659830818767915,0.0940092007663248,0.3646817827251551,0.026910412007966945,0.6796116504854369,0.6796116504854369,1.0,0.8092485549132948,0.7588203463203462,4.0
GBSG,AFT-Gumbel,5,CISCaRL (posthoc),0.15320150601986246,0.1661341892465638,0.09235886144976146,0.4222296260332866,-0.02457034132780308,0.6796116504854369,0.6796116504854369,1.0,0.8092485549132948,0.7082792207792208,7.0
GBSG,AFT-Gumbel,6,Cox T-learner,0.1071265985501288,0.1434146869582532,0.34867961285450644,0.5413969260953623,0.011078951685844213,0.7427184466019418,0.7295918367346939,1.0,0.8436578171091446,0.847041847041847,
GBSG,AFT-Gumbel,6,CSF (RF),0.1326026421646046,0.1727248165330819,0.05525001458201684,0.6904126145655274,0.01900155351706024,0.8203883495145631,0.8011363636363636,0.986013986013986,0.8840125391849529,0.9339549339549339,
GBSG,AFT-Gumbel,6,Bo & Ding,0.44439796659729247,0.5860168164683397,-9.874957575527745,0.3474623164182781,-0.0021131157714645763,0.7233009708737864,0.7945205479452054,0.8111888111888111,0.8027681660899654,0.7256077256077256,269.0
GBSG,AFT-Gumbel,6,Hybrid,0.3578571656508194,0.47411909505291927,-6.118398671845149,0.35677118325403084,0.024735499517668284,0.7427184466019418,0.7884615384615384,0.8601398601398601,0.822742474916388,0.7068487068487068,373.0
GBSG,AFT-Gumbel,6,CRE,0.36445158803796257,0.48292081883893845,-6.3851491459167375,0.3753728995740571,0.020578518323720908,0.7572815533980582,0.8,0.8671328671328671,0.8322147651006712,0.7109557109557109,674.0
GBSG,AFT-Gumbel,6,SCRE,0.2621738183906474,0.2960597734354142,-1.7756596922544792,0.5506147526317644,-0.2586850810095092,0.7961165048543689,0.9105691056910569,0.7832167832167832,0.8421052631578947,0.8783438783438783,1.0
GBSG,AFT-Gumbel,6,CISCaRL (direct),0.15508321357020166,0.19807316297700928,-0.24239211755402512,0.14346599599214208,0.035881615312341485,0.6941747572815534,0.6941747572815534,1.0,0.8194842406876791,0.4681429681429682,6.0
GBSG,AFT-Gumbel,6,CISCaRL (auto),0.15508321357020166,0.19807316297700928,-0.24239211755402512,0.14346599599214208,0.035881615312341485,0.6941747572815534,0.6941747572815534,1.0,0.8194842406876791,0.4681429681429682,6.0
GBSG,AFT-Gumbel,6,CISCaRL (posthoc),0.13171953017631977,0.15985883830337436,0.19075370632451494,0.4757878951678657,0.011305689316713271,0.6941747572815534,0.6941747572815534,1.0,0.8194842406876791,0.733988233988234,9.0
GBSG,AFT-Gumbel,7,Cox T-learner,0.19020150423502097,0.27068784506189525,-1.0197793566588707,0.0689822004683606,0.17793318154046717,0.616504854368932,0.616504854368932,1.0,0.7627627627627628,0.37376657031795074,
GBSG,AFT-Gumbel,7,CSF (RF),0.19153037765980183,0.2605362130207946,-0.8711241850162548,0.22737833964084767,0.15371145855527543,0.6262135922330098,0.6225490196078431,1.0,0.7673716012084593,0.579487690620951,
GBSG,AFT-Gumbel,7,Bo & Ding,0.4683459671652494,0.6077523011826038,-9.181684691674297,0.09245586940306945,0.18790809414368495,0.5970873786407767,0.6309523809523809,0.8346456692913385,0.7186440677966102,0.5179906309179707,210.0
GBSG,AFT-Gumbel,7,Hybrid,0.43631535034791075,0.5345567428745334,-6.876876638216706,0.1872475963464666,0.18796291126209422,0.6116504854368932,0.6342857142857142,0.8740157480314961,0.7350993377483444,0.5417123492474832,360.0
GBSG,AFT-Gumbel,7,CRE,0.44741522825316504,0.5523761968585129,-7.410781115125737,0.18833645056632117,0.1759656725817874,0.6019417475728155,0.630057803468208,0.8582677165354331,0.7266666666666667,0.5393202431974485,632.0
GBSG,AFT-Gumbel,7,SCRE,0.2348691954263688,0.2987783024880292,-1.4607332111305857,0.6332379491852401,-0.2340127800138293,0.7718446601941747,0.8571428571428571,0.7559055118110236,0.803347280334728,0.8156084919764776,1.0
GBSG,AFT-Gumbel,7,CISCaRL (direct),0.2206465552208653,0.2875647714584101,-1.279490475615063,-0.11588208284072032,0.2118061126827672,0.616504854368932,0.616504854368932,1.0,0.7627627627627628,0.43042958237815215,6.0
GBSG,AFT-Gumbel,7,CISCaRL (auto),0.2206465552208653,0.2875647714584101,-1.279490475615063,-0.11588208284072032,0.2118061126827672,0.616504854368932,0.616504854368932,1.0,0.7627627627627628,0.43042958237815215,6.0
GBSG,AFT-Gumbel,7,CISCaRL (posthoc),0.20080911203536542,0.2670580244177226,-0.9659736091586222,0.02975408127800226,0.18735819148644725,0.616504854368932,0.616504854368932,1.0,0.7627627627627628,0.5430080733579189,8.0
GBSG,AFT-Gumbel,8,Cox T-learner,0.15504208811471357,0.1883935997174503,-0.11832569137520887,0.6570121139674451,-0.11132519826907405,0.7718446601941747,0.7931034482758621,0.9261744966442953,0.8544891640866873,0.8352761097374309,
GBSG,AFT-Gumbel,8,CSF (RF),0.1378178857614762,0.1736904800914353,0.049421375069660156,0.7509168747489813,-0.08826539640747269,0.8398058252427184,0.8670886075949367,0.9194630872483222,0.8925081433224755,0.9032144118685977,
GBSG,AFT-Gumbel,8,Bo & Ding,0.46599380849002764,0.6145343522858203,-10.899489848735609,0.4493991747759781,-0.10312435746739937,0.7330097087378641,0.8671875,0.7449664429530202,0.8014440433212996,0.7440244907570941,241.0
GBSG,AFT-Gumbel,8,Hybrid,0.4327107519628132,0.5679448814391338,-9.163619384994913,0.4795861184735328,-0.10193575250130071,0.7475728155339806,0.8540145985401459,0.785234899328859,0.8181818181818182,0.7621570705286707,371.0
GBSG,AFT-Gumbel,8,CRE,0.44738105170465814,0.6028827033934423,-10.452535894121171,0.47442730910289904,-0.12681811636891668,0.7475728155339806,0.8489208633093526,0.7919463087248322,0.8194444444444444,0.7422583303897327,638.0
GBSG,AFT-Gumbel,8,SCRE,0.2963340245131042,0.3287842673920327,-2.4061052930525135,0.6104856516372952,-0.2960849466199268,0.7572815533980582,0.9714285714285714,0.6845637583892618,0.8031496062992126,0.8596491228070176,1.0
GBSG,AFT-Gumbel,8,CISCaRL (direct),0.16387562628068916,0.19177075900033314,-0.15877945719085096,0.16394883842125443,-0.05469250235216666,0.7233009708737864,0.7584269662921348,0.9060402684563759,0.8256880733944955,0.5359119274696809,2.0
GBSG,AFT-Gumbel,8,CISCaRL (auto),0.16387562628068916,0.19177075900033314,-0.15877945719085096,0.16394883842125443,-0.05469250235216666,0.7233009708737864,0.7584269662921348,0.9060402684563759,0.8256880733944955,0.5359119274696809,2.0
GBSG,AFT-Gumbel,8,CISCaRL (posthoc),0.19088731141615897,0.20134929082229877,-0.2774273839382466,-8.036601073550257e-05,-0.09395277042853095,0.7233009708737864,0.7233009708737864,1.0,0.8394366197183099,0.5456258094901684,2.0
GBSG,AFT-Gumbel,9,Cox T-learner,0.138315915647006,0.20089556866499253,-0.3859954635889633,0.39567290057390064,0.1096522175845659,0.6601941747572816,0.6601941747572816,1.0,0.7953216374269005,0.5419117647058824,
GBSG,AFT-Gumbel,9,CSF (RF),0.16473623143264146,0.20895500536354703,-0.4994315750293359,0.4741778167813244,0.11248002884772335,0.6650485436893204,0.6683417085427136,0.9779411764705882,0.7940298507462686,0.7183823529411765,
GBSG,AFT-Gumbel,9,Bo & Ding,0.4635860842187981,0.582111809777311,-10.636809234939323,0.11228578270799613,0.06158293515718346,0.6310679611650486,0.7083333333333334,0.75,0.7285714285714285,0.5844537815126051,294.0
GBSG,AFT-Gumbel,9,Hybrid,0.4356261528326146,0.5580385652753007,-9.694230026878845,0.10214185650222307,0.0976268045985021,0.6504854368932039,0.7051282051282052,0.8088235294117647,0.7534246575342466,0.5412289915966386,361.0
GBSG,AFT-Gumbel,9,CRE,0.4397800073930617,0.5645563813160492,-9.945503287864453,0.11694092410115346,0.10108483725667526,0.6504854368932039,0.7051282051282052,0.8088235294117647,0.7534246575342466,0.5353466386554622,620.0
GBSG,AFT-Gumbel,9,SCRE,0.239956162135371,0.2810195028193547,-1.7120270477008184,0.5484672037119279,-0.23759488326208134,0.7233009708737864,0.8558558558558559,0.6985294117647058,0.7692307692307693,0.8272058823529411,1.0
GBSG,AFT-Gumbel,9,CISCaRL (direct),0.14619732786683934,0.1942361524084366,-0.2956306925699488,0.050420067508774424,0.0940852040017267,0.6601941747572816,0.6601941747572816,1.0,0.7953216374269005,0.5247373949579832,2.0
GBSG,AFT-Gumbel,9,CISCaRL (auto),0.14619732786683934,0.1942361524084366,-0.2956306925699488,0.050420067508774424,0.0940852040017267,0.6601941747572816,0.6601941747572816,1.0,0.7953216374269005,0.5247373949579832,2.0
GBSG,AFT-Gumbel,9,CISCaRL (posthoc),0.14749216856131536,0.19590212271400906,-0.31795134630032695,0.16471838525041224,0.10228451988926589,0.6601941747572816,0.6601941747572816,1.0,0.7953216374269005,0.6400210084033613,7.0
GBSG,Cox PH,0,Cox T-learner,0.6144536165836609,0.6287402155786177,-33.638593299679776,-0.2557531922808096,0.6144536165836609,,,,,,
GBSG,Cox PH,0,CSF (RF),0.6291719579772298,0.6458805462456925,-35.5529283522754,0.04906697250065466,0.6291719579772298,,,,,,
GBSG,Cox PH,0,Bo & Ding,0.6943386468728233,0.8326070528611276,-59.74323790295109,-0.14554420899576787,0.5972047090186634,,,,,,245.0
GBSG,Cox PH,0,Hybrid,0.7325564159467164,0.8495576475079206,-62.24169111517466,-0.06635827585246747,0.6639032021171677,,,,,,347.0
GBSG,Cox PH,0,CRE,0.714842010919544,0.8245243830533663,-58.5696123389456,-0.04412366988169039,0.6581883306800764,,,,,,564.0
GBSG,Cox PH,0,SCRE,0.2829953254556469,0.31328480387116553,-7.599959906700144,-0.8539076189185257,0.28257341249753776,,,,,,1.0
GBSG,Cox PH,0,CISCaRL (direct),0.5545052093084961,0.5722237739674251,-27.691256098023572,0.07702864926231628,0.5545052093084961,,,,,,1.0
GBSG,Cox PH,0,CISCaRL (auto),0.5545052093084961,0.5722237739674251,-27.691256098023572,0.07702864926231628,0.5545052093084961,,,,,,1.0
GBSG,Cox PH,0,CISCaRL (posthoc),0.6375851310560046,0.6463835562030645,-35.609885158642896,0.09167303731992522,0.6375851310560046,,,,,,6.0
GBSG,Cox PH,1,Cox T-learner,0.6621651054779137,0.686159293411988,-44.60315259944988,-0.719376517413507,0.6621651054779137,,,,,,
GBSG,Cox PH,1,CSF (RF),0.6921623046942922,0.7262113272271313,-50.0823660142219,-0.42336434626718655,0.6921623046942922,,,,,,
GBSG,Cox PH,1,Bo & Ding,0.7484880580280562,0.8760143874944539,-73.33056693861464,-0.1025349689286816,0.67934922962203,,,,,,176.0
GBSG,Cox PH,1,Hybrid,0.7522661776154501,0.8708612033742884,-72.45863496477492,-0.1604963950561683,0.7098946827277144,,,,,,331.0
GBSG,Cox PH,1,CRE,0.7692779472216726,0.8896106974398147,-75.65578942395672,-0.15902694688169677,0.7090526992117059,,,,,,624.0
GBSG,Cox PH,1,SCRE,0.28888872399413096,0.33182430630706483,-9.665012225115191,-0.8072465072252729,0.28888872399413096,,,,,,1.0
GBSG,Cox PH,1,CISCaRL (direct),0.6507897087589171,0.6602783999858108,-41.227867261419846,-0.4805714466528943,0.6507897087589171,,,,,,1.0
GBSG,Cox PH,1,CISCaRL (auto),0.6507897087589171,0.6602783999858108,-41.227867261419846,-0.4805714466528943,0.6507897087589171,,,,,,1.0
GBSG,Cox PH,1,CISCaRL (posthoc),0.6545763554973336,0.666747141066188,-42.05933234710064,-0.435897843153319,0.6545763554973336,,,,,,8.0
GBSG,Cox PH,2,Cox T-learner,0.5457881032247986,0.5783965152563535,-29.187638123046977,-0.374935771789677,0.5457881032247986,,,,,,
GBSG,Cox PH,2,CSF (RF),0.5977254805583718,0.6240849501282681,-34.145135255198575,0.09269935196565966,0.5977254805583718,,,,,,
GBSG,Cox PH,2,Bo & Ding,0.7917053808903074,0.9712867199746594,-84.12805316196177,-0.1301103404745074,0.5711380371680443,,,,,,258.0
GBSG,Cox PH,2,Hybrid,0.6881391207179115,0.804596471565902,-57.41630015951259,0.00877333152532136,0.5088084447074154,,,,,,341.0
GBSG,Cox PH,2,CRE,0.6700874003763057,0.787735532383429,-54.9936361610789,-0.03277584230214395,0.5005297833205044,,,,,,577.0
GBSG,Cox PH,2,SCRE,0.25779195356836737,0.3062057836303986,-7.460666540074161,-0.785130404237721,0.25779195356836737,,,,,,1.0
GBSG,Cox PH,2,CISCaRL (direct),0.4950553539792556,0.5462858335375692,-25.928841896260455,0.16395505200902044,0.4950553539792556,,,,,,1.0
GBSG,Cox PH,2,CISCaRL (auto),0.4950553539792556,0.5462858335375692,-25.928841896260455,0.16395505200902044,0.4950553539792556,,,,,,1.0
GBSG,Cox PH,2,CISCaRL (posthoc),0.6026998940100866,0.6114700817933326,-32.73869070195969,0.16807783938272233,0.6026998940100866,,,,,,8.0
GBSG,Cox PH,3,Cox T-learner,0.6140655776126279,0.6409365498547126,-40.10507850462213,-0.5570784099379594,0.6140655776126279,,,,,,
GBSG,Cox PH,3,CSF (RF),0.6450035050502044,0.6759273106850399,-44.71570212147238,-0.38467632106959826,0.6450035050502044,,,,,,
GBSG,Cox PH,3,Bo & Ding,0.7246724505164626,0.866980317550787,-74.21143618036199,-0.14962296696623412,0.631964937465416,,,,,,229.0
GBSG,Cox PH,3,Hybrid,0.7167579143916146,0.8220728162046456,-66.62168376943599,-0.13396583717470892,0.6073366218264048,,,,,,363.0
GBSG,Cox PH,3,CRE,0.7041452640978635,0.8201107276909402,-66.29927585321333,-0.1220127524693846,0.5938783193479604,,,,,,608.0
GBSG,Cox PH,3,SCRE,0.2622834902985457,0.3132521746921471,-8.818691048172553,-0.8421812862562601,0.26139046816379097,,,,,,2.0
GBSG,Cox PH,3,CISCaRL (direct),0.48153466626725366,0.4964034166067482,-23.65669876987866,-0.2969246922741589,0.48153466626725366,,,,,,3.0
GBSG,Cox PH,3,CISCaRL (auto),0.48153466626725366,0.4964034166067482,-23.65669876987866,-0.2969246922741589,0.48153466626725366,,,,,,3.0
GBSG,Cox PH,3,CISCaRL (posthoc),0.6226989207555691,0.6343369455308523,-39.2629339640905,-0.20789884113798493,0.6226989207555691,,,,,,6.0
GBSG,Cox PH,4,Cox T-learner,0.6217946451189048,0.6462275502023122,-39.80544981020783,-0.72280568642439,0.6217946451189048,,,,,,
GBSG,Cox PH,4,CSF (RF),0.6505442337349098,0.6681887250251043,-42.62601231649234,-0.009052317895469678,0.6505442337349098,,,,,,
GBSG,Cox PH,4,Bo & Ding,0.7034450802383782,0.8274317838176892,-65.89776829237125,0.1890676838954192,0.6380179621135847,,,,,,247.0
GBSG,Cox PH,4,Hybrid,0.7708974255699013,0.8784494160848589,-74.40163243879599,0.08983933319091121,0.6841032415336092,,,,,,362.0
GBSG,Cox PH,4,CRE,0.7752781873670856,0.8907403020093081,-76.52636770347733,0.06796912601442627,0.7084326299659243,,,,,,614.0
GBSG,Cox PH,4,SCRE,0.2595939141201286,0.2962601047258054,-7.576173836649456,-0.8426564000095247,0.2595939141201286,,,,,,1.0
GBSG,Cox PH,4,CISCaRL (direct),0.5926454977619734,0.6027112658164788,-34.49489126442388,-0.09573801030045538,0.5926454977619734,,,,,,1.0
GBSG,Cox PH,4,CISCaRL (auto),0.5926454977619734,0.6027112658164788,-34.49489126442388,-0.09573801030045538,0.5926454977619734,,,,,,1.0
GBSG,Cox PH,4,CISCaRL (posthoc),0.6870121080611723,0.7004099226273112,-46.934898436759774,-0.023652144647310636,0.6870121080611723,,,,,,3.0
GBSG,Cox PH,5,Cox T-learner,0.6090118857555887,0.631331067350661,-32.3838051223925,-0.5236098235626007,0.6090118857555887,,,,,,
GBSG,Cox PH,5,CSF (RF),0.6242747250031719,0.6459184135575118,-33.944340215153844,-0.09487259597054037,0.6242747250031719,,,,,,
GBSG,Cox PH,5,Bo & Ding,0.7152883976035537,0.8594445574377219,-60.8667419386598,-0.15007427790734282,0.5901452843922426,,,,,,271.0
GBSG,Cox PH,5,Hybrid,0.7627496413929082,0.881180591686012,-64.03563131057204,-0.06928354972912235,0.6583261333901225,,,,,,371.0
GBSG,Cox PH,5,CRE,0.7485989414000055,0.8623508658520439,-61.2858680929737,-0.02671560802563138,0.6671097634536682,,,,,,657.0
GBSG,Cox PH,5,SCRE,0.2924499484242588,0.31654996032202914,-7.392783902057841,-0.8284030704099512,0.2924499484242588,,,,,,1.0
GBSG,Cox PH,5,CISCaRL (direct),0.5097064211081277,0.522228859707552,-21.842479873610767,0.07854624007480682,0.5097064211081277,,,,,,1.0
GBSG,Cox PH,5,CISCaRL (auto),0.5097064211081277,0.522228859707552,-21.842479873610767,0.07854624007480682,0.5097064211081277,,,,,,1.0
GBSG,Cox PH,5,CISCaRL (posthoc),0.5961163214830962,0.6075312815422087,-29.914256297486656,0.04815188698279485,0.5961163214830962,,,,,,7.0
GBSG,Cox PH,6,Cox T-learner,0.5455870220343767,0.5832075776074988,-31.152016518534843,-0.8305489348825068,0.5455870220343767,,,,,,
GBSG,Cox PH,6,CSF (RF),0.5782022579562002,0.6216405690690991,-35.52923680614816,-0.4835348227524777,0.5782022579562002,,,,,,
GBSG,Cox PH,6,Bo & Ding,0.7633961283016603,0.9146347405781575,-78.07829307546389,-0.056794588224028913,0.5828987961020844,,,,,,228.0
GBSG,Cox PH,6,Hybrid,0.7204480215732959,0.8505325511272883,-67.38231177807255,0.0046849370893916765,0.6536661724062581,,,,,,343.0
GBSG,Cox PH,6,CRE,0.7460114602648166,0.8817038821367664,-72.48647337554506,0.0010684944238963472,0.661204714065255,,,,,,651.0
GBSG,Cox PH,6,SCRE,0.26997373877600805,0.31977341217255134,-8.66599580497022,-0.860138306424215,0.2691760450347844,,,,,,1.0
GBSG,Cox PH,6,CISCaRL (direct),0.4584718609880013,0.47046039717448446,-19.92223336222194,-0.01112233552857205,0.4584718609880013,,,,,,3.0
GBSG,Cox PH,6,CISCaRL (auto),0.4584718609880013,0.47046039717448446,-19.92223336222194,-0.01112233552857205,0.4584718609880013,,,,,,3.0
GBSG,Cox PH,6,CISCaRL (posthoc),0.5430420484458759,0.5526569930590524,-27.87175871093937,0.06259955386404918,0.5430420484458759,,,,,,8.0
GBSG,Cox PH,7,Cox T-learner,0.6825136168351874,0.6959667217475928,-53.94141622248507,-0.15805498285789812,0.6825136168351874,,,,,,
GBSG,Cox PH,7,CSF (RF),0.6959674507948086,0.7229723341562704,-58.28792614209534,0.02786304690006628,0.6959674507948086,,,,,,
GBSG,Cox PH,7,Bo & Ding,0.7779544469435647,0.9122975129767149,-93.40519290502417,0.018986323993850477,0.7112026367650062,,,,,,226.0
GBSG,Cox PH,7,Hybrid,0.7667594278220484,0.8841228105568948,-87.66415783776245,-0.06994528882583011,0.7186376708802943,,,,,,365.0
GBSG,Cox PH,7,CRE,0.7660414787884083,0.8906960882127227,-88.98745970102581,-0.06024664713200173,0.7229282327817985,,,,,,625.0
GBSG,Cox PH,7,SCRE,0.2688054962866854,0.2881137228323298,-8.415660493956706,-0.8601430294680371,0.2688054962866854,,,,,,1.0
GBSG,Cox PH,7,CISCaRL (direct),0.6646438793119007,0.6778722920640329,-51.12171140394761,-0.07278684678505365,0.6646438793119007,,,,,,3.0
GBSG,Cox PH,7,CISCaRL (auto),0.6646438793119007,0.6778722920640329,-51.12171140394761,-0.07278684678505365,0.6646438793119007,,,,,,3.0
GBSG,Cox PH,7,CISCaRL (posthoc),0.692454070870722,0.6994865909868133,-54.498556739889224,0.18993715986870144,0.692454070870722,,,,,,5.0
GBSG,Cox PH,8,Cox T-learner,0.49542023087494946,0.5468111071416686,-25.391448252214996,-0.795144327655926,0.49542023087494946,,,,,,
GBSG,Cox PH,8,CSF (RF),0.4962960925209901,0.5684756670620397,-27.52412479142243,-0.7486550672472896,0.48811759730412435,,,,,,
GBSG,Cox PH,8,Bo & Ding,0.6741530771407206,0.8093463403331255,-56.81724351181624,-0.24768531976730102,0.4426785061787353,,,,,,260.0
GBSG,Cox PH,8,Hybrid,0.6495679778749831,0.7785249744622317,-52.49752197260214,-0.22027033629048243,0.4641076905716088,,,,,,346.0
GBSG,Cox PH,8,CRE,0.6328180937115122,0.7704034781340625,-51.38718199276078,-0.23655845774966236,0.4404864580708491,,,,,,636.0
GBSG,Cox PH,8,SCRE,0.28905021043236223,0.3384936376803375,-9.113223102833446,-0.8614785100715081,0.2882826814751189,,,,,,1.0
GBSG,Cox PH,8,CISCaRL (direct),0.5889589984448957,0.6012488833310428,-30.907820003307584,-0.6428074516049002,0.5889589984448957,,,,,,3.0
GBSG,Cox PH,8,CISCaRL (auto),0.5889589984448957,0.6012488833310428,-30.907820003307584,-0.6428074516049002,0.5889589984448957,,,,,,3.0
GBSG,Cox PH,8,CISCaRL (posthoc),0.558184864832477,0.5820968546998638,-28.907428500270832,-0.314673465923251,0.558184864832477,,,,,,4.0
GBSG,Cox PH,9,Cox T-learner,0.6145125586675555,0.6474724873599058,-35.102328505257674,-0.7468756305476327,0.6139727981456468,,,,,,
GBSG,Cox PH,9,CSF (RF),0.6360133526352911,0.6906618567710172,-40.07934587274189,-0.45821822822710917,0.632291278255658,,,,,,
GBSG,Cox PH,9,Bo & Ding,0.732330583865192,0.8501013597971581,-61.23490020704688,-0.08996940531013302,0.5651994870840397,,,,,,254.0
GBSG,Cox PH,9,Hybrid,0.68489912694473,0.798025681309064,-53.84364500294951,-0.14380080270496345,0.5321558284526327,,,,,,329.0
GBSG,Cox PH,9,CRE,0.6890816104914684,0.806884828000169,-55.068078746379555,-0.16540081235009924,0.5437388465089408,,,,,,595.0
GBSG,Cox PH,9,SCRE,0.28432612099237337,0.3214739971753134,-7.899882567441953,-0.8460062110485864,0.28343481917666763,,,,,,1.0
GBSG,Cox PH,9,CISCaRL (direct),0.6020001299015139,0.615911934507006,-31.66854669638076,-0.3912668140697966,0.6020001299015139,,,,,,4.0
GBSG,Cox PH,9,CISCaRL (auto),0.6020001299015139,0.615911934507006,-31.66854669638076,-0.3912668140697966,0.6020001299015139,,,,,,4.0
GBSG,Cox PH,9,CISCaRL (posthoc),0.6284313337754646,0.6477409370980252,-35.132271614688406,-0.19290487735816278,0.6284313337754646,,,,,,9.0
GBSG,Non-PH (Crossing),0,Cox T-learner,0.1319405102736984,0.1729492760464385,0.608261253879435,0.708946339412659,0.034621537075027284,0.8932038834951457,0.9473684210526315,0.8,0.8674698795180723,0.9747126436781609,
GBSG,Non-PH (Crossing),0,CSF (RF),0.14402928722157585,0.17749141942605634,0.5874146936472605,0.6863590485726679,0.025953853955282196,0.8640776699029126,0.984375,0.7,0.8181818181818182,0.9707854406130269,
GBSG,Non-PH (Crossing),0,Bo & Ding,0.4699062779339525,0.5931488255208539,-3.6077231983583955,0.3233903598393807,-0.007207104896887019,0.6407766990291263,0.5930232558139535,0.5666666666666667,0.5795454545454546,0.6795019157088124,290.0
GBSG,Non-PH (Crossing),0,Hybrid,0.44884500793869175,0.5372844282258787,-2.780659280663549,0.31117582883245437,0.049381591599906564,0.6310679611650486,0.5813953488372093,0.5555555555555556,0.5681818181818182,0.6999042145593869,374.0
GBSG,Non-PH (Crossing),0,CRE,0.45138719255817844,0.537481024309832,-2.7834265255446002,0.3209669952306698,0.058146970469377106,0.6359223300970874,0.5862068965517241,0.5666666666666667,0.576271186440678,0.7022030651340996,694.0
GBSG,Non-PH (Crossing),0,SCRE,0.16835282321218428,0.21183107476738106,0.4123234364780024,0.7046425535554326,0.11746907179107166,0.9368932038834952,0.8737864077669902,1.0,0.9326424870466321,1.0,1.0
GBSG,Non-PH (Crossing),0,CISCaRL (direct),0.26510352895291406,0.28796244068868637,-0.08600224684991598,-0.021880639746491445,-0.07269171062274263,0.5631067961165048,0.0,0.0,0.0,0.4948275862068966,1.0
GBSG,Non-PH (Crossing),0,CISCaRL (auto),0.26510352895291406,0.28796244068868637,-0.08600224684991598,-0.021880639746491445,-0.07269171062274263,0.5631067961165048,0.0,0.0,0.0,0.4948275862068966,1.0
GBSG,Non-PH (Crossing),0,CISCaRL (posthoc),0.18184768346566346,0.19640603287220265,0.4947937912219519,0.7602932074930765,-0.013885883900472403,0.5631067961165048,0.0,0.0,0.0,0.9858716475095786,7.0
GBSG,Non-PH (Crossing),1,Cox T-learner,0.11613879284265818,0.15479511257879586,0.6955239298423823,0.6883270827464192,0.018772693900115923,0.9611650485436893,0.97,0.9509803921568627,0.9603960396039604,0.9950980392156863,
GBSG,Non-PH (Crossing),1,CSF (RF),0.10874462592208856,0.14603826671868017,0.7289982992336814,0.7926088317427687,0.009724645120017182,0.9029126213592233,0.9555555555555556,0.8431372549019608,0.8958333333333334,0.9667232277526395,
GBSG,Non-PH (Crossing),1,Bo & Ding,0.44714993413243226,0.5673809335537413,-3.0906107178046467,0.5029153828614704,0.004278432692626749,0.7233009708737864,0.7586206896551724,0.6470588235294118,0.6984126984126984,0.7861990950226244,248.0
GBSG,Non-PH (Crossing),1,Hybrid,0.3867495907852391,0.4904288177147389,-2.0562624094558695,0.43838435282304206,0.021233164996394327,0.6990291262135923,0.717391304347826,0.6470588235294118,0.6804123711340206,0.774132730015083,359.0
GBSG,Non-PH (Crossing),1,CRE,0.4083790813284727,0.5076311306201164,-2.2744259373184743,0.43629884250102746,0.020241911027314163,0.6747572815533981,0.6966292134831461,0.6078431372549019,0.6492146596858639,0.7687594268476622,644.0
GBSG,Non-PH (Crossing),1,SCRE,0.13696968106163213,0.1873842969014641,0.5538251730538637,0.6971664684825488,0.09828132470499716,0.9320388349514563,0.8793103448275862,1.0,0.9357798165137615,1.0,1.0
GBSG,Non-PH (Crossing),1,CISCaRL (direct),0.25420768024994095,0.2739805454312053,0.046154294610121105,0.45785313817905354,-0.08126314822409135,0.5048543689320388,0.0,0.0,0.0,0.7683352187028657,9.0
GBSG,Non-PH (Crossing),1,CISCaRL (auto),0.25420768024994095,0.2739805454312053,0.046154294610121105,0.45785313817905354,-0.08126314822409135,0.5048543689320388,0.0,0.0,0.0,0.7683352187028657,9.0
GBSG,Non-PH (Crossing),1,CISCaRL (posthoc),0.24689317520314677,0.258246305506785,0.15256399639747698,0.416699176782895,-0.05056878581411806,0.5048543689320388,0.0,0.0,0.0,0.7679110105580693,9.0
GBSG,Non-PH (Crossing),2,Cox T-learner,0.14121102276736835,0.19361886652468743,0.5080673097772355,0.6384754983705586,0.06399535052973021,0.883495145631068,0.8461538461538461,0.9166666666666666,0.88,0.9449810606060606,
GBSG,Non-PH (Crossing),2,CSF (RF),0.1709117079092382,0.24263685386785475,0.22745485250628228,0.6633656434857009,0.05772219240550477,0.8689320388349514,0.8556701030927835,0.8645833333333334,0.8601036269430051,0.9041666666666666,
GBSG,Non-PH (Crossing),2,Bo & Ding,0.4950033351800932,0.6435088144256005,-4.433996280428619,0.38030854110744144,0.03870630563194236,0.6747572815533981,0.6494845360824743,0.65625,0.6528497409326425,0.7269886363636364,235.0
GBSG,Non-PH (Crossing),2,Hybrid,0.46151970421007654,0.5763923288791172,-3.3596007762084703,0.3896757649749116,0.09417621417083887,0.6601941747572816,0.6354166666666666,0.6354166666666666,0.6354166666666666,0.7424242424242423,370.0
GBSG,Non-PH (Crossing),2,CRE,0.4623080811921805,0.5859487048460819,-3.5053603648737397,0.3975916349832454,0.1069046701683879,0.6601941747572816,0.6354166666666666,0.6354166666666666,0.6354166666666666,0.7464962121212121,672.0
GBSG,Non-PH (Crossing),2,SCRE,0.1441205923529039,0.19624141539462386,0.4946506959644683,0.7161646265493532,0.10868415053381325,0.9223300970873787,0.8636363636363636,0.9895833333333334,0.9223300970873787,0.9962121212121212,1.0
GBSG,Non-PH (Crossing),2,CISCaRL (direct),0.24325775942096886,0.28308457363474016,-0.05158103247272927,0.44024288962002744,-0.09770545738650165,0.5339805825242718,0.0,0.0,0.0,0.7123579545454545,6.0
GBSG,Non-PH (Crossing),2,CISCaRL (auto),0.24325775942096886,0.28308457363474016,-0.05158103247272927,0.44024288962002744,-0.09770545738650165,0.5339805825242718,0.0,0.0,0.0,0.7123579545454545,6.0
GBSG,Non-PH (Crossing),2,CISCaRL (posthoc),0.2201319177087619,0.23329620728261322,0.2857903830047015,0.5890351364562881,-0.028599713847277004,0.5339805825242718,0.0,0.0,0.0,0.8899147727272728,8.0
GBSG,Non-PH (Crossing),3,Cox T-learner,0.1295225496716814,0.18247262930386032,0.5836851593385329,0.6762880824083725,0.07405510907398465,0.9174757281553398,0.8620689655172413,0.9900990099009901,0.9216589861751152,0.9627534181989628,
GBSG,Non-PH (Crossing),3,CSF (RF),0.11155929863636532,0.14327302185697358,0.743341722838939,0.7883179865214469,0.036370147590065904,0.9320388349514563,0.9578947368421052,0.900990099009901,0.9285714285714286,0.9767090994813767,
GBSG,Non-PH (Crossing),3,Bo & Ding,0.4876224779479513,0.6141000031664073,-3.7152490044240727,0.3579533716022496,-0.0012992749442847886,0.6407766990291263,0.651685393258427,0.5742574257425742,0.6105263157894737,0.7023102310231022,252.0
GBSG,Non-PH (Crossing),3,Hybrid,0.41006581060560304,0.5185135215703645,-2.3616044133408423,0.50310191305366,0.05496455689368411,0.7281553398058253,0.7319587628865979,0.7029702970297029,0.7171717171717171,0.7957567185289958,375.0
GBSG,Non-PH (Crossing),3,CRE,0.4309434091763882,0.5395085990310848,-2.639344560901774,0.448462118992764,0.08204927627704525,0.7038834951456311,0.7,0.693069306930693,0.6965174129353234,0.7677510608203678,706.0
GBSG,Non-PH (Crossing),3,SCRE,0.14650550238116947,0.2009462271463395,0.4951223498084104,0.7117225824765996,0.11156648080083956,0.9029126213592233,0.8347107438016529,1.0,0.9099099099099099,0.9981140971239981,1.0
GBSG,Non-PH (Crossing),3,CISCaRL (direct),0.2655371193050277,0.2712077192997049,0.0803331635897615,0.26511895856394,0.001038891702697863,0.5097087378640777,0.0,0.0,0.0,0.6314474304573315,2.0
GBSG,Non-PH (Crossing),3,CISCaRL (auto),0.2655371193050277,0.2712077192997049,0.0803331635897615,0.26511895856394,0.001038891702697863,0.5097087378640777,0.0,0.0,0.0,0.6314474304573315,2.0
GBSG,Non-PH (Crossing),3,CISCaRL (posthoc),0.2446201533665148,0.24868820198933714,0.2267199647136684,0.7217648235053405,-0.023462307366692515,0.5097087378640777,0.0,0.0,0.0,0.9209335219236209,8.0
GBSG,Non-PH (Crossing),4,Cox T-learner,0.15384676571491507,0.18321591965596615,0.629828951904585,0.6552230995021099,-0.09327275497845791,0.8543689320388349,1.0,0.7142857142857143,0.8333333333333334,0.9957567185289957,
GBSG,Non-PH (Crossing),4,CSF (RF),0.15242261441932553,0.19013791143680156,0.6013300762635247,0.7282416472288512,-0.10140111490752149,0.883495145631068,1.0,0.7714285714285715,0.8709677419354839,0.996039603960396,
GBSG,Non-PH (Crossing),4,Bo & Ding,0.46610592600582007,0.5919287592991377,-2.863802479584047,0.4647723704663088,-0.13993904364550042,0.6990291262135923,0.7866666666666666,0.5619047619047619,0.6555555555555556,0.8111268269684111,219.0
GBSG,Non-PH (Crossing),4,Hybrid,0.39400783446303944,0.5060902021029541,-1.8244370108218022,0.3830210015599759,-0.11245951921377181,0.7330097087378641,0.8571428571428571,0.5714285714285714,0.6857142857142857,0.7993399339933993,382.0
GBSG,Non-PH (Crossing),4,CRE,0.40684651705325137,0.5127170036809182,-1.8988882635749351,0.4077938524610075,-0.12962161638074565,0.7087378640776699,0.8461538461538461,0.5238095238095238,0.6470588235294118,0.8099009900990097,668.0
GBSG,Non-PH (Crossing),4,SCRE,0.1408309500081347,0.18283763909255848,0.6313559366393315,0.6379873946651431,0.07309264229901556,0.9514563106796117,0.9130434782608695,1.0,0.9545454545454546,0.9998114097123998,2.0
GBSG,Non-PH (Crossing),4,CISCaRL (direct),0.23728041411299378,0.26282934614883624,0.23823021251256493,0.7096004942598977,-0.09896901572280592,0.49029126213592233,0.0,0.0,0.0,0.9507779349363509,4.0
GBSG,Non-PH (Crossing),4,CISCaRL (auto),0.23728041411299378,0.26282934614883624,0.23823021251256493,0.7096004942598977,-0.09896901572280592,0.49029126213592233,0.0,0.0,0.0,0.9507779349363509,4.0
GBSG,Non-PH (Crossing),4,CISCaRL (posthoc),0.23545492014220826,0.25823672670649156,0.2646195988746588,0.5292653461863442,-0.08516751313474444,0.49029126213592233,0.0,0.0,0.0,0.8729844413012731,9.0
GBSG,Non-PH (Crossing),5,Cox T-learner,0.1347848568042104,0.16851276082859346,0.6167632578178333,0.6697045854401414,-0.047665168442269215,0.7718446601941747,0.9583333333333334,0.5054945054945055,0.6618705035971223,0.968561872909699,
GBSG,Non-PH (Crossing),5,CSF (RF),0.12880554222086937,0.16184979042906036,0.6464703570597593,0.7674643434562103,-0.039957667275622444,0.8252427184466019,0.9661016949152542,0.6263736263736264,0.76,0.9827998088867653,
GBSG,Non-PH (Crossing),5,Bo & Ding,0.5255626038865762,0.7002706865830026,-5.6181018430594944,0.2549505188503396,-0.09163287517343825,0.6601941747572816,0.6179775280898876,0.6043956043956044,0.6111111111111112,0.6930721452460583,260.0
GBSG,Non-PH (Crossing),5,Hybrid,0.45048044675709603,0.562200294157826,-3.265634976970179,0.45313859357427216,-0.09202091948895637,0.6990291262135923,0.6986301369863014,0.5604395604395604,0.6219512195121951,0.7917821309125657,365.0
GBSG,Non-PH (Crossing),5,CRE,0.4482671962524844,0.5570318864244382,-3.187565996441794,0.45171092277447566,-0.10271046239417207,0.6941747572815534,0.6944444444444444,0.5494505494505495,0.6134969325153374,0.7922599139990445,676.0
GBSG,Non-PH (Crossing),5,SCRE,0.18742738504685827,0.22799391018796963,0.29846709566539686,0.7129987024439719,0.12715260562559588,0.9368932038834952,0.875,1.0,0.9333333333333333,0.999617773530817,1.0
GBSG,Non-PH (Crossing),5,CISCaRL (direct),0.20664117229550188,0.23076031245709414,0.2813394780396705,0.4272992031200981,-0.035365029832324285,0.558252427184466,0.0,0.0,0.0,0.7103201146679408,5.0
GBSG,Non-PH (Crossing),5,CISCaRL (auto),0.20664117229550188,0.23076031245709414,0.2813394780396705,0.4272992031200981,-0.035365029832324285,0.558252427184466,0.0,0.0,0.0,0.7103201146679408,5.0
GBSG,Non-PH (Crossing),5,CISCaRL (posthoc),0.2141045182906531,0.22318891861508883,0.32772523777482265,0.6890614376743405,0.04170764987119838,0.558252427184466,0.0,0.0,0.0,0.9260391782130912,8.0
GBSG,Non-PH (Crossing),6,Cox T-learner,0.11294002531613306,0.1686149076035237,0.6626969265078507,0.6993581342248423,0.03652383038499258,0.9223300970873787,0.8761061946902655,0.9801980198019802,0.9252336448598131,0.9803866100895804,
GBSG,Non-PH (Crossing),6,CSF (RF),0.14709542464549896,0.17579042048840204,0.6333777903144717,0.7770141829788706,0.046011562823785206,0.9174757281553398,0.9772727272727273,0.8514851485148515,0.91005291005291,0.9763319189061763,
GBSG,Non-PH (Crossing),6,Bo & Ding,0.4537304068316065,0.5566367628083703,-2.6759714705422364,0.3488630841498751,0.03635819791278223,0.6601941747572816,0.6741573033707865,0.594059405940594,0.631578947368421,0.7082508250825083,268.0
GBSG,Non-PH (Crossing),6,Hybrid,0.4107205675595065,0.5113310446327562,-2.1019349260605433,0.42601452581524907,0.06626703146882174,0.7038834951456311,0.7127659574468085,0.6633663366336634,0.6871794871794872,0.7647336162187648,351.0
GBSG,Non-PH (Crossing),6,CRE,0.40222040113664187,0.5023478483955739,-1.9939011263211044,0.40766903159046664,0.0641529326095838,0.6990291262135923,0.693069306930693,0.693069306930693,0.693069306930693,0.7496463932107496,634.0
GBSG,Non-PH (Crossing),6,SCRE,0.12655248479871856,0.18270708559537516,0.6039599187252229,0.7010020080151877,0.08913710552880423,0.9029126213592233,0.8347107438016529,1.0,0.9099099099099099,1.0,3.0
GBSG,Non-PH (Crossing),6,CISCaRL (direct),0.27734057429824915,0.2888421806337717,0.010195119587373291,0.21688544092100087,-0.0064489228035132665,0.5097087378640777,0.0,0.0,0.0,0.629090051862329,4.0
GBSG,Non-PH (Crossing),6,CISCaRL (auto),0.27734057429824915,0.2888421806337717,0.010195119587373291,0.21688544092100087,-0.0064489228035132665,0.5097087378640777,0.0,0.0,0.0,0.629090051862329,4.0
GBSG,Non-PH (Crossing),6,CISCaRL (posthoc),0.24928066589798836,0.2605025175189516,0.1948955814381551,0.45820187492369546,0.019161749821425243,0.587378640776699,1.0,0.15841584158415842,0.27350427350427353,0.7634606317774635,8.0
GBSG,Non-PH (Crossing),7,Cox T-learner,0.09436122058694514,0.1483821474771093,0.7248462307881738,0.7037791672674326,0.03849641238133727,0.9514563106796117,0.9074074074074074,1.0,0.9514563106796117,0.9983938019652305,
GBSG,Non-PH (Crossing),7,CSF (RF),0.17035348012291318,0.2086595444228572,0.4558875393689322,0.7586517187421908,0.05457972445896441,0.8446601941747572,0.8928571428571429,0.7653061224489796,0.8241758241758241,0.9365079365079365,
GBSG,Non-PH (Crossing),7,Bo & Ding,0.4629911178561458,0.5735257978198468,-3.110721718027542,0.3474037551245752,0.049320405900192425,0.6407766990291263,0.6333333333333333,0.5816326530612245,0.6063829787234043,0.6894368858654574,270.0
GBSG,Non-PH (Crossing),7,Hybrid,0.45947157334897465,0.5610965948744108,-2.9344807815516636,0.2898728586393505,0.03324787129733033,0.5922330097087378,0.5777777777777777,0.5306122448979592,0.5531914893617021,0.6558012093726379,364.0
GBSG,Non-PH (Crossing),7,CRE,0.45859048457081375,0.565909159915458,-3.002262864049224,0.3137423670524619,0.0320339040219983,0.616504854368932,0.611764705882353,0.5306122448979592,0.5683060109289617,0.6686507936507937,644.0
GBSG,Non-PH (Crossing),7,SCRE,0.11802320063429812,0.17178371537726614,0.6312125400464549,0.6914372041470477,0.09041650056394972,0.9271844660194175,0.8672566371681416,1.0,0.9289099526066351,1.0,1.0
GBSG,Non-PH (Crossing),7,CISCaRL (direct),0.20322919493824063,0.23612305637209843,0.3032307849581768,0.7163234836769026,0.10223805578198808,0.8932038834951457,0.8725490196078431,0.9081632653061225,0.89,0.8839758125472411,3.0
GBSG,Non-PH (Crossing),7,CISCaRL (auto),0.20322919493824063,0.23612305637209843,0.3032307849581768,0.7163234836769026,0.10223805578198808,0.8932038834951457,0.8725490196078431,0.9081632653061225,0.89,0.8839758125472411,3.0
GBSG,Non-PH (Crossing),7,CISCaRL (posthoc),0.18798015773282042,0.2005383377939777,0.497417938015574,0.7775442628458428,0.05180020372571715,0.6650485436893204,0.8222222222222222,0.37755102040816324,0.5174825174825175,0.9380196523053665,7.0
GBSG,Non-PH (Crossing),8,Cox T-learner,0.11772299739714,0.16030833712335638,0.6713513754913298,0.6584305902333815,0.0016892801413438687,0.9174757281553398,0.9134615384615384,0.9223300970873787,0.9178743961352657,0.9722876802714677,
GBSG,Non-PH (Crossing),8,CSF (RF),0.14463879170426022,0.18024713112982008,0.5845140687794106,0.7159113021599919,-0.01192479148581939,0.8883495145631068,0.9878048780487805,0.7864077669902912,0.8756756756756757,0.9922707135451032,
GBSG,Non-PH (Crossing),8,Bo & Ding,0.44293156829678854,0.5545794825502307,-2.9332105641875414,0.48128349955350125,0.025299033630906614,0.7669902912621359,0.8021978021978022,0.7087378640776699,0.7525773195876289,0.8461683476293713,251.0
GBSG,Non-PH (Crossing),8,Hybrid,0.40872249103426317,0.5080422065745555,-2.300799826526643,0.32348369699210827,-0.05457306048949726,0.6601941747572816,0.7088607594936709,0.5436893203883495,0.6153846153846154,0.7530398718069563,380.0
GBSG,Non-PH (Crossing),8,CRE,0.4125214012718056,0.5056969720718674,-2.2703957297193407,0.3183042898370757,-0.04895273445496179,0.6407766990291263,0.6835443037974683,0.5242718446601942,0.5934065934065934,0.7510604203977754,712.0
GBSG,Non-PH (Crossing),8,SCRE,0.13921529209927935,0.19075863144441016,0.5346411295935611,0.691758352467646,0.09430407967543558,0.9223300970873787,0.865546218487395,1.0,0.9279279279279279,1.0,1.0
GBSG,Non-PH (Crossing),8,CISCaRL (direct),0.29553461285883287,0.30363307457186883,-0.17901072315353694,0.53908237627524,0.12935317743187014,0.7378640776699029,1.0,0.47572815533980584,0.6447368421052632,0.8340088604015459,6.0
GBSG,Non-PH (Crossing),8,CISCaRL (auto),0.29553461285883287,0.30363307457186883,-0.17901072315353694,0.53908237627524,0.12935317743187014,0.7378640776699029,1.0,0.47572815533980584,0.6447368421052632,0.8340088604015459,6.0
GBSG,Non-PH (Crossing),8,CISCaRL (posthoc),0.24636702923566556,0.2513949386964347,0.1917742921966099,0.5527363443072808,-0.016685957816282154,0.5,0.0,0.0,0.0,0.8341031199924592,8.0
GBSG,Non-PH (Crossing),9,Cox T-learner,0.1388077103045828,0.1808673744626825,0.5765470242077522,0.6076844961985557,-0.03444951805002617,0.7669902912621359,0.8709677419354839,0.574468085106383,0.6923076923076923,0.928476443768997,
GBSG,Non-PH (Crossing),9,CSF (RF),0.12919235339946417,0.15336853138449036,0.6955210743759966,0.72696073674058,-0.05950668070574218,0.8446601941747572,1.0,0.6595744680851063,0.7948717948717948,0.9924012158054711,
GBSG,Non-PH (Crossing),9,Bo & Ding,0.448042295814339,0.5779112884899452,-3.3232174086990023,0.440687738302672,0.002742337657702945,0.7184466019417476,0.7142857142857143,0.6382978723404256,0.6741573033707865,0.8013867781155014,257.0
GBSG,Non-PH (Crossing),9,Hybrid,0.3921055081431158,0.4839683533475788,-2.031926360063739,0.5052828895169359,-0.031238738981983916,0.7184466019417476,0.7432432432432432,0.5851063829787234,0.6547619047619048,0.8296922492401215,362.0
GBSG,Non-PH (Crossing),9,CRE,0.39987304187302125,0.49705205844603134,-2.1980737453859,0.5003485090889331,-0.04792076560912313,0.7524271844660194,0.8028169014084507,0.6063829787234043,0.6909090909090909,0.8214285714285715,647.0
GBSG,Non-PH (Crossing),9,SCRE,0.15330320503246223,0.20680739283446206,0.44637353831636295,0.7232453658605161,0.11285245593016255,0.8737864077669902,0.7833333333333333,1.0,0.8785046728971962,0.9957256838905775,1.0
GBSG,Non-PH (Crossing),9,CISCaRL (direct),0.20848768905873785,0.2562367575891867,0.15010048584425884,0.6104742778164299,-0.12646598423365907,0.5436893203883495,0.0,0.0,0.0,0.8904350303951367,4.0
GBSG,Non-PH (Crossing),9,CISCaRL (auto),0.20848768905873785,0.2562367575891867,0.15010048584425884,0.6104742778164299,-0.12646598423365907,0.5436893203883495,0.0,0.0,0.0,0.8904350303951367,4.0
GBSG,Non-PH (Crossing),9,CISCaRL (posthoc),0.20811173028392682,0.22691810829817574,0.3334648922551211,0.7176741527093596,-0.06443175684168305,0.5436893203883495,0.0,0.0,0.0,0.9838525835866261,8.0
GBSG,Nonlinear XOR,0,Cox T-learner,0.15720770634517947,0.20507341321514314,0.02503927975191611,0.16118564989465348,-0.019935521740820285,0.8640776699029126,0.8640776699029126,1.0,0.9270833333333334,0.7640449438202247,
GBSG,Nonlinear XOR,0,CSF (RF),0.20964042982479933,0.2513598237701779,-0.4647385970951414,0.3992298835534547,-0.03191896337531006,0.7961165048543689,0.9096385542168675,0.848314606741573,0.877906976744186,0.6982343499197431,
GBSG,Nonlinear XOR,0,Bo & Ding,0.43563133723570846,0.5396389035381451,-5.751105607569747,0.18318763228376705,-0.08076843885092812,0.6407766990291263,0.9126984126984127,0.6460674157303371,0.756578947368421,0.6504815409309791,267.0
GBSG,Nonlinear XOR,0,Hybrid,0.3635557330305565,0.4661829948079391,-4.038267874170833,0.27035970354855027,-0.022675495617124307,0.7427184466019418,0.9370629370629371,0.7528089887640449,0.8348909657320872,0.7528089887640449,345.0
GBSG,Nonlinear XOR,0,CRE,0.3876048879564603,0.48570463955852505,-4.469062711203305,0.27412174434427294,-0.015400337321828429,0.7184466019417476,0.9225352112676056,0.7359550561797753,0.81875,0.7397672552166934,620.0
GBSG,Nonlinear XOR,0,SCRE,0.30804192577851325,0.31293024925590895,-1.2701967176237727,-0.061262695856015056,-0.23415058559413435,0.4563106796116505,0.8928571428571429,0.42134831460674155,0.5725190839694656,0.5985152487961477,2.0
GBSG,Nonlinear XOR,0,CISCaRL (direct),0.19576392483000885,0.2514275701887726,-0.46552825524311325,-0.0258588313002342,-0.0005136302917972224,0.8640776699029126,0.8640776699029126,1.0,0.9270833333333334,0.49408105939004815,4.0
GBSG,Nonlinear XOR,0,CISCaRL (auto),0.19576392483000885,0.2514275701887726,-0.46552825524311325,-0.0258588313002342,-0.0005136302917972224,0.8640776699029126,0.8640776699029126,1.0,0.9270833333333334,0.49408105939004815,4.0
GBSG,Nonlinear XOR,0,CISCaRL (posthoc),0.18486444122970652,0.21549725662701882,-0.07659384075705722,0.4014290329385324,-0.05755644850898118,0.8640776699029126,0.8640776699029126,1.0,0.9270833333333334,0.5461476725521669,10.0
GBSG,Nonlinear XOR,1,Cox T-learner,0.12870049146397713,0.18823168480300292,0.10401210300594899,0.5713594433928288,-0.01595929842879945,0.8786407766990292,0.8829268292682927,0.9945054945054945,0.9354005167958657,0.706959706959707,
GBSG,Nonlinear XOR,1,CSF (RF),0.12622390598009348,0.16940003994144373,0.27432242766407,0.3575548064234177,0.007860364307000468,0.9368932038834952,0.9567567567567568,0.9725274725274725,0.9645776566757494,0.8940018315018315,
GBSG,Nonlinear XOR,1,Bo & Ding,0.49163961328588696,0.6060373081196115,-8.28785454191597,0.08689612049221798,0.0029977395459726062,0.6650485436893204,0.9312977099236641,0.6703296703296703,0.7795527156549521,0.6996336996336997,241.0
GBSG,Nonlinear XOR,1,Hybrid,0.419871360087297,0.5332918309839716,-6.1919481317656375,0.09055108247214752,0.055269115890783,0.7621359223300971,0.9463087248322147,0.7747252747252747,0.851963746223565,0.7197802197802198,352.0
GBSG,Nonlinear XOR,1,CRE,0.43699712061847146,0.5511196996861232,-6.680837100597294,0.09244479892334481,0.05142784037765012,0.7475728155339806,0.9452054794520548,0.7582417582417582,0.8414634146341463,0.7147435897435898,602.0
GBSG,Nonlinear XOR,1,SCRE,0.3022995495661268,0.30549331019562426,-1.3600439622249234,0.7031405561320915,-0.23395967272770454,0.4854368932038835,0.8877551020408163,0.47802197802197804,0.6214285714285714,0.4990842490842491,2.0
GBSG,Nonlinear XOR,1,CISCaRL (direct),0.14367487366027942,0.21531920177407896,-0.17241726858265105,0.13761387676927128,0.026203862816855657,0.883495145631068,0.883495145631068,1.0,0.9381443298969072,0.50503663003663,3.0
GBSG,Nonlinear XOR,1,CISCaRL (auto),0.14367487366027942,0.21531920177407896,-0.17241726858265105,0.13761387676927128,0.026203862816855657,0.883495145631068,0.883495145631068,1.0,0.9381443298969072,0.50503663003663,3.0
GBSG,Nonlinear XOR,1,CISCaRL (posthoc),0.12470967930730457,0.19774157199220055,0.01119045734593982,0.2164662949262642,-3.136677005521893e-05,0.883495145631068,0.883495145631068,1.0,0.9381443298969072,0.5699404761904762,7.0
GBSG,Nonlinear XOR,2,Cox T-learner,0.11614198363786372,0.18052561357869315,0.17050651462920396,0.6286674038580407,-0.000921498640858935,0.8786407766990292,0.8823529411764706,0.994475138121547,0.935064935064935,0.7370165745856353,
GBSG,Nonlinear XOR,2,CSF (RF),0.14672951468085108,0.20087914020561856,-0.027081724736427892,0.5625053623477689,-0.011227837815206077,0.8543689320388349,0.8952879581151832,0.9447513812154696,0.9193548387096774,0.7160220994475139,
GBSG,Nonlinear XOR,2,Bo & Ding,0.4299259996566949,0.5763153833919693,-7.453873489678857,0.44121030502547265,0.03768235197587194,0.7378640776699029,0.9319727891156463,0.7569060773480663,0.8353658536585366,0.7518232044198894,215.0
GBSG,Nonlinear XOR,2,Hybrid,0.39233620575584327,0.49329693694916776,-5.193728404228592,0.322394636649947,0.003968719694480702,0.6844660194174758,0.9084507042253521,0.712707182320442,0.7987616099071208,0.6773480662983425,370.0
GBSG,Nonlinear XOR,2,CRE,0.38649815431288004,0.49759488394860313,-5.302126741173539,0.3604768405865063,-0.007368120628731291,0.7038834951456311,0.9225352112676056,0.7237569060773481,0.8111455108359134,0.7023204419889503,615.0
GBSG,Nonlinear XOR,2,SCRE,0.29646442769988457,0.3014314970115224,-1.3126642172418501,0.13805641950308103,-0.22733646856784673,0.28640776699029125,1.0,0.1878453038674033,0.31627906976744186,0.5939226519337016,1.0
GBSG,Nonlinear XOR,2,CISCaRL (direct),0.12382913427220996,0.21115487614018455,-0.1348476164540573,-0.11034898040553999,0.045317023890627084,0.8786407766990292,0.8786407766990292,1.0,0.9354005167958657,0.4924861878453039,1.0
GBSG,Nonlinear XOR,2,CISCaRL (auto),0.11620224754465944,0.196736816841073,0.014840384333262402,0.5963194440843921,0.014984208668412656,0.8786407766990292,0.8786407766990292,1.0,0.9354005167958657,0.5176795580110497,6.0
GBSG,Nonlinear XOR,2,CISCaRL (posthoc),0.11620224754465944,0.196736816841073,0.014840384333262402,0.5963194440843921,0.014984208668412656,0.8786407766990292,0.8786407766990292,1.0,0.9354005167958657,0.5176795580110497,6.0
GBSG,Nonlinear XOR,3,Cox T-learner,0.11200187281316466,0.17849492644430293,0.040212905890951056,0.17623336346267088,0.02108504087698067,0.8980582524271845,0.8980582524271845,1.0,0.9462915601023018,0.7984555984555984,
GBSG,Nonlinear XOR,3,CSF (RF),0.11263873716803961,0.15003459362619684,0.3218809169806046,0.3152656579564555,0.051918026591996354,0.9902912621359223,0.9893048128342246,1.0,0.9946236559139785,0.9992277992277991,
GBSG,Nonlinear XOR,3,Bo & Ding,0.4561363818521478,0.5600696775145979,-8.449466161746688,0.13824776301107392,0.019353498989914158,0.6796116504854369,0.9343065693430657,0.6918918918918919,0.7950310559006211,0.7243243243243244,261.0
GBSG,Nonlinear XOR,3,Hybrid,0.38599776390494384,0.5034770711665681,-6.636292368454265,0.2169047659193833,0.08632910207833996,0.7766990291262136,0.9316770186335404,0.8108108108108109,0.8670520231213873,0.6870012870012869,362.0
GBSG,Nonlinear XOR,3,CRE,0.38871334970009175,0.5054746420755406,-6.697007332229536,0.19158972642215152,0.0986194943863567,0.7766990291262136,0.9263803680981595,0.8162162162162162,0.867816091954023,0.6604890604890605,637.0
GBSG,Nonlinear XOR,3,SCRE,0.2857406184415799,0.2964310008063566,-1.6471002801441368,-0.09078944253070155,-0.23207918635068298,0.6019417475728155,0.9813084112149533,0.5675675675675675,0.7191780821917808,0.6597168597168597,3.0
GBSG,Nonlinear XOR,3,CISCaRL (direct),0.17603387956496916,0.2548277177343828,-0.9562145408171134,-0.49015702158209157,0.1748481355911221,0.8980582524271845,0.8980582524271845,1.0,0.9462915601023018,0.5471042471042471,3.0
GBSG,Nonlinear XOR,3,CISCaRL (auto),0.17603387956496916,0.2548277177343828,-0.9562145408171134,-0.49015702158209157,0.1748481355911221,0.8980582524271845,0.8980582524271845,1.0,0.9462915601023018,0.5471042471042471,3.0
GBSG,Nonlinear XOR,3,CISCaRL (posthoc),0.11807441605029607,0.20916469372565144,-0.3179529648151451,-0.29453982827091313,0.09264098855672263,0.8980582524271845,0.8980582524271845,1.0,0.9462915601023018,0.5598455598455598,5.0
GBSG,Nonlinear XOR,4,Cox T-learner,0.11612530988970163,0.1920132813796045,0.17692251530595526,0.6869477450794408,0.02207257508974413,0.8640776699029126,0.8640776699029126,1.0,0.9270833333333334,0.7006420545746388,
GBSG,Nonlinear XOR,4,CSF (RF),0.13459630927288602,0.177051425637638,0.3001950035362493,0.5143938481503076,0.002962576543624268,0.9029126213592233,0.9157894736842105,0.9775280898876404,0.9456521739130435,0.8780096308186196,
GBSG,Nonlinear XOR,4,Bo & Ding,0.4916434857181659,0.6285320164410296,-7.819277185535009,0.17091139589351864,-0.06058135812495482,0.6456310679611651,0.9069767441860465,0.6573033707865169,0.762214983713355,0.6494783306581059,237.0
GBSG,Nonlinear XOR,4,Hybrid,0.37954716887623835,0.5000431177046318,-4.582041890177584,0.10715586154536794,-0.029844617112572202,0.6990291262135923,0.9027777777777778,0.7303370786516854,0.8074534161490683,0.6376404494382022,366.0
GBSG,Nonlinear XOR,4,CRE,0.38077087764867745,0.4981323416746987,-4.539462949185123,0.11355564410118475,-0.03584271295545539,0.6990291262135923,0.9202898550724637,0.7134831460674157,0.8037974683544303,0.6753611556982344,639.0
GBSG,Nonlinear XOR,4,SCRE,0.3057572215901059,0.3077689594161431,-1.1145979900520295,0.7245607767387368,-0.2287809047867577,0.46601941747572817,0.8863636363636364,0.43820224719101125,0.5864661654135338,0.5176565008025682,1.0
GBSG,Nonlinear XOR,4,CISCaRL (direct),0.17045062471180106,0.21855978033259785,-0.06639640849618345,-0.12681336176092994,-0.042936509249535154,0.8640776699029126,0.8640776699029126,1.0,0.9270833333333334,0.5625,3.0
GBSG,Nonlinear XOR,4,CISCaRL (auto),0.17045062471180106,0.21855978033259785,-0.06639640849618345,-0.12681336176092994,-0.042936509249535154,0.8640776699029126,0.8640776699029126,1.0,0.9270833333333334,0.5625,3.0
GBSG,Nonlinear XOR,4,CISCaRL (posthoc),0.1319493512786382,0.2000294356733736,0.10676444407626318,0.4503304620304744,0.005126802811911317,0.8640776699029126,0.8640776699029126,1.0,0.9270833333333334,0.7018459069020866,6.0
GBSG,Nonlinear XOR,5,Cox T-learner,0.13167401717394842,0.1929736614053289,0.24310798309007386,0.2901356315123775,0.03287936203021016,0.8495145631067961,0.8495145631067961,1.0,0.9186351706036745,0.9023041474654377,
GBSG,Nonlinear XOR,5,CSF (RF),0.1624966679016843,0.21688754012198883,0.0438917693421792,0.05930776831199462,0.03145993895966296,0.8883495145631068,0.9086021505376344,0.9657142857142857,0.9362880886426593,0.8466359447004608,
GBSG,Nonlinear XOR,5,Bo & Ding,0.44528671142008963,0.570956911875168,-5.6258945541630485,0.22282341232815286,0.055377003675715304,0.7718446601941747,0.9444444444444444,0.7771428571428571,0.8526645768025078,0.7649769585253456,216.0
GBSG,Nonlinear XOR,5,Hybrid,0.41715618590272635,0.5357180350987576,-4.833247251591808,0.25228125941087165,0.015265452937201893,0.7524271844660194,0.918918918918919,0.7771428571428571,0.8421052631578947,0.7467281105990784,355.0
GBSG,Nonlinear XOR,5,CRE,0.4196987465498521,0.5394451769499163,-4.914696703934438,0.23774379678807434,0.012289413505556571,0.7475728155339806,0.912751677852349,0.7771428571428571,0.8395061728395061,0.7529953917050691,612.0
GBSG,Nonlinear XOR,5,SCRE,0.29944405847063715,0.30391023481903445,-0.8772776202145414,-0.04933696257693912,-0.20779027252518462,0.30097087378640774,0.8974358974358975,0.2,0.32710280373831774,0.5238709677419355,1.0
GBSG,Nonlinear XOR,5,CISCaRL (direct),0.13455657750824926,0.2347431041895397,-0.12001422136771556,-0.00808218620811478,0.07861355349800969,0.8495145631067961,0.8495145631067961,1.0,0.9186351706036745,0.6307834101382488,4.0
GBSG,Nonlinear XOR,5,CISCaRL (auto),0.13455657750824926,0.2347431041895397,-0.12001422136771556,-0.00808218620811478,0.07861355349800969,0.8495145631067961,0.8495145631067961,1.0,0.9186351706036745,0.6307834101382488,4.0
GBSG,Nonlinear XOR,5,CISCaRL (posthoc),0.14390712591524576,0.23874789479904768,-0.1585557905021151,-0.4912494016535117,0.07104902249851122,0.8495145631067961,0.8495145631067961,1.0,0.9186351706036745,0.5342857142857143,4.0
GBSG,Nonlinear XOR,6,Cox T-learner,0.10753993354774644,0.19441598038580127,-0.0085453790239709,0.5746225783892241,0.022572835702482662,0.8932038834951457,0.8932038834951457,1.0,0.9435897435897436,0.5009881422924901,
GBSG,Nonlinear XOR,6,CSF (RF),0.14953669365867106,0.21019080736921375,-0.17885112203819453,0.45457521836443227,0.016933819960517824,0.8398058252427184,0.8952879581151832,0.9293478260869565,0.912,0.766798418972332,
GBSG,Nonlinear XOR,6,Bo & Ding,0.4841309202272826,0.5997625310257929,-8.598208628816137,0.1631113475337425,-0.010966412315474797,0.6796116504854369,0.927536231884058,0.6956521739130435,0.7950310559006211,0.6672430830039525,243.0
GBSG,Nonlinear XOR,6,Hybrid,0.40779564379234745,0.5055699189010499,-5.820150778071784,0.1514992192495834,0.030994681755256666,0.7087378640776699,0.9133333333333333,0.7445652173913043,0.8203592814371258,0.6563735177865612,358.0
GBSG,Nonlinear XOR,6,CRE,0.4206537516885356,0.522242070329791,-6.277383022891662,0.11691542118092035,0.045571700708302694,0.7038834951456311,0.9072847682119205,0.7445652173913043,0.817910447761194,0.6603260869565217,604.0
GBSG,Nonlinear XOR,6,SCRE,0.3177299778205886,0.32220474526556936,-1.7700996272505014,0.5549688556508028,-0.26056170605265433,0.48058252427184467,0.9139784946236559,0.46195652173913043,0.6137184115523465,0.5506422924901185,1.0
GBSG,Nonlinear XOR,6,CISCaRL (direct),0.13108344188300075,0.21774551545080328,-0.2651148778019219,0.12467985723193871,0.05850619381832914,0.8932038834951457,0.8932038834951457,1.0,0.9435897435897436,0.43404150197628455,2.0
GBSG,Nonlinear XOR,6,CISCaRL (auto),0.13108344188300075,0.21774551545080328,-0.2651148778019219,0.12467985723193871,0.05850619381832914,0.8932038834951457,0.8932038834951457,1.0,0.9435897435897436,0.43404150197628455,2.0
GBSG,Nonlinear XOR,6,CISCaRL (posthoc),0.11081628395291515,0.20349193323212922,-0.10490749586497294,-0.014517277997364558,0.050043282654599584,0.8932038834951457,0.8932038834951457,1.0,0.9435897435897436,0.49580039525691705,7.0
GBSG,Nonlinear XOR,7,Cox T-learner,0.1173587393063209,0.2023437634548332,-0.08674532690240255,0.44699089660890984,0.04581973556168728,0.883495145631068,0.8878048780487805,0.994535519125683,0.9381443298969072,0.6065573770491803,
GBSG,Nonlinear XOR,7,CSF (RF),0.1459980013692396,0.1939364202776675,0.0016866361022048748,0.21768940010301768,0.05363491791201393,0.8980582524271845,0.900990099009901,0.994535519125683,0.9454545454545454,0.8583986695177,
GBSG,Nonlinear XOR,7,Bo & Ding,0.4297647418077992,0.5724122727281413,-7.69693066980823,0.1800636818968012,0.01793933890913238,0.7330097087378641,0.9383561643835616,0.7486338797814208,0.8328267477203647,0.7367545735329057,226.0
GBSG,Nonlinear XOR,7,Hybrid,0.4112512152745406,0.520641727417848,-6.19492181770978,0.10623304224249258,0.05209674015396243,0.7475728155339806,0.9337748344370861,0.7704918032786885,0.844311377245509,0.7194107864100737,372.0
GBSG,Nonlinear XOR,7,CRE,0.4246776527010633,0.5250814660933987,-6.318153473367687,0.10818372069012051,0.03595179323088972,0.7184466019417476,0.9251700680272109,0.7431693989071039,0.8242424242424242,0.7110952720361131,658.0
GBSG,Nonlinear XOR,7,SCRE,0.3056897960682395,0.3109209901840565,-1.5659501743751996,0.13233452007725494,-0.24309078281834626,0.4174757281553398,0.8795180722891566,0.3989071038251366,0.5488721804511278,0.514136374435733,1.0
GBSG,Nonlinear XOR,7,CISCaRL (direct),0.1424123376798188,0.23607725062281273,-0.4793005275057771,0.15257567341527367,0.136791963815735,0.8883495145631068,0.8883495145631068,1.0,0.9408740359897172,0.627583749109052,4.0
GBSG,Nonlinear XOR,7,CISCaRL (auto),0.1424123376798188,0.23607725062281273,-0.4793005275057771,0.15257567341527367,0.136791963815735,0.8883495145631068,0.8883495145631068,1.0,0.9408740359897172,0.627583749109052,4.0
GBSG,Nonlinear XOR,7,CISCaRL (posthoc),0.10741819422429033,0.20234996051901463,-0.08681189414968005,0.22971949678118536,0.07796484949280207,0.8883495145631068,0.8883495145631068,1.0,0.9408740359897172,0.6985032074126871,6.0
GBSG,Nonlinear XOR,8,Cox T-learner,0.12242861939307872,0.18370086774186156,0.10703535174447165,0.22934668387333768,-0.002147780096454,0.8932038834951457,0.8932038834951457,1.0,0.9435897435897436,0.7937252964426877,
GBSG,Nonlinear XOR,8,CSF (RF),0.14852235615200204,0.18770511404635798,0.06768201807500096,0.2544935518240993,0.0067426597143775,0.9368932038834952,0.9572192513368984,0.9728260869565217,0.9649595687331537,0.8873517786561265,
GBSG,Nonlinear XOR,8,Bo & Ding,0.4707163058135657,0.5810779392548752,-7.934713390044079,0.1368976080440933,0.05803734750234585,0.7087378640776699,0.9305555555555556,0.7282608695652174,0.8170731707317073,0.7275197628458498,255.0
GBSG,Nonlinear XOR,8,Hybrid,0.4558390374557743,0.5472823518264448,-6.925647224841974,0.13643292945134097,0.013799755058176787,0.7038834951456311,0.9300699300699301,0.7228260869565217,0.8134556574923547,0.6516798418972332,353.0
GBSG,Nonlinear XOR,8,CRE,0.44596307559710074,0.5443252222276062,-6.840229352603764,0.1423639305148159,0.009571195807253569,0.6990291262135923,0.9236111111111112,0.7228260869565217,0.8109756097560976,0.6445158102766798,609.0
GBSG,Nonlinear XOR,8,SCRE,0.30374643323720174,0.30837838788398175,-1.5164002391839304,0.4003471706418025,-0.24197026618860104,0.5048543689320388,0.9767441860465116,0.45652173913043476,0.6222222222222222,0.9169960474308301,1.0
GBSG,Nonlinear XOR,8,CISCaRL (direct),0.17485478967973553,0.21352675512877514,-0.20646978813099404,0.1580993672127111,-0.06625059472108366,0.8932038834951457,0.8932038834951457,1.0,0.9435897435897436,0.4969120553359684,2.0
GBSG,Nonlinear XOR,8,CISCaRL (auto),0.17485478967973553,0.21352675512877514,-0.20646978813099404,0.1580993672127111,-0.06625059472108366,0.8932038834951457,0.8932038834951457,1.0,0.9435897435897436,0.4969120553359684,2.0
GBSG,Nonlinear XOR,8,CISCaRL (posthoc),0.15970483674271532,0.20196404264643933,-0.07934419667763604,0.16114429717595896,-0.05727503917623305,0.8932038834951457,0.8932038834951457,1.0,0.9435897435897436,0.5121047430830039,4.0
GBSG,Nonlinear XOR,9,Cox T-learner,0.1308259261097954,0.22575653849970037,-0.1531389488988859,0.01800706692458571,0.04668706174246407,0.8592233009708737,0.8634146341463415,0.9943820224719101,0.9242819843342036,0.3856340288924558,
GBSG,Nonlinear XOR,9,CSF (RF),0.18635861454475883,0.2703278745501113,-0.6534178654052287,0.16891225922134825,0.059807414398700416,0.8155339805825242,0.8645833333333334,0.9325842696629213,0.8972972972972973,0.442215088282504,
GBSG,Nonlinear XOR,9,Bo & Ding,0.5086880851069997,0.6498509882544413,-8.554952530516031,0.037405417426687536,0.09061032264404464,0.6504854368932039,0.8581081081081081,0.7134831460674157,0.7791411042944786,0.5170545746388443,268.0
GBSG,Nonlinear XOR,9,Hybrid,0.41945940581839164,0.5411394356243926,-5.625510324709511,0.06396609853134518,-0.034199614850594535,0.6262135922330098,0.8740740740740741,0.6629213483146067,0.7539936102236422,0.4821428571428571,371.0
GBSG,Nonlinear XOR,9,CRE,0.4281449716022171,0.5485243688889977,-5.807581026651182,0.1111503107922074,-0.018191297279235342,0.6067961165048543,0.8592592592592593,0.651685393258427,0.7412140575079872,0.509430176565008,661.0
GBSG,Nonlinear XOR,9,SCRE,0.28908869641118196,0.2989560761703614,-1.0221610260295453,-0.30246312789999663,-0.20865887985667916,0.5728155339805825,0.9245283018867925,0.550561797752809,0.6901408450704225,0.599518459069021,1.0
GBSG,Nonlinear XOR,9,CISCaRL (direct),0.19214726374996732,0.2806717069881032,-0.7823715370311184,-0.23984102225205062,-0.012469589454629294,0.6359223300970874,0.8503401360544217,0.702247191011236,0.7692307692307693,0.4559590690208668,3.0
GBSG,Nonlinear XOR,9,CISCaRL (auto),0.19214726374996732,0.2806717069881032,-0.7823715370311184,-0.23984102225205062,-0.012469589454629294,0.6359223300970874,0.8503401360544217,0.702247191011236,0.7692307692307693,0.4559590690208668,3.0
GBSG,Nonlinear XOR,9,CISCaRL (posthoc),0.13263473649297208,0.20974338311463417,0.00464614238254657,0.14100614464864658,0.01971693705389281,0.8640776699029126,0.8640776699029126,1.0,0.9270833333333334,0.509129213483146,8.0
ACTG175,AFT-Gumbel,0,Cox T-learner,0.11990444991131338,0.14344906507991087,0.19029409302542766,0.504148419510848,0.005704221651304963,0.38317757009345793,0.30303030303030304,0.9714285714285714,0.46195652173913043,0.8135331905781585,
ACTG175,AFT-Gumbel,0,CSF (RF),0.07009232525535856,0.08703266292813379,0.7019450032867651,0.76153859113032,-0.013797265533229576,0.7227414330218068,0.49575070821529743,1.0,0.6628787878787878,0.9946527990211074,
ACTG175,AFT-Gumbel,0,Bo & Ding,0.1885013372606268,0.24105190258989884,-1.2864041023112578,0.5519508607457332,-0.007602524803218166,0.6246105919003115,0.41450777202072536,0.9142857142857143,0.5704099821746881,0.857840318140104,229.0
ACTG175,AFT-Gumbel,0,Hybrid,0.22437310554827997,0.2956576472797581,-2.439617078378245,0.5053466486501416,-0.02766643429028349,0.6261682242990654,0.41645244215938304,0.9257142857142857,0.574468085106383,0.8226613643316,642.0
ACTG175,AFT-Gumbel,0,CRE,0.2490119485946808,0.32620537463433114,-3.187107276445243,0.4812651709814515,-0.023963732373535964,0.618380062305296,0.4088541666666667,0.8971428571428571,0.5617173524150268,0.8048455185071889,1497.0
ACTG175,AFT-Gumbel,0,SCRE,0.1166331213773466,0.1773716276764706,-0.23794162530367613,0.5134101608555027,-0.10420181474607132,0.7897196261682243,0.5704225352112676,0.9257142857142857,0.7058823529411765,0.8461914958702967,2.0
ACTG175,AFT-Gumbel,0,CISCaRL (direct),0.13777032888401747,0.15923463936835872,0.0022839454684699945,0.44608367641178504,0.06693560295470065,0.27258566978193144,0.27258566978193144,1.0,0.4283965728274174,0.7566840012236158,10.0
ACTG175,AFT-Gumbel,0,CISCaRL (auto),0.13777032888401747,0.15923463936835872,0.0022839454684699945,0.44608367641178504,0.06693560295470065,0.27258566978193144,0.27258566978193144,1.0,0.4283965728274174,0.7566840012236158,10.0
ACTG175,AFT-Gumbel,0,CISCaRL (posthoc),0.13410938566053573,0.15216077396147057,0.08896034585169155,0.46886970118526494,0.05589936652041554,0.27258566978193144,0.27258566978193144,1.0,0.4283965728274174,0.7815050474151116,9.0
ACTG175,AFT-Gumbel,1,Cox T-learner,0.1392680054751456,0.16319810722663464,0.07579389543268811,0.3753157514179345,0.02645027747280457,0.40498442367601245,0.3564189189189189,0.9952830188679245,0.5248756218905473,0.7147652479157526,
ACTG175,AFT-Gumbel,1,CSF (RF),0.07915825453111242,0.09935830359209562,0.6574318884167263,0.7826842101022771,0.02217228848715251,0.5327102803738317,0.4140625,1.0,0.585635359116022,0.9795853444493199,
ACTG175,AFT-Gumbel,1,Bo & Ding,0.19550429844552386,0.24835361956568489,-1.1403243164755645,0.4872906411682488,0.030019344833959953,0.5763239875389408,0.4330357142857143,0.9150943396226415,0.5878787878787879,0.7985629662132515,294.0
ACTG175,AFT-Gumbel,1,Hybrid,0.20408408767974545,0.26563935326951077,-1.4486314670624725,0.5162766406615417,0.01763530764862034,0.6059190031152648,0.45351473922902497,0.9433962264150944,0.6125574272588055,0.8146336112329969,665.0
ACTG175,AFT-Gumbel,1,CRE,0.2201434668543759,0.29273850499068327,-1.9737078475376744,0.5080908871694932,0.019563840503086564,0.616822429906542,0.4608294930875576,0.9433962264150944,0.6191950464396285,0.805199648968846,1607.0
ACTG175,AFT-Gumbel,1,SCRE,0.12577126734237962,0.19699000982885634,-0.3465640061613333,0.4603359371151034,-0.11615424678256586,0.7601246105919003,0.5960264900662252,0.8490566037735849,0.7003891050583657,0.8149133391838526,1.0
ACTG175,AFT-Gumbel,1,CISCaRL (direct),0.14209722106587339,0.1592133182597707,0.12037536166419227,0.4602384232502443,0.019103422760619753,0.3302180685358255,0.3302180685358255,1.0,0.4964871194379391,0.7794646774901273,6.0
ACTG175,AFT-Gumbel,1,CISCaRL (auto),0.14209722106587339,0.1592133182597707,0.12037536166419227,0.4602384232502443,0.019103422760619753,0.3302180685358255,0.3302180685358255,1.0,0.4964871194379391,0.7794646774901273,6.0
ACTG175,AFT-Gumbel,1,CISCaRL (posthoc),0.14440118531585422,0.16152805606210616,0.0946124236984508,0.4898165925566258,0.034483601374853644,0.3302180685358255,0.3302180685358255,1.0,0.4964871194379391,0.7924308907415533,6.0
ACTG175,AFT-Gumbel,2,Cox T-learner,0.12654333706612642,0.15266324416726768,0.13123137648507754,0.4774445165714289,0.025716880569932505,0.40965732087227413,0.3267504488330341,0.978494623655914,0.4899057873485868,0.7952508960573476,
ACTG175,AFT-Gumbel,2,CSF (RF),0.08072163312522429,0.10319056942356113,0.6030688601948462,0.7741824990162857,0.018658790465592857,0.6292834890965732,0.4386792452830189,1.0,0.6098360655737705,0.9903673835125448,
ACTG175,AFT-Gumbel,2,Bo & Ding,0.20806623174868863,0.2683635947955543,-1.6846171160896581,0.5548522211976133,0.02513082982472035,0.6012461059190031,0.4166666666666667,0.9408602150537635,0.5775577557755776,0.8567251461988304,281.0
ACTG175,AFT-Gumbel,2,Hybrid,0.21541529329839446,0.2763422765555821,-1.8466220916115739,0.5499314859177,0.021792834233624093,0.5856697819314641,0.4090909090909091,0.967741935483871,0.5750798722044729,0.8450999811356347,669.0
ACTG175,AFT-Gumbel,2,CRE,0.25226127872487975,0.3245153827841178,-2.9255971502053706,0.5073631387385791,0.01587071770848139,0.6105919003115264,0.423444976076555,0.9516129032258065,0.5860927152317881,0.8149287870213168,1515.0
ACTG175,AFT-Gumbel,2,SCRE,0.12575477543617716,0.18398595630726142,-0.26184061579665774,0.5207015296029947,-0.11125139162739967,0.7897196261682243,0.5901060070671378,0.8978494623655914,0.7121535181236673,0.8583286172420298,1.0
ACTG175,AFT-Gumbel,2,CISCaRL (direct),0.14677684130817137,0.16079989218143204,0.03615619632641043,0.50877375695272,0.0742515470782106,0.2897196261682243,0.2897196261682243,1.0,0.4492753623188406,0.8160016977928692,9.0
ACTG175,AFT-Gumbel,2,CISCaRL (auto),0.14677684130817137,0.16079989218143204,0.03615619632641043,0.50877375695272,0.0742515470782106,0.2897196261682243,0.2897196261682243,1.0,0.4492753623188406,0.8160016977928692,9.0
ACTG175,AFT-Gumbel,2,CISCaRL (posthoc),0.13292732619582034,0.15284916451273706,0.12911403490980156,0.5355313043577428,0.06843111639738052,0.2897196261682243,0.2897196261682243,1.0,0.4492753623188406,0.8337342010941331,10.0
ACTG175,AFT-Gumbel,3,Cox T-learner,0.13325342210007546,0.15782649464037937,0.06674258113624676,0.4507048650442403,0.04173440825635196,0.3707165109034268,0.32653061224489793,0.96,0.4873096446700508,0.754841628959276,
ACTG175,AFT-Gumbel,3,CSF (RF),0.08227567468583567,0.10703956959073128,0.5707301985411317,0.7529719562037617,0.049977146645046176,0.46261682242990654,0.3669724770642202,1.0,0.5369127516778524,0.9579072398190045,
ACTG175,AFT-Gumbel,3,Bo & Ding,0.1977497316929702,0.25584191211791213,-1.4523644609383846,0.5002893059738914,0.06449661469189645,0.5623052959501558,0.41252699784017277,0.955,0.5761689291101055,0.7963348416289592,271.0
ACTG175,AFT-Gumbel,3,Hybrid,0.21292278747296223,0.2776649390204575,-1.8885754661333345,0.4849468464541459,0.046879922445881184,0.5514018691588785,0.40638297872340423,0.955,0.5701492537313433,0.7881391402714932,667.0
ACTG175,AFT-Gumbel,3,CRE,0.23783524814205154,0.31019217523337267,-2.604983704259345,0.48168385523502716,0.03691875052928966,0.5794392523364486,0.42045454545454547,0.925,0.578125,0.7858031674208144,1511.0
ACTG175,AFT-Gumbel,3,SCRE,0.13367755070906007,0.19488933417591256,-0.42304217992160154,0.39858707237198243,-0.11889246820451956,0.7336448598130841,0.5505226480836237,0.79,0.648870636550308,0.7477262443438913,1.0
ACTG175,AFT-Gumbel,3,CISCaRL (direct),0.15329706273861046,0.16917239380766014,-0.07226126764259666,0.40347755018716497,0.07408703843973295,0.3115264797507788,0.3115264797507788,1.0,0.4750593824228028,0.7506447963800904,8.0
ACTG175,AFT-Gumbel,3,CISCaRL (auto),0.15329706273861046,0.16917239380766014,-0.07226126764259666,0.40347755018716497,0.07408703843973295,0.3115264797507788,0.3115264797507788,1.0,0.4750593824228028,0.7506447963800904,8.0
ACTG175,AFT-Gumbel,3,CISCaRL (posthoc),0.1587692332460057,0.1692111151435639,-0.07275217682000323,0.37405105210818845,0.0710615923825576,0.3115264797507788,0.3115264797507788,1.0,0.4750593824228028,0.7237443438914026,9.0
ACTG175,AFT-Gumbel,4,Cox T-learner,0.138003404074767,0.1804347385620767,-0.21084753877318296,0.39324445904706085,-0.07209457901020748,0.5669781931464174,0.38875305623471884,0.8502673796791443,0.5335570469798657,0.7381794675912323,
ACTG175,AFT-Gumbel,4,CSF (RF),0.11677731734418136,0.1406167365748676,0.2646007489121788,0.7293768682000975,-0.08390464744488961,0.8302180685358256,0.6413043478260869,0.946524064171123,0.7645788336933045,0.9574895692542751,
ACTG175,AFT-Gumbel,4,Bo & Ding,0.2277075386145902,0.2854116348622623,-2.029650285281749,0.5317443701489274,-0.08894840770875144,0.6838006230529595,0.4754601226993865,0.8288770053475936,0.6042884990253411,0.8324734089439974,256.0
ACTG175,AFT-Gumbel,4,Hybrid,0.21711996112358456,0.28580735250551736,-2.0380572108605817,0.5145201618579889,-0.07950949610756015,0.6666666666666666,0.46175637393767704,0.8716577540106952,0.6037037037037037,0.8158606099782569,675.0
ACTG175,AFT-Gumbel,4,CRE,0.23509113040531293,0.3120737491191312,-2.622126643168609,0.49818525901985133,-0.08125734225675647,0.6526479750778816,0.449438202247191,0.8556149732620321,0.5893186003683242,0.8019274842804255,1545.0
ACTG175,AFT-Gumbel,4,SCRE,0.13183089868720707,0.1919770803516098,-0.3707173785668274,0.40984810431602026,-0.11564432772774369,0.7383177570093458,0.5340501792114696,0.7967914438502673,0.6394849785407726,0.7613915496268437,1.0
ACTG175,AFT-Gumbel,4,CISCaRL (direct),0.10159205942430596,0.15170744192819272,0.14402136531262832,0.5303274541457741,-0.039751802228943145,0.29127725856697817,0.29127725856697817,1.0,0.451145958986731,0.8150261503202679,9.0
ACTG175,AFT-Gumbel,4,CISCaRL (auto),0.10159205942430596,0.15170744192819272,0.14402136531262832,0.5303274541457741,-0.039751802228943145,0.29127725856697817,0.29127725856697817,1.0,0.451145958986731,0.8150261503202679,9.0
ACTG175,AFT-Gumbel,4,CISCaRL (posthoc),0.10109791074434729,0.14877697112193722,0.17677115399870558,0.5278390127056296,-0.0339834702250473,0.29127725856697817,0.29127725856697817,1.0,0.451145958986731,0.8211553152729623,8.0
ACTG175,AFT-Gumbel,5,Cox T-learner,0.12290566508440492,0.14977153572089924,0.07673196850469566,0.40452725879644347,0.01924976090120686,0.3956386292834891,0.32342657342657344,0.9946236559139785,0.48812664907651715,0.7539379362384456,
ACTG175,AFT-Gumbel,5,CSF (RF),0.08358761335186575,0.10152275397480312,0.5757752399361384,0.7465331342568005,0.01019277655895838,0.5233644859813084,0.3780487804878049,1.0,0.5486725663716814,0.9782352386342199,
ACTG175,AFT-Gumbel,5,Bo & Ding,0.19843986144848724,0.2535329689358106,-1.6456848875593262,0.4573573722053759,-0.015570633683712497,0.616822429906542,0.4197860962566845,0.8440860215053764,0.5607142857142857,0.7881649688737974,248.0
ACTG175,AFT-Gumbel,5,Hybrid,0.20514736853279664,0.2578051672262872,-1.735599198059247,0.5093302698258158,-0.011322608401633839,0.6308411214953271,0.43609022556390975,0.9354838709677419,0.5948717948717949,0.8192322203357858,673.0
ACTG175,AFT-Gumbel,5,CRE,0.23455366155995847,0.30200005254077816,-2.753904927129762,0.4723263284206307,-0.024749336178220338,0.6510903426791277,0.45077720207253885,0.9354838709677419,0.6083916083916084,0.7969251084700999,1541.0
ACTG175,AFT-Gumbel,5,SCRE,0.10202541270033386,0.17737531955852986,-0.29495779455682825,0.551997936724976,-0.0983548312868317,0.7959501557632399,0.6070038910505836,0.8387096774193549,0.7042889390519187,0.8863952556121486,1.0
ACTG175,AFT-Gumbel,5,CISCaRL (direct),0.1517559003776306,0.1649755213422237,-0.12023271410749037,0.4153517026344811,0.08538875089836002,0.2897196261682243,0.2897196261682243,1.0,0.4492753623188406,0.7398191378985097,7.0
ACTG175,AFT-Gumbel,5,CISCaRL (auto),0.1517559003776306,0.1649755213422237,-0.12023271410749037,0.4153517026344811,0.08538875089836002,0.2897196261682243,0.2897196261682243,1.0,0.4492753623188406,0.7398191378985097,7.0
ACTG175,AFT-Gumbel,5,CISCaRL (posthoc),0.13707589061047387,0.15056030983172203,0.06698154981775228,0.42495421082209967,0.05594538156311968,0.2897196261682243,0.2897196261682243,1.0,0.4492753623188406,0.7516270514997171,7.0
ACTG175,AFT-Gumbel,6,Cox T-learner,0.13039372564180607,0.17306242869861946,-0.026023641974606937,0.391821402098983,-0.029876545405168948,0.5264797507788161,0.3887733887733888,0.949238578680203,0.551622418879056,0.752364113386186,
ACTG175,AFT-Gumbel,6,CSF (RF),0.09038279086500162,0.1115605543763648,0.5736432851958192,0.7600342715566373,-0.031499825076434174,0.7492211838006231,0.5502793296089385,1.0,0.7099099099099099,0.9858894655791935,
ACTG175,AFT-Gumbel,6,Bo & Ding,0.20255685770201343,0.2519585445797064,-1.1747531158904407,0.4701440705719068,-0.0344911716445905,0.6557632398753894,0.46825396825396826,0.8984771573604061,0.6156521739130435,0.793748930588034,280.0
ACTG175,AFT-Gumbel,6,Hybrid,0.22552367808212667,0.29080359969465536,-1.897018949454453,0.45755525626227433,-0.017343681449046407,0.6137071651090342,0.43942992874109266,0.9390862944162437,0.598705501618123,0.7885815319682884,620.0
ACTG175,AFT-Gumbel,6,CRE,0.2539476904900232,0.32736457892069715,-2.6712600890136295,0.4512170007578551,-0.020989853523339572,0.6261682242990654,0.4469135802469136,0.9187817258883249,0.6013289036544851,0.7854103690184223,1514.0
ACTG175,AFT-Gumbel,6,SCRE,0.125786991992469,0.19132325323910848,-0.2539704247021277,0.6398499567478472,-0.11982515176263729,0.8411214953271028,0.6714801444043321,0.9441624365482234,0.7848101265822784,0.9274967204699709,1.0
ACTG175,AFT-Gumbel,6,CISCaRL (direct),0.10130514825364431,0.15323581389767058,0.19559948768665214,0.40775631371841065,5.95741057198327e-05,0.3052959501557632,0.30577223088923555,0.9949238578680203,0.4677804295942721,0.7549478126960589,4.0
ACTG175,AFT-Gumbel,6,CISCaRL (auto),0.10130514825364431,0.15323581389767058,0.19559948768665214,0.40775631371841065,5.95741057198327e-05,0.3052959501557632,0.30577223088923555,0.9949238578680203,0.4677804295942721,0.7549478126960589,4.0
ACTG175,AFT-Gumbel,6,CISCaRL (posthoc),0.12621151259771057,0.1596075879537803,0.12731231266207454,0.3823749470743375,-0.006822116985560456,0.3068535825545171,0.3068535825545171,1.0,0.4696066746126341,0.741139565390977,7.0
ACTG175,AFT-Gumbel,7,Cox T-learner,0.1550327115857142,0.18475829870562482,-0.11214340580142501,0.3287120589065517,0.04679724506830271,0.40498442367601245,0.3274336283185841,0.9893048128342246,0.4920212765957447,0.7057178116001644,
ACTG175,AFT-Gumbel,7,CSF (RF),0.12016129618188012,0.14771822021427927,0.289079537222784,0.697027301186087,0.04606352852997567,0.4797507788161994,0.3583815028901734,0.9946524064171123,0.5269121813031161,0.928600810953752,
ACTG175,AFT-Gumbel,7,Bo & Ding,0.2196819142397091,0.2786460949395441,-1.5296404909323584,0.3994910830122005,0.025026707524691064,0.5404984423676013,0.37557603686635943,0.8716577540106952,0.5249597423510467,0.7394370335546807,264.0
ACTG175,AFT-Gumbel,7,Hybrid,0.22084802147987542,0.2808927339843979,-1.5705963852797176,0.39520771080069367,0.04306018673998674,0.5280373831775701,0.37168141592920356,0.8983957219251337,0.5258215962441315,0.7401187048245873,685.0
ACTG175,AFT-Gumbel,7,CRE,0.23704368129991008,0.30918132928826964,-2.114435938484996,0.39677048095697354,0.038697494484085895,0.5342679127725857,0.3744394618834081,0.893048128342246,0.5276461295418642,0.7384027736968914,1562.0
ACTG175,AFT-Gumbel,7,SCRE,0.13160674280147672,0.19793592796357753,-0.27644511353558343,0.5220826809440835,-0.12002398010929796,0.7492211838006231,0.543918918918919,0.8609625668449198,0.6666666666666666,0.8501498501498501,1.0
ACTG175,AFT-Gumbel,7,CISCaRL (direct),0.16270032223091624,0.18620910051035283,-0.12967804017542606,0.334565002788386,0.08602968814816107,0.29127725856697817,0.29127725856697817,1.0,0.451145958986731,0.6948933419521655,8.0
ACTG175,AFT-Gumbel,7,CISCaRL (auto),0.16270032223091624,0.18620910051035283,-0.12967804017542606,0.334565002788386,0.08602968814816107,0.29127725856697817,0.29127725856697817,1.0,0.451145958986731,0.6948933419521655,8.0
ACTG175,AFT-Gumbel,7,CISCaRL (posthoc),0.15593386499579154,0.17429235399227655,0.01028636568580632,0.43036749378339606,0.06946597831543573,0.29127725856697817,0.29127725856697817,1.0,0.451145958986731,0.7512722571546101,10.0
ACTG175,AFT-Gumbel,8,Cox T-learner,0.11845230686166867,0.14545401779387054,0.20616675694875186,0.5150280709590511,-0.015372476356794498,0.4532710280373832,0.3574074074074074,0.9796954314720813,0.5237449118046132,0.8148519933839048,
ACTG175,AFT-Gumbel,8,CSF (RF),0.09143521209661788,0.11375862677158491,0.5144359563785964,0.7715308912559423,-0.02008255199549094,0.7289719626168224,0.5313351498637602,0.9898477157360406,0.6914893617021277,0.9724975759995437,
ACTG175,AFT-Gumbel,8,Bo & Ding,0.2076680849284999,0.2667651125638435,-1.67015149185156,0.5172655222615813,-0.02307336642475453,0.6292834890965732,0.4491315136476427,0.9187817258883249,0.6033333333333334,0.818228483431244,274.0
ACTG175,AFT-Gumbel,8,Hybrid,0.2039251694921656,0.26905382246692766,-1.7161651374652322,0.5662149525435716,-0.012898425554303464,0.6292834890965732,0.4510739856801909,0.9593908629441624,0.6136363636363636,0.8378315177094621,622.0
ACTG175,AFT-Gumbel,8,CRE,0.23257936698843099,0.3090544793377147,-2.583834308428798,0.512932647410862,-0.0005857908654006861,0.6137071651090342,0.43825665859564167,0.9187817258883249,0.5934426229508196,0.8042662408030572,1482.0
ACTG175,AFT-Gumbel,8,SCRE,0.12387620997506676,0.18754892949608246,-0.3197966354930266,0.44412411635735416,-0.11039652478592014,0.7507788161993769,0.5640138408304498,0.8274111675126904,0.6707818930041153,0.7964352934466434,1.0
ACTG175,AFT-Gumbel,8,CISCaRL (direct),0.11370378430077441,0.14082961008937162,0.2558409094038826,0.5043684879464518,0.032295944235430564,0.3068535825545171,0.3068535825545171,1.0,0.4696066746126341,0.7662465065875776,4.0
ACTG175,AFT-Gumbel,8,CISCaRL (auto),0.11370378430077441,0.14082961008937162,0.2558409094038826,0.5043684879464518,0.032295944235430564,0.3068535825545171,0.3068535825545171,1.0,0.4696066746126341,0.7662465065875776,4.0
ACTG175,AFT-Gumbel,8,CISCaRL (posthoc),0.12588699880877166,0.15245341967601217,0.1279283293738782,0.42420438341267436,0.03373376360333526,0.3068535825545171,0.3068535825545171,1.0,0.4696066746126341,0.7357839502652141,8.0
ACTG175,AFT-Gumbel,9,Cox T-learner,0.15110259104471524,0.1819853950038535,-0.10212772023686467,0.2770841347298555,0.0024859214408472215,0.43457943925233644,0.33268858800773693,0.9052631578947369,0.48656294200848654,0.6620866325104798,
ACTG175,AFT-Gumbel,9,CSF (RF),0.0985391506503931,0.12529339085600383,0.47758555112135725,0.7061264335260111,-0.018787790856611575,0.5872274143302181,0.4153498871331828,0.968421052631579,0.5813586097946287,0.9379133674895203,
ACTG175,AFT-Gumbel,9,Bo & Ding,0.21819845256012657,0.28514749418546625,-1.7058142105570098,0.466151376988847,0.0015044905041283734,0.5809968847352025,0.40617577197149646,0.9,0.5597381342062193,0.7909990684676294,261.0
ACTG175,AFT-Gumbel,9,Hybrid,0.22327215494757058,0.28899675951769455,-1.779359984965461,0.4884958164360784,-0.025737154321428396,0.6526479750778816,0.4582278481012658,0.9526315789473684,0.6188034188034188,0.8032836516068934,634.0
ACTG175,AFT-Gumbel,9,CRE,0.24334345113319927,0.31843187678013185,-2.374363987085945,0.4588536612339264,-0.028324447799295147,0.6370716510903427,0.4444444444444444,0.9052631578947369,0.5961871750433275,0.7820214252445272,1516.0
ACTG175,AFT-Gumbel,9,SCRE,0.1197911665116778,0.19782088509037077,-0.30227629627157593,0.5212346938077564,-0.11353007681058373,0.780373831775701,0.5884476534296029,0.8578947368421053,0.6980728051391863,0.8480787144853283,1.0
ACTG175,AFT-Gumbel,9,CISCaRL (direct),0.130958363554734,0.17043931684085722,0.033285074339360454,0.269710434682665,-0.02356791785228597,0.34579439252336447,0.3114754098360656,1.0,0.475,0.6759489986027014,10.0
ACTG175,AFT-Gumbel,9,CISCaRL (auto),0.130958363554734,0.17043931684085722,0.033285074339360454,0.269710434682665,-0.02356791785228597,0.34579439252336447,0.3114754098360656,1.0,0.475,0.6759489986027014,10.0
ACTG175,AFT-Gumbel,9,CISCaRL (posthoc),0.1294922282635385,0.1632263548251768,0.11337613169703109,0.39995015071015233,-0.009918196144272985,0.29595015576323985,0.29595015576323985,1.0,0.4567307692307692,0.7509839310666045,10.0
ACTG175,Cox PH,0,Cox T-learner,0.399363475282451,0.4368797551036732,-11.753480308861564,-0.3431870859052704,0.39910541461027793,,,,,,
ACTG175,Cox PH,0,CSF (RF),0.4102634427362057,0.473879902808491,-14.005188558074645,-0.8502570217176831,0.38871825816510885,,,,,,
ACTG175,Cox PH,0,Bo & Ding,0.45637074295359914,0.5479337376684248,-19.061387168830393,-0.44973453052432183,0.39306860873748467,,,,,,258.0
ACTG175,Cox PH,0,Hybrid,0.45651848985833404,0.5456139003666606,-18.89187530071721,-0.4571183087841473,0.3847414344172025,,,,,,759.0
ACTG175,Cox PH,0,CRE,0.47736334256779883,0.5718920573897722,-20.85410401359823,-0.41454179497046045,0.38684650794455494,,,,,,1568.0
ACTG175,Cox PH,0,SCRE,0.21586247848701356,0.2667444249876587,-3.754398481020919,-0.3440494158473845,0.19217310711341032,,,,,,4.0
ACTG175,Cox PH,0,CISCaRL (direct),0.3728000504824149,0.3973567143712091,-9.55032863236553,-0.007437123005257756,0.3728000504824149,,,,,,10.0
ACTG175,Cox PH,0,CISCaRL (auto),0.3728000504824149,0.3973567143712091,-9.55032863236553,-0.007437123005257756,0.3728000504824149,,,,,,10.0
ACTG175,Cox PH,0,CISCaRL (posthoc),0.3829937058303135,0.4078221553385343,-10.113388763704185,-0.4055846916346193,0.3829937058303135,,,,,,10.0
ACTG175,Cox PH,1,Cox T-learner,0.4635950167842418,0.4927678403978683,-15.092676956338629,-0.2324487077787298,0.4635950167842418,,,,,,
ACTG175,Cox PH,1,CSF (RF),0.45861904399715775,0.5129226535346996,-16.43601928992168,-0.7374386315068352,0.44591931940804136,,,,,,
ACTG175,Cox PH,1,Bo & Ding,0.5073703588415887,0.5868725791309286,-21.826073762640327,-0.4116540907689733,0.4501059124895083,,,,,,260.0
ACTG175,Cox PH,1,Hybrid,0.4899324814815804,0.5744457689838363,-20.869640809136023,-0.3661531484114397,0.4256574991326441,,,,,,727.0
ACTG175,Cox PH,1,CRE,0.4995012613572461,0.5946936633214656,-22.43852090924999,-0.3245297171546918,0.42613729974541553,,,,,,1545.0
ACTG175,Cox PH,1,SCRE,0.21547584484643978,0.25497528572621414,-3.30863548960615,-0.1837353692127058,0.19515110304372463,,,,,,1.0
ACTG175,Cox PH,1,CISCaRL (direct),0.4947388604193946,0.519070656156108,-16.856508160931668,-0.45593481220878784,0.4947388604193946,,,,,,4.0
ACTG175,Cox PH,1,CISCaRL (auto),0.4947388604193946,0.519070656156108,-16.856508160931668,-0.45593481220878784,0.4947388604193946,,,,,,4.0
ACTG175,Cox PH,1,CISCaRL (posthoc),0.46610297012448093,0.48726661371141167,-14.735367536966583,-0.41700881620339125,0.46610297012448093,,,,,,7.0
ACTG175,Cox PH,2,Cox T-learner,0.451511554177846,0.4816488933744987,-15.458399908337029,-0.16741911407205717,0.4510829337297485,,,,,,
ACTG175,Cox PH,2,CSF (RF),0.4494125756789526,0.4887120160923902,-15.944646445929159,-0.44353957581775616,0.4367568660160734,,,,,,
ACTG175,Cox PH,2,Bo & Ding,0.5025917936065171,0.5757982845423986,-22.52161896432309,-0.29211468371221805,0.44192443388428027,,,,,,257.0
ACTG175,Cox PH,2,Hybrid,0.4775729852438361,0.555593920260585,-20.8998654436908,-0.2678808754909083,0.43796526015209775,,,,,,771.0
ACTG175,Cox PH,2,CRE,0.49601725738342917,0.5835367159098741,-23.158104237754337,-0.2459078981163581,0.43901338348220414,,,,,,1561.0
ACTG175,Cox PH,2,SCRE,0.22580462238207477,0.2690453444178541,-4.135437402421372,-0.2498836050477753,0.20174251459876658,,,,,,1.0
ACTG175,Cox PH,2,CISCaRL (direct),0.4376837007043094,0.45945060043504354,-13.976285957759597,-0.2243782621209541,0.4376837007043094,,,,,,8.0
ACTG175,Cox PH,2,CISCaRL (auto),0.4376837007043094,0.45945060043504354,-13.976285957759597,-0.2243782621209541,0.4376837007043094,,,,,,8.0
ACTG175,Cox PH,2,CISCaRL (posthoc),0.42331643903328675,0.44249715659350125,-12.891445703148694,-0.313176036929652,0.42331643903328675,,,,,,10.0
ACTG175,Cox PH,3,Cox T-learner,0.46460831579758116,0.495714590737308,-14.223124594405611,-0.44500346721222545,0.46460831579758116,,,,,,
ACTG175,Cox PH,3,CSF (RF),0.45993480181794394,0.5243837529189757,-16.034871139159293,-0.7526978701887009,0.4561982067062898,,,,,,
ACTG175,Cox PH,3,Bo & Ding,0.4934102370441034,0.5800118774244403,-19.84078973968912,-0.31859289612158465,0.4457295367727426,,,,,,262.0
ACTG175,Cox PH,3,Hybrid,0.4958015615362802,0.5829830400190512,-20.054854231183363,-0.37755922961048954,0.42975165633230206,,,,,,748.0
ACTG175,Cox PH,3,CRE,0.5087684765378829,0.6080988427392485,-21.908083197706237,-0.3576008091268697,0.43101375244038953,,,,,,1550.0
ACTG175,Cox PH,3,SCRE,0.20637978697595233,0.24773998306774894,-2.802179404417184,-0.4414893963950219,0.19532078857874596,,,,,,2.0
ACTG175,Cox PH,3,CISCaRL (direct),0.4917429921218904,0.5229238041457602,-15.940148835268747,-0.4431410170303609,0.4917429921218904,,,,,,7.0
ACTG175,Cox PH,3,CISCaRL (auto),0.4917429921218904,0.5229238041457602,-15.940148835268747,-0.4431410170303609,0.4917429921218904,,,,,,7.0
ACTG175,Cox PH,3,CISCaRL (posthoc),0.4971909621061762,0.5242947036656691,-16.029086010442438,-0.43938089292211846,0.4971909621061762,,,,,,7.0
ACTG175,Cox PH,4,Cox T-learner,0.38697962270173486,0.43736258839625863,-11.731207741003628,-0.396545284213735,0.3849867175218638,,,,,,
ACTG175,Cox PH,4,CSF (RF),0.3906373007223095,0.46220808588898904,-13.21875005695181,-0.72053073471017,0.36462679888641814,,,,,,
ACTG175,Cox PH,4,Bo & Ding,0.44316084884109064,0.5349791809494645,-18.04847031896672,-0.36569310734838123,0.3715329457428533,,,,,,226.0
ACTG175,Cox PH,4,Hybrid,0.46219641734269995,0.550732659595001,-19.186824443100587,-0.45690990541893867,0.35846671110540335,,,,,,741.0
ACTG175,Cox PH,4,CRE,0.48749303216389994,0.5832795871747732,-21.643309263728504,-0.4540059892886631,0.36665223912894246,,,,,,1514.0
ACTG175,Cox PH,4,SCRE,0.19485249249785042,0.23799598796647242,-2.7698634044857524,-0.5493998956087889,0.17380261192437316,,,,,,1.0
ACTG175,Cox PH,4,CISCaRL (direct),0.402297524930128,0.4452792835816121,-12.196273957521813,-0.19194116807267023,0.402297524930128,,,,,,7.0
ACTG175,Cox PH,4,CISCaRL (auto),0.402297524930128,0.4452792835816121,-12.196273957521813,-0.19194116807267023,0.402297524930128,,,,,,7.0
ACTG175,Cox PH,4,CISCaRL (posthoc),0.42628812863701904,0.4738349616010393,-13.943094602931819,-0.5544688130944764,0.42628812863701904,,,,,,8.0
ACTG175,Cox PH,5,Cox T-learner,0.3948443313932226,0.431170268997088,-11.472195556185394,-0.42081360885859015,0.3948443313932226,,,,,,
ACTG175,Cox PH,5,CSF (RF),0.3996105625877718,0.4685046868997548,-13.725606057305734,-0.716727686134167,0.39284266594555795,,,,,,
ACTG175,Cox PH,5,Bo & Ding,0.445098510048015,0.5371639809448916,-18.357936710147637,-0.3395940380947485,0.3762164474877035,,,,,,285.0
ACTG175,Cox PH,5,Hybrid,0.4467745514196407,0.5362795943419348,-18.294247381021528,-0.3859044589549411,0.391123948871061,,,,,,744.0
ACTG175,Cox PH,5,CRE,0.4573843924547107,0.5563982705560611,-19.769059999455965,-0.3806263930852976,0.37696538605069274,,,,,,1546.0
ACTG175,Cox PH,5,SCRE,0.1994899826630028,0.23758289186552178,-2.7868284100749143,-0.5831798161742396,0.1882849473721659,,,,,,1.0
ACTG175,Cox PH,5,CISCaRL (direct),0.4103147359471628,0.44420516268336757,-12.2376989933223,-0.2433163521601634,0.4103147359471628,,,,,,10.0
ACTG175,Cox PH,5,CISCaRL (auto),0.4103147359471628,0.44420516268336757,-12.2376989933223,-0.2433163521601634,0.4103147359471628,,,,,,10.0
ACTG175,Cox PH,5,CISCaRL (posthoc),0.3955661495167565,0.4234489098483794,-11.029493349813055,-0.4117588099315815,0.3955661495167565,,,,,,10.0
ACTG175,Cox PH,6,Cox T-learner,0.40574603506037094,0.4483286589300008,-13.212234420702679,-0.3656338224772652,0.4055570250031906,,,,,,
ACTG175,Cox PH,6,CSF (RF),0.410607093862652,0.4702542661966352,-14.636330721159407,-0.7846206298307569,0.4009413782842341,,,,,,
ACTG175,Cox PH,6,Bo & Ding,0.46302389825187534,0.5514119317206505,-20.49916920884779,-0.3720591067177616,0.4125516444299922,,,,,,239.0
ACTG175,Cox PH,6,Hybrid,0.45617856383240835,0.5357511775760474,-19.295307120801386,-0.4079449043809942,0.3869061413494686,,,,,,763.0
ACTG175,Cox PH,6,CRE,0.45954955613368353,0.5409784028762745,-19.693274268719282,-0.330545324077377,0.3813025791381771,,,,,,1565.0
ACTG175,Cox PH,6,SCRE,0.2168390655450826,0.2611707870623583,-3.823014358082969,-0.21741101206932928,0.1930005811530213,,,,,,1.0
ACTG175,Cox PH,6,CISCaRL (direct),0.4394396133620448,0.4737083746577915,-14.866878072035156,-0.44480726944026006,0.4394396133620448,,,,,,9.0
ACTG175,Cox PH,6,CISCaRL (auto),0.4394396133620448,0.4737083746577915,-14.866878072035156,-0.44480726944026006,0.4394396133620448,,,,,,9.0
ACTG175,Cox PH,6,CISCaRL (posthoc),0.4402653698432092,0.47001871097662906,-14.620669845303505,-0.3401626703712221,0.4402653698432092,,,,,,9.0
ACTG175,Cox PH,7,Cox T-learner,0.39795487670522584,0.440627093584202,-11.731832168363784,-0.3200325333401246,0.3935358006501346,,,,,,
ACTG175,Cox PH,7,CSF (RF),0.40539618104857805,0.46304410481353253,-13.060256004321857,-0.7816884960098057,0.37377248003000574,,,,,,
ACTG175,Cox PH,7,Bo & Ding,0.4565802885273083,0.5473124325691171,-18.64351200066475,-0.4192682885917077,0.3876550832720643,,,,,,285.0
ACTG175,Cox PH,7,Hybrid,0.4449936322076515,0.5256778792985841,-17.121240060888507,-0.45291979629448686,0.3775448886979906,,,,,,750.0
ACTG175,Cox PH,7,CRE,0.45172059825634076,0.5368960182820209,-17.902919104329484,-0.39038891558031036,0.36614004044867465,,,,,,1545.0
ACTG175,Cox PH,7,SCRE,0.21479799762725046,0.26148789213146384,-3.483856218400442,-0.35125272358536364,0.1852528029701919,,,,,,1.0
ACTG175,Cox PH,7,CISCaRL (direct),0.39718523088437174,0.42859933240684256,-11.046239401951894,-0.21177497002014314,0.39718523088437174,,,,,,9.0
ACTG175,Cox PH,7,CISCaRL (auto),0.39718523088437174,0.42859933240684256,-11.046239401951894,-0.21177497002014314,0.39718523088437174,,,,,,9.0
ACTG175,Cox PH,7,CISCaRL (posthoc),0.40199323812698157,0.42804617720861177,-11.015165438532295,-0.1876103273052264,0.40199323812698157,,,,,,9.0
ACTG175,Cox PH,8,Cox T-learner,0.3721564111371081,0.4232992214728373,-11.13286035735499,-0.3149101049096385,0.36882466910589434,,,,,,
ACTG175,Cox PH,8,CSF (RF),0.38902587656932364,0.45281661722461375,-12.883947783280965,-0.8531246111582031,0.35573974781283535,,,,,,
ACTG175,Cox PH,8,Bo & Ding,0.4386401076432603,0.5243704522266105,-17.6184997356371,-0.47610550381823447,0.36570739441302064,,,,,,250.0
ACTG175,Cox PH,8,Hybrid,0.441745881045062,0.5218937599154434,-17.443038296976997,-0.45171204918488495,0.33426035377396207,,,,,,708.0
ACTG175,Cox PH,8,CRE,0.46188835559396085,0.5487543212129588,-19.390325843456353,-0.41692863316943696,0.3324935559845277,,,,,,1537.0
ACTG175,Cox PH,8,SCRE,0.19559785817979725,0.23479366863963985,-2.73285416361404,-0.572903050542134,0.18439580350332987,,,,,,1.0
ACTG175,Cox PH,8,CISCaRL (direct),0.377628476766275,0.4004566882738782,-9.858738201507835,-0.48419649352226624,0.377628476766275,,,,,,8.0
ACTG175,Cox PH,8,CISCaRL (auto),0.377628476766275,0.4004566882738782,-9.858738201507835,-0.48419649352226624,0.377628476766275,,,,,,8.0
ACTG175,Cox PH,8,CISCaRL (posthoc),0.3786183865249114,0.41112530348843346,-10.445023107388609,-0.5362903144080433,0.3786183865249114,,,,,,9.0
ACTG175,Cox PH,9,Cox T-learner,0.46906666118382223,0.5029047701459834,-17.734706190131256,-0.4214982341557875,0.46906666118382223,,,,,,
ACTG175,Cox PH,9,CSF (RF),0.46788579210674713,0.5328127235107896,-20.02928713693997,-0.77794822377502,0.4643639175865062,,,,,,
ACTG175,Cox PH,9,Bo & Ding,0.514118477637867,0.6034484488855686,-25.974644338367007,-0.49026343670223865,0.4675419138244869,,,,,,247.0
ACTG175,Cox PH,9,Hybrid,0.5018845821554591,0.5856870772045482,-24.410116722988093,-0.40909010980631305,0.4416876039491415,,,,,,671.0
ACTG175,Cox PH,9,CRE,0.5062616931283989,0.5988534269573371,-25.5654058332976,-0.36963259164455164,0.4418909051925612,,,,,,1479.0
ACTG175,Cox PH,9,SCRE,0.21821840357302305,0.26315573517539115,-4.129807348925003,-0.36962966006163384,0.195195788846854,,,,,,1.0
ACTG175,Cox PH,9,CISCaRL (direct),0.4920732311276303,0.5097370710986708,-18.247211338794244,-0.6356338119096123,0.4920732311276303,,,,,,6.0
ACTG175,Cox PH,9,CISCaRL (auto),0.4920732311276303,0.5097370710986708,-18.247211338794244,-0.6356338119096123,0.4920732311276303,,,,,,6.0
ACTG175,Cox PH,9,CISCaRL (posthoc),0.4977160322132969,0.5262651515876249,-19.515617908744673,-0.5375556522249372,0.4977160322132969,,,,,,8.0
ACTG175,Non-PH (Crossing),0,Cox T-learner,0.10459321088976967,0.12756075876087936,0.596643007549158,0.7707624636791609,-0.008506668525636552,0.8161993769470405,0.7291666666666666,0.43209876543209874,0.5426356589147286,0.8929140946502057,
ACTG175,Non-PH (Crossing),0,CSF (RF),0.0790598942641001,0.09773646997907963,0.7632070866364145,0.8526542796475753,-0.003810306373241624,0.8426791277258567,0.6380090497737556,0.8703703703703703,0.7362924281984334,0.9578060699588478,
ACTG175,Non-PH (Crossing),0,Bo & Ding,0.19349985930041746,0.24283596427318713,-0.46177798085089106,0.6231112624172078,0.0052376225301437275,0.7710280373831776,0.5345622119815668,0.7160493827160493,0.6121372031662269,0.8534079218106996,253.0
ACTG175,Non-PH (Crossing),0,Hybrid,0.20157831871591828,0.25212638353370187,-0.5757669638241831,0.5808898629306041,0.01948423960525418,0.7492211838006231,0.5022421524663677,0.691358024691358,0.5818181818181818,0.8194058641975308,673.0
ACTG175,Non-PH (Crossing),0,CRE,0.23740570677806097,0.2936614232735082,-1.137712029071591,0.5111117657181236,0.017959090440092716,0.7227414330218068,0.4642857142857143,0.6419753086419753,0.538860103626943,0.788966049382716,1605.0
ACTG175,Non-PH (Crossing),0,SCRE,0.161183611890299,0.19814144635022118,0.02679112652386406,0.8000302607633374,0.1430798268504772,0.7959501557632399,0.552901023890785,1.0,0.7120879120879121,0.8874356995884773,1.0
ACTG175,Non-PH (Crossing),0,CISCaRL (direct),0.1790347623725778,0.1915271617316661,0.09068124620201812,0.43791078995079014,-0.02690127038268,0.7476635514018691,0.0,0.0,0.0,0.706809413580247,3.0
ACTG175,Non-PH (Crossing),0,CISCaRL (auto),0.1790347623725778,0.1915271617316661,0.09068124620201812,0.43791078995079014,-0.02690127038268,0.7476635514018691,0.0,0.0,0.0,0.706809413580247,3.0
ACTG175,Non-PH (Crossing),0,CISCaRL (posthoc),0.15818083902972124,0.1727174873475732,0.2605172883130711,0.5183473128670724,0.007943147826266329,0.7476635514018691,0.0,0.0,0.0,0.7067644032921812,8.0
ACTG175,Non-PH (Crossing),1,Cox T-learner,0.1336254346094405,0.16054419247874985,0.4028901172423809,0.65461801964163,-0.04847102641502292,0.780373831775701,0.2,0.007246376811594203,0.013986013986013986,0.8096388313779619,
ACTG175,Non-PH (Crossing),1,CSF (RF),0.07048409733684811,0.0858037866746685,0.8294396933703923,0.8514896210809435,-0.05068214054253285,0.8193146417445483,0.6,0.4782608695652174,0.532258064516129,0.8989389233954451,
ACTG175,Non-PH (Crossing),1,Bo & Ding,0.17654874856569638,0.22800852544963496,-0.20439025017036228,0.6473683730144572,-0.039552157876292036,0.7679127725856698,0.46405228758169936,0.5144927536231884,0.4879725085910653,0.8149873475960433,212.0
ACTG175,Non-PH (Crossing),1,Hybrid,0.20156748109858744,0.26002040720640235,-0.5663179585773561,0.5601539948505996,-0.05509050109617516,0.7585669781931464,0.44785276073619634,0.5289855072463768,0.4850498338870432,0.7744708994708994,700.0
ACTG175,Non-PH (Crossing),1,CRE,0.24296684419000078,0.3124073459013234,-1.2610362942257507,0.49593302297604325,-0.05686241102943375,0.735202492211838,0.40804597701149425,0.5144927536231884,0.4551282051282051,0.7486772486772486,1586.0
ACTG175,Non-PH (Crossing),1,SCRE,0.1844770178942586,0.22563890038785694,-0.17948659211943196,0.7543927165336598,0.15778089467713755,0.7476635514018691,0.45714285714285713,0.927536231884058,0.6124401913875598,0.8230748217161261,1.0
ACTG175,Non-PH (Crossing),1,CISCaRL (direct),0.18646662614211904,0.20460890920088673,0.030128630109211185,0.3029271674994199,-0.040649718961140426,0.7850467289719626,0.0,0.0,0.0,0.6019453071083506,2.0
ACTG175,Non-PH (Crossing),1,CISCaRL (auto),0.18646662614211904,0.20460890920088673,0.030128630109211185,0.3029271674994199,-0.040649718961140426,0.7850467289719626,0.0,0.0,0.0,0.6019453071083506,2.0
ACTG175,Non-PH (Crossing),1,CISCaRL (posthoc),0.13636152210552765,0.1536858009781454,0.45281705941661143,0.6558600302498899,0.007449780677424314,0.7850467289719626,0.0,0.0,0.0,0.7985464113181505,6.0
ACTG175,Non-PH (Crossing),2,Cox T-learner,0.1249150046961442,0.1581091928632818,0.44352631346852855,0.6629437813433522,0.04110023337985087,0.8333333333333334,0.6885245901639344,0.5490196078431373,0.610909090909091,0.9033374767766684,
ACTG175,Non-PH (Crossing),2,CSF (RF),0.09283986106267193,0.11130331689972947,0.7242302640474969,0.8233304424932676,0.03357707834254781,0.883177570093458,0.6772727272727272,0.9738562091503268,0.7989276139410187,0.9854979483272518,
ACTG175,Non-PH (Crossing),2,Bo & Ding,0.1964798657543317,0.24670167567738419,-0.35479813003820126,0.6297501532242167,0.03280974091300475,0.7694704049844237,0.5114155251141552,0.7320261437908496,0.6021505376344086,0.8502078404640657,223.0
ACTG175,Non-PH (Crossing),2,Hybrid,0.2035438609062306,0.267535774923716,-0.5932873869896835,0.6303277611604964,0.03190998798745781,0.7834890965732088,0.5282258064516129,0.8562091503267973,0.6533665835411472,0.878476816766243,640.0
ACTG175,Non-PH (Crossing),2,CRE,0.24595663869647194,0.3121516424353238,-1.1690104209083803,0.5765319496704611,0.029359676723244,0.7507788161993769,0.48582995951417,0.7843137254901961,0.6,0.84226846839622,1536.0
ACTG175,Non-PH (Crossing),2,SCRE,0.17957914056867236,0.2170014326757723,-0.048227603647052364,0.7760096082867252,0.15626087288874585,0.7975077881619937,0.5406360424028268,1.0,0.7018348623853211,0.8507758931793576,1.0
ACTG175,Non-PH (Crossing),2,CISCaRL (direct),0.12961165306069028,0.15764100522004662,0.44681705648833514,0.7619272476180822,0.11966153873444187,0.7850467289719626,0.5257731958762887,1.0,0.6891891891891891,0.8588957055214724,8.0
ACTG175,Non-PH (Crossing),2,CISCaRL (auto),0.12961165306069028,0.15764100522004662,0.44681705648833514,0.7619272476180822,0.11966153873444187,0.7850467289719626,0.5257731958762887,1.0,0.6891891891891891,0.8588957055214724,8.0
ACTG175,Non-PH (Crossing),2,CISCaRL (posthoc),0.1380698843697707,0.16330223985665318,0.40637159600126804,0.7349310348138872,0.1068831897979874,0.7242990654205608,0.45161290322580644,0.7320261437908496,0.5586034912718204,0.8212104200916904,8.0
ACTG175,Non-PH (Crossing),3,Cox T-learner,0.11248881912394383,0.1359929099244436,0.5981713647052685,0.7626736175377348,0.007101718395279254,0.7725856697819314,0.5842696629213483,0.32298136645962733,0.416,0.8826719696284914,
ACTG175,Non-PH (Crossing),3,CSF (RF),0.07558641026280197,0.09359082589090653,0.8096841721816379,0.8256833727892959,0.0035386874324869486,0.8348909657320872,0.6045627376425855,0.9875776397515528,0.75,0.9315608011260186,
ACTG175,Non-PH (Crossing),3,Bo & Ding,0.17646165133972366,0.22658394603081317,-0.11549241282845757,0.6890947950830892,0.012311750253031694,0.7679127725856698,0.5263157894736842,0.7453416149068323,0.6169665809768637,0.8385286863547733,226.0
ACTG175,Non-PH (Crossing),3,Hybrid,0.18755074498500537,0.24011662725306965,-0.25271655827135664,0.6800425534183064,-0.003057644236495475,0.780373831775701,0.5442477876106194,0.7639751552795031,0.6356589147286822,0.8569233351842047,677.0
ACTG175,Non-PH (Crossing),3,CRE,0.21935397856711453,0.27786637059168395,-0.6775687440069109,0.6297221835970662,-0.0014469338517787392,0.7492211838006231,0.5,0.7142857142857143,0.5882352941176471,0.819320514972689,1566.0
ACTG175,Non-PH (Crossing),3,SCRE,0.17008820354681536,0.2047753872446561,0.08890458586005368,0.7852816078232784,0.14843698556741758,0.8084112149532711,0.5669014084507042,1.0,0.7235955056179775,0.8657042135303005,1.0
ACTG175,Non-PH (Crossing),3,CISCaRL (direct),0.1893502222603549,0.20115757178862723,0.12081328309944384,0.5343104317565688,-0.01458329483765471,0.7492211838006231,0.0,0.0,0.0,0.7292002944176857,6.0
ACTG175,Non-PH (Crossing),3,CISCaRL (auto),0.1893502222603549,0.20115757178862723,0.12081328309944384,0.5343104317565688,-0.01458329483765471,0.7492211838006231,0.0,0.0,0.0,0.7292002944176857,6.0
ACTG175,Non-PH (Crossing),3,CISCaRL (posthoc),0.18781018482495718,0.20006442024119803,0.13034285634886034,0.34103060276268676,0.001065295999066988,0.7492211838006231,0.0,0.0,0.0,0.7398277398277399,8.0
ACTG175,Non-PH (Crossing),4,Cox T-learner,0.12016352653235915,0.14797545878515758,0.5166352864125305,0.7097550905454632,-0.0019220890246987434,0.8146417445482866,0.75,0.31788079470198677,0.44651162790697674,0.8832225084636031,
ACTG175,Non-PH (Crossing),4,CSF (RF),0.07236214817411359,0.08963492153702529,0.822642304122912,0.8525017453062855,0.0005236610235904486,0.867601246105919,0.6571428571428571,0.9139072847682119,0.7645429362880887,0.9676966860441591,
ACTG175,Non-PH (Crossing),4,Bo & Ding,0.18126369751725377,0.22818491455343842,-0.14939528657456114,0.6931863395188734,0.0012327441558852936,0.8021806853582555,0.5566037735849056,0.7814569536423841,0.650137741046832,0.8751298202074426,203.0
ACTG175,Non-PH (Crossing),4,Hybrid,0.19423476232752432,0.2561643009777226,-0.44854758214966495,0.6320696596777626,0.0041306042870530996,0.7834890965732088,0.5252100840336135,0.8278145695364238,0.6426735218508998,0.8718657692774578,661.0
ACTG175,Non-PH (Crossing),4,CRE,0.22899980539095244,0.29765123217455625,-0.955739116829786,0.5959929407878563,0.006776842841789474,0.7507788161993769,0.4811715481171548,0.7615894039735099,0.5897435897435898,0.8354621599384955,1558.0
ACTG175,Non-PH (Crossing),4,SCRE,0.18227338853277222,0.22237445438117512,-0.09160456644302606,0.7692799501427197,0.15448432269160745,0.8006230529595015,0.5412186379928315,1.0,0.7023255813953488,0.8710834760793623,1.0
ACTG175,Non-PH (Crossing),4,CISCaRL (direct),0.2018853195192527,0.20884193113141364,0.037211368399326594,0.37554853133558685,0.021579068632403577,0.764797507788162,0.0,0.0,0.0,0.7662629314414426,3.0
ACTG175,Non-PH (Crossing),4,CISCaRL (auto),0.2018853195192527,0.20884193113141364,0.037211368399326594,0.37554853133558685,0.021579068632403577,0.764797507788162,0.0,0.0,0.0,0.7662629314414426,3.0
ACTG175,Non-PH (Crossing),4,CISCaRL (posthoc),0.192983546057941,0.20258767423601295,0.09401378437446539,0.3723067180435974,0.03285904668164661,0.764797507788162,0.0,0.0,0.0,0.5203935744055246,5.0
ACTG175,Non-PH (Crossing),5,Cox T-learner,0.12137732952884407,0.14547120890863904,0.5156295549276371,0.6940052183125093,-0.01408717671916369,0.7819314641744548,0.7,0.25609756097560976,0.375,0.8726528217165017,
ACTG175,Non-PH (Crossing),5,CSF (RF),0.07115321660056685,0.08877018824854331,0.8196326927504911,0.8273510001974484,-0.016176404507283523,0.8660436137071651,0.7010309278350515,0.8292682926829268,0.7597765363128491,0.9547020104092254,
ACTG175,Non-PH (Crossing),5,Bo & Ding,0.18483261862664074,0.23761765940425045,-0.2923524402954334,0.6215284123563621,-0.009310696609885639,0.7975077881619937,0.592391304347826,0.6646341463414634,0.6264367816091954,0.8502908460046944,243.0
ACTG175,Non-PH (Crossing),5,Hybrid,0.18762266147907125,0.24878923296856129,-0.41672873363720075,0.5322281676703227,0.010213359357567689,0.7570093457943925,0.5202020202020202,0.6280487804878049,0.569060773480663,0.8114348402898255,665.0
ACTG175,Non-PH (Crossing),5,CRE,0.23070449607164625,0.29818194699237455,-1.0351022396827152,0.4337011414255637,0.00582594351782226,0.7071651090342679,0.44285714285714284,0.5670731707317073,0.49732620320855614,0.7465047453821818,1543.0
ACTG175,Non-PH (Crossing),5,SCRE,0.1816511702276789,0.22467011368581472,-0.1553515466001305,0.7700437303491152,0.15690674567863547,0.7850467289719626,0.543046357615894,1.0,0.703862660944206,0.8446971629758139,1.0
ACTG175,Non-PH (Crossing),5,CISCaRL (direct),0.14723385159443958,0.16860218757029935,0.3493462303296776,0.5515821241715276,0.022256775002507365,0.7445482866043613,0.0,0.0,0.0,0.7529339728543729,5.0
ACTG175,Non-PH (Crossing),5,CISCaRL (auto),0.14723385159443958,0.16860218757029935,0.3493462303296776,0.5515821241715276,0.022256775002507365,0.7445482866043613,0.0,0.0,0.0,0.7529339728543729,5.0
ACTG175,Non-PH (Crossing),5,CISCaRL (posthoc),0.14982452254176648,0.16910741958503586,0.34544089960707547,0.5912841268488762,-0.00769811386545437,0.7445482866043613,0.0,0.0,0.0,0.7722088988672313,8.0
ACTG175,Non-PH (Crossing),6,Cox T-learner,0.12590528387412137,0.15482044970943437,0.4286715644985003,0.6175432483067234,0.019015263412989494,0.780373831775701,0.6049382716049383,0.310126582278481,0.4100418410041841,0.8171618370122398,
ACTG175,Non-PH (Crossing),6,CSF (RF),0.07097386298004217,0.08862137288999797,0.8127998734836722,0.8506665822837559,0.016685460289194758,0.8566978193146417,0.6473214285714286,0.9177215189873418,0.7591623036649214,0.9487001778428705,
ACTG175,Non-PH (Crossing),6,Bo & Ding,0.181328304975545,0.23257056085568362,-0.2892545445693955,0.6163552269001182,0.0035998832451196636,0.7850467289719626,0.5476190476190477,0.7278481012658228,0.625,0.8524427241343238,258.0
ACTG175,Non-PH (Crossing),6,Hybrid,0.1985400152664578,0.25448047534600965,-0.5436119256863805,0.5763497306354749,0.009440258301533881,0.7336448598130841,0.47257383966244726,0.7088607594936709,0.5670886075949367,0.8021498064651114,702.0
ACTG175,Non-PH (Crossing),6,CRE,0.23568240026150095,0.30093336702372026,-1.1585886002263197,0.517657382551928,0.003625743929233451,0.7149532710280374,0.448559670781893,0.689873417721519,0.543640897755611,0.7720865153258709,1560.0
ACTG175,Non-PH (Crossing),6,SCRE,0.162495695955276,0.20178964103141145,0.02942985969738554,0.7586930117911914,0.14250448431971802,0.7476635514018691,0.49363057324840764,0.9810126582278481,0.6567796610169492,0.8383722146668062,2.0
ACTG175,Non-PH (Crossing),6,CISCaRL (direct),0.10287466751275998,0.12913090771092028,0.6025435050801122,0.8262425138938061,0.06550649165887187,0.7616822429906542,0.5080385852090032,1.0,0.673773987206823,0.8419421487603306,6.0
ACTG175,Non-PH (Crossing),6,CISCaRL (auto),0.10287466751275998,0.12913090771092028,0.6025435050801122,0.8262425138938061,0.06550649165887187,0.7616822429906542,0.5080385852090032,1.0,0.673773987206823,0.8419421487603306,6.0
ACTG175,Non-PH (Crossing),6,CISCaRL (posthoc),0.10878712737391869,0.13555810961534165,0.561993860193468,0.8006182998497958,0.0790792078548327,0.7616822429906542,0.5080385852090032,1.0,0.673773987206823,0.8419421487603306,9.0
ACTG175,Non-PH (Crossing),7,Cox T-learner,0.10859175075103256,0.13595232298545187,0.5536398471550061,0.7299410204445288,-0.005173331109679495,0.8193146417445483,0.7466666666666667,0.3660130718954248,0.49122807017543857,0.8753491853455765,
ACTG175,Non-PH (Crossing),7,CSF (RF),0.06878825388800441,0.08552520873895937,0.8233553706021861,0.879366319245647,0.0038160684162045,0.8457943925233645,0.635,0.8300653594771242,0.7195467422096318,0.9282783324645469,
ACTG175,Non-PH (Crossing),7,Bo & Ding,0.18005151071365638,0.23313247405743628,-0.3125555641121869,0.6392028283361135,-0.006994115689411941,0.7476635514018691,0.47643979057591623,0.5947712418300654,0.5290697674418605,0.8044294745846532,240.0
ACTG175,Non-PH (Crossing),7,Hybrid,0.1983555901903889,0.25250776091471483,-0.5397904224692189,0.5791487667528908,0.008828169540940841,0.7258566978193146,0.44651162790697674,0.6274509803921569,0.5217391304347826,0.7649598353315423,698.0
ACTG175,Non-PH (Crossing),7,CRE,0.23449042338489498,0.2960839178383798,-1.1171020362217936,0.5100984208501592,0.009689650475003182,0.6931464174454829,0.4098360655737705,0.6535947712418301,0.5037783375314862,0.7346726011467981,1569.0
ACTG175,Non-PH (Crossing),7,SCRE,0.1547264279969542,0.18763438581192596,0.14976884991110917,0.8156301000356161,0.13577638091906455,0.7616822429906542,0.5,1.0,0.6666666666666666,0.8706176403758504,1.0
ACTG175,Non-PH (Crossing),7,CISCaRL (direct),0.16517818800940343,0.17721112662320646,0.24160733226955589,0.5525991982876475,0.0029633186813149918,0.7616822429906542,0.0,0.0,0.0,0.7331288343558282,3.0
ACTG175,Non-PH (Crossing),7,CISCaRL (auto),0.16517818800940343,0.17721112662320646,0.24160733226955589,0.5525991982876475,0.0029633186813149918,0.7616822429906542,0.0,0.0,0.0,0.7331288343558282,3.0
ACTG175,Non-PH (Crossing),7,CISCaRL (posthoc),0.14111206667926604,0.16235842062385059,0.3634071034457389,0.6134550829467462,0.04200096102372354,0.7616822429906542,0.0,0.0,0.0,0.7939305238114333,8.0
ACTG175,Non-PH (Crossing),8,Cox T-learner,0.12881825455581233,0.1541994064756763,0.4742985311447435,0.6761221218250733,0.013181549640578553,0.8006230529595015,0.782608695652174,0.23376623376623376,0.36,0.8687859271875664,
ACTG175,Non-PH (Crossing),8,CSF (RF),0.0595731007355243,0.07874454089172088,0.8629071841533646,0.8326603779155496,-0.0016925499580248988,0.8520249221183801,0.642512077294686,0.8636363636363636,0.7368421052631579,0.9505934639131361,
ACTG175,Non-PH (Crossing),8,Bo & Ding,0.1907346245941643,0.24374196277341353,-0.31351305737267854,0.6303970472091766,-0.002369554739347572,0.778816199376947,0.531578947368421,0.6558441558441559,0.5872093023255814,0.8397115179902066,253.0
ACTG175,Non-PH (Crossing),8,Hybrid,0.20381447887890472,0.256689582689164,-0.4567676013706574,0.6133606494246422,-0.001675329676691431,0.7492211838006231,0.4827586206896552,0.6363636363636364,0.5490196078431373,0.8072439855226741,725.0
ACTG175,Non-PH (Crossing),8,CRE,0.2402066672848612,0.3022069668771364,-1.0192157746692145,0.563704389726649,-0.0032237031685911485,0.7320872274143302,0.4590909090909091,0.6558441558441559,0.5401069518716578,0.7855679156908666,1605.0
ACTG175,Non-PH (Crossing),8,SCRE,0.1785288254950319,0.21680649321529588,-0.03924598683353908,0.7729335582493666,0.15286875158907828,0.8084112149532711,0.555956678700361,1.0,0.7146171693735499,0.8640355546093251,1.0
ACTG175,Non-PH (Crossing),8,CISCaRL (direct),0.13115623079340624,0.1607210621894253,0.42889051339700013,0.7394270829499235,0.04171886199114603,0.7601246105919003,0.0,0.0,0.0,0.798069246327443,8.0
ACTG175,Non-PH (Crossing),8,CISCaRL (auto),0.13115623079340624,0.1607210621894253,0.42889051339700013,0.7394270829499235,0.04171886199114603,0.7601246105919003,0.0,0.0,0.0,0.798069246327443,8.0
ACTG175,Non-PH (Crossing),8,CISCaRL (posthoc),0.13390826440557752,0.1637040167561981,0.4074944023134499,0.6970453767589857,0.0507577158785256,0.6744548286604362,0.3755656108597285,0.538961038961039,0.44266666666666665,0.7910567915690866,9.0
ACTG175,Non-PH (Crossing),9,Cox T-learner,0.12057757149294353,0.14879959618918367,0.5121829406404859,0.6937058918048149,-0.02185047681197938,0.8021806853582555,0.7,0.38650306748466257,0.4980237154150198,0.8726513569937369,
ACTG175,Non-PH (Crossing),9,CSF (RF),0.06141538330992015,0.07368668819552004,0.8803723547064215,0.8788914673848639,-0.010023285545881677,0.8411214953271028,0.6215139442231076,0.9570552147239264,0.7536231884057971,0.9516246782022875,
ACTG175,Non-PH (Crossing),9,Bo & Ding,0.18356278189749597,0.2304502178657509,-0.17005890081165642,0.6831116922027911,-0.01315735180797068,0.7492211838006231,0.5048543689320388,0.6380368098159509,0.5636856368563685,0.8156819549931478,253.0
ACTG175,Non-PH (Crossing),9,Hybrid,0.19493366303707152,0.24569198021214628,-0.3299503860944024,0.6599040232252087,-0.0005046107464418853,0.7616822429906542,0.5210084033613446,0.7607361963190185,0.6184538653366584,0.836891786313511,674.0
ACTG175,Non-PH (Crossing),9,CRE,0.2346159192762279,0.2947778764036692,-0.914446570536706,0.5877810407298062,0.020238103045254932,0.7180685358255452,0.46511627906976744,0.7361963190184049,0.5700712589073634,0.797456357185855,1565.0
ACTG175,Non-PH (Crossing),9,SCRE,0.16533251781053596,0.20167726795510635,0.10387750868489398,0.7632087010681432,0.14201202712307268,0.778816199376947,0.5344262295081967,1.0,0.6965811965811965,0.8445701038718189,2.0
ACTG175,Non-PH (Crossing),9,CISCaRL (direct),0.1810522846614875,0.19892825233542658,0.12814068284712898,0.38469038508318065,0.023104362779848817,0.7461059190031153,0.0,0.0,0.0,0.6302816450427141,4.0
ACTG175,Non-PH (Crossing),9,CISCaRL (auto),0.1810522846614875,0.19892825233542658,0.12814068284712898,0.38469038508318065,0.023104362779848817,0.7461059190031153,0.0,0.0,0.0,0.6302816450427141,4.0
ACTG175,Non-PH (Crossing),9,CISCaRL (posthoc),0.16049479506112307,0.187373435071232,0.22648361784335802,0.480062928844202,0.020936934866017866,0.7461059190031153,0.0,0.0,0.0,0.6943273947513353,7.0
ACTG175,Nonlinear XOR,0,Cox T-learner,0.28663496267321875,0.29747683375235623,-0.008489516027433197,0.15146542180308656,-0.02760193862359952,0.48130841121495327,0.6009389671361502,0.3404255319148936,0.43463497453310695,0.5031195008798592,
ACTG175,Nonlinear XOR,0,CSF (RF),0.24580581805931367,0.2574195922508266,0.2448238194302077,0.5869242295805845,-0.036768657275864224,0.6074766355140186,0.8163265306122449,0.425531914893617,0.5594405594405595,0.8172392417213244,
ACTG175,Nonlinear XOR,0,Bo & Ding,0.19247236438979584,0.23849450591009835,0.35178086829631683,0.6454318301534553,-0.013687674698880156,0.8348909657320872,0.9041916167664671,0.8031914893617021,0.8507042253521127,0.9165933450647897,231.0
ACTG175,Nonlinear XOR,0,Hybrid,0.20574825103446548,0.2668237470418677,0.18863915681435284,0.584999892974009,-0.00647200786985244,0.7819314641744548,0.8189189189189189,0.8058510638297872,0.8123324396782842,0.8520536714125739,676.0
ACTG175,Nonlinear XOR,0,CRE,0.2466540728652588,0.31157178665500934,-0.10632145924013536,0.5072557734633303,-0.012676794052770675,0.7289719626168224,0.7953216374269005,0.723404255319149,0.7576601671309192,0.7952827547592385,1535.0
ACTG175,Nonlinear XOR,0,SCRE,0.2852183752051646,0.29213852262118023,0.027381010802113526,0.07970550706834356,-0.00983278158724622,0.42990654205607476,0.6,0.0797872340425532,0.14084507042253522,0.5420432730763077,1.0
ACTG175,Nonlinear XOR,0,CISCaRL (direct),0.2854384497731743,0.29241278825295014,0.025553924273908457,0.38228634468181966,-0.08589390360649499,0.4143302180685358,0.0,0.0,0.0,0.8259928411454167,9.0
ACTG175,Nonlinear XOR,0,CISCaRL (auto),0.2854384497731743,0.29241278825295014,0.025553924273908457,0.38228634468181966,-0.08589390360649499,0.4143302180685358,0.0,0.0,0.0,0.8259928411454167,9.0
ACTG175,Nonlinear XOR,0,CISCaRL (posthoc),0.2858809571065927,0.2924347231833351,0.02540772541134817,0.4075381784625274,-0.060921540799840704,0.440809968847352,0.7931034482758621,0.061170212765957445,0.11358024691358025,0.823248280275156,10.0
ACTG175,Nonlinear XOR,1,Cox T-learner,0.28928637481280395,0.31683855672254196,-0.0929571292276703,0.26132796987998475,0.05955493238470834,0.5623052959501558,0.5831485587583148,0.7387640449438202,0.6517967781908303,0.5065313899583562,
ACTG175,Nonlinear XOR,1,CSF (RF),0.1255237151907881,0.17667488532517628,0.6601582661146412,0.8231869632728781,0.046881992716963444,0.8785046728971962,0.8545918367346939,0.9410112359550562,0.8957219251336899,0.9576982006757288,
ACTG175,Nonlinear XOR,1,Bo & Ding,0.20298598957315309,0.2626711029796389,0.24880676160474158,0.6702133468234491,0.04994744725551126,0.8333333333333334,0.8429752066115702,0.8595505617977528,0.8511821974965229,0.8963817081794611,272.0
ACTG175,Nonlinear XOR,1,Hybrid,0.22333559792000715,0.3036513557693312,-0.0038701107691396786,0.6147300666725468,0.030106474969315105,0.7975077881619937,0.8070652173913043,0.8342696629213483,0.8204419889502762,0.8513691364814959,634.0
ACTG175,Nonlinear XOR,1,CRE,0.25029494092656723,0.3324940970965324,-0.20363540392083057,0.5722372946713755,0.029720418932524476,0.7897196261682243,0.7915567282321899,0.8426966292134831,0.8163265306122449,0.8302918991121239,1502.0
ACTG175,Nonlinear XOR,1,SCRE,0.2901863000925106,0.29985933705525586,0.021046129825656235,0.21323998743524275,0.0030680399821391533,0.4750778816199377,0.6461538461538462,0.11797752808988764,0.1995249406175772,0.6152716665357115,1.0
ACTG175,Nonlinear XOR,1,CISCaRL (direct),0.24794878728973876,0.31127912955791287,-0.05493835227138977,0.24835061690248886,0.12540922074820657,0.5545171339563862,0.5545171339563862,1.0,0.7134268537074149,0.7548960870590085,6.0
ACTG175,Nonlinear XOR,1,CISCaRL (auto),0.24794878728973876,0.31127912955791287,-0.05493835227138977,0.24835061690248886,0.12540922074820657,0.5545171339563862,0.5545171339563862,1.0,0.7134268537074149,0.7548960870590085,6.0
ACTG175,Nonlinear XOR,1,CISCaRL (posthoc),0.2544761523933045,0.3064500005291261,-0.022460001661073647,0.24958076002483617,0.10712324351926351,0.5545171339563862,0.5545171339563862,1.0,0.7134268537074149,0.7681651213954585,8.0
ACTG175,Nonlinear XOR,2,Cox T-learner,0.2950291018113543,0.31681011429756767,-0.07745551779234328,0.1312731054711229,0.06029269836020561,0.5062305295950156,0.5305164319248826,0.6588921282798834,0.58777633289987,0.495987597141102,
ACTG175,Nonlinear XOR,2,CSF (RF),0.2597917917507705,0.2863110773421446,0.12001032710572812,0.3444505118966437,0.035946309462503025,0.6822429906542056,0.7112462006079028,0.6822157434402333,0.6964285714285714,0.6915763916651227,
ACTG175,Nonlinear XOR,2,Bo & Ding,0.2297845066307041,0.29540028405573826,0.06325131866373457,0.48285827106806517,0.026774165667198042,0.7165109034267912,0.7360703812316716,0.7317784256559767,0.7339181286549707,0.8091792856655324,269.0
ACTG175,Nonlinear XOR,2,Hybrid,0.23763530025449753,0.3156777003870954,-0.06976671659753864,0.4506251406983865,0.05189818302144164,0.7258566978193146,0.7226666666666667,0.7900874635568513,0.754874651810585,0.792515381690182,643.0
ACTG175,Nonlinear XOR,2,CRE,0.2756038375486483,0.3565657982856652,-0.364836536645329,0.40641063076579953,0.04719060247668324,0.7071651090342679,0.7111716621253406,0.760932944606414,0.7352112676056338,0.7613619743167215,1497.0
ACTG175,Nonlinear XOR,2,SCRE,0.2943346442302146,0.29988424640780487,0.03459714903353317,0.07297434242044687,0.011572991555846462,0.48130841121495327,0.5925925925925926,0.09329446064139942,0.16120906801007556,0.549918581861794,1.0
ACTG175,Nonlinear XOR,2,CISCaRL (direct),0.2485768903361661,0.26703893891636293,0.23449071879475547,0.7667024889617389,0.043047184027862034,0.6635514018691588,1.0,0.37026239067055394,0.5404255319148936,0.9243006328188227,10.0
ACTG175,Nonlinear XOR,2,CISCaRL (auto),0.2485768903361661,0.26703893891636293,0.23449071879475547,0.7667024889617389,0.043047184027862034,0.6635514018691588,1.0,0.37026239067055394,0.5404255319148936,0.9243006328188227,10.0
ACTG175,Nonlinear XOR,2,CISCaRL (posthoc),0.2570602646307019,0.2746817751258514,0.19004486350132,0.7401230751247305,0.035788556836805346,0.8084112149532711,0.9230769230769231,0.6997084548104956,0.7960199004975125,0.8953118753473677,10.0
ACTG175,Nonlinear XOR,3,Cox T-learner,0.2954123173941075,0.30868541819512024,-0.012947370584673434,0.21164769834922184,-0.06407674956727435,0.5467289719626168,0.7388059701492538,0.27887323943661974,0.4049079754601227,0.5678461009962212,
ACTG175,Nonlinear XOR,3,CSF (RF),0.1412226006235867,0.16312773418259235,0.7171147781554066,0.7380399920782713,-0.05941036026680176,0.9392523364485982,1.0,0.8901408450704226,0.9418777943368107,0.9984884919271728,
ACTG175,Nonlinear XOR,3,Bo & Ding,0.19002481886572184,0.235535666804332,0.4102499121728802,0.6551257826531778,-0.0689933060199581,0.8411214953271028,0.9174917491749175,0.7830985915492957,0.8449848024316109,0.9487657653236493,242.0
ACTG175,Nonlinear XOR,3,Hybrid,0.21715869266514637,0.2790944121846774,0.17194928753550243,0.6155854914690178,-0.06046698692415138,0.8271028037383178,0.8674698795180723,0.8112676056338028,0.8384279475982532,0.8991510035824704,609.0
ACTG175,Nonlinear XOR,3,CRE,0.24544881249100087,0.31786046616343605,-0.07405787623926807,0.5738265789724731,-0.06234488352763521,0.780373831775701,0.8322981366459627,0.7549295774647887,0.7917282127031019,0.8644059478824164,1529.0
ACTG175,Nonlinear XOR,3,SCRE,0.2909503249576489,0.2999197210838141,0.04376485980655542,0.16717980190848425,-0.01539057218904141,0.5669781931464174,0.6463878326996197,0.4788732394366197,0.5501618122977346,0.5851106639839034,2.0
ACTG175,Nonlinear XOR,3,CISCaRL (direct),0.30129477529287824,0.30786594122355593,-0.007576302399821877,0.3231878221853921,-0.07024284587698627,0.4470404984423676,0.0,0.0,0.0,0.6353388624429505,4.0
ACTG175,Nonlinear XOR,3,CISCaRL (auto),0.30129477529287824,0.30786594122355593,-0.007576302399821877,0.3231878221853921,-0.07024284587698627,0.4470404984423676,0.0,0.0,0.0,0.6353388624429505,4.0
ACTG175,Nonlinear XOR,3,CISCaRL (posthoc),0.29937917252074403,0.30552281726548713,0.007702373882102709,0.2511624428086302,-0.05884299086744089,0.4470404984423676,0.0,0.0,0.0,0.6445943956421456,8.0
ACTG175,Nonlinear XOR,4,Cox T-learner,0.28915235927581456,0.31443435454175156,-0.055618638090972006,0.0932305174649879,0.02104999378081005,0.5171339563862928,0.5677966101694916,0.5614525139664804,0.5646067415730337,0.5163466834526713,
ACTG175,Nonlinear XOR,4,CSF (RF),0.10493125796458316,0.14100214876841138,0.78772515560198,0.7680511074601893,0.02142092399490004,0.9672897196261683,0.9517426273458445,0.9916201117318436,0.9712722298221614,0.995180580690849,
ACTG175,Nonlinear XOR,4,Bo & Ding,0.18964220813291277,0.24612287834766347,0.35322825351400533,0.6475521455626572,0.017484319021643973,0.8582554517133957,0.8825214899713467,0.8603351955307262,0.8712871287128713,0.919948461720041,260.0
ACTG175,Nonlinear XOR,4,Hybrid,0.19929479153850138,0.2615379702483633,0.2696743279794275,0.6105674332068649,0.026984101014620357,0.822429906542056,0.8177083333333334,0.8770949720670391,0.8463611859838275,0.8937268864584152,649.0
ACTG175,Nonlinear XOR,4,CRE,0.2312415821850193,0.30382188064368554,0.014435244343733777,0.5783137160738688,0.025603083196672538,0.8052959501557633,0.8073878627968337,0.8547486033519553,0.830393487109905,0.8702002517900701,1567.0
ACTG175,Nonlinear XOR,4,SCRE,0.2929304172288755,0.2999368436359243,0.039479356993630366,0.038858514526350744,-0.008642905992680222,0.48598130841121495,0.5625,0.35195530726256985,0.4329896907216495,0.5280313163899598,1.0
ACTG175,Nonlinear XOR,4,CISCaRL (direct),0.22724610141156898,0.2637330595490276,0.2573636290328949,0.5733313031869616,0.054068888176043044,0.7165109034267912,0.9444444444444444,0.5223463687150838,0.6726618705035972,0.8584664411047289,8.0
ACTG175,Nonlinear XOR,4,CISCaRL (auto),0.22724610141156898,0.2637330595490276,0.2573636290328949,0.5733313031869616,0.054068888176043044,0.7165109034267912,0.9444444444444444,0.5223463687150838,0.6726618705035972,0.8584664411047289,8.0
ACTG175,Nonlinear XOR,4,CISCaRL (posthoc),0.22604230875076653,0.26421880839968687,0.2546255045934176,0.5227920740503449,0.05172938103874024,0.7165109034267912,0.9444444444444444,0.5223463687150838,0.6726618705035972,0.8419279644346526,9.0
ACTG175,Nonlinear XOR,5,Cox T-learner,0.2890246999397569,0.305102266082602,0.01788778390451584,0.2560515553338913,0.00960138728602105,0.5295950155763239,0.5758426966292135,0.5758426966292135,0.5758426966292135,0.5408187318299678,
ACTG175,Nonlinear XOR,5,CSF (RF),0.1238271014988806,0.1617633410569501,0.7239228499865693,0.7673648730355453,-3.612316717208239e-05,0.9299065420560748,0.9146666666666666,0.9634831460674157,0.9384404924760602,0.9846978863832796,
ACTG175,Nonlinear XOR,5,Bo & Ding,0.20100221069730592,0.2590966281150995,0.2917382816646451,0.645368151432563,0.0036606479769679544,0.8208722741433022,0.8413597733711048,0.8342696629213483,0.8377997179125529,0.8947316728215604,233.0
ACTG175,Nonlinear XOR,5,Hybrid,0.21664183906809,0.28614949233205594,0.13611445738767836,0.559272351049122,-0.00310352607193106,0.7990654205607477,0.7994722955145118,0.851123595505618,0.8244897959183674,0.8616818574683742,598.0
ACTG175,Nonlinear XOR,5,CRE,0.24253700373546466,0.32436586807918005,-0.11004489461918365,0.5133741805339735,-0.0013994913734274898,0.764797507788162,0.7808219178082192,0.800561797752809,0.7905686546463245,0.818879154553312,1538.0
ACTG175,Nonlinear XOR,5,SCRE,0.29584700926618396,0.3032152047835187,0.029998966282268946,0.11795873605506109,-0.006411509527619771,0.5109034267912772,0.6265060240963856,0.29213483146067415,0.39846743295019155,0.5578052565412116,1.0
ACTG175,Nonlinear XOR,5,CISCaRL (direct),0.2299943339607608,0.26434843834573196,0.2627347834894851,0.7200585778477618,0.03786977920425336,0.7024922118380063,0.9104477611940298,0.5140449438202247,0.6570915619389587,0.9017639663707079,9.0
ACTG175,Nonlinear XOR,5,CISCaRL (auto),0.2299943339607608,0.26434843834573196,0.2627347834894851,0.7200585778477618,0.03786977920425336,0.7024922118380063,0.9104477611940298,0.5140449438202247,0.6570915619389587,0.9017639663707079,9.0
ACTG175,Nonlinear XOR,5,CISCaRL (posthoc),0.2260610864399775,0.260097845834889,0.2862538852889164,0.6722943574438355,0.045141822845634054,0.8052959501557633,0.92,0.7106741573033708,0.8019017432646592,0.8833336607213012,9.0
ACTG175,Nonlinear XOR,6,Cox T-learner,0.286006694640357,0.2990698224880062,0.02730746215424651,0.3629591602812085,-0.012116693439601853,0.5186915887850467,0.6329113924050633,0.4032258064516129,0.49261083743842365,0.5447331740342494,
ACTG175,Nonlinear XOR,6,CSF (RF),0.2117901317004028,0.228183010456702,0.43376461019739976,0.7395257251295708,-0.015483494603770485,0.7725856697819314,0.900709219858156,0.6827956989247311,0.7767584097859327,0.9262246117084827,
ACTG175,Nonlinear XOR,6,Bo & Ding,0.1842223534230411,0.24173153686101667,0.3645271146628565,0.6933376885966565,-0.009973583498315156,0.8333333333333334,0.8885630498533724,0.8145161290322581,0.8499298737727911,0.9144763042612505,243.0
ACTG175,Nonlinear XOR,6,Hybrid,0.20967245303588575,0.2800345260379071,0.14718749937367148,0.6235622745112993,-0.011142151544120314,0.7912772585669782,0.8233695652173914,0.8145161290322581,0.8189189189189189,0.8674532058940662,650.0
ACTG175,Nonlinear XOR,6,CRE,0.2458218208242005,0.32181654684267286,-0.1262819890980309,0.5712648093270623,-0.0006620979666733585,0.764797507788162,0.8060941828254847,0.782258064516129,0.7939972714870396,0.8259358821186777,1504.0
ACTG175,Nonlinear XOR,6,SCRE,0.2876849758482423,0.29432691644443487,0.05791441362571648,0.15346155442125595,-0.017843734030116354,0.4953271028037383,0.6318681318681318,0.30913978494623656,0.4151624548736462,0.5647550776583035,1.0
ACTG175,Nonlinear XOR,6,CISCaRL (direct),0.24876053258298003,0.2721546929579152,0.19450647553673073,0.5704268057009558,-0.003319887509223524,0.6012461059190031,0.8452380952380952,0.3817204301075269,0.5259259259259259,0.8669753086419754,9.0
ACTG175,Nonlinear XOR,6,CISCaRL (auto),0.24876053258298003,0.2721546929579152,0.19450647553673073,0.5704268057009558,-0.003319887509223524,0.6012461059190031,0.8452380952380952,0.3817204301075269,0.5259259259259259,0.8669753086419754,9.0
ACTG175,Nonlinear XOR,6,CISCaRL (posthoc),0.26051680198476873,0.27592833420669344,0.17201399455765887,0.7112338758276704,-0.016597131340826195,0.6090342679127726,1.0,0.32526881720430106,0.4908722109533469,0.9792562724014338,10.0
ACTG175,Nonlinear XOR,7,Cox T-learner,0.29534895959262836,0.30619574942470285,0.03942229224707239,0.13260588148729374,-0.021757176477515194,0.543613707165109,0.6228070175438597,0.4068767908309456,0.49220103986135183,0.5775839306844519,
ACTG175,Nonlinear XOR,7,CSF (RF),0.13612303284323346,0.1620217586655537,0.7310442259257317,0.7070005212983109,-0.036267507445423515,0.9828660436137072,0.9828571428571429,0.9856733524355301,0.9842632331902719,0.9986113420108159,
ACTG175,Nonlinear XOR,7,Bo & Ding,0.21989780257183553,0.2816508828943726,0.1872510399590197,0.5304045589996779,-0.03864578649411792,0.7990654205607477,0.8503184713375797,0.7650429799426934,0.8054298642533937,0.8830495711785011,272.0
ACTG175,Nonlinear XOR,7,Hybrid,0.23047230388701448,0.3040189833466519,0.053031368213496966,0.49234120072751997,-0.02257843260005509,0.8021806853582555,0.804945054945055,0.839541547277937,0.8218793828892006,0.8447441250965704,655.0
ACTG175,Nonlinear XOR,7,CRE,0.2655196303315592,0.3457821848219037,-0.22500938710103857,0.4581928295749282,-0.013997527255145605,0.7710280373831776,0.7902298850574713,0.7879656160458453,0.7890961262553802,0.821322745631106,1500.0
ACTG175,Nonlinear XOR,7,SCRE,0.29852314996909496,0.30550879176664353,0.043727616468742014,0.1474907627406415,-0.005493728201024785,0.5545171339563862,0.6113074204946997,0.49570200573065903,0.5474683544303798,0.5877054871549137,1.0
ACTG175,Nonlinear XOR,7,CISCaRL (direct),0.29211960532510434,0.30343207891526697,0.05668405869611837,0.15466244689140846,-0.04110448729294533,0.45638629283489096,0.0,0.0,0.0,0.6080610618343977,2.0
ACTG175,Nonlinear XOR,7,CISCaRL (auto),0.29211960532510434,0.30343207891526697,0.05668405869611837,0.15466244689140846,-0.04110448729294533,0.45638629283489096,0.0,0.0,0.0,0.6080610618343977,2.0
ACTG175,Nonlinear XOR,7,CISCaRL (posthoc),0.2727138170006643,0.28397677782793934,0.1737721253902773,0.38850184817540023,-0.02171867166491159,0.7071651090342679,0.6761487964989059,0.8853868194842407,0.7667493796526055,0.7113547238819836,5.0
ACTG175,Nonlinear XOR,8,Cox T-learner,0.2919940597331422,0.30702936343699594,-0.028520008643546424,0.22786816663315249,0.0395109218213931,0.48909657320872274,0.5202492211838006,0.4897360703812317,0.5045317220543807,0.5001120409972624,
ACTG175,Nonlinear XOR,8,CSF (RF),0.2183376087334272,0.23430859301736523,0.4009965099478081,0.7195293440598407,0.006117215828403014,0.7305295950155763,0.8559322033898306,0.592375366568915,0.7001733102253033,0.8949542580450307,
ACTG175,Nonlinear XOR,8,Bo & Ding,0.19101767811432582,0.24075465289733047,0.3675848011413141,0.6662718683971889,-0.013759364695726892,0.8364485981308412,0.8806451612903226,0.8005865102639296,0.8387096774193549,0.9141278826200057,220.0
ACTG175,Nonlinear XOR,8,Hybrid,0.2072951153353345,0.2776673396338616,0.15879369535690313,0.6058189496349852,-0.007732038471375991,0.8115264797507789,0.8142857142857143,0.8357771260997068,0.8248914616497829,0.8637289192427976,602.0
ACTG175,Nonlinear XOR,8,CRE,0.24299693161720592,0.3237202780332591,-0.1433856303997012,0.5560257343129408,-0.007874390507352273,0.7881619937694704,0.7988338192419825,0.8035190615835777,0.8011695906432749,0.8341500959655498,1471.0
ACTG175,Nonlinear XOR,8,SCRE,0.2915831530253478,0.29823629644203925,0.029548321480294515,0.0732447153678263,0.015674067966406625,0.4766355140186916,0.5490196078431373,0.08211143695014662,0.14285714285714285,0.5743026665757348,1.0
ACTG175,Nonlinear XOR,8,CISCaRL (direct),0.24898844223125538,0.26470981959051626,0.2354726532250936,0.7131195912917498,-0.0090156319448365,0.5623052959501558,0.9054054054054054,0.19648093841642228,0.3228915662650602,0.9398534698609717,9.0
ACTG175,Nonlinear XOR,8,CISCaRL (auto),0.24898844223125538,0.26470981959051626,0.2354726532250936,0.7131195912917498,-0.0090156319448365,0.5623052959501558,0.9054054054054054,0.19648093841642228,0.3228915662650602,0.9398534698609717,9.0
ACTG175,Nonlinear XOR,8,CISCaRL (posthoc),0.23797441832377994,0.2551249870656268,0.28983557680413297,0.6636541038295242,0.020256532732474547,0.7663551401869159,0.920704845814978,0.6129032258064516,0.7359154929577465,0.9112245593866,6.0
ACTG175,Nonlinear XOR,9,Cox T-learner,0.29629325734967527,0.30517065308611085,0.027318517796524056,0.22705880512265272,-0.0008279847774971682,0.5093457943925234,0.556910569105691,0.39941690962099125,0.46519524617996605,0.5228702087619567,
ACTG175,Nonlinear XOR,9,CSF (RF),0.1994330266901693,0.22727305035511428,0.46051298570963717,0.6110731556777372,-0.01970006516728716,0.8208722741433022,0.8392857142857143,0.8221574344023324,0.8306332842415317,0.8823093499224821,
ACTG175,Nonlinear XOR,9,Bo & Ding,0.19604632914079836,0.24846029212763848,0.35523850040279015,0.6191822265629444,-0.013352532526238655,0.8317757009345794,0.8593272171253823,0.8192419825072886,0.8388059701492537,0.9152276295133438,187.0
ACTG175,Nonlinear XOR,9,Hybrid,0.21892390734335346,0.2954790778809324,0.08811812461207569,0.5073306693229832,0.0016685627956046255,0.7928348909657321,0.782258064516129,0.8483965014577259,0.813986013986014,0.8410542430063281,612.0
ACTG175,Nonlinear XOR,9,CRE,0.25558077318512457,0.3369554073100689,-0.1858505898552416,0.46661350890437425,-0.0002805428878224569,0.7616822429906542,0.760989010989011,0.8075801749271136,0.7835926449787836,0.8080287059878896,1514.0
ACTG175,Nonlinear XOR,9,SCRE,0.29855220301414875,0.3039416626726864,0.035137153702449186,0.008112344656398015,0.0019922055131367713,0.48442367601246106,0.5681818181818182,0.1457725947521866,0.23201856148491878,0.5263902025215246,1.0
ACTG175,Nonlinear XOR,9,CISCaRL (direct),0.21827816254575533,0.23914854221714404,0.40266138666301876,0.8162895796940025,0.029387150216956943,0.8785046728971962,0.9853479853479854,0.7842565597667639,0.8733766233766234,0.9878506586581121,8.0
ACTG175,Nonlinear XOR,9,CISCaRL (auto),0.21827816254575533,0.23914854221714404,0.40266138666301876,0.8162895796940025,0.029387150216956943,0.8785046728971962,0.9853479853479854,0.7842565597667639,0.8733766233766234,0.9878506586581121,8.0
ACTG175,Nonlinear XOR,9,CISCaRL (posthoc),0.24451202438057032,0.26178858315951226,0.2842085294524659,0.7021023352729824,0.009903717067449812,0.7383177570093458,0.9581151832460733,0.5335276967930029,0.6853932584269663,0.9214144329494818,8.0
